{"name": "196219620112", "type": "rank", "number_files": 2192, "number_unknown": 0, "formats": ["Q28205372", "Q27231634", "Q27866062", "Q28205771", "Q28207384", "Q27866063", "Q27866059", "Q27231654", "Q1502796", "Q42591", "Q7514956", "Q7670377", "Q28207379", "Q99184084", "Q28600412", "Q79241659", "Q27231651"], "environments": {"three": {"co-oc": 0.9977089084100665, "tf-idf": 0.4, "combined": 0.6988544542050332}, "four": {"co-oc": 0.0007636971966445574, "tf-idf": 0.2, "combined": 0.10038184859832229}, "one": {"co-oc": 0.0007636971966445574, "tf-idf": 0.2, "combined": 0.10038184859832229}, "two": {"co-oc": 0.0007636971966445574, "tf-idf": 0.2, "combined": 0.10038184859832229}}}