{"name": "36002078011161", "type": "rank", "number_files": 21, "number_unknown": 0, "formats": ["Q66439259", "Q34747804", "Q3807693", "Q66811836", "Q28758112", "Q1601331", "Q29650304", "Q28018470", "Q47233167", "Q1076355", "Q81526528", "Q28600763", "Q4045294", "Q336284", "Q81526664", "Q58006953", "Q6912474", "Q32097740", "Q28755606", "Q95994246", "Q28858032", "Q723030", "Q28018471", "Q684554", "Q16996920", "Q28009496", "Q32097899", "Q27979156", "Q26549229", "Q28207108", "Q1662484", "Q28049770", "Q81526237"], "environments": {"one": {"co-oc": 0.921197736284802, "tf-idf": 0.42857142857142855, "combined": 0.6748845824281152}, "two": {"co-oc": 0.07876773830260306, "tf-idf": 0.2857142857142857, "combined": 0.1822410120084444}, "four": {"co-oc": 1.7262706297546513e-05, "tf-idf": 0.14285714285714285, "combined": 0.0714372027817202}, "three": {"co-oc": 1.7262706297546513e-05, "tf-idf": 0.14285714285714285, "combined": 0.0714372027817202}}}