{"name": "39002093046978", "type": "rank", "number_files": 367, "number_unknown": 8, "formats": ["Q729366", "Q34306669", "Q641213", "Q71178742", "Q3551300", "Q29000578", "Q28786544", "Q100135637", "Q99973597", "Q50378320", "Q8811", "Q28600421", "Q28205580", "Q48805099", "Q51034969", "Q17092932", "Q452197", "Q99973606", "Q61752300", "Q27967351", "Q45432", "Q28206359", "Q28206771", "Q28600453", "Q28600454", "Q28771320", "Q1888930", "Q61963304", "Q27910000", "Q796483", "Q28728783", "Q100136218", "Q1952321", "Q62626012", "Q66759482", "Q26385770", "Q51837224", "Q28600435", "Q59851506", "Q51035227", "Q59851322", "Q28206262", "Q653301", "Q27487531", "Q99976195", "Q27229642", "Q28205824", "Q27229608", "Q25339304", "Q72273742", "Q930281", "Q433224", "Q2313301", "Q4042481", "Q26549229", "Q59999786", "Q66134804", "Q28206497", "Q26329648", "Q1676669", "Q100136960", "Q28205626", "Q51035340", "Q2053", "Q2819247", "Q99184084", "Q100136955", "Q166074", "Q959950", "Q28600760", "Q27229565", "Q1141412", "Q178051"], "environments": {"one": {"co-oc": 0.44997415031081894, "tf-idf": 0.33333333333333337, "combined": 0.39165374182207613}, "four": {"co-oc": 0.36861566703974064, "tf-idf": 0.2777777777777778, "combined": 0.3231967224087592}, "three": {"co-oc": 0.16797367345276723, "tf-idf": 0.2777777777777778, "combined": 0.22287572561527252}, "two": {"co-oc": 0.01343650919667329, "tf-idf": 0.11111111111111112, "combined": 0.0622738101538922}}}