{"name": "39002074609943", "type": "rank", "number_files": 10, "number_unknown": 0, "formats": ["Q729366", "Q27826464", "Q66811836", "Q28205580", "Q27826469", "Q34746472", "Q28206771", "Q28600763", "Q1076355", "Q4045294", "Q28445577", "Q27826468", "Q27826466", "Q684554", "Q16996920", "Q5924007", "Q28206109", "Q1662484", "Q28205626"], "environments": {"one": {"co-oc": 0.3333333333333333, "tf-idf": 0.3333333333333333, "combined": 0.3333333333333333}, "three": {"co-oc": 0.3333333333333333, "tf-idf": 0.3333333333333333, "combined": 0.3333333333333333}, "two": {"co-oc": 0.3333333333333333, "tf-idf": 0.3333333333333333, "combined": 0.3333333333333333}, "four": {"co-oc": 0.0, "tf-idf": 0.0, "combined": 0.0}}}