{"name": "39002085090372", "type": "rank", "number_files": 60, "number_unknown": 3, "formats": ["Q1144005", "Q729366", "Q27596243", "Q27596417", "Q3807693", "Q66811836", "Q28205580", "Q27596184", "Q28206771", "Q28600763", "Q1076355", "Q28205674", "Q28206788", "Q4045294", "Q58006953", "Q28205736", "Q95994246", "Q723030", "Q684554", "Q27596100", "Q16996920", "Q27596325", "Q63061679", "Q28207499", "Q28206109", "Q28205733", "Q27979156", "Q1662484", "Q1676669", "Q28205626", "Q1141412"], "environments": {"three": {"co-oc": 0.7132229216013664, "tf-idf": 0.33333333333333337, "combined": 0.5232781274673499}, "one": {"co-oc": 0.28651416709371097, "tf-idf": 0.33333333333333337, "combined": 0.30992375021352214}, "four": {"co-oc": 0.00013145565246135528, "tf-idf": 0.16666666666666669, "combined": 0.08339906115956403}, "two": {"co-oc": 0.00013145565246135528, "tf-idf": 0.16666666666666669, "combined": 0.08339906115956403}}}