{"name": "39002073395726", "type": "rank", "number_files": 189, "number_unknown": 0, "formats": ["Q27826464", "Q3807693", "Q66811836", "Q27826469", "Q34746472", "Q28600763", "Q1076355", "Q4045294", "Q58006953", "Q27826468", "Q27826466", "Q95994246", "Q723030", "Q684554", "Q16996920", "Q28206109", "Q27979156", "Q26549229", "Q66134804", "Q1662484", "Q1676669", "Q99184084", "Q1141412"], "environments": {"one": {"co-oc": 0.9998672434303959, "tf-idf": 0.5000000000000001, "combined": 0.749933621715198}, "four": {"co-oc": 4.425218986792297e-05, "tf-idf": 0.16666666666666669, "combined": 0.0833554594282673}, "three": {"co-oc": 4.425218986792297e-05, "tf-idf": 0.16666666666666669, "combined": 0.0833554594282673}, "two": {"co-oc": 4.425218986792297e-05, "tf-idf": 0.16666666666666669, "combined": 0.0833554594282673}}}