{"name": "39002079540580", "type": "rank", "number_files": 92, "number_unknown": 15, "formats": ["Q28858044", "Q49798508", "Q48782394", "Q50223812", "Q63061514", "Q29904468", "Q28858041", "Q3807693", "Q61641368", "Q66811836", "Q28600764", "Q49799747", "Q61639409", "Q29000651", "Q28600763", "Q1076355", "Q28858038", "Q28858042", "Q49799499", "Q4045294", "Q48782098", "Q34310996", "Q58006953", "Q85621726", "Q28858032", "Q95994246", "Q51801746", "Q723030", "Q58335773", "Q29904540", "Q3509055", "Q60000066", "Q684554", "Q942350", "Q16996920", "Q48782238", "Q48782202", "Q49798739", "Q5448342", "Q686498", "Q85621806", "Q28858035", "Q62664770", "Q63061396", "Q27979156", "Q26549229", "Q5421818", "Q58335745", "Q1662484", "Q28858039", "Q28858037", "Q60628185", "Q66439286", "Q48915661", "Q28206952", "Q29000741", "Q5153426", "Q62664735"], "environments": {"two": {"co-oc": 0.5093092382507707, "tf-idf": 0.5, "combined": 0.5046546191253853}, "one": {"co-oc": 0.49068588045366845, "tf-idf": 0.42857142857142855, "combined": 0.45962865451254853}, "three": {"co-oc": 4.881295560961071e-06, "tf-idf": 0.07142857142857142, "combined": 0.035716726362066194}, "four": {"co-oc": 0.0, "tf-idf": 0.0, "combined": 0.0}}}