{"name": "39002092705053", "type": "rank", "number_files": 172, "number_unknown": 1, "formats": ["Q4045294", "Q1076355", "Q1258721", "Q1676669"], "environments": {"one": {"co-oc": 0.9996333661266186, "tf-idf": 0.39999999999999997, "combined": 0.6998166830633092}, "four": {"co-oc": 0.00012221129112713905, "tf-idf": 0.19999999999999998, "combined": 0.10006110564556356}, "three": {"co-oc": 0.00012221129112713905, "tf-idf": 0.19999999999999998, "combined": 0.10006110564556356}, "two": {"co-oc": 0.00012221129112713905, "tf-idf": 0.19999999999999998, "combined": 0.10006110564556356}}}