{"name": "39002058810269", "type": "rank", "number_files": 618, "number_unknown": 7, "formats": ["Q28786544", "Q3807693", "Q8811", "Q28205367", "Q1076355", "Q34312565", "Q4045294", "Q34312718", "Q1888930", "Q58006953", "Q62626012", "Q95994246", "Q723030", "Q49989019", "Q28206109", "Q27979156", "Q26549229", "Q1676669", "Q2053", "Q99184084", "Q166074"], "environments": {"one": {"co-oc": 0.8209605009946158, "tf-idf": 0.42857142857142855, "combined": 0.6247659647830222}, "two": {"co-oc": 0.17883932295712862, "tf-idf": 0.2857142857142857, "combined": 0.23227680433570716}, "four": {"co-oc": 0.00010008802412776245, "tf-idf": 0.14285714285714285, "combined": 0.0714786154406353}, "three": {"co-oc": 0.00010008802412776245, "tf-idf": 0.14285714285714285, "combined": 0.0714786154406353}}}