{"name": "39002073779879", "type": "rank", "number_files": 49, "number_unknown": 1, "formats": ["Q28018471", "Q28018470", "Q66134804", "Q24834502", "Q28600763", "Q1076355", "Q1072083", "Q1662484", "Q684554", "Q336284", "Q10610388", "Q1676669", "Q4045294", "Q16996920", "Q66811836", "Q28445577", "Q28858032", "Q217570"], "environments": {"one": {"co-oc": 0.653695413565691, "tf-idf": 0.43750000000000006, "combined": 0.5455977067828456}, "three": {"co-oc": 0.290472769017985, "tf-idf": 0.3125, "combined": 0.3014863845089925}, "two": {"co-oc": 0.05582748175320713, "tf-idf": 0.18749999999999997, "combined": 0.12166374087660355}, "four": {"co-oc": 4.335663116653557e-06, "tf-idf": 0.0625, "combined": 0.031252167831558327}}}