{"name": "39002068854836", "type": "rank", "number_files": 29, "number_unknown": 0, "formats": ["Q28018471", "Q26549229", "Q28018470", "Q942350", "Q336284", "Q28600764", "Q939636"], "environments": {"one": {"co-oc": 0.99996212453691, "tf-idf": 0.5, "combined": 0.7499810622684551}, "three": {"co-oc": 1.89377315450201e-05, "tf-idf": 0.25, "combined": 0.12500946886577252}, "two": {"co-oc": 1.89377315450201e-05, "tf-idf": 0.25, "combined": 0.12500946886577252}, "four": {"co-oc": 0.0, "tf-idf": 0.0, "combined": 0.0}}}