{"name": "39002078348142", "type": "rank", "number_files": 774, "number_unknown": 8, "formats": ["Q729366", "Q27596243", "Q1144005", "Q34747804", "Q66439259", "Q21834748", "Q3807693", "Q66811836", "Q28205580", "Q28758112", "Q27596184", "Q217570", "Q1601331", "Q194831", "Q29650304", "Q28206771", "Q28600763", "Q1076355", "Q47233167", "Q81526528", "Q4045294", "Q28600412", "Q58006953", "Q81526664", "Q6912474", "Q32097740", "Q28755606", "Q95994246", "Q723030", "Q27967388", "Q684554", "Q16996920", "Q27526733", "Q939636", "Q28009496", "Q32097899", "Q28206109", "Q27979156", "Q28207108", "Q1662484", "Q1676669", "Q28205626", "Q99184084", "Q28049770", "Q1141412", "Q81526237"], "environments": {"three": {"co-oc": 0.3343650072909421, "tf-idf": 0.33333333333333337, "combined": 0.33384917031213773}, "two": {"co-oc": 0.32372123182014717, "tf-idf": 0.25, "combined": 0.2868606159100736}, "one": {"co-oc": 0.3025753497450995, "tf-idf": 0.25, "combined": 0.27628767487254974}, "four": {"co-oc": 0.03933841114381123, "tf-idf": 0.16666666666666669, "combined": 0.10300253890523896}}}