{"name": "39002074624470", "type": "rank", "number_files": 538, "number_unknown": 0, "formats": ["Q729366", "Q66439259", "Q34747804", "Q28786544", "Q3807693", "Q8811", "Q66811836", "Q28205580", "Q28758112", "Q1601331", "Q194831", "Q29650304", "Q28206771", "Q28600763", "Q1076355", "Q47233167", "Q81526528", "Q4045294", "Q1888930", "Q81526664", "Q58006953", "Q6912474", "Q32097740", "Q28755606", "Q62626012", "Q95994246", "Q723030", "Q27967087", "Q684554", "Q16996920", "Q27925722", "Q34312361", "Q28009496", "Q5924007", "Q32097899", "Q28206109", "Q27979156", "Q28207108", "Q1662484", "Q379741", "Q34312151", "Q27923693", "Q28205626", "Q2053", "Q99184084", "Q28049770", "Q166074", "Q1141412", "Q81526237"], "environments": {"two": {"co-oc": 0.5770339136591054, "tf-idf": 0.36363636363636365, "combined": 0.4703351386477345}, "one": {"co-oc": 0.30385662400244545, "tf-idf": 0.27272727272727276, "combined": 0.2882919483648591}, "three": {"co-oc": 0.1190594757338023, "tf-idf": 0.27272727272727276, "combined": 0.19589337423053754}, "four": {"co-oc": 4.9986604646891745e-05, "tf-idf": 0.09090909090909091, "combined": 0.0454795387568689}}}