{"name": "39002037852986", "type": "rank", "number_files": 907, "number_unknown": 365, "formats": ["Q3807693", "Q27967123", "Q48021763", "Q194831", "Q66310989", "Q47233167", "Q28600412", "Q28755628", "Q48004607", "Q28755606", "Q1165116", "Q95994246", "Q27979278", "Q26211874", "Q28919168", "Q59653966", "Q28009496", "Q32097899", "Q28206109", "Q66134804", "Q29944776", "Q10394822", "Q81526237", "Q34747804", "Q26211840", "Q81526528", "Q81526664", "Q58006953", "Q28205883", "Q6912474", "Q32097740", "Q76142694", "Q66439261", "Q27979410", "Q1343830", "Q27526733", "Q26211940", "Q60615282", "Q29000614", "Q479833", "Q28207108", "Q28758102", "Q26211957", "Q26211948", "Q1676669", "Q26211927", "Q1141412", "Q28055391", "Q66439259", "Q48106551", "Q29944777", "Q26211915", "Q29944773", "Q28205580", "Q29944782", "Q28758112", "Q1601331", "Q29944987", "Q29650304", "Q29944786", "Q1076355", "Q26211905", "Q26211954", "Q723030", "Q26211936", "Q27967388", "Q26211975", "Q29904539", "Q28207044", "Q5532250", "Q48005022", "Q28205626", "Q26211983", "Q28049770", "Q27526866", "Q48004869", "Q29944783", "Q27596243", "Q729366", "Q29944779", "Q58103465", "Q29944780", "Q34284525", "Q26211965", "Q28206771", "Q4045294", "Q28445577", "Q26211931", "Q26211958", "Q26211977", "Q1882400", "Q29944785", "Q29944758", "Q62625630", "Q48021588", "Q26211978", "Q26211891", "Q28206568", "Q2193155", "Q27979156", "Q28206381", "Q99184084"], "environments": {"one": {"co-oc": 0.5529270411740622, "tf-idf": 0.49999999999999994, "combined": 0.526463520587031}, "two": {"co-oc": 0.4452931056953724, "tf-idf": 0.36111111111111116, "combined": 0.4032021084032418}, "three": {"co-oc": 0.0013901418050775846, "tf-idf": 0.08333333333333334, "combined": 0.042361737569205464}, "four": {"co-oc": 0.0003897113254879151, "tf-idf": 0.055555555555555566, "combined": 0.02797263344052174}}}