{"name": "39002100906263", "type": "rank", "number_files": 977, "number_unknown": 146, "formats": ["Q729366", "Q26211840", "Q27826464", "Q28786544", "Q8811", "Q26211915", "Q66811836", "Q27826469", "Q28205580", "Q34746472", "Q26211965", "Q28206771", "Q28600763", "Q1076355", "Q4045294", "Q1888930", "Q26211931", "Q26211905", "Q27826468", "Q27826466", "Q62626012", "Q26211954", "Q26211958", "Q26211977", "Q26211936", "Q684554", "Q26211978", "Q26211874", "Q16996920", "Q26211940", "Q26211975", "Q27229642", "Q26211891", "Q5532250", "Q5924007", "Q28206109", "Q26549229", "Q66134804", "Q1662484", "Q26211957", "Q26211948", "Q1676669", "Q28205626", "Q2053", "Q99184084", "Q26211983", "Q166074", "Q10394822", "Q26211927", "Q1141412"], "environments": {"one": {"co-oc": 0.8833032474590145, "tf-idf": 0.4444444444444444, "combined": 0.6638738459517295}, "three": {"co-oc": 0.06522577243788641, "tf-idf": 0.2222222222222222, "combined": 0.1437239973300543}, "two": {"co-oc": 0.051427943578649236, "tf-idf": 0.2222222222222222, "combined": 0.1368250829004357}, "four": {"co-oc": 4.303652444988981e-05, "tf-idf": 0.1111111111111111, "combined": 0.0555770738177805}}}