{"name": "39002089088463", "type": "rank", "number_files": 337, "number_unknown": 0, "formats": ["Q729366", "Q66439259", "Q34747804", "Q26211840", "Q29167476", "Q27203789", "Q935809", "Q50223812", "Q27826464", "Q3807693", "Q26211915", "Q28205580", "Q27826469", "Q28758112", "Q34746472", "Q1601331", "Q29650304", "Q178051", "Q27203692", "Q26211965", "Q28206771", "Q47233167", "Q81526528", "Q47483338", "Q28445577", "Q26211931", "Q58006953", "Q26211905", "Q81526664", "Q32097740", "Q28755606", "Q6912474", "Q47483382", "Q95994246", "Q26211954", "Q26211958", "Q723030", "Q26211936", "Q26211977", "Q27826466", "Q29904540", "Q26211978", "Q26211874", "Q26211940", "Q26211975", "Q47483371", "Q26211891", "Q5448342", "Q28009496", "Q5532250", "Q32097899", "Q28206109", "Q27979156", "Q47483863", "Q26549229", "Q47483645", "Q66134804", "Q28207108", "Q27203722", "Q5421818", "Q47483489", "Q26211957", "Q26211948", "Q1676669", "Q28205626", "Q47483398", "Q99184084", "Q26211983", "Q28049770", "Q10394822", "Q10852293", "Q26211927", "Q27826468", "Q5153426", "Q81526237"], "environments": {"one": {"co-oc": 0.3950070144977388, "tf-idf": 0.2727272727272727, "combined": 0.33386714361250575}, "four": {"co-oc": 0.23823250813644414, "tf-idf": 0.2727272727272727, "combined": 0.2554798904318584}, "three": {"co-oc": 0.22778876906360118, "tf-idf": 0.2727272727272727, "combined": 0.2502580208954369}, "two": {"co-oc": 0.13897170830221584, "tf-idf": 0.18181818181818177, "combined": 0.1603949450601988}}}