{"name": "39002079508678", "type": "rank", "number_files": 206, "number_unknown": 10, "formats": ["Q29011569", "Q29011538", "Q29017304", "Q3807693", "Q29011710", "Q194831", "Q29011365", "Q29012350", "Q95994246", "Q29011646", "Q29017306", "Q29011357", "Q29011824", "Q29011358", "Q28206109", "Q47455968", "Q29944776", "Q29011361", "Q28205588", "Q29011977", "Q29011514", "Q29011579", "Q29011271", "Q28600763", "Q29017312", "Q29012206", "Q29012224", "Q58006953", "Q27979410", "Q59961105", "Q1343830", "Q16996920", "Q29012120", "Q1662484", "Q29011223", "Q28758102", "Q1676669", "Q3928271", "Q1141412", "Q28055391", "Q29944777", "Q29944773", "Q29944782", "Q29011549", "Q29944987", "Q29944786", "Q1076355", "Q29011484", "Q723030", "Q29011892", "Q29011774", "Q29012285", "Q29011363", "Q939636", "Q29012054", "Q29011566", "Q29011079", "Q29944783", "Q27596243", "Q29017314", "Q29011315", "Q29944779", "Q66811836", "Q29012190", "Q29944780", "Q4045294", "Q29011347", "Q1882400", "Q29017311", "Q29944785", "Q29944758", "Q684554", "Q27473691", "Q29017309", "Q27979156", "Q28206310", "Q99184084"], "environments": {"one": {"co-oc": 0.5095706897173886, "tf-idf": 0.48275862068965514, "combined": 0.4961646552035219}, "two": {"co-oc": 0.49022559585433007, "tf-idf": 0.41379310344827586, "combined": 0.45200934965130296}, "four": {"co-oc": 0.00020324449568075642, "tf-idf": 0.0689655172413793, "combined": 0.034584380868530024}, "three": {"co-oc": 4.6993260063392383e-07, "tf-idf": 0.03448275862068965, "combined": 0.01724161427664514}}}