{"name": "39002070235248", "type": "rank", "number_files": 262, "number_unknown": 139, "formats": ["Q1144005", "Q66439259", "Q34747804", "Q60414146", "Q64858274", "Q3807693", "Q66811836", "Q28758112", "Q1601331", "Q29650304", "Q6753724", "Q28600763", "Q47233167", "Q81526528", "Q4045294", "Q28600412", "Q58006953", "Q81526664", "Q6912474", "Q32097740", "Q28755606", "Q95994246", "Q28858032", "Q723030", "Q28791524", "Q684554", "Q29000599", "Q16996920", "Q27526733", "Q3513566", "Q28009496", "Q479833", "Q32097899", "Q28206109", "Q27979156", "Q28207108", "Q1662484", "Q28205711", "Q45350403", "Q29944393", "Q1676669", "Q99184084", "Q28049770", "Q81526237"], "environments": {"two": {"co-oc": 0.535397249264724, "tf-idf": 0.25, "combined": 0.392698624632362}, "one": {"co-oc": 0.21183377695231517, "tf-idf": 0.25, "combined": 0.2309168884761576}, "four": {"co-oc": 0.12638448689148046, "tf-idf": 0.25, "combined": 0.18819224344574023}, "three": {"co-oc": 0.12638448689148046, "tf-idf": 0.25, "combined": 0.18819224344574023}}}