{"name": "39002110494409", "type": "rank", "number_files": 112, "number_unknown": 3, "formats": ["Q29944783", "Q27596243", "Q29944779", "Q29944777", "Q66811836", "Q29944773", "Q61777776", "Q29944782", "Q29944987", "Q29944780", "Q29944786", "Q28018470", "Q28600763", "Q1076355", "Q4045294", "Q336284", "Q28018471", "Q29944785", "Q29944758", "Q684554", "Q16996920", "Q42591", "Q28206109", "Q66134804", "Q1662484", "Q29944776", "Q1676669", "Q99184084"], "environments": {"one": {"co-oc": 0.5468823389173512, "tf-idf": 0.5, "combined": 0.5234411694586756}, "two": {"co-oc": 0.45160465327451177, "tf-idf": 0.38235294117647073, "combined": 0.41697879722549125}, "four": {"co-oc": 0.0007565039040685594, "tf-idf": 0.05882352941176471, "combined": 0.029790016657916637}, "three": {"co-oc": 0.0007565039040685594, "tf-idf": 0.05882352941176471, "combined": 0.029790016657916637}}}