{"name": "39002037657211", "type": "rank", "number_files": 506, "number_unknown": 0, "formats": ["Q6026738", "Q27231634", "Q2138624", "Q27578057", "Q27866063", "Q27866059", "Q3807693", "Q29209269", "Q66811836", "Q27596184", "Q58725633", "Q28600763", "Q1076355", "Q4045294", "Q58237034", "Q28755621", "Q58006953", "Q27231651", "Q95994246", "Q723030", "Q28206894", "Q27866062", "Q28205771", "Q27967388", "Q684554", "Q28207384", "Q16996920", "Q27231654", "Q27925722", "Q1502796", "Q7670377", "Q28207379", "Q34312361", "Q27979156", "Q28205372", "Q26549229", "Q66134804", "Q1662484", "Q34312151", "Q28758103", "Q27923693", "Q29650301", "Q28347555"], "environments": {"one": {"co-oc": 0.999339816796168, "tf-idf": 0.5, "combined": 0.749669908398084}, "three": {"co-oc": 0.0003300916019160265, "tf-idf": 0.25, "combined": 0.12516504580095802}, "two": {"co-oc": 0.0003300916019160265, "tf-idf": 0.25, "combined": 0.12516504580095802}, "four": {"co-oc": 0.0, "tf-idf": 0.0, "combined": 0.0}}}