{"name": "39002094530525", "type": "rank", "number_files": 8, "number_unknown": 5, "formats": ["Q66439259", "Q34747804", "Q28758112", "Q1601331", "Q29650304", "Q28018470", "Q47233167", "Q81526528", "Q336284", "Q81526664", "Q6912474", "Q32097740", "Q28755606", "Q28018471", "Q28009496", "Q32097899", "Q28207108", "Q28049770", "Q81526237"], "environments": {"one": {"co-oc": 0.999940692020538, "tf-idf": 0.39999999999999997, "combined": 0.699970346010269}, "four": {"co-oc": 1.976932648736347e-05, "tf-idf": 0.19999999999999998, "combined": 0.10000988466324368}, "three": {"co-oc": 1.976932648736347e-05, "tf-idf": 0.19999999999999998, "combined": 0.10000988466324368}, "two": {"co-oc": 1.976932648736347e-05, "tf-idf": 0.19999999999999998, "combined": 0.10000988466324368}}}