{"name": "39002068850594", "type": "rank", "number_files": 1828, "number_unknown": 960, "formats": ["Q7671270", "Q777561", "Q28786544", "Q3807693", "Q61641368", "Q29209269", "Q8811", "Q61639409", "Q28206147", "Q1888930", "Q95994246", "Q28858032", "Q62625561", "Q11241282", "Q60000066", "Q26211874", "Q48782238", "Q686498", "Q28206109", "Q26549229", "Q28858039", "Q28858037", "Q10287816", "Q2053", "Q29650301", "Q10394822", "Q26211840", "Q28858041", "Q27826469", "Q34746472", "Q28858038", "Q28858042", "Q51916170", "Q58006953", "Q28205883", "Q62626012", "Q51801746", "Q27979410", "Q1343830", "Q26211940", "Q48782202", "Q28858035", "Q63061396", "Q26211957", "Q26211948", "Q1676669", "Q26211927", "Q1141412", "Q178051", "Q1228757", "Q28858044", "Q28055391", "Q283579", "Q63061514", "Q27826464", "Q26211915", "Q1076355", "Q26211905", "Q3959179", "Q27826466", "Q85621726", "Q26211954", "Q723030", "Q26211936", "Q26211975", "Q47512572", "Q28600476", "Q85621806", "Q5532250", "Q62664770", "Q1817318", "Q66439286", "Q48915661", "Q26211983", "Q166074", "Q62664735", "Q48782394", "Q26211965", "Q4045294", "Q48782098", "Q26211931", "Q27826468", "Q26211958", "Q26211977", "Q1882400", "Q26211978", "Q26211891", "Q27979156", "Q28206138", "Q60628185", "Q28758103", "Q99184084"], "environments": {"one": {"co-oc": 0.4946084075627422, "tf-idf": 0.4285714285714285, "combined": 0.4615899180670854}, "two": {"co-oc": 0.4003038037613154, "tf-idf": 0.3333333333333333, "combined": 0.36681856854732436}, "three": {"co-oc": 0.054414999633251346, "tf-idf": 0.14285714285714288, "combined": 0.0986360712451971}, "four": {"co-oc": 0.05067278904269112, "tf-idf": 0.09523809523809525, "combined": 0.07295544214039318}}}