{"name": "39002068862706", "type": "rank", "number_files": 13, "number_unknown": 0, "formats": ["Q28018471", "Q28018470", "Q942350", "Q336284", "Q28600764", "Q939636"], "environments": {"one": {"co-oc": 0.9999517738791739, "tf-idf": 0.5, "combined": 0.7499758869395869}, "three": {"co-oc": 2.4113060413122517e-05, "tf-idf": 0.25, "combined": 0.12501205653020656}, "two": {"co-oc": 2.4113060413122517e-05, "tf-idf": 0.25, "combined": 0.12501205653020656}, "four": {"co-oc": 0.0, "tf-idf": 0.0, "combined": 0.0}}}