{"name": "39002073494941", "type": "rank", "number_files": 45, "number_unknown": 0, "formats": ["Q723030", "Q27979156", "Q26549229", "Q1076355", "Q942350", "Q4045294", "Q28600764", "Q3807693", "Q58006953", "Q60615282", "Q27526866", "Q95994246"], "environments": {"two": {"co-oc": 0.9992615589718304, "tf-idf": 0.5, "combined": 0.7496307794859152}, "one": {"co-oc": 0.00036922051408479645, "tf-idf": 0.25, "combined": 0.1251846102570424}, "three": {"co-oc": 0.00036922051408479645, "tf-idf": 0.25, "combined": 0.1251846102570424}, "four": {"co-oc": 0.0, "tf-idf": 0.0, "combined": 0.0}}}