{"name": "39002056623433", "type": "rank", "number_files": 479, "number_unknown": 154, "formats": ["Q729366", "Q27596243", "Q28344021", "Q28205488", "Q2138624", "Q3807693", "Q66811836", "Q28205580", "Q28771319", "Q27967123", "Q856364", "Q29000498", "Q28018470", "Q28206771", "Q28600763", "Q2119595", "Q1076355", "Q4045294", "Q336284", "Q4545483", "Q58006953", "Q28205883", "Q95994246", "Q723030", "Q28018471", "Q7311459", "Q27967445", "Q684554", "Q16996920", "Q6043826", "Q939636", "Q28205727", "Q28206568", "Q29000614", "Q27979156", "Q1662484", "Q1676669", "Q28205626", "Q27967113", "Q99184084"], "environments": {"one": {"co-oc": 0.967938547345803, "tf-idf": 0.49999999999999994, "combined": 0.7339692736729014}, "three": {"co-oc": 0.03202192547186465, "tf-idf": 0.24999999999999997, "combined": 0.1410109627359323}, "four": {"co-oc": 1.976359116621859e-05, "tf-idf": 0.12499999999999999, "combined": 0.0625098817955831}, "two": {"co-oc": 1.976359116621859e-05, "tf-idf": 0.12499999999999999, "combined": 0.0625098817955831}}}