{"name": "39002080638837", "type": "rank", "number_files": 624, "number_unknown": 15, "formats": ["Q29011569", "Q29011538", "Q29017304", "Q28786544", "Q58335687", "Q8811", "Q48805099", "Q29011710", "Q61752300", "Q28206359", "Q29011365", "Q1888930", "Q29012350", "Q29011646", "Q28600435", "Q51035227", "Q29017306", "Q29011357", "Q5924007", "Q29011824", "Q29011358", "Q930281", "Q28206109", "Q66134804", "Q29011361", "Q2053", "Q29011977", "Q29011514", "Q27826469", "Q29011579", "Q29011271", "Q51034969", "Q17092932", "Q34746472", "Q28600763", "Q29017312", "Q29012206", "Q29012224", "Q62626012", "Q26385770", "Q51837224", "Q16996920", "Q27526733", "Q28206262", "Q29012120", "Q1662484", "Q29011223", "Q26329648", "Q1676669", "Q51035340", "Q61963304", "Q1141412", "Q27967216", "Q27826464", "Q28205580", "Q29011549", "Q1076355", "Q28600453", "Q29011484", "Q27826466", "Q29011892", "Q29011774", "Q29012285", "Q29011363", "Q59999786", "Q28206497", "Q29012054", "Q29011566", "Q28205626", "Q29011079", "Q166074", "Q729366", "Q29017314", "Q29011315", "Q66811836", "Q29012190", "Q2192", "Q28206771", "Q4045294", "Q28600454", "Q29011347", "Q27826468", "Q1952321", "Q29017311", "Q684554", "Q27526739", "Q29017309", "Q99184084"], "environments": {"one": {"co-oc": 0.6724723236552952, "tf-idf": 0.3846153846153846, "combined": 0.5285438541353399}, "three": {"co-oc": 0.23880619171801198, "tf-idf": 0.30769230769230765, "combined": 0.27324924970515985}, "four": {"co-oc": 0.06964571655948987, "tf-idf": 0.15384615384615383, "combined": 0.11174593520282185}, "two": {"co-oc": 0.01907576806720315, "tf-idf": 0.15384615384615383, "combined": 0.08646096095667849}}}