{"name": "39002071038617", "type": "rank", "number_files": 9, "number_unknown": 0, "formats": ["Q729366", "Q1353763", "Q27895063", "Q26549229", "Q1662484", "Q28600763", "Q28206771", "Q684554", "Q1076355", "Q16996920", "Q4045294", "Q28205626", "Q66811836", "Q28205580"], "environments": {"one": {"co-oc": 0.9990205222785036, "tf-idf": 0.5, "combined": 0.7495102611392518}, "three": {"co-oc": 0.0004897388607482474, "tf-idf": 0.25, "combined": 0.12524486943037413}, "two": {"co-oc": 0.0004897388607482474, "tf-idf": 0.25, "combined": 0.12524486943037413}, "four": {"co-oc": 0.0, "tf-idf": 0.0, "combined": 0.0}}}