{"name": "39002076670943", "type": "rank", "number_files": 1449, "number_unknown": 39, "formats": ["Q1144005", "Q66439259", "Q34747804", "Q27596243", "Q751800", "Q3807693", "Q28758112", "Q1601331", "Q217570", "Q58103465", "Q29650304", "Q47233167", "Q81526528", "Q4045294", "Q81526664", "Q58006953", "Q28755628", "Q6912474", "Q32097740", "Q28755606", "Q95994246", "Q723030", "Q29904539", "Q28009496", "Q32097899", "Q27979156", "Q28207108", "Q28049770", "Q81526237"], "environments": {"two": {"co-oc": 0.6031634737705596, "tf-idf": 0.375, "combined": 0.4890817368852798}, "one": {"co-oc": 0.20739488267594627, "tf-idf": 0.25, "combined": 0.22869744133797315}, "three": {"co-oc": 0.18937804965382574, "tf-idf": 0.25, "combined": 0.21968902482691288}, "four": {"co-oc": 6.359389966855984e-05, "tf-idf": 0.125, "combined": 0.06253179694983428}}}