{"name": "39002085715499", "type": "rank", "number_files": 24348, "number_unknown": 32, "formats": ["Q47455565", "Q729366", "Q29151645", "Q28786544", "Q28858068", "Q8811", "Q27979389", "Q28205580", "Q47455466", "Q4042979", "Q28206771", "Q1076355", "Q17073241", "Q60886160", "Q4045294", "Q60806257", "Q60873199", "Q1888930", "Q62626012", "Q52834888", "Q288405", "Q60806040", "Q60886323", "Q295711", "Q1882110", "Q66134804", "Q380319", "Q673906", "Q28205626", "Q2053", "Q166074"], "environments": {"one": {"co-oc": 0.37287333619034857, "tf-idf": 0.4, "combined": 0.3864366680951743}, "two": {"co-oc": 0.3426787571997016, "tf-idf": 0.36, "combined": 0.35133937859985076}, "four": {"co-oc": 0.28444681660745946, "tf-idf": 0.19999999999999998, "combined": 0.24222340830372974}, "three": {"co-oc": 1.09000249036611e-06, "tf-idf": 0.04, "combined": 0.020000545001245183}}}