{"name": "39002087195807", "type": "rank", "number_files": 177, "number_unknown": 39, "formats": ["Q1144005", "Q27596243", "Q28055391", "Q28207469", "Q28206049", "Q3146723", "Q66811836", "Q27823195", "Q27355592", "Q194831", "Q28600763", "Q1076355", "Q4045294", "Q29943240", "Q27487424", "Q28205801", "Q1882400", "Q27979410", "Q28206162", "Q59961105", "Q684554", "Q29465378", "Q27473691", "Q1343830", "Q3477565", "Q16996920", "Q28206373", "Q28205944", "Q16965621", "Q28205670", "Q28205965", "Q28206272", "Q27826346", "Q26549229", "Q66134804", "Q1662484", "Q47455968", "Q28206883", "Q28758102", "Q28206306", "Q877050", "Q74551039", "Q28206310", "Q99184084", "Q3928271", "Q28975875", "Q1141412", "Q1228757"], "environments": {"one": {"co-oc": 0.9997321403611955, "tf-idf": 0.5, "combined": 0.7498660701805977}, "four": {"co-oc": 8.928654626817471e-05, "tf-idf": 0.16666666666666666, "combined": 0.08337797660646741}, "three": {"co-oc": 8.928654626817471e-05, "tf-idf": 0.16666666666666666, "combined": 0.08337797660646741}, "two": {"co-oc": 8.928654626817471e-05, "tf-idf": 0.16666666666666666, "combined": 0.08337797660646741}}}