{"name": "39002088731097", "type": "rank", "number_files": 298, "number_unknown": 0, "formats": ["Q28206109", "Q26549229", "Q66134804", "Q28786544", "Q1676669", "Q8811", "Q2053", "Q1888930", "Q166074", "Q62626012"], "environments": {"one": {"co-oc": 0.9999143260240495, "tf-idf": 0.5000000000000001, "combined": 0.7499571630120248}, "four": {"co-oc": 2.855799198343901e-05, "tf-idf": 0.16666666666666669, "combined": 0.08334761232932507}, "three": {"co-oc": 2.855799198343901e-05, "tf-idf": 0.16666666666666669, "combined": 0.08334761232932507}, "two": {"co-oc": 2.855799198343901e-05, "tf-idf": 0.16666666666666669, "combined": 0.08334761232932507}}}