{"name": "39002093608405", "type": "rank", "number_files": 12, "number_unknown": 0, "formats": ["Q66439259", "Q34747804", "Q751800", "Q66811836", "Q28758112", "Q1601331", "Q29650304", "Q47233167", "Q1076355", "Q81526528", "Q28600763", "Q4045294", "Q81526664", "Q6912474", "Q32097740", "Q28755606", "Q684554", "Q16996920", "Q28009496", "Q32097899", "Q28206109", "Q26549229", "Q28207108", "Q1662484", "Q1676669", "Q28049770", "Q81526237"], "environments": {"two": {"co-oc": 0.4937812804443604, "tf-idf": 0.25, "combined": 0.3718906402221802}, "one": {"co-oc": 0.22002328976317864, "tf-idf": 0.25, "combined": 0.23501164488158932}, "four": {"co-oc": 0.14309771489623044, "tf-idf": 0.25, "combined": 0.19654885744811523}, "three": {"co-oc": 0.14309771489623044, "tf-idf": 0.25, "combined": 0.19654885744811523}}}