{"name": "39002104462115", "type": "rank", "number_files": 17, "number_unknown": 3, "formats": ["Q47455565", "Q729366", "Q34747804", "Q66439259", "Q1192568", "Q3807693", "Q66811836", "Q28205580", "Q28758112", "Q28777715", "Q1601331", "Q29650304", "Q4042979", "Q47455466", "Q28600763", "Q1076355", "Q28206771", "Q47233167", "Q81526528", "Q623334", "Q4045294", "Q81526664", "Q58006953", "Q6912474", "Q32097740", "Q28755606", "Q95994246", "Q723030", "Q684554", "Q1343830", "Q16996920", "Q28600476", "Q28009496", "Q28758002", "Q1882110", "Q32097899", "Q27979156", "Q28207108", "Q1662484", "Q380319", "Q28205626", "Q28049770", "Q66244789", "Q81526237"], "environments": {"two": {"co-oc": 0.5279691941166027, "tf-idf": 0.39999999999999997, "combined": 0.4639845970583013}, "one": {"co-oc": 0.45190429058503034, "tf-idf": 0.3, "combined": 0.3759521452925152}, "three": {"co-oc": 0.020111145300407883, "tf-idf": 0.19999999999999998, "combined": 0.11005557265020394}, "four": {"co-oc": 1.5369997959040253e-05, "tf-idf": 0.09999999999999999, "combined": 0.050007684998979514}}}