{"name": "39002077135771", "type": "rank", "number_files": 1906, "number_unknown": 0, "formats": ["Q28206109", "Q194831", "Q27967087", "Q1662484", "Q28600763", "Q1076355", "Q684554", "Q379741", "Q16996920", "Q27526733", "Q1676669", "Q4045294", "Q66811836", "Q99184084", "Q178051"], "environments": {"one": {"co-oc": 0.40376726719752476, "tf-idf": 0.3636363636363636, "combined": 0.38370181541694415}, "three": {"co-oc": 0.32519599349785244, "tf-idf": 0.2727272727272727, "combined": 0.2989616331125626}, "four": {"co-oc": 0.2521986702103815, "tf-idf": 0.1818181818181818, "combined": 0.21700842601428166}, "two": {"co-oc": 0.01883806909424133, "tf-idf": 0.1818181818181818, "combined": 0.10032812545621156}}}