{"name": "39002073436074", "type": "rank", "number_files": 1709, "number_unknown": 19, "formats": ["Q1144005", "Q27596243", "Q729366", "Q47455565", "Q28347555", "Q34287064", "Q64858274", "Q28600764", "Q3807693", "Q66811836", "Q28205580", "Q28777715", "Q2044200", "Q29650311", "Q58103465", "Q4042979", "Q28206771", "Q47455466", "Q1076355", "Q34284437", "Q28600763", "Q51801109", "Q4045294", "Q623334", "Q28755621", "Q58006953", "Q67124713", "Q28755628", "Q95994246", "Q723030", "Q684554", "Q1343830", "Q942350", "Q16996920", "Q27925722", "Q29904539", "Q34312361", "Q60615282", "Q28206756", "Q28758002", "Q1882110", "Q27979156", "Q380319", "Q1662484", "Q34312151", "Q27923693", "Q28205626", "Q1569639", "Q27526866", "Q1141412", "Q66244789"], "environments": {"one": {"co-oc": 0.5071810492544653, "tf-idf": 0.375, "combined": 0.44109052462723264}, "two": {"co-oc": 0.4556503186516643, "tf-idf": 0.3125, "combined": 0.38407515932583214}, "four": {"co-oc": 0.028264899433295288, "tf-idf": 0.18750000000000003, "combined": 0.10788244971664766}, "three": {"co-oc": 0.008903732660575198, "tf-idf": 0.12500000000000003, "combined": 0.06695186633028762}}}