{"name": "39002103097409", "type": "rank", "number_files": 714, "number_unknown": 0, "formats": ["Q27826464", "Q3807693", "Q66811836", "Q27826469", "Q34746472", "Q28600763", "Q1076355", "Q4045294", "Q28445577", "Q58006953", "Q27826468", "Q27826466", "Q95994246", "Q723030", "Q684554", "Q16996920", "Q27979156", "Q66134804", "Q1662484", "Q1676669", "Q99184084"], "environments": {"one": {"co-oc": 0.9999456250607267, "tf-idf": 0.5, "combined": 0.7499728125303633}, "four": {"co-oc": 1.812497975781902e-05, "tf-idf": 0.16666666666666669, "combined": 0.08334239582321225}, "three": {"co-oc": 1.812497975781902e-05, "tf-idf": 0.16666666666666669, "combined": 0.08334239582321225}, "two": {"co-oc": 1.812497975781902e-05, "tf-idf": 0.16666666666666669, "combined": 0.08334239582321225}}}