{"name": "39002056407514", "type": "rank", "number_files": 37, "number_unknown": 0, "formats": ["Q1141412", "Q26549229", "Q66134804", "Q1076355", "Q4045294", "Q28206135", "Q28755621", "Q28347555"], "environments": {"one": {"co-oc": 0.9998151371091752, "tf-idf": 0.6666666666666667, "combined": 0.833240901887921}, "two": {"co-oc": 0.0001848628908247888, "tf-idf": 0.33333333333333337, "combined": 0.1667590981120791}, "four": {"co-oc": 0.0, "tf-idf": 0.0, "combined": 0.0}, "three": {"co-oc": 0.0, "tf-idf": 0.0, "combined": 0.0}}}