{"name": "39002104462297", "type": "rank", "number_files": 5312, "number_unknown": 150, "formats": ["Q729366", "Q26211840", "Q27826464", "Q3807693", "Q26211915", "Q27826469", "Q28205580", "Q34746472", "Q34284525", "Q26211965", "Q66310989", "Q28206771", "Q34310996", "Q26211931", "Q58006953", "Q26211905", "Q28205883", "Q27826468", "Q48625328", "Q27826466", "Q95994246", "Q26211954", "Q26211958", "Q26211977", "Q26211936", "Q723030", "Q59714459", "Q1047541", "Q26211978", "Q26211874", "Q55394748", "Q27526733", "Q26211940", "Q26211975", "Q26211891", "Q5532250", "Q5924007", "Q1023647", "Q27979156", "Q28206109", "Q58335745", "Q26211957", "Q26211948", "Q10287816", "Q28205626", "Q1676669", "Q99184084", "Q26211983", "Q10394822", "Q66134564", "Q26211927"], "environments": {"three": {"co-oc": 0.9997138976436628, "tf-idf": 0.6, "combined": 0.7998569488218314}, "four": {"co-oc": 0.00014305117816862205, "tf-idf": 0.2, "combined": 0.10007152558908432}, "one": {"co-oc": 0.00014305117816862205, "tf-idf": 0.2, "combined": 0.10007152558908432}, "two": {"co-oc": 0.0, "tf-idf": 0.0, "combined": 0.0}}}