{"name": "39002078201382", "type": "rank", "number_files": 223, "number_unknown": 47, "formats": ["Q29944783", "Q66439259", "Q34747804", "Q26211840", "Q29944779", "Q28786544", "Q29944777", "Q3807693", "Q26211915", "Q28771220", "Q8811", "Q29944773", "Q27967123", "Q29944782", "Q28758112", "Q29650311", "Q1601331", "Q29944987", "Q29650304", "Q29944780", "Q28771107", "Q26211965", "Q29944786", "Q34284437", "Q1076355", "Q47233167", "Q81526528", "Q4045294", "Q1888930", "Q26211931", "Q58006953", "Q28205883", "Q26211905", "Q81526664", "Q28755606", "Q32097740", "Q62626012", "Q95994246", "Q26211954", "Q26211958", "Q723030", "Q26211936", "Q26211977", "Q29944785", "Q6912474", "Q15938816", "Q29944758", "Q26211978", "Q26211874", "Q26211940", "Q26211975", "Q47512572", "Q26211891", "Q28009496", "Q5532250", "Q479833", "Q32097899", "Q28206109", "Q27979156", "Q26549229", "Q66134804", "Q28207108", "Q29944776", "Q26211957", "Q28975650", "Q26211948", "Q28771221", "Q2053", "Q99184084", "Q26211983", "Q166074", "Q10394822", "Q28049770", "Q26211927", "Q28770728", "Q81526237"], "environments": {"one": {"co-oc": 0.505312662651844, "tf-idf": 0.4666666666666667, "combined": 0.48598966465925536}, "two": {"co-oc": 0.4946862677202471, "tf-idf": 0.4666666666666667, "combined": 0.4806764671934569}, "four": {"co-oc": 5.348139544301041e-07, "tf-idf": 0.033333333333333326, "combined": 0.016666934073643877}, "three": {"co-oc": 5.348139544301041e-07, "tf-idf": 0.033333333333333326, "combined": 0.016666934073643877}}}