{"name": "39002056111207", "type": "rank", "number_files": 447, "number_unknown": 10, "formats": ["Q27596243", "Q26211840", "Q27231634", "Q27826464", "Q27866063", "Q27866059", "Q28600764", "Q3807693", "Q26211915", "Q27826469", "Q34746472", "Q10394822", "Q28205439", "Q28018470", "Q26211965", "Q1076355", "Q336284", "Q4045294", "Q26211931", "Q58006953", "Q26211905", "Q28205883", "Q27826468", "Q27826466", "Q95994246", "Q26211954", "Q26211958", "Q723030", "Q26211936", "Q26211977", "Q28018471", "Q27231651", "Q27866062", "Q28205771", "Q28207384", "Q28206528", "Q27473691", "Q942350", "Q26211874", "Q26211978", "Q27526733", "Q26211940", "Q26211975", "Q7670377", "Q28207379", "Q27231654", "Q1502796", "Q26211891", "Q939636", "Q5532250", "Q28206109", "Q27979156", "Q28205372", "Q26549229", "Q66134804", "Q47455968", "Q28758102", "Q34739781", "Q26211957", "Q1676669", "Q26211948", "Q1569639", "Q99184084", "Q28206310", "Q26211983", "Q3928271", "Q26211927"], "environments": {"one": {"co-oc": 0.8872025253990011, "tf-idf": 0.5, "combined": 0.6936012626995005}, "four": {"co-oc": 0.0747658385917434, "tf-idf": 0.2142857142857143, "combined": 0.14452577643872885}, "three": {"co-oc": 0.02624283960011654, "tf-idf": 0.14285714285714285, "combined": 0.08454999122862969}, "two": {"co-oc": 0.011788796409139032, "tf-idf": 0.14285714285714285, "combined": 0.07732296963314095}}}