{"name": "39002052041085", "type": "rank", "number_files": 136, "number_unknown": 14, "formats": ["Q723030", "Q27596243", "Q27979156", "Q1144005", "Q1141412", "Q48005022", "Q66134804", "Q48021588", "Q1076355", "Q48021763", "Q4045294", "Q3807693", "Q58006953", "Q48004607", "Q48004869", "Q95994246"], "environments": {"one": {"co-oc": 0.9999954651059998, "tf-idf": 0.8571428571428571, "combined": 0.9285691611244284}, "two": {"co-oc": 4.53489400018362e-06, "tf-idf": 0.14285714285714282, "combined": 0.0714308388755715}, "four": {"co-oc": 0.0, "tf-idf": 0.0, "combined": 0.0}, "three": {"co-oc": 0.0, "tf-idf": 0.0, "combined": 0.0}}}