{"name": "39002037856318", "type": "rank", "number_files": 220, "number_unknown": 70, "formats": ["Q28344021", "Q87066066", "Q34747804", "Q66439259", "Q1141412", "Q28344713", "Q50223812", "Q49243488", "Q3807693", "Q29209269", "Q27526866", "Q28771319", "Q856364", "Q28758112", "Q29000498", "Q28205439", "Q1601331", "Q28206359", "Q29650304", "Q85415853", "Q1076355", "Q47233167", "Q81526528", "Q2119595", "Q4045294", "Q28755621", "Q81526664", "Q58006953", "Q6912474", "Q32097740", "Q28755606", "Q95994246", "Q58335773", "Q29944206", "Q723030", "Q29904540", "Q29435", "Q87066063", "Q3509055", "Q7311459", "Q27967388", "Q47512572", "Q1601835", "Q6043826", "Q5448342", "Q60615282", "Q28009496", "Q287315", "Q32097899", "Q27979156", "Q26549229", "Q5421818", "Q28207108", "Q28758103", "Q73675958", "Q49243748", "Q29944575", "Q28049770", "Q29650301", "Q19599377", "Q28347555", "Q5153426", "Q81526237"], "environments": {"two": {"co-oc": 0.9989509537754818, "tf-idf": 0.39999999999999997, "combined": 0.6994754768877409}, "four": {"co-oc": 0.00034968207483944733, "tf-idf": 0.19999999999999998, "combined": 0.10017484103741972}, "one": {"co-oc": 0.00034968207483944733, "tf-idf": 0.19999999999999998, "combined": 0.10017484103741972}, "three": {"co-oc": 0.00034968207483944733, "tf-idf": 0.19999999999999998, "combined": 0.10017484103741972}}}