{"name": "39002074424939", "type": "rank", "number_files": 66, "number_unknown": 0, "formats": ["Q28206109", "Q66134804", "Q1072083", "Q1676669", "Q99184084", "Q178051"], "environments": {"one": {"co-oc": 0.4555440019066062, "tf-idf": 0.37499999999999994, "combined": 0.4152720009533031}, "three": {"co-oc": 0.38632471955086395, "tf-idf": 0.37499999999999994, "combined": 0.38066235977543195}, "four": {"co-oc": 0.15813127854252992, "tf-idf": 0.25, "combined": 0.20406563927126498}, "two": {"co-oc": 0.0, "tf-idf": 0.0, "combined": 0.0}}}