{"name": "39002033100661", "type": "rank", "number_files": 306, "number_unknown": 1, "formats": ["Q66439259", "Q34747804", "Q3807693", "Q66811836", "Q61777776", "Q28758112", "Q1601331", "Q217570", "Q194831", "Q29650304", "Q28600763", "Q1076355", "Q47233167", "Q81526528", "Q4045294", "Q81526664", "Q58006953", "Q6912474", "Q32097740", "Q28755606", "Q95994246", "Q723030", "Q684554", "Q16996920", "Q27925722", "Q34312361", "Q28009496", "Q32097899", "Q28206109", "Q27979156", "Q26549229", "Q28207108", "Q1662484", "Q34312151", "Q27923693", "Q1676669", "Q99184084", "Q28049770", "Q1141412", "Q81526237"], "environments": {"two": {"co-oc": 0.337011939795438, "tf-idf": 0.27272727272727276, "combined": 0.3048696062613554}, "one": {"co-oc": 0.31336529304721, "tf-idf": 0.27272727272727276, "combined": 0.2930462828872414}, "three": {"co-oc": 0.23591968121295628, "tf-idf": 0.27272727272727276, "combined": 0.25432347697011454}, "four": {"co-oc": 0.11370308594439572, "tf-idf": 0.18181818181818182, "combined": 0.14776063388128877}}}