{"name": "39002012395035", "type": "rank", "number_files": 859, "number_unknown": 0, "formats": ["Q723030", "Q27979156", "Q26549229", "Q66134804", "Q1676669", "Q3807693", "Q58006953", "Q95994246"], "environments": {"one": {"co-oc": 0.9998176424261048, "tf-idf": 0.5, "combined": 0.7499088212130525}, "four": {"co-oc": 9.117878694758644e-05, "tf-idf": 0.25, "combined": 0.1250455893934738}, "three": {"co-oc": 9.117878694758644e-05, "tf-idf": 0.25, "combined": 0.1250455893934738}, "two": {"co-oc": 0.0, "tf-idf": 0.0, "combined": 0.0}}}