{"name": "39002041997892", "type": "rank", "number_files": 56, "number_unknown": 1, "formats": ["Q28018471", "Q28018470", "Q1662484", "Q28600763", "Q1076355", "Q684554", "Q336284", "Q4045294", "Q16996920", "Q66811836", "Q28600412", "Q217570"], "environments": {"one": {"co-oc": 0.8930767987041814, "tf-idf": 0.5714285714285714, "combined": 0.7322526850663764}, "two": {"co-oc": 0.10691073651405476, "tf-idf": 0.2857142857142857, "combined": 0.19631251111417022}, "three": {"co-oc": 1.246478176378638e-05, "tf-idf": 0.14285714285714285, "combined": 0.07143480381945332}, "four": {"co-oc": 0.0, "tf-idf": 0.0, "combined": 0.0}}}