{"name": "39002087565975", "type": "rank", "number_files": 1002, "number_unknown": 4, "formats": ["Q29011569", "Q29011538", "Q29017314", "Q29011315", "Q29017304", "Q27826464", "Q28786544", "Q29011514", "Q28600764", "Q8811", "Q66811836", "Q27826469", "Q34746472", "Q29011271", "Q29012190", "Q29011710", "Q29011579", "Q17092932", "Q29011549", "Q28206359", "Q28600763", "Q1076355", "Q29017312", "Q4045294", "Q29011484", "Q29012206", "Q29011365", "Q29012224", "Q29011977", "Q29011347", "Q1888930", "Q27826468", "Q1952321", "Q27826466", "Q29012350", "Q62626012", "Q26385770", "Q29017311", "Q29011646", "Q29011892", "Q29011774", "Q684554", "Q29012285", "Q942350", "Q16996920", "Q29017306", "Q28206262", "Q29011363", "Q29011357", "Q939636", "Q29017309", "Q5924007", "Q29012120", "Q29011358", "Q29011824", "Q28206109", "Q26549229", "Q66134804", "Q1662484", "Q29012054", "Q28206497", "Q29011223", "Q29011566", "Q26329648", "Q1676669", "Q29011361", "Q29011079", "Q2053", "Q99184084", "Q166074", "Q307271", "Q178051"], "environments": {"one": {"co-oc": 0.558766128750212, "tf-idf": 0.3846153846153846, "combined": 0.4716907566827983}, "three": {"co-oc": 0.22807563812158432, "tf-idf": 0.23076923076923073, "combined": 0.22942243444540752}, "four": {"co-oc": 0.139028446270598, "tf-idf": 0.15384615384615383, "combined": 0.1464373000583759}, "two": {"co-oc": 0.07412978685760568, "tf-idf": 0.23076923076923073, "combined": 0.1524495088134182}}}