{"name": "39002067186602", "type": "rank", "number_files": 44, "number_unknown": 5, "formats": ["Q1144005", "Q729366", "Q27596243", "Q34747804", "Q66439259", "Q29904535", "Q3807693", "Q7271574", "Q28205580", "Q28771319", "Q28758112", "Q29000498", "Q1601331", "Q28757684", "Q66759627", "Q29650304", "Q52063281", "Q58103465", "Q27979407", "Q28206771", "Q47233167", "Q1076355", "Q81526528", "Q4045294", "Q34290760", "Q81526664", "Q58006953", "Q28755628", "Q6912474", "Q32097740", "Q28755606", "Q50308743", "Q95994246", "Q723030", "Q48551303", "Q27967388", "Q27978800", "Q28009498", "Q27996239", "Q6043826", "Q29904539", "Q51370102", "Q28009496", "Q32097899", "Q62664770", "Q27979156", "Q61641450", "Q28207108", "Q52063295", "Q28205626", "Q28049770", "Q27995538", "Q1141412", "Q28848214", "Q81526237"], "environments": {"two": {"co-oc": 0.704939952027173, "tf-idf": 0.33333333333333337, "combined": 0.5191366426802532}, "three": {"co-oc": 0.2945746407699419, "tf-idf": 0.33333333333333337, "combined": 0.31395398705163763}, "four": {"co-oc": 0.00024270360144255912, "tf-idf": 0.16666666666666669, "combined": 0.08345468513405462}, "one": {"co-oc": 0.00024270360144255912, "tf-idf": 0.16666666666666669, "combined": 0.08345468513405462}}}