{"name": "39002082682569", "type": "rank", "number_files": 115, "number_unknown": 1, "formats": ["Q729366", "Q50223812", "Q3807693", "Q66811836", "Q28205580", "Q59962003", "Q61777964", "Q194831", "Q28206771", "Q28600763", "Q1076355", "Q4045294", "Q58006953", "Q95994246", "Q29904540", "Q723030", "Q27967214", "Q684554", "Q16996920", "Q5448342", "Q27979156", "Q5421818", "Q66134804", "Q1662484", "Q1422885", "Q27966933", "Q28205626", "Q99184084", "Q1141412", "Q5153426"], "environments": {"one": {"co-oc": 0.999677831111119, "tf-idf": 0.5, "combined": 0.7498389155555595}, "three": {"co-oc": 0.00016108444444053118, "tf-idf": 0.25, "combined": 0.12508054222222026}, "two": {"co-oc": 0.00016108444444053118, "tf-idf": 0.25, "combined": 0.12508054222222026}, "four": {"co-oc": 0.0, "tf-idf": 0.0, "combined": 0.0}}}