{"name": "39002079513645", "type": "rank", "number_files": 107, "number_unknown": 0, "formats": ["Q729366", "Q28018471", "Q28018470", "Q1662484", "Q28600763", "Q28206771", "Q684554", "Q16996920", "Q336284", "Q28205626", "Q66811836", "Q28205580", "Q307271", "Q178051"], "environments": {"one": {"co-oc": 0.9561368784084212, "tf-idf": 0.49999999999999994, "combined": 0.7280684392042106}, "three": {"co-oc": 0.04384341745933706, "tf-idf": 0.3333333333333333, "combined": 0.1885883753963352}, "four": {"co-oc": 1.9704132241787128e-05, "tf-idf": 0.16666666666666666, "combined": 0.08334318539945422}, "two": {"co-oc": 0.0, "tf-idf": 0.0, "combined": 0.0}}}