{"name": "39002114089908", "type": "rank", "number_files": 597, "number_unknown": 0, "formats": ["Q26385770", "Q28206359", "Q28206497", "Q26329648", "Q1676669", "Q28206262", "Q1952321", "Q17092932"], "environments": {"four": {"co-oc": 0.3333333333333333, "tf-idf": 0.33333333333333337, "combined": 0.33333333333333337}, "one": {"co-oc": 0.3333333333333333, "tf-idf": 0.33333333333333337, "combined": 0.33333333333333337}, "three": {"co-oc": 0.3333333333333333, "tf-idf": 0.33333333333333337, "combined": 0.33333333333333337}, "two": {"co-oc": 0.0, "tf-idf": 0.0, "combined": 0.0}}}