{"name": "39002079380219", "type": "rank", "number_files": 126, "number_unknown": 50, "formats": ["Q1144005", "Q66439259", "Q34747804", "Q3807693", "Q28758112", "Q1601331", "Q29650304", "Q47233167", "Q1076355", "Q81526528", "Q4045294", "Q81526664", "Q58006953", "Q6912474", "Q32097740", "Q28755606", "Q95994246", "Q1952708", "Q723030", "Q28009496", "Q32097899", "Q27979156", "Q26549229", "Q28207108", "Q28049770", "Q81526237"], "environments": {"two": {"co-oc": 0.9991010319826583, "tf-idf": 0.4, "combined": 0.6995505159913291}, "four": {"co-oc": 0.00029965600578060644, "tf-idf": 0.2, "combined": 0.10014982800289031}, "one": {"co-oc": 0.00029965600578060644, "tf-idf": 0.2, "combined": 0.10014982800289031}, "three": {"co-oc": 0.00029965600578060644, "tf-idf": 0.2, "combined": 0.10014982800289031}}}