{"name": "39002096773826", "type": "rank", "number_files": 2806, "number_unknown": 0, "formats": ["Q729366", "Q27826464", "Q66811836", "Q27826469", "Q28205580", "Q34746472", "Q28206771", "Q28600763", "Q1076355", "Q4045294", "Q27826468", "Q27826466", "Q28858032", "Q684554", "Q16996920", "Q28206109", "Q26549229", "Q66134804", "Q1662484", "Q28205626", "Q99184084"], "environments": {"one": {"co-oc": 0.9996075588198454, "tf-idf": 0.5, "combined": 0.7498037794099227}, "three": {"co-oc": 0.00019622059007729122, "tf-idf": 0.25, "combined": 0.12509811029503864}, "two": {"co-oc": 0.00019622059007729122, "tf-idf": 0.25, "combined": 0.12509811029503864}, "four": {"co-oc": 0.0, "tf-idf": 0.0, "combined": 0.0}}}