{"name": "39002067757956", "type": "rank", "number_files": 2658, "number_unknown": 347, "formats": ["Q723030", "Q27979156", "Q27596243", "Q28018471", "Q58103465", "Q28018470", "Q28205488", "Q194831", "Q28206359", "Q1076355", "Q1676669", "Q336284", "Q3807693", "Q29904539", "Q4045294", "Q58006953", "Q28755628", "Q95994246"], "environments": {"one": {"co-oc": 0.9999548506746119, "tf-idf": 0.5714285714285714, "combined": 0.7856917110515916}, "four": {"co-oc": 1.5049775129399198e-05, "tf-idf": 0.14285714285714285, "combined": 0.07143609631613612}, "three": {"co-oc": 1.5049775129399198e-05, "tf-idf": 0.14285714285714285, "combined": 0.07143609631613612}, "two": {"co-oc": 1.5049775129399198e-05, "tf-idf": 0.14285714285714285, "combined": 0.07143609631613612}}}