{"name": "39002074792111", "type": "rank", "number_files": 247, "number_unknown": 55, "formats": ["Q1144005", "Q50223812", "Q3807693", "Q61641368", "Q49799747", "Q61639409", "Q194831", "Q47233167", "Q34310996", "Q28755628", "Q28755606", "Q95994246", "Q28858032", "Q60000066", "Q48782238", "Q49798739", "Q28009496", "Q686498", "Q32097899", "Q26549229", "Q47455968", "Q28858039", "Q28858037", "Q29000741", "Q81526237", "Q49798508", "Q34747804", "Q28206625", "Q28858041", "Q28205846", "Q28600763", "Q81526528", "Q28858038", "Q28858042", "Q81526664", "Q58006953", "Q6912474", "Q32097740", "Q59820886", "Q58335773", "Q29904540", "Q51801746", "Q27979410", "Q3509055", "Q59961105", "Q1343830", "Q16996920", "Q48782202", "Q5448342", "Q28858035", "Q63061396", "Q5421818", "Q28207108", "Q1662484", "Q28758102", "Q28206952", "Q3928271", "Q1141412", "Q28055391", "Q66439259", "Q28858044", "Q48106551", "Q49243488", "Q63061514", "Q28205580", "Q28758112", "Q28205439", "Q1601331", "Q29650304", "Q1076355", "Q85621726", "Q723030", "Q27967388", "Q29904539", "Q85621806", "Q62664770", "Q58335745", "Q66439286", "Q48915661", "Q28205626", "Q28049770", "Q5153426", "Q62664735", "Q729366", "Q27596243", "Q48782394", "Q66811836", "Q58103465", "Q28206771", "Q29000651", "Q49799499", "Q4045294", "Q28206343", "Q48782098", "Q1882400", "Q684554", "Q27473691", "Q27979156", "Q60628185", "Q85415606", "Q28206310"], "environments": {"two": {"co-oc": 0.5011408863830974, "tf-idf": 0.3888888888888889, "combined": 0.4450148876359932}, "one": {"co-oc": 0.4817484342638706, "tf-idf": 0.3888888888888889, "combined": 0.4353186615763798}, "four": {"co-oc": 0.012136626196733868, "tf-idf": 0.1111111111111111, "combined": 0.061623868653922484}, "three": {"co-oc": 0.004974053156297939, "tf-idf": 0.1111111111111111, "combined": 0.05804258213370452}}}