{"name": "39002117628124_D1", "type": "rank", "number_files": 36, "number_unknown": 0, "formats": ["Q29011569", "Q29011538", "Q29017314", "Q29011315", "Q29017304", "Q27826464", "Q29011514", "Q3807693", "Q66811836", "Q27826469", "Q34746472", "Q29011271", "Q29012190", "Q29011710", "Q29011579", "Q29011549", "Q28600763", "Q1076355", "Q29017312", "Q4045294", "Q29011484", "Q29012206", "Q29011365", "Q29012224", "Q29011347", "Q58006953", "Q27826468", "Q27826466", "Q95994246", "Q29012350", "Q723030", "Q29017311", "Q29011646", "Q24834502", "Q29011892", "Q29011774", "Q684554", "Q29012285", "Q16996920", "Q29017306", "Q29011363", "Q29011357", "Q29017309", "Q5924007", "Q29012120", "Q29011358", "Q29011824", "Q28206109", "Q27979156", "Q26549229", "Q1662484", "Q29012054", "Q29011223", "Q29011566", "Q1676669", "Q29011361", "Q29011079", "Q99184084", "Q29011977"], "environments": {"one": {"co-oc": 0.6304128203115668, "tf-idf": 0.33333333333333337, "combined": 0.48187307682245006}, "three": {"co-oc": 0.3689084811737502, "tf-idf": 0.33333333333333337, "combined": 0.3511209072535418}, "four": {"co-oc": 0.0003393492573415517, "tf-idf": 0.16666666666666669, "combined": 0.08350300796200412}, "two": {"co-oc": 0.0003393492573415517, "tf-idf": 0.16666666666666669, "combined": 0.08350300796200412}}}