{"name": "39002082349227", "type": "rank", "number_files": 1466, "number_unknown": 623, "formats": ["Q27596243", "Q34747804", "Q66439259", "Q751800", "Q64858274", "Q48004869", "Q66811836", "Q28758112", "Q48021763", "Q1601331", "Q217570", "Q29650304", "Q28206493", "Q28205796", "Q58103465", "Q47233167", "Q81526528", "Q28600763", "Q4045294", "Q27967105", "Q81526664", "Q28755628", "Q6912474", "Q32097740", "Q28755606", "Q48004607", "Q59961105", "Q48021588", "Q684554", "Q28207194", "Q16996920", "Q34746769", "Q29904539", "Q28009496", "Q939636", "Q28207313", "Q32097899", "Q48005022", "Q28207108", "Q1662484", "Q28205588", "Q28049770", "Q1141412", "Q81526237"], "environments": {"one": {"co-oc": 0.9548015236340988, "tf-idf": 0.5, "combined": 0.7274007618170494}, "two": {"co-oc": 0.03949685087052782, "tf-idf": 0.24999999999999997, "combined": 0.1447484254352639}, "three": {"co-oc": 0.005696401504342443, "tf-idf": 0.16666666666666666, "combined": 0.08618153408550455}, "four": {"co-oc": 5.2239910309941085e-06, "tf-idf": 0.08333333333333333, "combined": 0.04166927866218216}}}