{"name": "39002012140076", "type": "rank", "number_files": 64, "number_unknown": 3, "formats": ["Q6026738", "Q729366", "Q27578057", "Q3807693", "Q66811836", "Q28205580", "Q58725633", "Q28206771", "Q28600763", "Q1076355", "Q4045294", "Q58237034", "Q58006953", "Q95994246", "Q723030", "Q28206894", "Q684554", "Q16996920", "Q5924007", "Q27979156", "Q26549229", "Q1662484", "Q28205626"], "environments": {"three": {"co-oc": 0.9982243200208598, "tf-idf": 0.5, "combined": 0.7491121600104299}, "one": {"co-oc": 0.0008878399895700689, "tf-idf": 0.25, "combined": 0.12544391999478505}, "two": {"co-oc": 0.0008878399895700689, "tf-idf": 0.25, "combined": 0.12544391999478505}, "four": {"co-oc": 0.0, "tf-idf": 0.0, "combined": 0.0}}}