{"name": "39002010824663", "type": "rank", "number_files": 237, "number_unknown": 2, "formats": ["Q29944783", "Q1144005", "Q29151645", "Q29944779", "Q28786544", "Q29944777", "Q3807693", "Q28600764", "Q8811", "Q29944773", "Q27526866", "Q29944782", "Q29944987", "Q29944780", "Q29944786", "Q17073241", "Q1076355", "Q4045294", "Q1888930", "Q58006953", "Q62626012", "Q95994246", "Q723030", "Q288405", "Q29944785", "Q29944758", "Q942350", "Q27526733", "Q60615282", "Q28206109", "Q27979156", "Q29944776", "Q673906", "Q1676669", "Q2053", "Q99184084", "Q166074", "Q79241659"], "environments": {"one": {"co-oc": 0.5046978632092964, "tf-idf": 0.4516129032258065, "combined": 0.47815538321755147}, "two": {"co-oc": 0.49387227983541604, "tf-idf": 0.4516129032258065, "combined": 0.47274259153061127}, "three": {"co-oc": 0.0014293622545486556, "tf-idf": 0.06451612903225808, "combined": 0.03297274564340336}, "four": {"co-oc": 4.947007388573679e-07, "tf-idf": 0.03225806451612904, "combined": 0.01612927960843395}}}