{"name": "39002073396724", "type": "rank", "number_files": 32, "number_unknown": 0, "formats": ["Q27826464", "Q47498538", "Q29946883", "Q2043942", "Q66811836", "Q27826469", "Q29946829", "Q26548590", "Q26547917", "Q34746472", "Q29946692", "Q26085336", "Q29946898", "Q29946726", "Q47498749", "Q26547266", "Q29946866", "Q28600763", "Q1076355", "Q47498552", "Q26541013", "Q26543628", "Q26085330", "Q4045294", "Q26085339", "Q47498547", "Q29946845", "Q27826468", "Q29946713", "Q26546575", "Q27826466", "Q26085322", "Q47498555", "Q5533911", "Q29946810", "Q684554", "Q29946771", "Q16996920", "Q26085317", "Q26545877", "Q47498565", "Q29946914", "Q29946937", "Q29946134", "Q26085319", "Q42332", "Q29946121", "Q26549229", "Q1662484", "Q47498745", "Q1676669", "Q55429627", "Q29946141", "Q99184084", "Q47498736", "Q26085333", "Q26085326"], "environments": {"one": {"co-oc": 0.3439891129280941, "tf-idf": 0.3333333333333333, "combined": 0.3386612231307137}, "two": {"co-oc": 0.32834198555131594, "tf-idf": 0.3, "combined": 0.31417099277565796}, "four": {"co-oc": 0.32673219292262107, "tf-idf": 0.3, "combined": 0.31336609646131053}, "three": {"co-oc": 0.0009367085979688299, "tf-idf": 0.06666666666666668, "combined": 0.03380168763231776}}}