{"name": "39002058782005", "type": "rank", "number_files": 804, "number_unknown": 1, "formats": ["Q28206109", "Q48551303", "Q61641450", "Q26549229", "Q66134804", "Q1076355", "Q1676669", "Q27526733", "Q4045294", "Q50308743", "Q99184084", "Q28858032", "Q178051", "Q62664770"], "environments": {"one": {"co-oc": 0.7231940371792707, "tf-idf": 0.4444444444444445, "combined": 0.5838192408118575}, "four": {"co-oc": 0.13839398521344856, "tf-idf": 0.22222222222222224, "combined": 0.1803081037178354}, "three": {"co-oc": 0.13839398521344856, "tf-idf": 0.22222222222222224, "combined": 0.1803081037178354}, "two": {"co-oc": 1.7992393832318838e-05, "tf-idf": 0.11111111111111112, "combined": 0.05556455175247172}}}