{"name": "39002118816538", "type": "rank", "number_files": 17, "number_unknown": 0, "formats": ["Q98815369", "Q27979388", "Q178051", "Q1676669"], "environments": {"four": {"co-oc": 0.4279487080523153, "tf-idf": 0.375, "combined": 0.4014743540261576}, "one": {"co-oc": 0.4114744322625119, "tf-idf": 0.375, "combined": 0.39323721613125595}, "three": {"co-oc": 0.16057685968517277, "tf-idf": 0.25, "combined": 0.20528842984258638}, "two": {"co-oc": 0.0, "tf-idf": 0.0, "combined": 0.0}}}