{"name": "39002065948656", "type": "rank", "number_files": 5769, "number_unknown": 0, "formats": ["Q66134804", "Q1662484", "Q28600763", "Q684554", "Q28786544", "Q16996920", "Q1676669", "Q8811", "Q2053", "Q66811836", "Q1888930", "Q99184084", "Q166074", "Q62626012"], "environments": {"one": {"co-oc": 0.9999470294596796, "tf-idf": 0.5000000000000001, "combined": 0.7499735147298399}, "four": {"co-oc": 1.7656846773513766e-05, "tf-idf": 0.16666666666666669, "combined": 0.0833421617567201}, "three": {"co-oc": 1.7656846773513766e-05, "tf-idf": 0.16666666666666669, "combined": 0.0833421617567201}, "two": {"co-oc": 1.7656846773513766e-05, "tf-idf": 0.16666666666666669, "combined": 0.0833421617567201}}}