{"name": "39002046389921", "type": "rank", "number_files": 146, "number_unknown": 18, "formats": ["Q28344021", "Q66439259", "Q34747804", "Q50223812", "Q3807693", "Q856364", "Q28758112", "Q1601331", "Q29650304", "Q97033379", "Q2119595", "Q1076355", "Q47233167", "Q81526528", "Q4045294", "Q81526664", "Q58006953", "Q6912474", "Q32097740", "Q28755606", "Q95994246", "Q29904540", "Q49243071", "Q723030", "Q7311459", "Q5448342", "Q28009496", "Q32097899", "Q27979156", "Q5421818", "Q28207108", "Q28049770", "Q1141412", "Q5153426", "Q81526237"], "environments": {"two": {"co-oc": 0.9990401213818402, "tf-idf": 0.39999999999999997, "combined": 0.6995200606909201}, "four": {"co-oc": 0.00031995953938663, "tf-idf": 0.19999999999999998, "combined": 0.1001599797696933}, "one": {"co-oc": 0.00031995953938663, "tf-idf": 0.19999999999999998, "combined": 0.1001599797696933}, "three": {"co-oc": 0.00031995953938663, "tf-idf": 0.19999999999999998, "combined": 0.1001599797696933}}}