{"name": "39002060586162", "type": "rank", "number_files": 175, "number_unknown": 0, "formats": ["Q61971919", "Q27596243", "Q1144005", "Q27967181", "Q51954521", "Q28858068", "Q3807693", "Q47012412", "Q51954585", "Q47539061", "Q66811836", "Q61971917", "Q51034969", "Q60628005", "Q48021763", "Q60628025", "Q28600763", "Q43869672", "Q28600453", "Q535473", "Q44933672", "Q60886160", "Q28600454", "Q60806257", "Q60873199", "Q58006953", "Q48004607", "Q43866871", "Q95994246", "Q52834888", "Q723030", "Q51837224", "Q52834849", "Q28600435", "Q48021588", "Q684554", "Q51035227", "Q43870624", "Q16996920", "Q60806040", "Q60886323", "Q28756196", "Q43870269", "Q930281", "Q27979156", "Q48005022", "Q66134804", "Q1662484", "Q27487130", "Q51035340", "Q48004869", "Q48809727"], "environments": {"one": {"co-oc": 0.5067834787234523, "tf-idf": 0.45833333333333326, "combined": 0.4825584060283928}, "four": {"co-oc": 0.24770382153668322, "tf-idf": 0.25, "combined": 0.24885191076834162}, "two": {"co-oc": 0.24501032021577715, "tf-idf": 0.20833333333333334, "combined": 0.22667182677455525}, "three": {"co-oc": 0.0005023795240871132, "tf-idf": 0.08333333333333334, "combined": 0.04191785642871023}}}