{"name": "39002082255655", "type": "rank", "number_files": 11, "number_unknown": 0, "formats": ["Q47455565", "Q4042979", "Q24834502", "Q47455466", "Q1076355", "Q751800", "Q1343830", "Q51333820", "Q623334", "Q4045294", "Q4049344", "Q1882110", "Q260180", "Q28777715", "Q28758002", "Q66244789", "Q28858032"], "environments": {"two": {"co-oc": 0.5919667693273405, "tf-idf": 0.4444444444444444, "combined": 0.5182056068858925}, "one": {"co-oc": 0.40800875160133765, "tf-idf": 0.3333333333333333, "combined": 0.3706710424673355}, "four": {"co-oc": 1.2239535660950586e-05, "tf-idf": 0.1111111111111111, "combined": 0.05556167532338603}, "three": {"co-oc": 1.2239535660950586e-05, "tf-idf": 0.1111111111111111, "combined": 0.05556167532338603}}}