{"name": "39002067184292", "type": "rank", "number_files": 227, "number_unknown": 59, "formats": ["Q28858044", "Q66439259", "Q34747804", "Q48782394", "Q1144005", "Q52425710", "Q63061514", "Q61707607", "Q28858041", "Q3807693", "Q61641368", "Q66811836", "Q28758112", "Q66439311", "Q28206284", "Q1601331", "Q61639409", "Q29650304", "Q47233167", "Q81526528", "Q1076355", "Q28858038", "Q28600763", "Q28858042", "Q28205583", "Q4045294", "Q48782098", "Q81526664", "Q58006953", "Q27979508", "Q6912474", "Q32097740", "Q28755606", "Q95994246", "Q85621726", "Q28858032", "Q723030", "Q51801746", "Q60000066", "Q684554", "Q16996920", "Q48782238", "Q48782202", "Q1063976", "Q28009496", "Q28858035", "Q85621806", "Q686498", "Q32097899", "Q89029185", "Q27979156", "Q62664770", "Q63061396", "Q62664735", "Q28207108", "Q1662484", "Q28858039", "Q28206883", "Q28858037", "Q60628185", "Q66439286", "Q72198666", "Q28205807", "Q48915661", "Q67124083", "Q28049770", "Q28205955", "Q81526237"], "environments": {"two": {"co-oc": 0.5077679294167541, "tf-idf": 0.38888888888888895, "combined": 0.4483284091528215}, "one": {"co-oc": 0.4786316720359571, "tf-idf": 0.38888888888888895, "combined": 0.433760280462423}, "four": {"co-oc": 0.0068001992736443995, "tf-idf": 0.11111111111111112, "combined": 0.05895565519237776}, "three": {"co-oc": 0.0068001992736443995, "tf-idf": 0.11111111111111112, "combined": 0.05895565519237776}}}