{"name": "39002073492481", "type": "rank", "number_files": 95, "number_unknown": 9, "formats": ["Q27596243", "Q26385770", "Q28206359", "Q1662484", "Q28600763", "Q1076355", "Q684554", "Q28206497", "Q26329648", "Q4045294", "Q16996920", "Q1676669", "Q28206262", "Q66811836", "Q939636", "Q1952321", "Q17092932", "Q217570"], "environments": {"one": {"co-oc": 0.6019508130177605, "tf-idf": 0.375, "combined": 0.48847540650888027}, "two": {"co-oc": 0.22288127853531056, "tf-idf": 0.25, "combined": 0.2364406392676553}, "three": {"co-oc": 0.175091977440394, "tf-idf": 0.25, "combined": 0.212545988720197}, "four": {"co-oc": 7.593100653502015e-05, "tf-idf": 0.125, "combined": 0.06253796550326751}}}