{"name": "39002025508103", "type": "rank", "number_files": 301, "number_unknown": 9, "formats": ["Q26385770", "Q28206359", "Q27979388", "Q2193155", "Q28206497", "Q13454995", "Q50375236", "Q26329648", "Q27979531", "Q1676669", "Q28206262", "Q2858737", "Q27967532", "Q28600412", "Q1884715", "Q1952321", "Q17092932"], "environments": {"three": {"co-oc": 0.49646872907432205, "tf-idf": 0.375, "combined": 0.435734364537161}, "two": {"co-oc": 0.48423305656204385, "tf-idf": 0.25, "combined": 0.3671165282810219}, "four": {"co-oc": 0.01929368539417873, "tf-idf": 0.25, "combined": 0.13464684269708938}, "one": {"co-oc": 4.5289694554254215e-06, "tf-idf": 0.125, "combined": 0.06250226448472772}}}