{"name": "39002068037416", "type": "rank", "number_files": 692, "number_unknown": 28, "formats": ["Q729366", "Q27596243", "Q28205488", "Q66811836", "Q28205580", "Q58103465", "Q28206771", "Q28600763", "Q1076355", "Q4045294", "Q336284", "Q28755628", "Q684554", "Q16996920", "Q42591", "Q29904539", "Q939636", "Q66134804", "Q1662484", "Q1676669", "Q28205626", "Q1141412"], "environments": {"one": {"co-oc": 0.7641882145872136, "tf-idf": 0.3636363636363636, "combined": 0.5639122891117886}, "three": {"co-oc": 0.14152925988802295, "tf-idf": 0.2727272727272727, "combined": 0.20712826630764783}, "four": {"co-oc": 0.05140807153293545, "tf-idf": 0.1818181818181818, "combined": 0.11661312667555862}, "two": {"co-oc": 0.04287445399182799, "tf-idf": 0.1818181818181818, "combined": 0.11234631790500489}}}