{"name": "39002079436326", "type": "rank", "number_files": 1124, "number_unknown": 0, "formats": ["Q27826464", "Q3807693", "Q27826469", "Q34746472", "Q1076355", "Q58006953", "Q27826468", "Q27826466", "Q95994246", "Q921122", "Q723030", "Q27526733", "Q5924007", "Q28206109", "Q27979156", "Q26549229", "Q1676669", "Q99184084", "Q79241659"], "environments": {"four": {"co-oc": 0.3333333333333333, "tf-idf": 0.33333333333333337, "combined": 0.33333333333333337}, "one": {"co-oc": 0.3333333333333333, "tf-idf": 0.33333333333333337, "combined": 0.33333333333333337}, "three": {"co-oc": 0.3333333333333333, "tf-idf": 0.33333333333333337, "combined": 0.33333333333333337}, "two": {"co-oc": 0.0, "tf-idf": 0.0, "combined": 0.0}}}