{"name": "39002074076267", "type": "rank", "number_files": 433, "number_unknown": 144, "formats": ["Q1144005", "Q28207447", "Q27596243", "Q1141412", "Q28530510", "Q29650305", "Q34745947", "Q48106028", "Q3807693", "Q66811836", "Q28207389", "Q28771319", "Q29000498", "Q18653981", "Q28600763", "Q1076355", "Q4045294", "Q900927", "Q28600412", "Q58006953", "Q28205883", "Q95994246", "Q723030", "Q684554", "Q16996920", "Q6043826", "Q28207452", "Q27979156", "Q26549229", "Q66134804", "Q1662484", "Q27967182", "Q7520656", "Q66663030"], "environments": {"one": {"co-oc": 0.9997865773972386, "tf-idf": 0.6666666666666667, "combined": 0.8332266220319526}, "two": {"co-oc": 0.00021342260276132938, "tf-idf": 0.33333333333333337, "combined": 0.16677337796804734}, "four": {"co-oc": 0.0, "tf-idf": 0.0, "combined": 0.0}, "three": {"co-oc": 0.0, "tf-idf": 0.0, "combined": 0.0}}}