{"name": "39002097961313", "type": "rank", "number_files": 122, "number_unknown": 0, "formats": ["Q61971919", "Q935809", "Q51954521", "Q51753051", "Q51954585", "Q61971917", "Q60628005", "Q27823195", "Q48021763", "Q27487109", "Q28205439", "Q51753252", "Q60628025", "Q44933672", "Q59999470", "Q27487424", "Q48004607", "Q27486884", "Q52834849", "Q27487343", "Q48021588", "Q29465378", "Q28207085", "Q27487348", "Q48005022", "Q66134804", "Q27487130", "Q56827141", "Q28975875", "Q48004869"], "environments": {"one": {"co-oc": 0.9999818339562546, "tf-idf": 0.6666666666666667, "combined": 0.8333242503114606}, "four": {"co-oc": 6.055347915145447e-06, "tf-idf": 0.11111111111111112, "combined": 0.05555858322951313}, "three": {"co-oc": 6.055347915145447e-06, "tf-idf": 0.11111111111111112, "combined": 0.05555858322951313}, "two": {"co-oc": 6.055347915145447e-06, "tf-idf": 0.11111111111111112, "combined": 0.05555858322951313}}}