{"name": "39002076670992", "type": "rank", "number_files": 2131, "number_unknown": 9, "formats": ["Q729366", "Q27596243", "Q26211840", "Q27826464", "Q28786544", "Q28600764", "Q8811", "Q26211915", "Q66811836", "Q27826469", "Q3807693", "Q28205580", "Q34746472", "Q194831", "Q26211965", "Q28206771", "Q28600763", "Q1076355", "Q4045294", "Q336284", "Q1888930", "Q26211931", "Q58006953", "Q26211905", "Q27826468", "Q27826466", "Q62626012", "Q26211954", "Q26211958", "Q26211977", "Q26211936", "Q95994246", "Q723030", "Q27967388", "Q684554", "Q26211978", "Q942350", "Q26211874", "Q16996920", "Q27526733", "Q42591", "Q26211940", "Q26211975", "Q26211891", "Q5924007", "Q5532250", "Q28206109", "Q27979156", "Q1662484", "Q26211957", "Q1676669", "Q26211948", "Q28205626", "Q2053", "Q99184084", "Q28205588", "Q166074", "Q10394822", "Q26211983", "Q26211927", "Q1141412"], "environments": {"one": {"co-oc": 0.3622107776761151, "tf-idf": 0.28571428571428575, "combined": 0.3239625316952004}, "three": {"co-oc": 0.31848417453240707, "tf-idf": 0.28571428571428575, "combined": 0.3020992301233464}, "two": {"co-oc": 0.2789178719026799, "tf-idf": 0.28571428571428575, "combined": 0.28231607880848286}, "four": {"co-oc": 0.04038717588879784, "tf-idf": 0.14285714285714288, "combined": 0.09162215937297036}}}