{"name": "39002065943756", "type": "rank", "number_files": 8387, "number_unknown": 8, "formats": ["Q28206109", "Q28205372", "Q27866062", "Q27231634", "Q28205771", "Q28207384", "Q27866063", "Q27866059", "Q27231654", "Q1502796", "Q7670377", "Q28207379", "Q99184084", "Q79241659", "Q27231651", "Q178051", "Q28205439"], "environments": {"four": {"co-oc": 0.3333333333333333, "tf-idf": 0.33333333333333337, "combined": 0.33333333333333337}, "one": {"co-oc": 0.3333333333333333, "tf-idf": 0.33333333333333337, "combined": 0.33333333333333337}, "three": {"co-oc": 0.3333333333333333, "tf-idf": 0.33333333333333337, "combined": 0.33333333333333337}, "two": {"co-oc": 0.0, "tf-idf": 0.0, "combined": 0.0}}}