{"name": "39002046439478", "type": "rank", "number_files": 266, "number_unknown": 54, "formats": ["Q27596243", "Q27826464", "Q28786544", "Q8811", "Q3807693", "Q66811836", "Q27826469", "Q28771319", "Q34746472", "Q29000498", "Q47493628", "Q28600763", "Q1076355", "Q4045294", "Q15860313", "Q1888930", "Q58006953", "Q27826468", "Q62626012", "Q27826466", "Q95994246", "Q723030", "Q47493619", "Q47493614", "Q47012492", "Q684554", "Q16996920", "Q6043826", "Q61752184", "Q47493509", "Q28206272", "Q27979156", "Q26549229", "Q1662484", "Q47493633", "Q1676669", "Q2053", "Q99184084", "Q166074"], "environments": {"one": {"co-oc": 0.8375666887160995, "tf-idf": 0.42857142857142855, "combined": 0.6330690586437641}, "two": {"co-oc": 0.1621862900050156, "tf-idf": 0.2857142857142857, "combined": 0.22395028785965065}, "four": {"co-oc": 0.00012351063944250092, "tf-idf": 0.14285714285714285, "combined": 0.07149032674829267}, "three": {"co-oc": 0.00012351063944250092, "tf-idf": 0.14285714285714285, "combined": 0.07149032674829267}}}