{"name": "39002076670570", "type": "rank", "number_files": 653, "number_unknown": 244, "formats": ["Q27596243", "Q34747804", "Q66439259", "Q751800", "Q64858274", "Q3807693", "Q66811836", "Q28758112", "Q1601331", "Q217570", "Q29650304", "Q28206493", "Q58103465", "Q28205796", "Q47233167", "Q81526528", "Q28600763", "Q1076355", "Q4045294", "Q27967105", "Q81526664", "Q58006953", "Q28755628", "Q6912474", "Q32097740", "Q28755606", "Q95994246", "Q723030", "Q59961105", "Q684554", "Q28207194", "Q16996920", "Q29904539", "Q28009496", "Q939636", "Q32097899", "Q27979156", "Q28207108", "Q1662484", "Q28205588", "Q28049770", "Q79241659", "Q1141412", "Q81526237"], "environments": {"two": {"co-oc": 0.6903570180169936, "tf-idf": 0.375, "combined": 0.5326785090084968}, "one": {"co-oc": 0.20770807840000974, "tf-idf": 0.25, "combined": 0.22885403920000486}, "three": {"co-oc": 0.10184150793249411, "tf-idf": 0.25, "combined": 0.17592075396624707}, "four": {"co-oc": 9.339565050263737e-05, "tf-idf": 0.125, "combined": 0.06254669782525132}}}