{"name": "39002068056739", "type": "rank", "number_files": 858, "number_unknown": 287, "formats": ["Q55721640", "Q28786544", "Q3807693", "Q8811", "Q217570", "Q1076355", "Q4045294", "Q1888930", "Q58006953", "Q62626012", "Q95994246", "Q1952708", "Q723030", "Q55721708", "Q55721671", "Q27526733", "Q28206109", "Q27979156", "Q55721702", "Q55721705", "Q1676669", "Q2053", "Q99184084", "Q166074", "Q1141412"], "environments": {"one": {"co-oc": 0.5860232262355904, "tf-idf": 0.4, "combined": 0.49301161311779523}, "two": {"co-oc": 0.35839993335440096, "tf-idf": 0.30000000000000004, "combined": 0.32919996667720053}, "three": {"co-oc": 0.05554853971757801, "tf-idf": 0.2, "combined": 0.127774269858789}, "four": {"co-oc": 2.8300692430579075e-05, "tf-idf": 0.1, "combined": 0.05001415034621529}}}