{"name": "39002067754508", "type": "rank", "number_files": 5131, "number_unknown": 74, "formats": ["Q66439259", "Q34747804", "Q29011569", "Q29011315", "Q29011538", "Q29017314", "Q29017304", "Q28786544", "Q29011514", "Q3807693", "Q8811", "Q28758112", "Q29011579", "Q29011271", "Q29012190", "Q29011710", "Q1601331", "Q29011549", "Q194831", "Q29650304", "Q47233167", "Q1076355", "Q81526528", "Q29017312", "Q4045294", "Q29011484", "Q29012206", "Q29011365", "Q29012224", "Q29011977", "Q81526664", "Q58006953", "Q29011347", "Q6912474", "Q32097740", "Q28755606", "Q1888930", "Q62626012", "Q95994246", "Q29012350", "Q723030", "Q29017311", "Q29011646", "Q29011892", "Q29011774", "Q29012285", "Q29017306", "Q27526733", "Q29011363", "Q29011357", "Q28009496", "Q29017309", "Q29012120", "Q29011358", "Q29011824", "Q32097899", "Q28206109", "Q27979156", "Q28207108", "Q29012054", "Q29011223", "Q29011566", "Q1676669", "Q29011361", "Q29011079", "Q2053", "Q99184084", "Q28049770", "Q166074", "Q1141412", "Q81526237"], "environments": {"two": {"co-oc": 0.43991631879235954, "tf-idf": 0.3, "combined": 0.36995815939617976}, "one": {"co-oc": 0.42102234142678013, "tf-idf": 0.3, "combined": 0.36051117071339006}, "four": {"co-oc": 0.06953066989043014, "tf-idf": 0.2, "combined": 0.1347653349452151}, "three": {"co-oc": 0.06953066989043014, "tf-idf": 0.2, "combined": 0.1347653349452151}}}