{"name": "39002106109243", "type": "rank", "number_files": 265, "number_unknown": 18, "formats": ["Q29944783", "Q29944779", "Q28600764", "Q29944777", "Q3807693", "Q66811836", "Q29944773", "Q61777776", "Q29944782", "Q29944987", "Q29944780", "Q28018470", "Q29944786", "Q28600763", "Q1076355", "Q336284", "Q4045294", "Q58006953", "Q95994246", "Q28858032", "Q723030", "Q28018471", "Q29944785", "Q29944758", "Q684554", "Q942350", "Q16996920", "Q27979156", "Q1662484", "Q29944776", "Q1676669", "Q307271"], "environments": {"one": {"co-oc": 0.523018159639202, "tf-idf": 0.4838709677419355, "combined": 0.5034445636905687}, "two": {"co-oc": 0.4755429035733002, "tf-idf": 0.41935483870967744, "combined": 0.4474488711414888}, "three": {"co-oc": 0.0014384563360361794, "tf-idf": 0.06451612903225808, "combined": 0.032977292684147126}, "four": {"co-oc": 4.804514617375459e-07, "tf-idf": 0.03225806451612904, "combined": 0.01612927248379539}}}