{"name": "39002092449637", "type": "rank", "number_files": 2839, "number_unknown": 331, "formats": ["Q55758993", "Q50223812", "Q28786544", "Q1192568", "Q3807693", "Q29209269", "Q8811", "Q47455466", "Q66310989", "Q28207363", "Q27487544", "Q1888930", "Q28600412", "Q2276274", "Q95994246", "Q62625561", "Q58799889", "Q28600435", "Q51035227", "Q59653966", "Q6043826", "Q5924007", "Q930281", "Q28206109", "Q66134804", "Q2053", "Q29650301", "Q29151645", "Q50308790", "Q55758988", "Q27826469", "Q28771319", "Q27979516", "Q34746472", "Q51034969", "Q28600763", "Q34284437", "Q50809751", "Q336284", "Q98815369", "Q66662117", "Q58006953", "Q62626012", "Q29904540", "Q66439261", "Q51837224", "Q16996920", "Q27526733", "Q85513175", "Q1068805", "Q5448342", "Q51839192", "Q5421818", "Q1662484", "Q1676669", "Q51035340", "Q1141412", "Q178051", "Q47455565", "Q2138624", "Q29650793", "Q27826464", "Q87816075", "Q28205580", "Q29167914", "Q50809753", "Q4042979", "Q17073241", "Q1076355", "Q28600453", "Q27826466", "Q723030", "Q288405", "Q28206843", "Q47512572", "Q28600476", "Q28771288", "Q673906", "Q28205626", "Q166074", "Q5153426", "Q729366", "Q28206957", "Q66811836", "Q29000498", "Q29650311", "Q28207256", "Q34284525", "Q28018470", "Q28206771", "Q4045294", "Q28445577", "Q28600454", "Q3406936", "Q27826468", "Q28009488", "Q921122", "Q28018471", "Q1381134", "Q62625630", "Q684554", "Q218170", "Q89029185", "Q27979156", "Q50809785", "Q28206381", "Q360194", "Q28758103", "Q99184084"], "environments": {"one": {"co-oc": 0.7213054980092184, "tf-idf": 0.4761904761904762, "combined": 0.5987479870998473}, "two": {"co-oc": 0.14339780215439402, "tf-idf": 0.1904761904761905, "combined": 0.16693699631529224}, "three": {"co-oc": 0.09378604933404665, "tf-idf": 0.2380952380952381, "combined": 0.16594064371464237}, "four": {"co-oc": 0.04151065050234106, "tf-idf": 0.09523809523809525, "combined": 0.06837437287021815}}}