{"name": "39002082682155", "type": "rank", "number_files": 151, "number_unknown": 4, "formats": ["Q66439259", "Q34747804", "Q26211840", "Q3807693", "Q26211915", "Q28758112", "Q1601331", "Q29650304", "Q26211965", "Q47233167", "Q81526528", "Q1076355", "Q4045294", "Q81526664", "Q58006953", "Q26211905", "Q6912474", "Q32097740", "Q28755606", "Q26211931", "Q95994246", "Q26211954", "Q26211958", "Q723030", "Q26211936", "Q26211977", "Q26211978", "Q26211874", "Q26211940", "Q26211975", "Q26211891", "Q28009496", "Q5532250", "Q479833", "Q32097899", "Q50288102", "Q27979156", "Q26549229", "Q28207108", "Q26211957", "Q26211948", "Q28049770", "Q26211983", "Q10394822", "Q26211927", "Q1141412", "Q81526237"], "environments": {"two": {"co-oc": 0.9993792560929041, "tf-idf": 0.4, "combined": 0.6996896280464521}, "four": {"co-oc": 0.00020691463569864947, "tf-idf": 0.2, "combined": 0.10010345731784934}, "one": {"co-oc": 0.00020691463569864947, "tf-idf": 0.2, "combined": 0.10010345731784934}, "three": {"co-oc": 0.00020691463569864947, "tf-idf": 0.2, "combined": 0.10010345731784934}}}