{"name": "39002058780306", "type": "rank", "number_files": 589, "number_unknown": 0, "formats": ["Q50223812", "Q3807693", "Q66811836", "Q28600763", "Q1076355", "Q4045294", "Q58006953", "Q95994246", "Q29904540", "Q723030", "Q684554", "Q16996920", "Q5448342", "Q27979156", "Q26549229", "Q5421818", "Q66134804", "Q1662484", "Q5153426"], "environments": {"one": {"co-oc": 0.9997270282494845, "tf-idf": 0.6666666666666667, "combined": 0.8331968474580755}, "two": {"co-oc": 0.00027297175051557064, "tf-idf": 0.33333333333333337, "combined": 0.16680315254192446}, "four": {"co-oc": 0.0, "tf-idf": 0.0, "combined": 0.0}, "three": {"co-oc": 0.0, "tf-idf": 0.0, "combined": 0.0}}}