{"name": "39002097900741", "type": "rank", "number_files": 7, "number_unknown": 0, "formats": ["Q723030", "Q27979156", "Q26549229", "Q66134804", "Q1662484", "Q28600763", "Q1076355", "Q684554", "Q4045294", "Q16996920", "Q3807693", "Q66811836", "Q99184084", "Q58006953", "Q95994246"], "environments": {"one": {"co-oc": 0.9998537581077033, "tf-idf": 0.6666666666666666, "combined": 0.833260212387185}, "two": {"co-oc": 0.00014624189229670768, "tf-idf": 0.3333333333333333, "combined": 0.16673978761281502}, "four": {"co-oc": 0.0, "tf-idf": 0.0, "combined": 0.0}, "three": {"co-oc": 0.0, "tf-idf": 0.0, "combined": 0.0}}}