{"name": "39002078346542", "type": "rank", "number_files": 1147, "number_unknown": 0, "formats": ["Q729366", "Q29011569", "Q29011538", "Q29017314", "Q29011315", "Q29017304", "Q29011514", "Q66811836", "Q28205580", "Q29011579", "Q29011271", "Q29012190", "Q17092932", "Q29011710", "Q29011549", "Q28206359", "Q28206771", "Q28600763", "Q29017312", "Q1076355", "Q29012206", "Q29011484", "Q29011365", "Q29012224", "Q29011347", "Q4045294", "Q1952321", "Q29012350", "Q26385770", "Q29017311", "Q29011646", "Q29011892", "Q29011774", "Q29012285", "Q684554", "Q16996920", "Q28206262", "Q29017306", "Q29011363", "Q29011357", "Q29017309", "Q29012120", "Q29011358", "Q29011824", "Q28206109", "Q66134804", "Q1662484", "Q28206497", "Q29012054", "Q29011223", "Q26329648", "Q29011566", "Q1676669", "Q29011361", "Q28205626", "Q29011079", "Q99184084", "Q29011977"], "environments": {"one": {"co-oc": 0.8714990040482422, "tf-idf": 0.42857142857142855, "combined": 0.6500352163098354}, "three": {"co-oc": 0.12838291120422074, "tf-idf": 0.2857142857142857, "combined": 0.20704859845925322}, "four": {"co-oc": 5.904237376857973e-05, "tf-idf": 0.14285714285714285, "combined": 0.07145809261545572}, "two": {"co-oc": 5.904237376857973e-05, "tf-idf": 0.14285714285714285, "combined": 0.07145809261545572}}}