{"name": "39002096710646", "type": "rank", "number_files": 158, "number_unknown": 6, "formats": ["Q729366", "Q27596243", "Q28344713", "Q3807693", "Q29209269", "Q66811836", "Q28205580", "Q28771319", "Q29000498", "Q194831", "Q58103465", "Q28206771", "Q28600763", "Q1076355", "Q4045294", "Q58006953", "Q28755628", "Q95994246", "Q723030", "Q27967388", "Q684554", "Q16996920", "Q29904539", "Q6043826", "Q28206109", "Q27979156", "Q26549229", "Q1662484", "Q28758103", "Q1676669", "Q28205626", "Q99184084", "Q29650301", "Q19599377", "Q1141412"], "environments": {"one": {"co-oc": 0.5531032773800197, "tf-idf": 0.3333333333333333, "combined": 0.4432183053566765}, "three": {"co-oc": 0.44637023804113624, "tf-idf": 0.3333333333333333, "combined": 0.3898517856872348}, "four": {"co-oc": 0.0002632422894220287, "tf-idf": 0.16666666666666666, "combined": 0.08346495447804435}, "two": {"co-oc": 0.0002632422894220287, "tf-idf": 0.16666666666666666, "combined": 0.08346495447804435}}}