{"name": "39002074073942", "type": "rank", "number_files": 61, "number_unknown": 0, "formats": ["Q28055391", "Q729366", "Q27596243", "Q3807693", "Q66811836", "Q28205580", "Q217570", "Q28206771", "Q28600763", "Q1076355", "Q4045294", "Q58006953", "Q95994246", "Q1882400", "Q723030", "Q27979410", "Q684554", "Q1343830", "Q16996920", "Q939636", "Q1067761", "Q27979156", "Q27960038", "Q26549229", "Q1662484", "Q2194", "Q10287816", "Q28205626", "Q1569639", "Q99184084", "Q1141412", "Q178051", "Q1228757"], "environments": {"one": {"co-oc": 0.5017099080625547, "tf-idf": 0.3571428571428571, "combined": 0.4294263826027059}, "three": {"co-oc": 0.4131915193534444, "tf-idf": 0.2857142857142857, "combined": 0.3494529025338651}, "two": {"co-oc": 0.07146975224712082, "tf-idf": 0.2142857142857143, "combined": 0.14287773326641756}, "four": {"co-oc": 0.013628820336880176, "tf-idf": 0.14285714285714285, "combined": 0.07824298159701151}}}