{"name": "39002081049562", "type": "rank", "number_files": 493, "number_unknown": 0, "formats": ["Q29011569", "Q29011538", "Q29017304", "Q28786544", "Q8811", "Q29011710", "Q194831", "Q28206359", "Q47233167", "Q29011365", "Q1888930", "Q28755606", "Q29012350", "Q29011646", "Q29017306", "Q29011357", "Q28009496", "Q5924007", "Q29011824", "Q29011358", "Q32097899", "Q28206109", "Q29011361", "Q2053", "Q29650342", "Q29011977", "Q81526237", "Q29151645", "Q34747804", "Q29011514", "Q29011579", "Q29011271", "Q17092932", "Q28600763", "Q81526528", "Q29017312", "Q29012206", "Q29012224", "Q81526664", "Q6912474", "Q32097740", "Q62626012", "Q26385770", "Q16996920", "Q27526733", "Q28206262", "Q29012120", "Q28207108", "Q1662484", "Q29011223", "Q26329648", "Q1676669", "Q66439259", "Q28205580", "Q28758112", "Q1601331", "Q29011549", "Q29650304", "Q17073241", "Q1076355", "Q29011484", "Q288405", "Q29011892", "Q29011774", "Q29012285", "Q29011363", "Q29012054", "Q28206497", "Q29011566", "Q673906", "Q28205626", "Q29011079", "Q28049770", "Q166074", "Q729366", "Q29017314", "Q29011315", "Q66811836", "Q59616412", "Q29012190", "Q28206771", "Q4045294", "Q29011347", "Q1952321", "Q921122", "Q29017311", "Q684554", "Q29017309", "Q99184084"], "environments": {"one": {"co-oc": 0.40286535714859517, "tf-idf": 0.2727272727272727, "combined": 0.33779631493793394}, "two": {"co-oc": 0.3036316254609488, "tf-idf": 0.2727272727272727, "combined": 0.28817944909411075}, "three": {"co-oc": 0.2289897794647496, "tf-idf": 0.2727272727272727, "combined": 0.25085852609601117}, "four": {"co-oc": 0.06451323792570637, "tf-idf": 0.18181818181818182, "combined": 0.1231657098719441}}}