{"name": "39002065946171", "type": "rank", "number_files": 235, "number_unknown": 137, "formats": ["Q28055391", "Q1144005", "Q27596243", "Q29944783", "Q1141412", "Q29904449", "Q28206625", "Q28344713", "Q29944779", "Q27684941", "Q27826464", "Q29944777", "Q3807693", "Q66811836", "Q27684861", "Q29167914", "Q27826469", "Q29944782", "Q34746472", "Q29944773", "Q27684898", "Q28205846", "Q27967202", "Q28771319", "Q27684919", "Q27684948", "Q27684906", "Q217570", "Q27684882", "Q28206493", "Q29944987", "Q29944780", "Q29944786", "Q28600763", "Q1076355", "Q382011", "Q47538977", "Q4045294", "Q28206147", "Q28755621", "Q2276274", "Q58006953", "Q27826468", "Q27826466", "Q95994246", "Q28009488", "Q723030", "Q1882400", "Q27979410", "Q29944785", "Q27684873", "Q29944758", "Q27967388", "Q684554", "Q1343830", "Q27684925", "Q16996920", "Q27684816", "Q27967091", "Q47512572", "Q6043826", "Q27684843", "Q29000498", "Q27979156", "Q1662484", "Q28771288", "Q29944776", "Q85415606", "Q28206138", "Q65533032", "Q49243748", "Q3888665", "Q27684912", "Q19599377", "Q28347555"], "environments": {"one": {"co-oc": 0.4999997284743377, "tf-idf": 0.48148148148148145, "combined": 0.4907406049779096}, "two": {"co-oc": 0.4999997284743377, "tf-idf": 0.48148148148148145, "combined": 0.4907406049779096}, "three": {"co-oc": 5.430513245112804e-07, "tf-idf": 0.037037037037037035, "combined": 0.018518790044180774}, "four": {"co-oc": 0.0, "tf-idf": 0.0, "combined": 0.0}}}