{"name": "39002103090396", "type": "rank", "number_files": 100, "number_unknown": 0, "formats": ["Q729366", "Q26549229", "Q1662484", "Q28600763", "Q1076355", "Q684554", "Q28206771", "Q24834502", "Q16996920", "Q4045294", "Q28205626", "Q66811836", "Q28205580"], "environments": {"three": {"co-oc": 0.9996188623585363, "tf-idf": 0.5, "combined": 0.7498094311792681}, "one": {"co-oc": 0.00019056882073190443, "tf-idf": 0.25, "combined": 0.12509528441036596}, "two": {"co-oc": 0.00019056882073190443, "tf-idf": 0.25, "combined": 0.12509528441036596}, "four": {"co-oc": 0.0, "tf-idf": 0.0, "combined": 0.0}}}