{"name": "39002055100631", "type": "rank", "number_files": 606, "number_unknown": 91, "formats": ["Q1144005", "Q66439259", "Q34747804", "Q28600764", "Q28758112", "Q1601331", "Q29650304", "Q47233167", "Q81526528", "Q4045294", "Q81526664", "Q6912474", "Q32097740", "Q28755606", "Q942350", "Q28009496", "Q32097899", "Q28207108", "Q28049770", "Q81526237"], "environments": {"two": {"co-oc": 0.8336187869886146, "tf-idf": 0.4285714285714286, "combined": 0.6310951077800215}, "three": {"co-oc": 0.16613957626055162, "tf-idf": 0.2857142857142857, "combined": 0.22592693098741867}, "four": {"co-oc": 0.00012081837541687431, "tf-idf": 0.14285714285714285, "combined": 0.07148898061627987}, "one": {"co-oc": 0.00012081837541687431, "tf-idf": 0.14285714285714285, "combined": 0.07148898061627987}}}