{"name": "39002068056861", "type": "rank", "number_files": 4298, "number_unknown": 1435, "formats": ["Q1144005", "Q26211840", "Q283579", "Q3807693", "Q26211915", "Q27826340", "Q26211965", "Q1076355", "Q4045294", "Q26211931", "Q58006953", "Q26211905", "Q95994246", "Q26211954", "Q26211958", "Q723030", "Q26211936", "Q26211977", "Q1343830", "Q26211874", "Q26211978", "Q26211940", "Q26211975", "Q26211891", "Q5532250", "Q27979156", "Q27826389", "Q26211957", "Q1676669", "Q26211948", "Q26211983", "Q10394822", "Q26211927"], "environments": {"one": {"co-oc": 0.9985987092543881, "tf-idf": 0.4, "combined": 0.6992993546271941}, "four": {"co-oc": 0.00046709691520401713, "tf-idf": 0.2, "combined": 0.10023354845760202}, "three": {"co-oc": 0.00046709691520401713, "tf-idf": 0.2, "combined": 0.10023354845760202}, "two": {"co-oc": 0.00046709691520401713, "tf-idf": 0.2, "combined": 0.10023354845760202}}}