{"name": "39002070469722", "type": "rank", "number_files": 286, "number_unknown": 11, "formats": ["Q729366", "Q27596243", "Q34747804", "Q66439259", "Q751800", "Q28206625", "Q2138624", "Q3807693", "Q66811836", "Q28205580", "Q28758112", "Q28205846", "Q1601331", "Q194831", "Q58103465", "Q29650304", "Q28206771", "Q28600763", "Q1076355", "Q47233167", "Q81526528", "Q4045294", "Q81526664", "Q58006953", "Q28755628", "Q6912474", "Q32097740", "Q28755606", "Q95994246", "Q723030", "Q684554", "Q16996920", "Q27925722", "Q29904539", "Q34312361", "Q28009496", "Q32097899", "Q27979156", "Q28207108", "Q1662484", "Q34312151", "Q85415606", "Q27923693", "Q28205626", "Q99184084", "Q28049770", "Q1141412", "Q81526237"], "environments": {"two": {"co-oc": 0.7704046452430814, "tf-idf": 0.33333333333333326, "combined": 0.5518689892882074}, "three": {"co-oc": 0.22923403856828112, "tf-idf": 0.33333333333333326, "combined": 0.2812836859508072}, "four": {"co-oc": 0.00018065809431877904, "tf-idf": 0.16666666666666663, "combined": 0.0834236623804927}, "one": {"co-oc": 0.00018065809431877904, "tf-idf": 0.16666666666666663, "combined": 0.0834236623804927}}}