{"name": "39002114493977", "type": "rank", "number_files": 57, "number_unknown": 0, "formats": ["Q26385770", "Q28206359", "Q66134804", "Q28206497", "Q26329648", "Q1676669", "Q28206262", "Q1952321", "Q17092932", "Q28858032"], "environments": {"one": {"co-oc": 0.9998646544126646, "tf-idf": 0.5, "combined": 0.7499323272063323}, "four": {"co-oc": 6.767279366768585e-05, "tf-idf": 0.25, "combined": 0.12503383639683385}, "three": {"co-oc": 6.767279366768585e-05, "tf-idf": 0.25, "combined": 0.12503383639683385}, "two": {"co-oc": 0.0, "tf-idf": 0.0, "combined": 0.0}}}