{"name": "39002056623896", "type": "rank", "number_files": 192, "number_unknown": 0, "formats": ["Q28858044", "Q27596243", "Q48782394", "Q63061514", "Q28858041", "Q3807693", "Q61641368", "Q48021763", "Q61639409", "Q28858038", "Q28858042", "Q48782098", "Q58006953", "Q48004607", "Q85621726", "Q28858032", "Q95994246", "Q51801746", "Q723030", "Q48021588", "Q60000066", "Q51789671", "Q48782238", "Q48782202", "Q686498", "Q85621806", "Q28858035", "Q62664770", "Q28206109", "Q63061396", "Q27979156", "Q48005022", "Q66134804", "Q28858039", "Q28858037", "Q60628185", "Q66439286", "Q48915661", "Q99184084", "Q48004869", "Q62664735"], "environments": {"one": {"co-oc": 0.7761616631196803, "tf-idf": 0.6666666666666666, "combined": 0.7214141648931734}, "two": {"co-oc": 0.22383833688031965, "tf-idf": 0.33333333333333326, "combined": 0.27858583510682644}, "four": {"co-oc": 0.0, "tf-idf": 0.0, "combined": 0.0}, "three": {"co-oc": 0.0, "tf-idf": 0.0, "combined": 0.0}}}