{"name": "39002051657154", "type": "rank", "number_files": 14, "number_unknown": 3, "formats": ["Q729366", "Q28206771", "Q1076355", "Q942350", "Q4045294", "Q28600764", "Q28205626", "Q28205580", "Q61777776"], "environments": {"two": {"co-oc": 0.5195249713480755, "tf-idf": 0.4, "combined": 0.45976248567403777}, "three": {"co-oc": 0.48041309363425194, "tf-idf": 0.4, "combined": 0.440206546817126}, "one": {"co-oc": 6.19350176724265e-05, "tf-idf": 0.2, "combined": 0.10003096750883622}, "four": {"co-oc": 0.0, "tf-idf": 0.0, "combined": 0.0}}}