{"name": "39002053562741", "type": "rank", "number_files": 36, "number_unknown": 0, "formats": ["Q723030", "Q27979156", "Q26549229", "Q66134804", "Q1076355", "Q4045294", "Q3807693", "Q58006953", "Q95994246", "Q28205439"], "environments": {"one": {"co-oc": 0.999790553715078, "tf-idf": 0.6666666666666667, "combined": 0.8332286101908724}, "two": {"co-oc": 0.00020944628492206163, "tf-idf": 0.33333333333333337, "combined": 0.16677138980912773}, "four": {"co-oc": 0.0, "tf-idf": 0.0, "combined": 0.0}, "three": {"co-oc": 0.0, "tf-idf": 0.0, "combined": 0.0}}}