{"name": "39002053715950", "type": "rank", "number_files": 9, "number_unknown": 0, "formats": ["Q28858044", "Q48782394", "Q27231634", "Q63061514", "Q27866063", "Q27866059", "Q28858041", "Q51717333", "Q61641368", "Q61718355", "Q61639409", "Q28858038", "Q28858042", "Q48782098", "Q27231651", "Q85621726", "Q28858032", "Q51801746", "Q27866062", "Q24834502", "Q28205771", "Q28207384", "Q60000066", "Q27231654", "Q1502796", "Q48782238", "Q48782202", "Q7670377", "Q28207379", "Q686498", "Q28858035", "Q85621806", "Q62664770", "Q63061396", "Q28205372", "Q28858039", "Q28858037", "Q60628185", "Q51334664", "Q66439286", "Q48915661", "Q62664735"], "environments": {"two": {"co-oc": 0.525229842572667, "tf-idf": 0.46153846153846156, "combined": 0.4933841520555643}, "one": {"co-oc": 0.4747591781395555, "tf-idf": 0.38461538461538464, "combined": 0.42968728137747003}, "four": {"co-oc": 5.489643888747738e-06, "tf-idf": 0.07692307692307693, "combined": 0.038464283283482836}, "three": {"co-oc": 5.489643888747738e-06, "tf-idf": 0.07692307692307693, "combined": 0.038464283283482836}}}