{"name": "39002012266509", "type": "rank", "number_files": 88, "number_unknown": 15, "formats": ["Q66439259", "Q34747804", "Q3807693", "Q28758112", "Q1601331", "Q29650304", "Q47233167", "Q1076355", "Q81526528", "Q4045294", "Q81526664", "Q58006953", "Q6912474", "Q32097740", "Q28755606", "Q95994246", "Q723030", "Q28009496", "Q32097899", "Q27979156", "Q28207108", "Q28049770", "Q81526237"], "environments": {"two": {"co-oc": 0.9994632253086114, "tf-idf": 0.4, "combined": 0.6997316126543057}, "four": {"co-oc": 0.00017892489712954972, "tf-idf": 0.2, "combined": 0.10008946244856479}, "one": {"co-oc": 0.00017892489712954972, "tf-idf": 0.2, "combined": 0.10008946244856479}, "three": {"co-oc": 0.00017892489712954972, "tf-idf": 0.2, "combined": 0.10008946244856479}}}