{"name": "39002078013548", "type": "rank", "number_files": 839, "number_unknown": 2, "formats": ["Q1144005", "Q66439259", "Q34747804", "Q26211840", "Q50223812", "Q27826464", "Q28786544", "Q3807693", "Q26211915", "Q8811", "Q27826469", "Q28758112", "Q34746472", "Q1601331", "Q194831", "Q29650304", "Q26211965", "Q47233167", "Q81526528", "Q1076355", "Q4045294", "Q1888930", "Q81526664", "Q58006953", "Q26211905", "Q6912474", "Q32097740", "Q28755606", "Q26211931", "Q27826466", "Q95994246", "Q26211954", "Q26211958", "Q723030", "Q26211936", "Q26211977", "Q921122", "Q29904540", "Q62626012", "Q26211978", "Q26211874", "Q27526733", "Q26211940", "Q26211975", "Q26211891", "Q5448342", "Q28009496", "Q2193155", "Q5532250", "Q32097899", "Q28206109", "Q27979156", "Q26549229", "Q5421818", "Q66134804", "Q28207108", "Q26211957", "Q1676669", "Q26211948", "Q166074", "Q2053", "Q99184084", "Q28049770", "Q26211983", "Q10394822", "Q26211927", "Q27826468", "Q5153426", "Q81526237"], "environments": {"one": {"co-oc": 0.7083175424670998, "tf-idf": 0.3636363636363636, "combined": 0.5359769530517317}, "two": {"co-oc": 0.19231567790843318, "tf-idf": 0.27272727272727265, "combined": 0.23252147531785292}, "four": {"co-oc": 0.04968338981223348, "tf-idf": 0.1818181818181818, "combined": 0.11575078581520765}, "three": {"co-oc": 0.04968338981223348, "tf-idf": 0.1818181818181818, "combined": 0.11575078581520765}}}