{"name": "39002104182853", "type": "rank", "number_files": 297, "number_unknown": 1, "formats": ["Q27231634", "Q27866063", "Q27866059", "Q27826340", "Q28205439", "Q27231651", "Q27866062", "Q6457314", "Q28205771", "Q28207384", "Q27473691", "Q27231654", "Q1502796", "Q7670377", "Q28207379", "Q28205372", "Q27826389", "Q66134804", "Q47455968", "Q28758102", "Q27473828", "Q28206310", "Q3928271"], "environments": {"one": {"co-oc": 0.9991279466312678, "tf-idf": 0.6666666666666667, "combined": 0.8328973066489673}, "four": {"co-oc": 0.0008720533687321487, "tf-idf": 0.33333333333333337, "combined": 0.16710269335103276}, "three": {"co-oc": 0.0, "tf-idf": 0.0, "combined": 0.0}, "two": {"co-oc": 0.0, "tf-idf": 0.0, "combined": 0.0}}}