{"name": "39002082680746", "type": "rank", "number_files": 15, "number_unknown": 1, "formats": ["Q29944783", "Q29944779", "Q29944777", "Q3807693", "Q29209269", "Q66811836", "Q29944773", "Q29944782", "Q29944987", "Q194831", "Q29944780", "Q29944786", "Q28600763", "Q1076355", "Q4045294", "Q58006953", "Q95994246", "Q723030", "Q62625561", "Q29944785", "Q29944758", "Q684554", "Q16996920", "Q27979156", "Q66134804", "Q1662484", "Q29944776", "Q28758103", "Q29650301", "Q1141412"], "environments": {"one": {"co-oc": 0.5144217039792562, "tf-idf": 0.52, "combined": 0.5172108519896281}, "two": {"co-oc": 0.48557829602074376, "tf-idf": 0.48000000000000004, "combined": 0.48278914801037187}, "four": {"co-oc": 0.0, "tf-idf": 0.0, "combined": 0.0}, "three": {"co-oc": 0.0, "tf-idf": 0.0, "combined": 0.0}}}