{"name": "39002083321076", "type": "rank", "number_files": 1150, "number_unknown": 177, "formats": ["Q1144005", "Q55721640", "Q1192568", "Q28786544", "Q3807693", "Q61641368", "Q8811", "Q61639409", "Q194831", "Q47455466", "Q47233167", "Q1888930", "Q28755606", "Q95994246", "Q28858032", "Q55721671", "Q60000066", "Q48782238", "Q42591", "Q28009496", "Q686498", "Q32097899", "Q28206109", "Q26549229", "Q66134804", "Q47455968", "Q28858039", "Q28858037", "Q2053", "Q81526237", "Q29151645", "Q34747804", "Q28858041", "Q27826469", "Q34746472", "Q28600763", "Q81526528", "Q28858038", "Q28858042", "Q336284", "Q81526664", "Q58006953", "Q6912474", "Q32097740", "Q62626012", "Q55721708", "Q51801746", "Q27979410", "Q59961105", "Q1343830", "Q16996920", "Q48782202", "Q60615282", "Q28858035", "Q479833", "Q63061396", "Q28207108", "Q1662484", "Q28758102", "Q1676669", "Q3928271", "Q1141412", "Q28055391", "Q66439259", "Q47455565", "Q28858044", "Q63061514", "Q27826464", "Q87816075", "Q28205580", "Q28758112", "Q1601331", "Q217570", "Q29650304", "Q4042979", "Q17073241", "Q1076355", "Q817650", "Q1072180", "Q27826466", "Q85621726", "Q723030", "Q288405", "Q27967091", "Q28600476", "Q85621806", "Q62664770", "Q55721702", "Q55721705", "Q673906", "Q66439286", "Q48915661", "Q28205626", "Q28049770", "Q166074", "Q27526866", "Q62664735", "Q729366", "Q27596243", "Q48782394", "Q66811836", "Q28206771", "Q4045294", "Q28445577", "Q48782098", "Q27826468", "Q1882400", "Q27925705", "Q684554", "Q27473691", "Q27979156", "Q60628185", "Q99184084", "Q28206310"], "environments": {"one": {"co-oc": 0.5055871685124783, "tf-idf": 0.4, "combined": 0.45279358425623917}, "two": {"co-oc": 0.4382885558127858, "tf-idf": 0.3428571428571429, "combined": 0.3905728493349644}, "three": {"co-oc": 0.03743914759793428, "tf-idf": 0.14285714285714288, "combined": 0.09014814522753858}, "four": {"co-oc": 0.018685128076801734, "tf-idf": 0.1142857142857143, "combined": 0.06648542118125801}}}