{"name": "39002053716479", "type": "rank", "number_files": 156, "number_unknown": 0, "formats": ["Q723030", "Q27979156", "Q26549229", "Q66134804", "Q1076355", "Q4045294", "Q3807693", "Q99184084", "Q58006953", "Q939636", "Q95994246", "Q217570"], "environments": {"one": {"co-oc": 0.8422729234586361, "tf-idf": 0.49999999999999994, "combined": 0.6711364617293181}, "two": {"co-oc": 0.15768299437148758, "tf-idf": 0.3333333333333333, "combined": 0.24550816385241045}, "three": {"co-oc": 4.4082169876282626e-05, "tf-idf": 0.16666666666666666, "combined": 0.08335537441827147}, "four": {"co-oc": 0.0, "tf-idf": 0.0, "combined": 0.0}}}