{"name": "39002112049011", "type": "rank", "number_files": 4051, "number_unknown": 42, "formats": ["Q28055391", "Q27596243", "Q26211840", "Q1141412", "Q27826464", "Q28786544", "Q8811", "Q3807693", "Q26211915", "Q27826469", "Q34746472", "Q48805099", "Q17092932", "Q10394822", "Q50604394", "Q61752300", "Q2192", "Q194831", "Q28206359", "Q26211965", "Q940967", "Q3853674", "Q1076355", "Q4045294", "Q1888930", "Q26211931", "Q58006953", "Q26211905", "Q27826468", "Q1952321", "Q62626012", "Q95994246", "Q27826466", "Q26211958", "Q723030", "Q26385770", "Q1882400", "Q27979410", "Q26211936", "Q26211977", "Q59961105", "Q26211954", "Q27473691", "Q1343830", "Q26211874", "Q26211978", "Q27526733", "Q28206262", "Q26211940", "Q26211975", "Q28207302", "Q26211891", "Q27526739", "Q66689263", "Q5532250", "Q28452000", "Q28206109", "Q27979156", "Q28206535", "Q59999786", "Q66134804", "Q47455968", "Q28206497", "Q28758102", "Q26329648", "Q26211957", "Q1676669", "Q26211948", "Q2053", "Q99184084", "Q28206310", "Q166074", "Q3928271", "Q26211983", "Q26211927", "Q61963304"], "environments": {"one": {"co-oc": 0.7361175623084022, "tf-idf": 0.46153846153846156, "combined": 0.5988280119234319}, "four": {"co-oc": 0.12842167346239097, "tf-idf": 0.23076923076923078, "combined": 0.17959545211581088}, "three": {"co-oc": 0.1122175853844098, "tf-idf": 0.15384615384615385, "combined": 0.13303186961528182}, "two": {"co-oc": 0.023243178844796975, "tf-idf": 0.15384615384615385, "combined": 0.08854466634547542}}}