{"name": "39002012167533", "type": "rank", "number_files": 164, "number_unknown": 0, "formats": ["Q729366", "Q3807693", "Q66811836", "Q28205580", "Q27979513", "Q28018470", "Q28206771", "Q28600763", "Q1076355", "Q336284", "Q4045294", "Q58006953", "Q95994246", "Q723030", "Q28018471", "Q684554", "Q16996920", "Q27979156", "Q66134804", "Q1662484", "Q1676669", "Q28205626", "Q307271", "Q178051"], "environments": {"one": {"co-oc": 0.8151176776861312, "tf-idf": 0.5, "combined": 0.6575588388430655}, "three": {"co-oc": 0.10299562079144835, "tf-idf": 0.25000000000000006, "combined": 0.1764978103957242}, "four": {"co-oc": 0.0818807202762471, "tf-idf": 0.16666666666666669, "combined": 0.12427369347145689}, "two": {"co-oc": 5.9812461734910454e-06, "tf-idf": 0.08333333333333334, "combined": 0.041669657289753415}}}