{"name": "39002085814375", "type": "rank", "number_files": 226, "number_unknown": 2, "formats": ["Q27596243", "Q27231634", "Q27866063", "Q27866059", "Q17092932", "Q28205439", "Q28206359", "Q1952321", "Q27231651", "Q26385770", "Q27866062", "Q28205771", "Q28207384", "Q27231654", "Q1502796", "Q28206262", "Q7670377", "Q28207379", "Q28206109", "Q28205372", "Q66134804", "Q28206497", "Q26329648", "Q1676669", "Q79241659", "Q307271"], "environments": {"one": {"co-oc": 0.9998097108446874, "tf-idf": 0.5, "combined": 0.7499048554223438}, "four": {"co-oc": 9.514457765631479e-05, "tf-idf": 0.25, "combined": 0.12504757228882815}, "three": {"co-oc": 9.514457765631479e-05, "tf-idf": 0.25, "combined": 0.12504757228882815}, "two": {"co-oc": 0.0, "tf-idf": 0.0, "combined": 0.0}}}