{"name": "39002079164902", "type": "rank", "number_files": 451, "number_unknown": 0, "formats": ["Q729366", "Q28018471", "Q28018470", "Q28206771", "Q28600763", "Q1076355", "Q1662484", "Q684554", "Q942350", "Q1676669", "Q4045294", "Q28205626", "Q16996920", "Q66811836", "Q28205580", "Q28600764", "Q336284", "Q307271"], "environments": {"one": {"co-oc": 0.843890642371944, "tf-idf": 0.39999999999999997, "combined": 0.621945321185972}, "three": {"co-oc": 0.12145356029455967, "tf-idf": 0.29999999999999993, "combined": 0.2107267801472798}, "two": {"co-oc": 0.034639020530395026, "tf-idf": 0.19999999999999998, "combined": 0.1173195102651975}, "four": {"co-oc": 1.677680310132928e-05, "tf-idf": 0.09999999999999999, "combined": 0.05000838840155066}}}