{"name": "39002110239804", "type": "rank", "number_files": 3, "number_unknown": 0, "formats": ["Q1076355", "Q1676669", "Q26549229", "Q4045294"], "environments": {"one": {"co-oc": 0.9996333661266186, "tf-idf": 0.4, "combined": 0.6998166830633092}, "four": {"co-oc": 0.00012221129112713905, "tf-idf": 0.2, "combined": 0.10006110564556357}, "three": {"co-oc": 0.00012221129112713905, "tf-idf": 0.2, "combined": 0.10006110564556357}, "two": {"co-oc": 0.00012221129112713905, "tf-idf": 0.2, "combined": 0.10006110564556357}}}