{"name": "39002092724732", "type": "rank", "number_files": 33, "number_unknown": 0, "formats": ["Q26549229", "Q1662484", "Q28600763", "Q684554", "Q16996920", "Q1676669", "Q66811836", "Q28600412", "Q99184084"], "environments": {"four": {"co-oc": 0.3333333333333333, "tf-idf": 0.3333333333333333, "combined": 0.3333333333333333}, "one": {"co-oc": 0.3333333333333333, "tf-idf": 0.3333333333333333, "combined": 0.3333333333333333}, "three": {"co-oc": 0.3333333333333333, "tf-idf": 0.3333333333333333, "combined": 0.3333333333333333}, "two": {"co-oc": 0.0, "tf-idf": 0.0, "combined": 0.0}}}