{"name": "39002066501694", "type": "rank", "number_files": 254, "number_unknown": 52, "formats": ["Q47455565", "Q1192568", "Q3807693", "Q66811836", "Q194831", "Q4042979", "Q47455466", "Q28600763", "Q1076355", "Q4045294", "Q58006953", "Q95994246", "Q723030", "Q66439261", "Q684554", "Q59653966", "Q16996920", "Q28600476", "Q27979156", "Q26549229", "Q28206381", "Q66134804", "Q1662484", "Q1676669", "Q99184084", "Q1141412"], "environments": {"one": {"co-oc": 0.6622270006916146, "tf-idf": 0.5, "combined": 0.5811135003458072}, "two": {"co-oc": 0.33774700408525654, "tf-idf": 0.30000000000000004, "combined": 0.3188735020426283}, "four": {"co-oc": 1.2997611564480965e-05, "tf-idf": 0.1, "combined": 0.05000649880578224}, "three": {"co-oc": 1.2997611564480965e-05, "tf-idf": 0.1, "combined": 0.05000649880578224}}}