{"name": "39002053927795", "type": "rank", "number_files": 120, "number_unknown": 1, "formats": ["Q27596243", "Q28600764", "Q29209269", "Q3807693", "Q28771319", "Q29000498", "Q1076355", "Q4045294", "Q58006953", "Q95994246", "Q723030", "Q27967388", "Q942350", "Q6043826", "Q60615282", "Q479833", "Q27979156", "Q66134804", "Q28758103", "Q29650301", "Q27526866", "Q1141412"], "environments": {"one": {"co-oc": 0.836198722578017, "tf-idf": 0.4, "combined": 0.6180993612890084}, "two": {"co-oc": 0.16371233270365418, "tf-idf": 0.4, "combined": 0.2818561663518271}, "three": {"co-oc": 8.894471832882362e-05, "tf-idf": 0.2, "combined": 0.10004447235916442}, "four": {"co-oc": 0.0, "tf-idf": 0.0, "combined": 0.0}}}