{"name": "39002083605163", "type": "rank", "number_files": 37, "number_unknown": 20, "formats": ["Q723030", "Q27979156", "Q1144005", "Q58103465", "Q1076355", "Q43869672", "Q535473", "Q43870624", "Q4045294", "Q3807693", "Q29904539", "Q28600412", "Q58006953", "Q28755628", "Q51370033", "Q43866871", "Q95994246", "Q43870269"], "environments": {"one": {"co-oc": 0.9992517293616361, "tf-idf": 0.39999999999999997, "combined": 0.699625864680818}, "four": {"co-oc": 0.00024942354612132977, "tf-idf": 0.19999999999999998, "combined": 0.10012471177306066}, "three": {"co-oc": 0.00024942354612132977, "tf-idf": 0.19999999999999998, "combined": 0.10012471177306066}, "two": {"co-oc": 0.00024942354612132977, "tf-idf": 0.19999999999999998, "combined": 0.10012471177306066}}}