{"name": "39002104432753", "type": "rank", "number_files": 6160, "number_unknown": 0, "formats": ["Q27596243", "Q29011569", "Q29011538", "Q29011315", "Q29017314", "Q29017304", "Q27826464", "Q29011514", "Q27826469", "Q34746472", "Q29011271", "Q29012190", "Q29011710", "Q29011579", "Q29011549", "Q29017312", "Q29012206", "Q29011484", "Q29011365", "Q29012224", "Q29011347", "Q27826468", "Q27826466", "Q29012350", "Q28858032", "Q29017311", "Q29011646", "Q29011892", "Q29011774", "Q29012285", "Q27526733", "Q29017306", "Q29011363", "Q29011357", "Q29017309", "Q5924007", "Q29012120", "Q29011358", "Q29011824", "Q28206109", "Q26549229", "Q66134804", "Q29012054", "Q29011223", "Q29011566", "Q1676669", "Q29011361", "Q29011079", "Q99184084", "Q59535034", "Q79241659", "Q29011977"], "environments": {"one": {"co-oc": 0.9998209352476651, "tf-idf": 0.5, "combined": 0.7499104676238326}, "four": {"co-oc": 8.953237616745531e-05, "tf-idf": 0.25, "combined": 0.12504476618808372}, "three": {"co-oc": 8.953237616745531e-05, "tf-idf": 0.25, "combined": 0.12504476618808372}, "two": {"co-oc": 0.0, "tf-idf": 0.0, "combined": 0.0}}}