{"name": "39002078201705", "type": "rank", "number_files": 2448, "number_unknown": 910, "formats": ["Q55758993", "Q55721640", "Q3564764", "Q28205507", "Q3807693", "Q27967123", "Q66310989", "Q47233167", "Q2119595", "Q28207363", "Q28206147", "Q28600412", "Q741654", "Q1165116", "Q28755606", "Q95994246", "Q28858032", "Q62625561", "Q3563777", "Q55721671", "Q58799889", "Q27979388", "Q26211874", "Q28919168", "Q6043826", "Q28009496", "Q32097899", "Q26549229", "Q66134804", "Q47455968", "Q28205479", "Q29944776", "Q8041715", "Q10287816", "Q10394822", "Q81526237", "Q34747804", "Q26211840", "Q5322705", "Q55758988", "Q28205548", "Q28771319", "Q4545331", "Q81526528", "Q50809751", "Q336284", "Q98815369", "Q81526664", "Q58006953", "Q28205883", "Q6912474", "Q32097740", "Q59714459", "Q55721708", "Q27979410", "Q7311459", "Q1047541", "Q1343830", "Q26211940", "Q1063976", "Q479833", "Q279254", "Q28207108", "Q28758102", "Q26211957", "Q1676669", "Q26211948", "Q27967113", "Q3928271", "Q66134564", "Q26211927", "Q27960028", "Q178051", "Q28055391", "Q66439259", "Q29650793", "Q29944777", "Q26211915", "Q87816075", "Q29944773", "Q28205580", "Q856364", "Q29944782", "Q28758112", "Q28205475", "Q50809753", "Q28205439", "Q1601331", "Q217570", "Q29944987", "Q29650304", "Q29944786", "Q1076355", "Q5301", "Q26211905", "Q26211954", "Q723030", "Q26211936", "Q28206843", "Q26211975", "Q47512572", "Q28207044", "Q5532250", "Q50374896", "Q55721702", "Q55721705", "Q28205626", "Q2627217", "Q26211983", "Q28049770", "Q50419770", "Q29944783", "Q27596243", "Q729366", "Q28344021", "Q29944779", "Q29000498", "Q28207256", "Q29944780", "Q34284525", "Q26211965", "Q28206771", "Q28018470", "Q4045294", "Q28445577", "Q3406936", "Q4545483", "Q26211931", "Q28207457", "Q48625328", "Q26211958", "Q26211977", "Q28207537", "Q1882400", "Q28018471", "Q29944785", "Q29944758", "Q26211978", "Q27473691", "Q26211891", "Q947746", "Q28205727", "Q27979156", "Q50809785", "Q27979377", "Q28206138", "Q7395247", "Q99184084", "Q28206310", "Q66663030"], "environments": {"one": {"co-oc": 0.5280994316975475, "tf-idf": 0.43749999999999994, "combined": 0.4827997158487737}, "two": {"co-oc": 0.45550015176497954, "tf-idf": 0.29166666666666674, "combined": 0.3735834092158231}, "three": {"co-oc": 0.00939170648290576, "tf-idf": 0.14583333333333334, "combined": 0.07761251990811956}, "four": {"co-oc": 0.007008710054567274, "tf-idf": 0.125, "combined": 0.06600435502728363}}}