{"name": "39002012267085", "type": "rank", "number_files": 1015, "number_unknown": 20, "formats": ["Q50223812", "Q3807693", "Q47233167", "Q28600412", "Q28755606", "Q95994246", "Q28858032", "Q49243071", "Q26211874", "Q28009496", "Q5924007", "Q32097899", "Q28206109", "Q26549229", "Q66134804", "Q29944776", "Q10287816", "Q10394822", "Q81526237", "Q34747804", "Q26211840", "Q28600764", "Q27826469", "Q34746472", "Q81526528", "Q336284", "Q81526664", "Q58006953", "Q6912474", "Q32097740", "Q29904540", "Q27526733", "Q26211940", "Q5448342", "Q479833", "Q5421818", "Q28207108", "Q26211957", "Q1676669", "Q26211948", "Q26211927", "Q1141412", "Q66439259", "Q27826464", "Q29944777", "Q26211915", "Q29944773", "Q29944782", "Q28758112", "Q1601331", "Q29944987", "Q29650304", "Q29944786", "Q1076355", "Q26211905", "Q27826466", "Q26211954", "Q1952708", "Q723030", "Q26211936", "Q26211975", "Q5532250", "Q51331501", "Q28049770", "Q26211983", "Q50288102", "Q5153426", "Q29944783", "Q29944779", "Q29944780", "Q28018470", "Q26211965", "Q4045294", "Q26211931", "Q27826468", "Q26211958", "Q921122", "Q26211977", "Q28018471", "Q29944785", "Q29944758", "Q24834502", "Q26211978", "Q942350", "Q26211891", "Q2193155", "Q27979156", "Q99184084"], "environments": {"one": {"co-oc": 0.5255698980135146, "tf-idf": 0.4444444444444444, "combined": 0.4850071712289795}, "two": {"co-oc": 0.46838460301234597, "tf-idf": 0.3888888888888889, "combined": 0.4286367459506174}, "three": {"co-oc": 0.004869209933673848, "tf-idf": 0.11111111111111109, "combined": 0.05799016052239247}, "four": {"co-oc": 0.0011762890404654481, "tf-idf": 0.055555555555555546, "combined": 0.028365922298010496}}}