{"name": "39002085275262", "type": "rank", "number_files": 15, "number_unknown": 0, "formats": ["Q28206109", "Q1213743", "Q729366", "Q26549229", "Q1662484", "Q28600763", "Q1076355", "Q684554", "Q28206771", "Q1676669", "Q4045294", "Q16996920", "Q28205626", "Q66811836", "Q28205580", "Q99184084"], "environments": {"one": {"co-oc": 0.5189909481346731, "tf-idf": 0.3333333333333333, "combined": 0.42616214073400316}, "three": {"co-oc": 0.480820768922657, "tf-idf": 0.3333333333333333, "combined": 0.4070770511279952}, "four": {"co-oc": 9.41414713350122e-05, "tf-idf": 0.16666666666666666, "combined": 0.08338040406900084}, "two": {"co-oc": 9.41414713350122e-05, "tf-idf": 0.16666666666666666, "combined": 0.08338040406900084}}}