{"name": "39002076670521", "type": "rank", "number_files": 325, "number_unknown": 0, "formats": ["Q66439259", "Q34747804", "Q27596243", "Q66811836", "Q28758112", "Q17092932", "Q1601331", "Q194831", "Q29650304", "Q28206359", "Q28018470", "Q28600763", "Q1076355", "Q47233167", "Q81526528", "Q4045294", "Q336284", "Q81526664", "Q6912474", "Q32097740", "Q28755606", "Q1952321", "Q26385770", "Q28018471", "Q684554", "Q16996920", "Q28206262", "Q28009496", "Q32097899", "Q28206109", "Q201093", "Q66134804", "Q1662484", "Q28207108", "Q28206497", "Q26329648", "Q1676669", "Q99184084", "Q28049770", "Q1141412", "Q81526237"], "environments": {"one": {"co-oc": 0.8979341302107992, "tf-idf": 0.4545454545454545, "combined": 0.6762397923781268}, "two": {"co-oc": 0.06792141182067819, "tf-idf": 0.18181818181818182, "combined": 0.12486979681943}, "four": {"co-oc": 0.017072228984261396, "tf-idf": 0.18181818181818182, "combined": 0.0994452054012216}, "three": {"co-oc": 0.017072228984261396, "tf-idf": 0.18181818181818182, "combined": 0.0994452054012216}}}