{"name": "39002078091023", "type": "rank", "number_files": 414, "number_unknown": 50, "formats": ["Q29151645", "Q27826464", "Q28786544", "Q3807693", "Q8811", "Q66811836", "Q27826469", "Q34746472", "Q17092932", "Q28206359", "Q17073241", "Q28600763", "Q1076355", "Q4045294", "Q28445577", "Q1888930", "Q58006953", "Q307271", "Q27826468", "Q1952321", "Q62626012", "Q95994246", "Q27826466", "Q723030", "Q26385770", "Q288405", "Q684554", "Q16996920", "Q28206262", "Q27229642", "Q28205824", "Q27229608", "Q5924007", "Q433224", "Q27979156", "Q26549229", "Q66134804", "Q1662484", "Q28206497", "Q26329648", "Q673906", "Q1676669", "Q2053", "Q99184084", "Q166074", "Q27229565", "Q1141412", "Q178051"], "environments": {"one": {"co-oc": 0.6284089776414339, "tf-idf": 0.4545454545454545, "combined": 0.5414772160934442}, "four": {"co-oc": 0.17613410626174303, "tf-idf": 0.18181818181818182, "combined": 0.17897614403996243}, "three": {"co-oc": 0.17613410626174303, "tf-idf": 0.18181818181818182, "combined": 0.17897614403996243}, "two": {"co-oc": 0.01932280983508001, "tf-idf": 0.18181818181818182, "combined": 0.10057049582663091}}}