{"name": "39002100001198", "type": "rank", "number_files": 282, "number_unknown": 0, "formats": ["Q723030", "Q27596243", "Q27979156", "Q26549229", "Q66134804", "Q1676669", "Q3807693", "Q58006953", "Q95994246"], "environments": {"one": {"co-oc": 0.9999346625592032, "tf-idf": 0.5, "combined": 0.7499673312796016}, "four": {"co-oc": 3.26687203983543e-05, "tf-idf": 0.25, "combined": 0.12501633436019918}, "three": {"co-oc": 3.26687203983543e-05, "tf-idf": 0.25, "combined": 0.12501633436019918}, "two": {"co-oc": 0.0, "tf-idf": 0.0, "combined": 0.0}}}