{"name": "39002046389707", "type": "rank", "number_files": 1416, "number_unknown": 4, "formats": ["Q28786544", "Q8811", "Q3807693", "Q66310989", "Q47233167", "Q1888930", "Q28755606", "Q95994246", "Q26211874", "Q28009496", "Q32097899", "Q28206109", "Q2053", "Q28205588", "Q10394822", "Q81526237", "Q29151645", "Q34747804", "Q26211840", "Q27826469", "Q34746472", "Q28600763", "Q81526528", "Q81526664", "Q58006953", "Q6912474", "Q32097740", "Q62626012", "Q16996920", "Q27526733", "Q26211940", "Q28207108", "Q1662484", "Q26211957", "Q1676669", "Q26211948", "Q26211927", "Q66439259", "Q27826464", "Q26211915", "Q28205580", "Q28758112", "Q1601331", "Q29650304", "Q17073241", "Q1076355", "Q26211905", "Q27826466", "Q26211954", "Q723030", "Q26211936", "Q288405", "Q26211975", "Q939636", "Q5532250", "Q673906", "Q28205626", "Q28049770", "Q166074", "Q26211983", "Q729366", "Q66811836", "Q34284525", "Q26211965", "Q28206771", "Q4045294", "Q26211931", "Q27826468", "Q26211958", "Q26211977", "Q684554", "Q26211978", "Q26211891", "Q2193155", "Q27979156", "Q261907", "Q99184084"], "environments": {"three": {"co-oc": 0.36918963065184796, "tf-idf": 0.33333333333333326, "combined": 0.3512614819925906}, "one": {"co-oc": 0.29912320312947693, "tf-idf": 0.24999999999999997, "combined": 0.27456160156473847}, "two": {"co-oc": 0.2373127074326875, "tf-idf": 0.24999999999999997, "combined": 0.24365635371634375}, "four": {"co-oc": 0.0943744587859875, "tf-idf": 0.16666666666666663, "combined": 0.13052056272632706}}}