{"name": "39002079169844", "type": "rank", "number_files": 7, "number_unknown": 0, "formats": ["Q723030", "Q27979156", "Q729366", "Q26549229", "Q1662484", "Q28600763", "Q28206771", "Q684554", "Q1076355", "Q16996920", "Q4045294", "Q3807693", "Q28205626", "Q66811836", "Q28205580", "Q58006953", "Q95994246", "Q28858032"], "environments": {"one": {"co-oc": 0.3333333333333333, "tf-idf": 0.3333333333333333, "combined": 0.3333333333333333}, "three": {"co-oc": 0.3333333333333333, "tf-idf": 0.3333333333333333, "combined": 0.3333333333333333}, "two": {"co-oc": 0.3333333333333333, "tf-idf": 0.3333333333333333, "combined": 0.3333333333333333}, "four": {"co-oc": 0.0, "tf-idf": 0.0, "combined": 0.0}}}