{"name": "39002088864153", "type": "rank", "number_files": 6, "number_unknown": 0, "formats": ["Q1353763", "Q27895063", "Q66134804", "Q1662484", "Q28600763", "Q1076355", "Q684554", "Q16996920", "Q4045294", "Q66811836", "Q99184084"], "environments": {"one": {"co-oc": 0.9999578353489774, "tf-idf": 0.75, "combined": 0.8749789176744887}, "two": {"co-oc": 4.21646510225205e-05, "tf-idf": 0.25, "combined": 0.12502108232551126}, "four": {"co-oc": 0.0, "tf-idf": 0.0, "combined": 0.0}, "three": {"co-oc": 0.0, "tf-idf": 0.0, "combined": 0.0}}}