{"name": "39002011537934", "type": "rank", "number_files": 603, "number_unknown": 177, "formats": ["Q28205418", "Q66439259", "Q34747804", "Q28055391", "Q48106551", "Q28975647", "Q44070571", "Q28858068", "Q3807693", "Q7271574", "Q28758112", "Q59608283", "Q28757684", "Q28206265", "Q1601331", "Q29000561", "Q194831", "Q28207569", "Q32979463", "Q29650304", "Q44071424", "Q44070042", "Q47233167", "Q81526528", "Q60886160", "Q4045294", "Q60806257", "Q60873199", "Q44070148", "Q58006953", "Q44069463", "Q81526664", "Q32097740", "Q44069766", "Q28755606", "Q6912474", "Q95994246", "Q52834888", "Q723030", "Q1882400", "Q27979410", "Q44069213", "Q28207194", "Q27967388", "Q27473691", "Q1343830", "Q44071250", "Q27996239", "Q60806040", "Q28009496", "Q60886323", "Q32097899", "Q27979156", "Q59608340", "Q28207108", "Q47455968", "Q28758102", "Q29650303", "Q32979267", "Q28206310", "Q27995538", "Q28049770", "Q3928271", "Q1141412", "Q28848214", "Q81526237"], "environments": {"two": {"co-oc": 0.33427100750088146, "tf-idf": 0.3181818181818182, "combined": 0.3262264128413498}, "one": {"co-oc": 0.3333083104050989, "tf-idf": 0.3181818181818182, "combined": 0.3257450642934585}, "four": {"co-oc": 0.3324194212503648, "tf-idf": 0.3181818181818182, "combined": 0.3253006197160915}, "three": {"co-oc": 1.2608436548150225e-06, "tf-idf": 0.04545454545454545, "combined": 0.022727903149100132}}}