{"name": "39002088621496", "type": "rank", "number_files": 22, "number_unknown": 1, "formats": ["Q729366", "Q28055391", "Q66811836", "Q28205580", "Q194831", "Q28206771", "Q28600763", "Q1076355", "Q4045294", "Q1882400", "Q27979410", "Q59961105", "Q684554", "Q27473691", "Q1343830", "Q16996920", "Q479833", "Q26549229", "Q1662484", "Q47455968", "Q28758102", "Q28205626", "Q28206310", "Q3928271", "Q1141412"], "environments": {"one": {"co-oc": 0.9992654557985863, "tf-idf": 0.4, "combined": 0.6996327278992931}, "four": {"co-oc": 0.00024484806713793755, "tf-idf": 0.2, "combined": 0.10012242403356897}, "three": {"co-oc": 0.00024484806713793755, "tf-idf": 0.2, "combined": 0.10012242403356897}, "two": {"co-oc": 0.00024484806713793755, "tf-idf": 0.2, "combined": 0.10012242403356897}}}