{"name": "39002076181867", "type": "rank", "number_files": 8, "number_unknown": 0, "formats": ["Q27596243", "Q34747804", "Q66439259", "Q66811836", "Q28758112", "Q1601331", "Q217570", "Q29650304", "Q47233167", "Q1076355", "Q81526528", "Q28600763", "Q4045294", "Q81526664", "Q6912474", "Q32097740", "Q28755606", "Q684554", "Q16996920", "Q28009496", "Q32097899", "Q28207108", "Q1662484", "Q28049770", "Q81526237"], "environments": {"two": {"co-oc": 0.6270211969265853, "tf-idf": 0.37499999999999994, "combined": 0.5010105984632927}, "one": {"co-oc": 0.21508790454907495, "tf-idf": 0.25, "combined": 0.23254395227453747}, "three": {"co-oc": 0.15784039468351496, "tf-idf": 0.25, "combined": 0.20392019734175748}, "four": {"co-oc": 5.050384082471728e-05, "tf-idf": 0.125, "combined": 0.06252525192041236}}}