{"name": "39002097055496", "type": "rank", "number_files": 429, "number_unknown": 5, "formats": ["Q1141412", "Q28344713", "Q283579", "Q3807693", "Q29209269", "Q27526866", "Q28771319", "Q29000498", "Q1076355", "Q4045294", "Q28755621", "Q58006953", "Q95994246", "Q723030", "Q27925705", "Q27967388", "Q27526733", "Q47512572", "Q6043826", "Q60615282", "Q218170", "Q28206109", "Q27979156", "Q26549229", "Q28758103", "Q99184084", "Q29650301", "Q19599377", "Q28347555"], "environments": {"one": {"co-oc": 0.3333333333333333, "tf-idf": 0.3333333333333333, "combined": 0.3333333333333333}, "three": {"co-oc": 0.3333333333333333, "tf-idf": 0.3333333333333333, "combined": 0.3333333333333333}, "two": {"co-oc": 0.3333333333333333, "tf-idf": 0.3333333333333333, "combined": 0.3333333333333333}, "four": {"co-oc": 0.0, "tf-idf": 0.0, "combined": 0.0}}}