{"name": "39002012181914", "type": "rank", "number_files": 7, "number_unknown": 1, "formats": ["Q723030", "Q27979156", "Q66134804", "Q1662484", "Q28600763", "Q1076355", "Q684554", "Q16996920", "Q4045294", "Q3807693", "Q66811836", "Q28755621", "Q58006953", "Q28347555", "Q95994246"], "environments": {"one": {"co-oc": 0.9998968554184997, "tf-idf": 0.6666666666666666, "combined": 0.8332817610425831}, "two": {"co-oc": 0.00010314458150027346, "tf-idf": 0.3333333333333333, "combined": 0.1667182389574168}, "four": {"co-oc": 0.0, "tf-idf": 0.0, "combined": 0.0}, "three": {"co-oc": 0.0, "tf-idf": 0.0, "combined": 0.0}}}