{"name": "39002124770182", "type": "rank", "number_files": 1005, "number_unknown": 217, "formats": ["Q729366", "Q27826464", "Q3807693", "Q66811836", "Q27826469", "Q28205580", "Q34746472", "Q28206771", "Q28600763", "Q1076355", "Q4045294", "Q58006953", "Q27826468", "Q27826466", "Q95994246", "Q723030", "Q684554", "Q16996920", "Q27229642", "Q5924007", "Q28206109", "Q27979156", "Q26549229", "Q66134804", "Q1662484", "Q1676669", "Q28205626", "Q99184084", "Q1141412"], "environments": {"one": {"co-oc": 0.8869789093953364, "tf-idf": 0.42857142857142855, "combined": 0.6577751689833825}, "three": {"co-oc": 0.11289714450348094, "tf-idf": 0.2857142857142857, "combined": 0.1993057151088833}, "four": {"co-oc": 6.197305059134012e-05, "tf-idf": 0.14285714285714285, "combined": 0.07145955795386709}, "two": {"co-oc": 6.197305059134012e-05, "tf-idf": 0.14285714285714285, "combined": 0.07145955795386709}}}