{"name": "39002012181757", "type": "rank", "number_files": 2312, "number_unknown": 1689, "formats": ["Q1144005", "Q66439259", "Q34747804", "Q28055391", "Q64858274", "Q3807693", "Q66811836", "Q28758112", "Q29650311", "Q28206265", "Q1601331", "Q58103465", "Q29650304", "Q28600763", "Q1076355", "Q1072083", "Q34284437", "Q382011", "Q47233167", "Q81526528", "Q4045294", "Q81526664", "Q58006953", "Q28755628", "Q6912474", "Q32097740", "Q28755606", "Q95994246", "Q723030", "Q1882400", "Q27979410", "Q684554", "Q28207194", "Q1343830", "Q16996920", "Q29904539", "Q28009496", "Q32097899", "Q27979156", "Q51331501", "Q28207108", "Q1662484", "Q3888665", "Q28049770", "Q1141412", "Q81526237"], "environments": {"two": {"co-oc": 0.7144113449058349, "tf-idf": 0.3333333333333333, "combined": 0.5238723391195841}, "three": {"co-oc": 0.28520750255606264, "tf-idf": 0.3333333333333333, "combined": 0.309270417944698}, "four": {"co-oc": 0.00019057626905117291, "tf-idf": 0.16666666666666666, "combined": 0.08342862146785891}, "one": {"co-oc": 0.00019057626905117291, "tf-idf": 0.16666666666666666, "combined": 0.08342862146785891}}}