{"name": "39002059648056", "type": "rank", "number_files": 191, "number_unknown": 2, "formats": ["Q61971919", "Q29011569", "Q29011538", "Q29017304", "Q3807693", "Q27826340", "Q61971917", "Q29011710", "Q48021763", "Q59999470", "Q29011365", "Q48004607", "Q29012350", "Q28858032", "Q95994246", "Q52834849", "Q29011646", "Q59999653", "Q26211874", "Q29017306", "Q28207085", "Q29011357", "Q29011824", "Q29011358", "Q26549229", "Q27826389", "Q29011361", "Q10394822", "Q29011977", "Q26211840", "Q29011514", "Q28919071", "Q51753051", "Q29011579", "Q29011271", "Q28600763", "Q29017312", "Q29012206", "Q29012224", "Q58006953", "Q27486884", "Q16996920", "Q26211940", "Q29012120", "Q1662484", "Q29011223", "Q26211957", "Q1676669", "Q26211948", "Q26211927", "Q1141412", "Q46118194", "Q26211915", "Q51954585", "Q29011549", "Q60628025", "Q1076355", "Q44933672", "Q29011484", "Q26211905", "Q26211954", "Q723030", "Q26211936", "Q29011892", "Q29011774", "Q29012285", "Q26211975", "Q29011363", "Q27487348", "Q5532250", "Q48005022", "Q29012054", "Q27487130", "Q29011566", "Q29011079", "Q26211983", "Q48004869", "Q29017314", "Q29011315", "Q51954521", "Q66811836", "Q29012190", "Q60628005", "Q27487109", "Q51753252", "Q26211965", "Q4045294", "Q29011347", "Q48814895", "Q26211931", "Q26211958", "Q26211977", "Q29017311", "Q27487343", "Q48021588", "Q684554", "Q26211978", "Q26211891", "Q29017309", "Q27979156", "Q99184084", "Q56827141", "Q66219660"], "environments": {"one": {"co-oc": 0.9999820491008832, "tf-idf": 0.6666666666666666, "combined": 0.8333243578837749}, "four": {"co-oc": 5.98363303896936e-06, "tf-idf": 0.11111111111111112, "combined": 0.055558547372075044}, "three": {"co-oc": 5.98363303896936e-06, "tf-idf": 0.11111111111111112, "combined": 0.055558547372075044}, "two": {"co-oc": 5.98363303896936e-06, "tf-idf": 0.11111111111111112, "combined": 0.055558547372075044}}}