{"name": "39002030268883", "type": "rank", "number_files": 28, "number_unknown": 6, "formats": ["Q47455565", "Q28347555", "Q28344713", "Q29209269", "Q68480995", "Q28771319", "Q28777715", "Q53756539", "Q29000498", "Q27979378", "Q58103465", "Q4042979", "Q47455466", "Q1076355", "Q623334", "Q4045294", "Q28755621", "Q28755628", "Q53756551", "Q27967388", "Q1343830", "Q29904539", "Q6043826", "Q28205908", "Q28758002", "Q1882110", "Q380319", "Q28758103", "Q51802172", "Q29650301", "Q19599377", "Q1141412", "Q66244789"], "environments": {"one": {"co-oc": 0.5599230357981253, "tf-idf": 0.4444444444444445, "combined": 0.5021837401212849}, "two": {"co-oc": 0.4400464131158266, "tf-idf": 0.33333333333333337, "combined": 0.38668987322458}, "four": {"co-oc": 1.5275543024120765e-05, "tf-idf": 0.11111111111111112, "combined": 0.05556319332706762}, "three": {"co-oc": 1.5275543024120765e-05, "tf-idf": 0.11111111111111112, "combined": 0.05556319332706762}}}