{"name": "39002083335118", "type": "rank", "number_files": 312, "number_unknown": 1, "formats": ["Q3807693", "Q66811836", "Q194831", "Q28600763", "Q1076355", "Q4045294", "Q58006953", "Q95994246", "Q723030", "Q684554", "Q16996920", "Q28206109", "Q27979156", "Q26549229", "Q66134804", "Q1662484", "Q28600288", "Q1676669", "Q99184084", "Q1141412"], "environments": {"one": {"co-oc": 0.9998689364520279, "tf-idf": 0.5, "combined": 0.749934468226014}, "four": {"co-oc": 4.368784932393709e-05, "tf-idf": 0.16666666666666666, "combined": 0.0833551772579953}, "three": {"co-oc": 4.368784932393709e-05, "tf-idf": 0.16666666666666666, "combined": 0.0833551772579953}, "two": {"co-oc": 4.368784932393709e-05, "tf-idf": 0.16666666666666666, "combined": 0.0833551772579953}}}