{"name": "39002053566866", "type": "rank", "number_files": 8, "number_unknown": 0, "formats": ["Q723030", "Q27979156", "Q194831", "Q66134804", "Q1662484", "Q28600763", "Q1076355", "Q684554", "Q16996920", "Q4045294", "Q3807693", "Q66811836", "Q58006953", "Q1141412", "Q95994246"], "environments": {"one": {"co-oc": 0.9998537581077033, "tf-idf": 0.6666666666666667, "combined": 0.8332602123871851}, "two": {"co-oc": 0.00014624189229670768, "tf-idf": 0.33333333333333337, "combined": 0.16673978761281505}, "four": {"co-oc": 0.0, "tf-idf": 0.0, "combined": 0.0}, "three": {"co-oc": 0.0, "tf-idf": 0.0, "combined": 0.0}}}