{"name": "39002042129198", "type": "rank", "number_files": 203, "number_unknown": 55, "formats": ["Q27596243", "Q50223812", "Q3807693", "Q7271574", "Q66811836", "Q28757684", "Q27960787", "Q28600763", "Q1076355", "Q4045294", "Q58006953", "Q95994246", "Q29904540", "Q28858032", "Q723030", "Q684554", "Q16996920", "Q27526733", "Q27996239", "Q5448342", "Q28206109", "Q27979156", "Q26549229", "Q5421818", "Q1662484", "Q28848214", "Q1676669", "Q99184084", "Q27995538", "Q5153426"], "environments": {"one": {"co-oc": 0.9986397879726217, "tf-idf": 0.4, "combined": 0.6993198939863108}, "four": {"co-oc": 0.00045340400912617434, "tf-idf": 0.2, "combined": 0.10022670200456309}, "three": {"co-oc": 0.00045340400912617434, "tf-idf": 0.2, "combined": 0.10022670200456309}, "two": {"co-oc": 0.00045340400912617434, "tf-idf": 0.2, "combined": 0.10022670200456309}}}