{"name": "39002012182177", "type": "rank", "number_files": 11, "number_unknown": 0, "formats": ["Q28055391", "Q28786544", "Q28600764", "Q8811", "Q66811836", "Q28600763", "Q1076355", "Q4045294", "Q1888930", "Q62626012", "Q1882400", "Q27979410", "Q684554", "Q1343830", "Q942350", "Q16996920", "Q1662484", "Q1676669", "Q2053", "Q166074"], "environments": {"one": {"co-oc": 0.4917888852817163, "tf-idf": 0.3333333333333333, "combined": 0.4125611093075248}, "two": {"co-oc": 0.308064536577845, "tf-idf": 0.3333333333333333, "combined": 0.32069893495558915}, "three": {"co-oc": 0.2000877536866222, "tf-idf": 0.2222222222222222, "combined": 0.21115498795442222}, "four": {"co-oc": 5.8824453816480425e-05, "tf-idf": 0.1111111111111111, "combined": 0.055584967782463794}}}