{"name": "39002072165385", "type": "rank", "number_files": 3044, "number_unknown": 1617, "formats": ["Q55758993", "Q28975647", "Q2011664", "Q3807693", "Q27967123", "Q28206359", "Q47233167", "Q2119595", "Q28207363", "Q2276274", "Q27824032", "Q27824050", "Q28600412", "Q741654", "Q28755606", "Q28206325", "Q95994246", "Q28858032", "Q28205805", "Q62625561", "Q58799889", "Q28758111", "Q26211874", "Q6043826", "Q28009496", "Q32097899", "Q28206109", "Q26549229", "Q59608340", "Q66134804", "Q10287816", "Q10394822", "Q81526237", "Q28975864", "Q34747804", "Q26211840", "Q28206625", "Q6715113", "Q55758988", "Q28771319", "Q28205846", "Q17092932", "Q81526528", "Q50809751", "Q81526664", "Q58006953", "Q28205883", "Q6912474", "Q32097740", "Q28758114", "Q26385770", "Q27979410", "Q7311459", "Q1887604", "Q28207194", "Q1343830", "Q27526733", "Q26211940", "Q28206262", "Q1063976", "Q479833", "Q21040945", "Q28975665", "Q29000647", "Q28207108", "Q26329648", "Q26211957", "Q1676669", "Q26211948", "Q29650303", "Q27967113", "Q26211927", "Q27824056", "Q1141412", "Q28055391", "Q66439259", "Q29650793", "Q34743987", "Q26211915", "Q29167914", "Q28205580", "Q87816075", "Q50809753", "Q856364", "Q28758112", "Q59608283", "Q28205439", "Q1601331", "Q217570", "Q29650304", "Q1076355", "Q26211905", "Q26211954", "Q723030", "Q26211936", "Q55394748", "Q28206843", "Q26211975", "Q5532250", "Q27824053", "Q1023647", "Q28771288", "Q27824019", "Q28206574", "Q28206497", "Q28205626", "Q26211983", "Q28049770", "Q729366", "Q28344021", "Q27596243", "Q28205418", "Q29650305", "Q27824041", "Q29000498", "Q28206265", "Q28207256", "Q29000561", "Q26211965", "Q28206771", "Q4045294", "Q28445577", "Q27979314", "Q3406936", "Q4545483", "Q26211931", "Q1952321", "Q26211958", "Q26211977", "Q28009488", "Q1882400", "Q27824015", "Q26211978", "Q26211891", "Q947746", "Q28205727", "Q27979156", "Q50809785", "Q85415606", "Q7395247", "Q99184084"], "environments": {"one": {"co-oc": 0.5452606801840882, "tf-idf": 0.29411764705882354, "combined": 0.4196891636214559}, "three": {"co-oc": 0.2667578450133436, "tf-idf": 0.3529411764705883, "combined": 0.309849510741966}, "two": {"co-oc": 0.14221057780580315, "tf-idf": 0.17647058823529413, "combined": 0.15934058302054865}, "four": {"co-oc": 0.04577089699676482, "tf-idf": 0.17647058823529413, "combined": 0.11112074261602947}}}