{"name": "39002065930043", "type": "rank", "number_files": 155, "number_unknown": 0, "formats": ["Q47455565", "Q28758002", "Q26549229", "Q66134804", "Q4042979", "Q47455466", "Q1076355", "Q1343830", "Q4045294", "Q623334", "Q28777715", "Q1141412", "Q66244789", "Q1882110"], "environments": {"one": {"co-oc": 0.5502890678764428, "tf-idf": 0.5714285714285714, "combined": 0.5608588196525071}, "two": {"co-oc": 0.4497109321235572, "tf-idf": 0.42857142857142855, "combined": 0.4391411803474929}, "four": {"co-oc": 0.0, "tf-idf": 0.0, "combined": 0.0}, "three": {"co-oc": 0.0, "tf-idf": 0.0, "combined": 0.0}}}