{"name": "39002067187154", "type": "rank", "number_files": 13250, "number_unknown": 6052, "formats": ["Q28344021", "Q61971919", "Q28055391", "Q28858044", "Q48782394", "Q28207503", "Q4836515", "Q51954521", "Q63061514", "Q28858041", "Q61641368", "Q29167914", "Q51954585", "Q856364", "Q61971917", "Q2044200", "Q60628005", "Q28207293", "Q61639409", "Q28207016", "Q60628025", "Q58103465", "Q7119344", "Q2119595", "Q28858038", "Q1076355", "Q28106149", "Q44933672", "Q28858042", "Q4045294", "Q48782098", "Q2276274", "Q28755628", "Q85621726", "Q28858032", "Q28009488", "Q1882400", "Q51801746", "Q2389386", "Q52834849", "Q29905095", "Q27979410", "Q6457314", "Q7311459", "Q60000066", "Q28206528", "Q1343830", "Q27596100", "Q28205773", "Q48782238", "Q48782202", "Q29904539", "Q28106166", "Q28205760", "Q686498", "Q28858035", "Q28756196", "Q85621806", "Q28770336", "Q479833", "Q62664770", "Q63061396", "Q28771288", "Q27487130", "Q28858037", "Q28858039", "Q60628185", "Q66439286", "Q48915661", "Q3928271", "Q28206638", "Q28206876", "Q62664735"], "environments": {"one": {"co-oc": 0.5439115401451948, "tf-idf": 0.5, "combined": 0.5219557700725974}, "two": {"co-oc": 0.33697579823301665, "tf-idf": 0.33333333333333337, "combined": 0.33515456578317504}, "four": {"co-oc": 0.11911266162178856, "tf-idf": 0.16666666666666666, "combined": 0.1428896641442276}, "three": {"co-oc": 0.0, "tf-idf": 0.0, "combined": 0.0}}}