{"name": "39002102996478", "type": "rank", "number_files": 80, "number_unknown": 35, "formats": ["Q28206109", "Q27596243", "Q58103465", "Q48005022", "Q48021588", "Q1076355", "Q48021763", "Q4045294", "Q29904539", "Q28755628", "Q48004607", "Q48004869"], "environments": {"one": {"co-oc": 0.9999948484415698, "tf-idf": 0.8333333333333334, "combined": 0.9166640908874516}, "two": {"co-oc": 5.151558430160458e-06, "tf-idf": 0.16666666666666669, "combined": 0.08333590911254843}, "four": {"co-oc": 0.0, "tf-idf": 0.0, "combined": 0.0}, "three": {"co-oc": 0.0, "tf-idf": 0.0, "combined": 0.0}}}