{"name": "39002091239559", "type": "rank", "number_files": 149, "number_unknown": 6, "formats": ["Q28786544", "Q100135637", "Q8811", "Q48805099", "Q61752300", "Q28206359", "Q47455466", "Q1888930", "Q66759482", "Q59851506", "Q79587", "Q99976195", "Q27487531", "Q27229642", "Q25339304", "Q27229608", "Q28206109", "Q28921959", "Q2053", "Q433224", "Q66244789", "Q641213", "Q29000578", "Q17092932", "Q27967351", "Q28600763", "Q623334", "Q100136218", "Q62626012", "Q26385770", "Q1343830", "Q59851322", "Q28206262", "Q16996920", "Q27526733", "Q28205824", "Q28758002", "Q1662484", "Q26329648", "Q1676669", "Q28600760", "Q27229565", "Q1141412", "Q61963304", "Q178051", "Q47455565", "Q34306669", "Q71178742", "Q3551300", "Q99973597", "Q28205580", "Q28777715", "Q452197", "Q4042979", "Q1076355", "Q796483", "Q653301", "Q72273742", "Q2313301", "Q4042481", "Q59999786", "Q28206497", "Q28205626", "Q166074", "Q28771320", "Q729366", "Q50378320", "Q28600421", "Q66811836", "Q99973606", "Q2192", "Q45432", "Q28206771", "Q4045294", "Q28445577", "Q27910000", "Q28728783", "Q1952321", "Q684554", "Q27526739", "Q1882110", "Q100136960", "Q2819247", "Q959950", "Q99184084", "Q100136955"], "environments": {"one": {"co-oc": 0.4287547937879225, "tf-idf": 0.35999999999999993, "combined": 0.39437739689396123}, "four": {"co-oc": 0.2695929340646003, "tf-idf": 0.24, "combined": 0.25479646703230013}, "two": {"co-oc": 0.18397190533263327, "tf-idf": 0.2, "combined": 0.19198595266631663}, "three": {"co-oc": 0.11768036681484409, "tf-idf": 0.2, "combined": 0.15884018340742206}}}