{"name": "39002070658233", "type": "rank", "number_files": 232, "number_unknown": 13, "formats": ["Q6026738", "Q29011569", "Q29011538", "Q29017304", "Q27578057", "Q3807693", "Q29011710", "Q194831", "Q28206359", "Q58725633", "Q47233167", "Q29011365", "Q28755628", "Q28755606", "Q29012350", "Q95994246", "Q29011646", "Q29017306", "Q42591", "Q1601835", "Q29011357", "Q28009496", "Q5924007", "Q29011824", "Q29011358", "Q32097899", "Q28206109", "Q26549229", "Q47455968", "Q34312151", "Q73675958", "Q29011361", "Q29944575", "Q29011977", "Q81526237", "Q87066066", "Q34747804", "Q29011514", "Q28600764", "Q29011579", "Q29011271", "Q85415853", "Q29017312", "Q81526528", "Q336284", "Q29012206", "Q29012224", "Q81526664", "Q58006953", "Q6912474", "Q32097740", "Q58335773", "Q29944206", "Q29435", "Q27979410", "Q3509055", "Q87066063", "Q1343830", "Q34312361", "Q29012120", "Q287315", "Q28207108", "Q29011223", "Q28758102", "Q27923693", "Q1676669", "Q3928271", "Q1141412", "Q28055391", "Q66439259", "Q48106551", "Q49243488", "Q28758112", "Q29011549", "Q1601331", "Q29650304", "Q1076355", "Q29011484", "Q723030", "Q28206894", "Q29011892", "Q29011774", "Q29012285", "Q27967388", "Q29904539", "Q29011363", "Q29012054", "Q29011566", "Q49243748", "Q29011079", "Q28049770", "Q29017314", "Q29011315", "Q29012190", "Q27979513", "Q58103465", "Q4045294", "Q58237034", "Q29011347", "Q1882400", "Q29017311", "Q27473691", "Q942350", "Q27925722", "Q29017309", "Q27979156", "Q28206310", "Q99184084"], "environments": {"three": {"co-oc": 0.29930179985927524, "tf-idf": 0.29411764705882354, "combined": 0.2967097234590494}, "two": {"co-oc": 0.2970938332340125, "tf-idf": 0.23529411764705885, "combined": 0.2661939754405357}, "one": {"co-oc": 0.2189352724618362, "tf-idf": 0.23529411764705885, "combined": 0.22711469505444754}, "four": {"co-oc": 0.18466909444487614, "tf-idf": 0.23529411764705885, "combined": 0.2099816060459675}}}