{"name": "39002012166998", "type": "rank", "number_files": 575, "number_unknown": 0, "formats": ["Q28786544", "Q28600764", "Q3807693", "Q8811", "Q28205439", "Q217570", "Q28018470", "Q1072083", "Q336284", "Q29650316", "Q1888930", "Q58006953", "Q62626012", "Q95994246", "Q28858032", "Q723030", "Q28018471", "Q942350", "Q28206109", "Q27979156", "Q26549229", "Q66134804", "Q1676669", "Q61901831", "Q10287816", "Q2053", "Q1569639", "Q99184084", "Q166074"], "environments": {"one": {"co-oc": 0.7200277615434016, "tf-idf": 0.4375000000000001, "combined": 0.5787638807717008}, "three": {"co-oc": 0.21141904950146498, "tf-idf": 0.25, "combined": 0.23070952475073248}, "two": {"co-oc": 0.061481768311708554, "tf-idf": 0.1875, "combined": 0.12449088415585427}, "four": {"co-oc": 0.0070714206434248595, "tf-idf": 0.125, "combined": 0.06603571032171243}}}