{"name": "39002100563098", "type": "rank", "number_files": 21, "number_unknown": 0, "formats": ["Q729366", "Q26549229", "Q66134804", "Q28206771", "Q28600763", "Q1662484", "Q684554", "Q1076355", "Q1676669", "Q16996920", "Q28205626", "Q4045294", "Q66811836", "Q28205580", "Q99184084", "Q178051"], "environments": {"one": {"co-oc": 0.5993587861877395, "tf-idf": 0.39999999999999997, "combined": 0.4996793930938698}, "three": {"co-oc": 0.21968714319010796, "tf-idf": 0.3, "combined": 0.259843571595054}, "four": {"co-oc": 0.18094537968596225, "tf-idf": 0.19999999999999998, "combined": 0.1904726898429811}, "two": {"co-oc": 8.690936190329747e-06, "tf-idf": 0.09999999999999999, "combined": 0.05000434546809516}}}