{"name": "39002080817662", "type": "rank", "number_files": 120, "number_unknown": 0, "formats": ["Q729366", "Q3807693", "Q66811836", "Q28205580", "Q28206771", "Q28600763", "Q1076355", "Q4045294", "Q58006953", "Q95994246", "Q723030", "Q684554", "Q16996920", "Q5924007", "Q28206109", "Q27979156", "Q26549229", "Q66134804", "Q1662484", "Q28205626", "Q99184084"], "environments": {"one": {"co-oc": 0.999437138443796, "tf-idf": 0.5, "combined": 0.749718569221898}, "three": {"co-oc": 0.00028143077810203104, "tf-idf": 0.25, "combined": 0.12514071538905103}, "two": {"co-oc": 0.00028143077810203104, "tf-idf": 0.25, "combined": 0.12514071538905103}, "four": {"co-oc": 0.0, "tf-idf": 0.0, "combined": 0.0}}}