{"name": "39002087698164", "type": "rank", "number_files": 16, "number_unknown": 0, "formats": ["Q729366", "Q66439259", "Q34747804", "Q66811836", "Q28205580", "Q28758112", "Q1601331", "Q194831", "Q58103465", "Q29650304", "Q28206771", "Q47233167", "Q1076355", "Q81526528", "Q28600763", "Q4045294", "Q81526664", "Q28755628", "Q6912474", "Q32097740", "Q28755606", "Q684554", "Q16996920", "Q29904539", "Q28009496", "Q32097899", "Q28207108", "Q1662484", "Q28205626", "Q28049770", "Q81526237"], "environments": {"two": {"co-oc": 0.6144254975476509, "tf-idf": 0.33333333333333337, "combined": 0.4738794154404921}, "three": {"co-oc": 0.38530348179408347, "tf-idf": 0.33333333333333337, "combined": 0.3593184075637084}, "four": {"co-oc": 0.0001355103291328445, "tf-idf": 0.16666666666666669, "combined": 0.08340108849789976}, "one": {"co-oc": 0.0001355103291328445, "tf-idf": 0.16666666666666669, "combined": 0.08340108849789976}}}