{"name": "39002012242419", "type": "rank", "number_files": 5453, "number_unknown": 1871, "formats": ["Q29011569", "Q29011538", "Q29017314", "Q29011315", "Q50223812", "Q29017304", "Q27826464", "Q28786544", "Q29011514", "Q3807693", "Q8811", "Q27826469", "Q29011579", "Q29011271", "Q29012190", "Q29011710", "Q34746472", "Q29011549", "Q29017312", "Q29012206", "Q29011484", "Q29011365", "Q29012224", "Q29011347", "Q1888930", "Q58006953", "Q27826468", "Q62626012", "Q95994246", "Q28858032", "Q29012350", "Q723030", "Q29904540", "Q27826466", "Q29017311", "Q29011646", "Q29011892", "Q29011774", "Q29012285", "Q29017306", "Q29011363", "Q29011357", "Q29017309", "Q5448342", "Q5924007", "Q29012120", "Q29011358", "Q29011824", "Q28206109", "Q27979156", "Q5421818", "Q29012054", "Q29011223", "Q29011566", "Q1676669", "Q29011361", "Q29011079", "Q2053", "Q99184084", "Q166074", "Q29011977", "Q5153426"], "environments": {"one": {"co-oc": 0.9990730870996538, "tf-idf": 0.4, "combined": 0.6995365435498269}, "four": {"co-oc": 0.000308970966782093, "tf-idf": 0.2, "combined": 0.10015448548339105}, "three": {"co-oc": 0.000308970966782093, "tf-idf": 0.2, "combined": 0.10015448548339105}, "two": {"co-oc": 0.000308970966782093, "tf-idf": 0.2, "combined": 0.10015448548339105}}}