{"name": "39002035924159", "type": "rank", "number_files": 216, "number_unknown": 0, "formats": ["Q723030", "Q27979156", "Q751800", "Q27967216", "Q58335687", "Q4045294", "Q3807693", "Q58006953", "Q79241659", "Q1141412", "Q95994246", "Q217570"], "environments": {"one": {"co-oc": 0.49993011927338166, "tf-idf": 0.4, "combined": 0.44996505963669087}, "two": {"co-oc": 0.49993011927338166, "tf-idf": 0.4, "combined": 0.44996505963669087}, "three": {"co-oc": 0.00013976145323673777, "tf-idf": 0.2, "combined": 0.10006988072661838}, "four": {"co-oc": 0.0, "tf-idf": 0.0, "combined": 0.0}}}