{"name": "39002079163714", "type": "rank", "number_files": 357, "number_unknown": 0, "formats": ["Q27231634", "Q27866063", "Q27866059", "Q66811836", "Q28205439", "Q28600763", "Q1076355", "Q4045294", "Q27231651", "Q27866062", "Q24834502", "Q28205771", "Q28207384", "Q684554", "Q16996920", "Q27231654", "Q1502796", "Q7670377", "Q28207379", "Q28205372", "Q66134804", "Q1662484"], "environments": {"one": {"co-oc": 0.9994294928113187, "tf-idf": 0.5, "combined": 0.7497147464056593}, "three": {"co-oc": 0.0002852535943406834, "tf-idf": 0.25, "combined": 0.12514262679717034}, "two": {"co-oc": 0.0002852535943406834, "tf-idf": 0.25, "combined": 0.12514262679717034}, "four": {"co-oc": 0.0, "tf-idf": 0.0, "combined": 0.0}}}