{"name": "39002074835423", "type": "rank", "number_files": 2688, "number_unknown": 0, "formats": ["Q27596243", "Q50223812", "Q27826464", "Q66811836", "Q27826469", "Q34746472", "Q27967086", "Q28600763", "Q1076355", "Q29000601", "Q4045294", "Q27826468", "Q27826466", "Q29904540", "Q28858032", "Q25098907", "Q684554", "Q16996920", "Q27526733", "Q5448342", "Q28206109", "Q26549229", "Q5421818", "Q66134804", "Q1662484", "Q2104918", "Q51370168", "Q1676669", "Q27966924", "Q99184084", "Q28205464", "Q5153426"], "environments": {"one": {"co-oc": 0.9998201051277346, "tf-idf": 0.5000000000000001, "combined": 0.7499100525638673}, "four": {"co-oc": 5.996495742183438e-05, "tf-idf": 0.16666666666666669, "combined": 0.08336331581204426}, "three": {"co-oc": 5.996495742183438e-05, "tf-idf": 0.16666666666666669, "combined": 0.08336331581204426}, "two": {"co-oc": 5.996495742183438e-05, "tf-idf": 0.16666666666666669, "combined": 0.08336331581204426}}}