{"name": "39002053716461", "type": "rank", "number_files": 236, "number_unknown": 5, "formats": ["Q28858044", "Q48782394", "Q26211840", "Q27231634", "Q63061514", "Q27866063", "Q27866059", "Q28858041", "Q51717333", "Q61641368", "Q3807693", "Q26211915", "Q61718355", "Q61639409", "Q28205439", "Q26211965", "Q1076355", "Q28858038", "Q28858042", "Q4045294", "Q48782098", "Q26211931", "Q58006953", "Q26211905", "Q27231651", "Q85621726", "Q28858032", "Q95994246", "Q51801746", "Q723030", "Q26211936", "Q26211977", "Q26211958", "Q26211954", "Q27866062", "Q24834502", "Q28205771", "Q60000066", "Q28207384", "Q26211978", "Q26211874", "Q27231654", "Q48782238", "Q26211940", "Q48782202", "Q26211975", "Q28207379", "Q7670377", "Q1502796", "Q26211891", "Q28205760", "Q686498", "Q85621806", "Q28858035", "Q5532250", "Q62664770", "Q63061396", "Q27979156", "Q28205372", "Q26549229", "Q66134804", "Q28858039", "Q28858037", "Q60628185", "Q51334664", "Q66439286", "Q48915661", "Q1676669", "Q26211957", "Q26211948", "Q26211983", "Q10394822", "Q26211927", "Q62664735"], "environments": {"one": {"co-oc": 0.5149199220793874, "tf-idf": 0.4210526315789474, "combined": 0.4679862768291674}, "two": {"co-oc": 0.4709162072113784, "tf-idf": 0.368421052631579, "combined": 0.4196686299214787}, "three": {"co-oc": 0.010985776889747886, "tf-idf": 0.10526315789473686, "combined": 0.05812446739224238}, "four": {"co-oc": 0.0031780938194863185, "tf-idf": 0.10526315789473686, "combined": 0.05422062585711159}}}