{"name": "39002079161569", "type": "rank", "number_files": 3909, "number_unknown": 3, "formats": ["Q29011569", "Q29011538", "Q29017314", "Q29011315", "Q29017304", "Q28786544", "Q29011514", "Q8811", "Q29011579", "Q29011271", "Q29012190", "Q29011710", "Q29011549", "Q29017312", "Q29012206", "Q29011484", "Q29011365", "Q29012224", "Q29011347", "Q1888930", "Q62626012", "Q29012350", "Q29017311", "Q29011646", "Q29011892", "Q29011774", "Q29012285", "Q29017306", "Q29011363", "Q29011357", "Q29017309", "Q5924007", "Q29012120", "Q29011358", "Q29011824", "Q28206109", "Q29012054", "Q29011223", "Q29011566", "Q1676669", "Q29011361", "Q2053", "Q29011079", "Q99184084", "Q166074", "Q29011977"], "environments": {"one": {"co-oc": 0.9991053123817947, "tf-idf": 0.4, "combined": 0.6995526561908973}, "four": {"co-oc": 0.00029822920606846053, "tf-idf": 0.2, "combined": 0.10014911460303423}, "three": {"co-oc": 0.00029822920606846053, "tf-idf": 0.2, "combined": 0.10014911460303423}, "two": {"co-oc": 0.00029822920606846053, "tf-idf": 0.2, "combined": 0.10014911460303423}}}