{"name": "39002073628522", "type": "rank", "number_files": 110, "number_unknown": 0, "formats": ["Q29151645", "Q26211840", "Q28786544", "Q28600764", "Q8811", "Q3807693", "Q26211915", "Q28206125", "Q26211965", "Q17073241", "Q59962623", "Q1888930", "Q26211931", "Q58006953", "Q26211905", "Q62626012", "Q95994246", "Q26211954", "Q26211958", "Q723030", "Q26211936", "Q26211977", "Q288405", "Q26211978", "Q942350", "Q26211874", "Q26211940", "Q26211975", "Q26211891", "Q5532250", "Q28206109", "Q27979156", "Q27967444", "Q26549229", "Q673906", "Q26211957", "Q26211948", "Q1676669", "Q2053", "Q26211983", "Q166074", "Q10394822", "Q26211927"], "environments": {"one": {"co-oc": 0.47691560488027385, "tf-idf": 0.2857142857142857, "combined": 0.3813149452972798}, "three": {"co-oc": 0.39838450504881195, "tf-idf": 0.2857142857142857, "combined": 0.3420493953815488}, "two": {"co-oc": 0.12455886887023816, "tf-idf": 0.2857142857142857, "combined": 0.20513657729226192}, "four": {"co-oc": 0.00014102120067593845, "tf-idf": 0.14285714285714285, "combined": 0.0714990820289094}}}