{"name": "39002078017010", "type": "rank", "number_files": 40, "number_unknown": 1, "formats": ["Q28055391", "Q66439259", "Q34747804", "Q27596243", "Q29904535", "Q28758112", "Q1601331", "Q194831", "Q29650304", "Q27979407", "Q47233167", "Q1076355", "Q81526528", "Q4045294", "Q34290760", "Q81526664", "Q6912474", "Q32097740", "Q28755606", "Q1882400", "Q27979410", "Q59961105", "Q27978800", "Q27473691", "Q1343830", "Q28009496", "Q32097899", "Q26549229", "Q28207108", "Q47455968", "Q28758102", "Q28206310", "Q28049770", "Q3928271", "Q1141412", "Q81526237"], "environments": {"two": {"co-oc": 0.39237352918406165, "tf-idf": 0.28571428571428575, "combined": 0.3390439074491737}, "one": {"co-oc": 0.32164682508905174, "tf-idf": 0.28571428571428575, "combined": 0.3036805554016687}, "four": {"co-oc": 0.2858842143865624, "tf-idf": 0.28571428571428575, "combined": 0.28579925005042406}, "three": {"co-oc": 9.543134032407635e-05, "tf-idf": 0.14285714285714288, "combined": 0.07147628709873348}}}