{"name": "39002082349185", "type": "rank", "number_files": 4074, "number_unknown": 1188, "formats": ["Q47455565", "Q27596243", "Q34747804", "Q66439259", "Q751800", "Q64858274", "Q48004869", "Q1192568", "Q3807693", "Q66811836", "Q28758112", "Q27596184", "Q48021763", "Q1601331", "Q217570", "Q29650304", "Q28205796", "Q58103465", "Q4042979", "Q47455466", "Q47233167", "Q1076355", "Q81526528", "Q28600763", "Q28206493", "Q4045294", "Q27967105", "Q81526664", "Q58006953", "Q28755628", "Q6912474", "Q32097740", "Q28755606", "Q48004607", "Q95994246", "Q723030", "Q59961105", "Q48021588", "Q684554", "Q28207194", "Q16996920", "Q34746769", "Q29904539", "Q28600476", "Q28009496", "Q939636", "Q28207313", "Q32097899", "Q27979156", "Q48005022", "Q28207108", "Q1662484", "Q28205588", "Q28049770", "Q1141412", "Q81526237"], "environments": {"one": {"co-oc": 0.8474085390977374, "tf-idf": 0.5, "combined": 0.6737042695488686}, "two": {"co-oc": 0.1484425276436886, "tf-idf": 0.31249999999999994, "combined": 0.23047126382184427}, "three": {"co-oc": 0.004144742209610651, "tf-idf": 0.12499999999999999, "combined": 0.06457237110480532}, "four": {"co-oc": 4.191048963434408e-06, "tf-idf": 0.06249999999999999, "combined": 0.031252095524481716}}}