{"name": "39002058564528", "type": "rank", "number_files": 164, "number_unknown": 15, "formats": ["Q28858044", "Q1144005", "Q48782394", "Q29650330", "Q729366", "Q28049670", "Q28207469", "Q28206049", "Q28346230", "Q63061514", "Q28858041", "Q3807693", "Q3146723", "Q61641368", "Q28205580", "Q63036182", "Q28206284", "Q27355592", "Q61639409", "Q27349828", "Q28206771", "Q1076355", "Q28858038", "Q382011", "Q28858042", "Q4045294", "Q28205801", "Q48782098", "Q58006953", "Q27979508", "Q28205883", "Q95994246", "Q85621726", "Q28858032", "Q723030", "Q51801746", "Q28600256", "Q28206162", "Q60000066", "Q16965621", "Q28205944", "Q28206373", "Q48782238", "Q48782202", "Q28205670", "Q28205965", "Q28858035", "Q85621806", "Q686498", "Q27967116", "Q479833", "Q28206272", "Q89029185", "Q27979156", "Q62664770", "Q63061396", "Q28858039", "Q28206883", "Q28858037", "Q60628185", "Q62619688", "Q66439286", "Q28206306", "Q72198666", "Q877050", "Q28205807", "Q67124083", "Q48915661", "Q28205626", "Q3888665", "Q28205955", "Q62664735", "Q1228757"], "environments": {"one": {"co-oc": 0.49891007739212023, "tf-idf": 0.42857142857142855, "combined": 0.4637407529817744}, "two": {"co-oc": 0.49891007739212023, "tf-idf": 0.42857142857142855, "combined": 0.4637407529817744}, "three": {"co-oc": 0.00217984521575959, "tf-idf": 0.14285714285714285, "combined": 0.07251849403645122}, "four": {"co-oc": 0.0, "tf-idf": 0.0, "combined": 0.0}}}