{"name": "39002072163141", "type": "rank", "number_files": 127, "number_unknown": 0, "formats": ["Q7671270", "Q28786544", "Q3807693", "Q8811", "Q66811836", "Q28600763", "Q1076355", "Q4045294", "Q51916170", "Q1888930", "Q58006953", "Q62626012", "Q95994246", "Q723030", "Q921122", "Q684554", "Q16996920", "Q27526733", "Q28206109", "Q27979156", "Q26549229", "Q1662484", "Q1676669", "Q2053", "Q99184084", "Q166074", "Q1141412"], "environments": {"one": {"co-oc": 0.8281838218375148, "tf-idf": 0.42857142857142866, "combined": 0.6283776252044717}, "two": {"co-oc": 0.17159562548495927, "tf-idf": 0.28571428571428575, "combined": 0.2286549555996225}, "four": {"co-oc": 0.00011027633876299166, "tf-idf": 0.14285714285714288, "combined": 0.07148370959795293}, "three": {"co-oc": 0.00011027633876299166, "tf-idf": 0.14285714285714288, "combined": 0.07148370959795293}}}