{"name": "39002084756932", "type": "rank", "number_files": 361, "number_unknown": 1, "formats": ["Q1662484", "Q28600763", "Q1076355", "Q684554", "Q16996920", "Q1676669", "Q66811836", "Q99184084"], "environments": {"four": {"co-oc": 0.3333333333333333, "tf-idf": 0.3333333333333333, "combined": 0.3333333333333333}, "one": {"co-oc": 0.3333333333333333, "tf-idf": 0.3333333333333333, "combined": 0.3333333333333333}, "three": {"co-oc": 0.3333333333333333, "tf-idf": 0.3333333333333333, "combined": 0.3333333333333333}, "two": {"co-oc": 0.0, "tf-idf": 0.0, "combined": 0.0}}}