{"name": "39002082682262", "type": "rank", "number_files": 53, "number_unknown": 3, "formats": ["Q66439259", "Q34747804", "Q27979506", "Q3807693", "Q28771220", "Q28758112", "Q1601331", "Q29650304", "Q28771107", "Q28731046", "Q47233167", "Q81526528", "Q81526664", "Q58006953", "Q28205883", "Q6912474", "Q32097740", "Q28755606", "Q95994246", "Q723030", "Q15938816", "Q28009496", "Q32097899", "Q27979156", "Q28207108", "Q66134804", "Q1676669", "Q28975650", "Q28771221", "Q28049770", "Q28770728", "Q81526237"], "environments": {"one": {"co-oc": 0.6544997814133591, "tf-idf": 0.2857142857142857, "combined": 0.4701070335638224}, "four": {"co-oc": 0.17271752702863932, "tf-idf": 0.2857142857142857, "combined": 0.2292159063714625}, "three": {"co-oc": 0.17271752702863932, "tf-idf": 0.2857142857142857, "combined": 0.2292159063714625}, "two": {"co-oc": 6.516452936231637e-05, "tf-idf": 0.14285714285714285, "combined": 0.07146115369325258}}}