{"name": "39002037657161", "type": "rank", "number_files": 4113, "number_unknown": 317, "formats": ["Q28756168", "Q777561", "Q50223812", "Q28786544", "Q3807693", "Q8811", "Q29209269", "Q27979378", "Q66310989", "Q47233167", "Q34310996", "Q1888930", "Q28600412", "Q28755628", "Q1165116", "Q28755606", "Q95994246", "Q62625561", "Q28919168", "Q28009496", "Q32097899", "Q28206109", "Q10287816", "Q2053", "Q29650301", "Q29904472", "Q81526237", "Q34747804", "Q28600763", "Q81526528", "Q81526664", "Q58006953", "Q28205883", "Q6912474", "Q32097740", "Q62626012", "Q29904540", "Q27979410", "Q1343830", "Q16996920", "Q27526733", "Q1068805", "Q5448342", "Q27967131", "Q5421818", "Q28207108", "Q1662484", "Q79241659", "Q28055391", "Q66439259", "Q7434105", "Q28758112", "Q51837120", "Q1601331", "Q29650304", "Q1076355", "Q75717634", "Q75717796", "Q723030", "Q53756551", "Q29904539", "Q28207044", "Q28206390", "Q58335745", "Q1817318", "Q28049770", "Q166074", "Q5153426", "Q9332294", "Q66811836", "Q53756539", "Q58103465", "Q34284525", "Q4045294", "Q1882400", "Q921122", "Q684554", "Q2193155", "Q27979156", "Q28758103", "Q99184084"], "environments": {"two": {"co-oc": 0.6560812854506138, "tf-idf": 0.3, "combined": 0.4780406427253069}, "one": {"co-oc": 0.23992647858777172, "tf-idf": 0.3, "combined": 0.2699632392938859}, "three": {"co-oc": 0.05569337989628291, "tf-idf": 0.19999999999999998, "combined": 0.12784668994814144}, "four": {"co-oc": 0.04829885606533148, "tf-idf": 0.19999999999999998, "combined": 0.12414942803266574}}}