{"name": "39002037859676", "type": "rank", "number_files": 652, "number_unknown": 320, "formats": ["Q1144005", "Q50223812", "Q28786544", "Q3807693", "Q29209269", "Q8811", "Q47233167", "Q28206147", "Q1888930", "Q28600412", "Q28755628", "Q28755606", "Q95994246", "Q26211874", "Q6043826", "Q28009496", "Q32097899", "Q26549229", "Q66134804", "Q29944776", "Q34312151", "Q2053", "Q29650301", "Q10394822", "Q19599377", "Q28347555", "Q81526237", "Q34747804", "Q26211840", "Q28344713", "Q28771319", "Q28600763", "Q81526528", "Q81526664", "Q58006953", "Q6912474", "Q32097740", "Q62626012", "Q29904540", "Q16996920", "Q26211940", "Q34312361", "Q5448342", "Q5421818", "Q28207108", "Q1662484", "Q26211957", "Q26211948", "Q27923693", "Q26211927", "Q1141412", "Q66439259", "Q29944777", "Q26211915", "Q28205580", "Q29944773", "Q29944782", "Q28758112", "Q1601331", "Q29944987", "Q29650304", "Q47462131", "Q29944786", "Q1076355", "Q26211905", "Q26211954", "Q723030", "Q26211936", "Q27967388", "Q27967091", "Q47512572", "Q29904539", "Q26211975", "Q28206795", "Q5532250", "Q47462143", "Q28205626", "Q28049770", "Q26211983", "Q166074", "Q5153426", "Q729366", "Q27596243", "Q29944783", "Q29944779", "Q66811836", "Q29000498", "Q58103465", "Q29944780", "Q26211965", "Q28206771", "Q4045294", "Q28755621", "Q26211931", "Q26211958", "Q26211977", "Q29944785", "Q29944758", "Q684554", "Q26211978", "Q27925722", "Q26211891", "Q27979156", "Q28206138", "Q28758103", "Q99184084", "Q72959401"], "environments": {"one": {"co-oc": 0.5046883051712149, "tf-idf": 0.4516129032258065, "combined": 0.4781506041985107}, "two": {"co-oc": 0.4948144008663989, "tf-idf": 0.4516129032258065, "combined": 0.47321365204610266}, "three": {"co-oc": 0.0004968125691451318, "tf-idf": 0.06451612903225806, "combined": 0.0325064708007016}, "four": {"co-oc": 4.813932410294937e-07, "tf-idf": 0.03225806451612903, "combined": 0.01612927295468503}}}