{"name": "39002068037390", "type": "rank", "number_files": 285, "number_unknown": 8, "formats": ["Q729366", "Q27596243", "Q3807693", "Q66811836", "Q28205580", "Q217570", "Q58103465", "Q28206771", "Q28600763", "Q1076355", "Q4045294", "Q58006953", "Q28755628", "Q95994246", "Q723030", "Q76142694", "Q66439261", "Q684554", "Q59653966", "Q16996920", "Q29904539", "Q939636", "Q28206109", "Q27979156", "Q28206381", "Q1662484", "Q1676669", "Q28205626", "Q99184084"], "environments": {"three": {"co-oc": 0.41450490518651156, "tf-idf": 0.33333333333333337, "combined": 0.3739191192599225}, "one": {"co-oc": 0.3708534050739653, "tf-idf": 0.33333333333333337, "combined": 0.3520933692036493}, "two": {"co-oc": 0.21460327940906948, "tf-idf": 0.22222222222222224, "combined": 0.21841275081564587}, "four": {"co-oc": 3.8410330453550814e-05, "tf-idf": 0.11111111111111112, "combined": 0.05557476072078234}}}