{"name": "39002052066280", "type": "rank", "number_files": 86, "number_unknown": 0, "formats": ["Q26211840", "Q26211915", "Q17092932", "Q28206359", "Q26211965", "Q26211931", "Q26211905", "Q1952321", "Q26211954", "Q26211958", "Q26211977", "Q26385770", "Q26211936", "Q26211978", "Q26211874", "Q28206262", "Q26211940", "Q26211975", "Q26211891", "Q5532250", "Q26549229", "Q66134804", "Q28206497", "Q26329648", "Q26211957", "Q1676669", "Q26211948", "Q26211983", "Q10394822", "Q26211927"], "environments": {"one": {"co-oc": 0.9998428728752466, "tf-idf": 0.5, "combined": 0.7499214364376233}, "four": {"co-oc": 7.856356237668108e-05, "tf-idf": 0.25, "combined": 0.12503928178118834}, "three": {"co-oc": 7.856356237668108e-05, "tf-idf": 0.25, "combined": 0.12503928178118834}, "two": {"co-oc": 0.0, "tf-idf": 0.0, "combined": 0.0}}}