{"name": "39002082683443", "type": "rank", "number_files": 29, "number_unknown": 1, "formats": ["Q29944783", "Q729366", "Q28055391", "Q27596243", "Q29944779", "Q50223812", "Q29944777", "Q3807693", "Q66811836", "Q29944773", "Q28205580", "Q29944782", "Q217570", "Q29944987", "Q194831", "Q29944780", "Q29944786", "Q28206771", "Q28600763", "Q1076355", "Q4045294", "Q58006953", "Q95994246", "Q29904540", "Q723030", "Q1882400", "Q27979410", "Q29944785", "Q59961105", "Q29944758", "Q684554", "Q27473691", "Q1343830", "Q16996920", "Q5448342", "Q27979156", "Q26549229", "Q5421818", "Q1662484", "Q47455968", "Q29944776", "Q28758102", "Q28205626", "Q28206310", "Q3928271", "Q1141412", "Q5153426"], "environments": {"one": {"co-oc": 0.5011440105681271, "tf-idf": 0.46666666666666673, "combined": 0.48390533861739693}, "two": {"co-oc": 0.49624928512625466, "tf-idf": 0.4333333333333334, "combined": 0.46479130922979406}, "three": {"co-oc": 0.0026062065121398937, "tf-idf": 0.06666666666666665, "combined": 0.034636436589403276}, "four": {"co-oc": 4.977934783398407e-07, "tf-idf": 0.033333333333333326, "combined": 0.016666915563405833}}}