{"name": "39002090067811", "type": "rank", "number_files": 16, "number_unknown": 0, "formats": ["Q194831", "Q26549229", "Q66134804", "Q1662484", "Q28600763", "Q1076355", "Q684554", "Q16996920", "Q4045294", "Q66811836", "Q1141412"], "environments": {"one": {"co-oc": 0.9997803294528543, "tf-idf": 0.6666666666666667, "combined": 0.8332234980597606}, "two": {"co-oc": 0.00021967054714572113, "tf-idf": 0.33333333333333337, "combined": 0.16677650194023955}, "four": {"co-oc": 0.0, "tf-idf": 0.0, "combined": 0.0}, "three": {"co-oc": 0.0, "tf-idf": 0.0, "combined": 0.0}}}