{"name": "39002067753989", "type": "rank", "number_files": 65, "number_unknown": 13, "formats": ["Q6026738", "Q28206894", "Q58725633", "Q360194", "Q751800", "Q1662484", "Q97033379", "Q1076355", "Q28600763", "Q684554", "Q27578057", "Q4045294", "Q27473828", "Q16996920", "Q4049344", "Q66811836", "Q260180"], "environments": {"one": {"co-oc": 0.3333333333333333, "tf-idf": 0.3333333333333333, "combined": 0.3333333333333333}, "three": {"co-oc": 0.3333333333333333, "tf-idf": 0.3333333333333333, "combined": 0.3333333333333333}, "two": {"co-oc": 0.3333333333333333, "tf-idf": 0.3333333333333333, "combined": 0.3333333333333333}, "four": {"co-oc": 0.0, "tf-idf": 0.0, "combined": 0.0}}}