{"name": "39002053677432", "type": "rank", "number_files": 150, "number_unknown": 9, "formats": ["Q28055391", "Q49798508", "Q729366", "Q3807693", "Q66811836", "Q49799747", "Q28205580", "Q29000651", "Q28600763", "Q1076355", "Q28206771", "Q49799499", "Q4045294", "Q34310996", "Q58006953", "Q58335773", "Q95994246", "Q1882400", "Q723030", "Q27979410", "Q3509055", "Q684554", "Q1343830", "Q16996920", "Q49798739", "Q27979156", "Q26549229", "Q58335745", "Q1662484", "Q10287816", "Q28206952", "Q28205626", "Q29000741", "Q1141412"], "environments": {"one": {"co-oc": 0.3333333333333333, "tf-idf": 0.3333333333333333, "combined": 0.3333333333333333}, "three": {"co-oc": 0.3333333333333333, "tf-idf": 0.3333333333333333, "combined": 0.3333333333333333}, "two": {"co-oc": 0.3333333333333333, "tf-idf": 0.3333333333333333, "combined": 0.3333333333333333}, "four": {"co-oc": 0.0, "tf-idf": 0.0, "combined": 0.0}}}