{"name": "39002076373480", "type": "rank", "number_files": 137, "number_unknown": 18, "formats": ["Q729366", "Q87066066", "Q49798508", "Q28344713", "Q49243488", "Q283579", "Q3807693", "Q29209269", "Q66811836", "Q28205580", "Q28771319", "Q49799747", "Q29000498", "Q28206359", "Q28206771", "Q85415853", "Q1076355", "Q28600763", "Q29000651", "Q49799499", "Q4045294", "Q34310996", "Q58006953", "Q95994246", "Q58335773", "Q29944206", "Q723030", "Q29435", "Q87066063", "Q3509055", "Q27967388", "Q684554", "Q19599377", "Q16996920", "Q1601835", "Q6043826", "Q49798739", "Q60615282", "Q287315", "Q27979156", "Q26549229", "Q58335745", "Q1662484", "Q28758103", "Q73675958", "Q49243748", "Q28205626", "Q28206952", "Q29944575", "Q29000741", "Q29650301", "Q27526866", "Q1141412"], "environments": {"one": {"co-oc": 0.3333333333333333, "tf-idf": 0.3333333333333333, "combined": 0.3333333333333333}, "three": {"co-oc": 0.3333333333333333, "tf-idf": 0.3333333333333333, "combined": 0.3333333333333333}, "two": {"co-oc": 0.3333333333333333, "tf-idf": 0.3333333333333333, "combined": 0.3333333333333333}, "four": {"co-oc": 0.0, "tf-idf": 0.0, "combined": 0.0}}}