{"name": "39002081408685", "type": "rank", "number_files": 980, "number_unknown": 56, "formats": ["Q28786544", "Q100135637", "Q8811", "Q29946898", "Q29946692", "Q48021763", "Q28206359", "Q26547266", "Q1072083", "Q26541013", "Q26085330", "Q1888930", "Q29946845", "Q48004607", "Q47498555", "Q26546575", "Q26085322", "Q66759482", "Q28600435", "Q59851506", "Q51035227", "Q99976195", "Q27487531", "Q66689327", "Q27229642", "Q47498565", "Q25339304", "Q28018479", "Q27229608", "Q60886323", "Q930281", "Q28206109", "Q26549229", "Q66134804", "Q47498745", "Q10287816", "Q2053", "Q433224", "Q29151645", "Q641213", "Q29000578", "Q47498538", "Q2043942", "Q51034969", "Q17092932", "Q47498749", "Q27967351", "Q29946866", "Q28600763", "Q60873199", "Q100136218", "Q29946713", "Q62626012", "Q26385770", "Q51837224", "Q16996920", "Q59851322", "Q27526733", "Q28206262", "Q28205824", "Q29946914", "Q26085319", "Q29946121", "Q1662484", "Q26329648", "Q1676669", "Q51035340", "Q47498736", "Q28600760", "Q27229565", "Q26085333", "Q178051", "Q34306669", "Q71178742", "Q3551300", "Q99973597", "Q29946883", "Q28858068", "Q26085336", "Q28205580", "Q29946829", "Q26547917", "Q452197", "Q29946726", "Q17073241", "Q28600453", "Q26543628", "Q26085339", "Q60806257", "Q796483", "Q29946810", "Q5533911", "Q288405", "Q653301", "Q26085317", "Q26545877", "Q72273742", "Q29946134", "Q2313301", "Q42332", "Q4042481", "Q48005022", "Q28206497", "Q673906", "Q28205626", "Q29946141", "Q166074", "Q28771320", "Q48004869", "Q729366", "Q27596243", "Q50378320", "Q28600421", "Q66811836", "Q26548590", "Q99973606", "Q2192", "Q45432", "Q28206771", "Q47498552", "Q60886160", "Q28600454", "Q27910000", "Q47498547", "Q28728783", "Q1952321", "Q52834888", "Q48021588", "Q684554", "Q29946771", "Q60806040", "Q27526739", "Q29946937", "Q100136960", "Q55429627", "Q2819247", "Q959950", "Q99184084", "Q100136955", "Q26085326"], "environments": {"one": {"co-oc": 0.4453544859066451, "tf-idf": 0.3731343283582091, "combined": 0.4092444071324271}, "four": {"co-oc": 0.28135044657152813, "tf-idf": 0.28358208955223885, "combined": 0.28246626806188346}, "two": {"co-oc": 0.2531880399717857, "tf-idf": 0.22388059701492533, "combined": 0.2385343184933555}, "three": {"co-oc": 0.02010702755004116, "tf-idf": 0.11940298507462684, "combined": 0.069755006312334}}}