{"name": "39002106109268", "type": "rank", "number_files": 370, "number_unknown": 0, "formats": ["Q27826464", "Q3807693", "Q66811836", "Q27826469", "Q34746472", "Q28600763", "Q1076355", "Q4045294", "Q58006953", "Q27826468", "Q27826466", "Q95994246", "Q723030", "Q684554", "Q16996920", "Q27526733", "Q5924007", "Q28206109", "Q27979156", "Q26549229", "Q1662484", "Q1676669", "Q99184084"], "environments": {"one": {"co-oc": 0.9987628734566886, "tf-idf": 0.4, "combined": 0.6993814367283443}, "four": {"co-oc": 0.0004123755144371776, "tf-idf": 0.2, "combined": 0.1002061877572186}, "three": {"co-oc": 0.0004123755144371776, "tf-idf": 0.2, "combined": 0.1002061877572186}, "two": {"co-oc": 0.0004123755144371776, "tf-idf": 0.2, "combined": 0.1002061877572186}}}