{"name": "39002083663113", "type": "rank", "number_files": 2243, "number_unknown": 46, "formats": ["Q61971919", "Q27596243", "Q729366", "Q28205488", "Q51954521", "Q66811836", "Q51954585", "Q47539061", "Q28205580", "Q61971917", "Q27596184", "Q60628005", "Q51751573", "Q28205846", "Q28206284", "Q217570", "Q17138473", "Q60628025", "Q28207252", "Q58103465", "Q28206771", "Q28600763", "Q1076355", "Q44933672", "Q4045294", "Q27979508", "Q28755628", "Q3596396", "Q52834849", "Q684554", "Q28207516", "Q16996920", "Q34747168", "Q29904539", "Q1662484", "Q27487130", "Q27966906", "Q28205807", "Q28205626", "Q28205955", "Q48809727"], "environments": {"three": {"co-oc": 0.4063505394463747, "tf-idf": 0.4285714285714286, "combined": 0.41746098400890164}, "one": {"co-oc": 0.2968247302768126, "tf-idf": 0.2857142857142857, "combined": 0.2912695079955492}, "two": {"co-oc": 0.2968247302768126, "tf-idf": 0.2857142857142857, "combined": 0.2912695079955492}, "four": {"co-oc": 0.0, "tf-idf": 0.0, "combined": 0.0}}}