{"name": "39002082716425", "type": "rank", "number_files": 690, "number_unknown": 58, "formats": ["Q6026738", "Q27578057", "Q100135637", "Q3807693", "Q3359832", "Q194831", "Q28206359", "Q58725633", "Q47498555", "Q28205736", "Q95994246", "Q66759482", "Q59851506", "Q27967223", "Q47498500", "Q99976195", "Q27487531", "Q1601835", "Q47498565", "Q25339304", "Q5924007", "Q28206109", "Q26549229", "Q66134804", "Q27866092", "Q47455968", "Q29944776", "Q47498745", "Q73675958", "Q29944575", "Q27866121", "Q29650342", "Q87066066", "Q27967203", "Q641213", "Q18245359", "Q29000578", "Q47498538", "Q27826469", "Q34746472", "Q47498749", "Q27967351", "Q85415853", "Q28600763", "Q58006953", "Q100136218", "Q58335773", "Q29944206", "Q29435", "Q27979410", "Q3509055", "Q27866120", "Q87066063", "Q59961105", "Q1343830", "Q27596100", "Q59851322", "Q16996920", "Q4049344", "Q287315", "Q27866114", "Q1662484", "Q28758102", "Q1676669", "Q47498736", "Q3928271", "Q28600760", "Q79241659", "Q1141412", "Q178051", "Q27967144", "Q28055391", "Q27866113", "Q34306669", "Q27996279", "Q71178742", "Q3551300", "Q49243488", "Q27826464", "Q99973597", "Q29944777", "Q29944773", "Q260180", "Q28205580", "Q29944782", "Q27596184", "Q452197", "Q27866110", "Q29944987", "Q29944786", "Q1076355", "Q28206788", "Q796483", "Q67123973", "Q27826466", "Q27866118", "Q723030", "Q28206894", "Q29650308", "Q1370814", "Q380665", "Q27967404", "Q653301", "Q63061679", "Q27596325", "Q72273742", "Q2313301", "Q4042481", "Q49243748", "Q28205626", "Q166074", "Q28771320", "Q29944783", "Q729366", "Q27596243", "Q67123986", "Q29944779", "Q27596417", "Q29650305", "Q50378320", "Q28600421", "Q66811836", "Q99973606", "Q45432", "Q29944780", "Q28206771", "Q47498552", "Q28205674", "Q4045294", "Q28445577", "Q47498547", "Q27910000", "Q28728783", "Q27826468", "Q1882400", "Q29944785", "Q29944758", "Q684554", "Q27473691", "Q28207499", "Q89029185", "Q49414097", "Q27979156", "Q28205733", "Q100136960", "Q27866112", "Q2819247", "Q959950", "Q99184084", "Q100136955", "Q28206310", "Q27967218"], "environments": {"one": {"co-oc": 0.5164023008051579, "tf-idf": 0.42857142857142866, "combined": 0.47248686468829326}, "two": {"co-oc": 0.4617033513872306, "tf-idf": 0.30952380952380953, "combined": 0.3856135804555201}, "four": {"co-oc": 0.01663252372694924, "tf-idf": 0.14285714285714285, "combined": 0.07974483329204604}, "three": {"co-oc": 0.005261824080662018, "tf-idf": 0.11904761904761903, "combined": 0.06215472156414052}}}