{"name": "39002103624541", "type": "rank", "number_files": 747, "number_unknown": 2, "formats": ["Q29944783", "Q6026738", "Q46118194", "Q61971919", "Q29944779", "Q51954521", "Q27578057", "Q28786544", "Q67383890", "Q29944777", "Q8811", "Q3807693", "Q51753051", "Q29944773", "Q51954585", "Q29944782", "Q61971917", "Q60628005", "Q27487109", "Q51753252", "Q29944987", "Q58725633", "Q29944780", "Q29944786", "Q60628025", "Q1076355", "Q44933672", "Q27487512", "Q4045294", "Q58237034", "Q59999470", "Q1888930", "Q48814895", "Q58006953", "Q27487522", "Q62626012", "Q95994246", "Q723030", "Q28206894", "Q27486884", "Q52834849", "Q29944785", "Q27487343", "Q29944758", "Q59999653", "Q28207085", "Q28206109", "Q27979156", "Q26549229", "Q66134804", "Q27487130", "Q29944776", "Q1676669", "Q2053", "Q99184084", "Q166074", "Q1141412"], "environments": {"one": {"co-oc": 0.5268607407903969, "tf-idf": 0.4838709677419355, "combined": 0.5053658542661662}, "two": {"co-oc": 0.4729326396461935, "tf-idf": 0.41935483870967744, "combined": 0.4461437391779355}, "three": {"co-oc": 0.00020614963781054497, "tf-idf": 0.06451612903225805, "combined": 0.032361139335034296}, "four": {"co-oc": 4.6992559906883217e-07, "tf-idf": 0.032258064516129024, "combined": 0.016129267220864045}}}