{"name": "39002052696482", "type": "rank", "number_files": 2199, "number_unknown": 2, "formats": ["Q29151645", "Q28206109", "Q288405", "Q17073241", "Q28786544", "Q673906", "Q1676669", "Q8811", "Q2053", "Q1888930", "Q99184084", "Q166074", "Q62626012"], "environments": {"one": {"co-oc": 0.9993443121518264, "tf-idf": 0.4, "combined": 0.6996721560759132}, "four": {"co-oc": 0.0002185626160578934, "tf-idf": 0.2, "combined": 0.10010928130802896}, "three": {"co-oc": 0.0002185626160578934, "tf-idf": 0.2, "combined": 0.10010928130802896}, "two": {"co-oc": 0.0002185626160578934, "tf-idf": 0.2, "combined": 0.10010928130802896}}}