{"name": "39002037652352", "type": "rank", "number_files": 1928, "number_unknown": 200, "formats": ["Q28205488", "Q27866059", "Q3807693", "Q27967123", "Q27823195", "Q194831", "Q28207227", "Q28206359", "Q47233167", "Q28206147", "Q85413178", "Q28600412", "Q28755606", "Q28205736", "Q95994246", "Q28858032", "Q49243071", "Q28207384", "Q28758111", "Q29000718", "Q26211874", "Q1502796", "Q6043826", "Q28009496", "Q32097899", "Q28206109", "Q27967108", "Q66134804", "Q10394822", "Q28975875", "Q19599377", "Q28347555", "Q81526237", "Q29000691", "Q34747804", "Q26211840", "Q28344713", "Q27866063", "Q28771319", "Q4545331", "Q17092932", "Q6753724", "Q28600763", "Q81526528", "Q29167436", "Q336284", "Q81526664", "Q58006953", "Q28205883", "Q6912474", "Q32097740", "Q28758114", "Q27231651", "Q26385770", "Q27866062", "Q27596100", "Q16996920", "Q3513566", "Q28206262", "Q27231654", "Q26211940", "Q1063976", "Q479833", "Q28205372", "Q28207108", "Q1662484", "Q26329648", "Q26211957", "Q1676669", "Q26211948", "Q26211927", "Q1141412", "Q66439259", "Q27231634", "Q2138624", "Q26211915", "Q28205580", "Q28758112", "Q27596184", "Q28205439", "Q1601331", "Q29000715", "Q29650304", "Q1076355", "Q28206788", "Q26211905", "Q26211954", "Q723030", "Q26211936", "Q28205771", "Q27967388", "Q27596325", "Q63061679", "Q26211975", "Q27967091", "Q47512572", "Q939636", "Q5532250", "Q85413270", "Q28206497", "Q28205626", "Q28049770", "Q26211983", "Q729366", "Q27596243", "Q27596417", "Q29650305", "Q66811836", "Q29000498", "Q28018470", "Q26211965", "Q28206771", "Q28205674", "Q4045294", "Q27487424", "Q28755621", "Q26211931", "Q1952321", "Q26211958", "Q26211977", "Q28975654", "Q28018471", "Q29465378", "Q684554", "Q26211978", "Q28205862", "Q7670377", "Q28207379", "Q26211891", "Q28207499", "Q28206568", "Q2193155", "Q28205733", "Q27979156", "Q28206138", "Q99184084"], "environments": {"one": {"co-oc": 0.8371404437001929, "tf-idf": 0.4, "combined": 0.6185702218500965}, "three": {"co-oc": 0.07674932934629622, "tf-idf": 0.26666666666666666, "combined": 0.17170799800648145}, "two": {"co-oc": 0.04695224275361495, "tf-idf": 0.13333333333333333, "combined": 0.09014278804347414}, "four": {"co-oc": 0.039157984199895954, "tf-idf": 0.2, "combined": 0.11957899209994799}}}