{"name": "39002079166014", "type": "rank", "number_files": 63, "number_unknown": 0, "formats": ["Q729366", "Q29011569", "Q29011538", "Q29017314", "Q29011315", "Q29017304", "Q29011514", "Q66811836", "Q28205580", "Q29011579", "Q29011271", "Q29012190", "Q29011710", "Q29011549", "Q28206771", "Q28600763", "Q29017312", "Q1076355", "Q29012206", "Q29011484", "Q29011365", "Q29012224", "Q29011347", "Q4045294", "Q307271", "Q29012350", "Q28858032", "Q29017311", "Q29011646", "Q29011892", "Q29011774", "Q29012285", "Q684554", "Q16996920", "Q29017306", "Q29011363", "Q29011357", "Q29017309", "Q29012120", "Q29011358", "Q29011824", "Q26549229", "Q66134804", "Q1662484", "Q29012054", "Q29011223", "Q29011566", "Q1676669", "Q29011361", "Q28205626", "Q29011079", "Q99184084", "Q29011977", "Q178051"], "environments": {"one": {"co-oc": 0.4899142856303221, "tf-idf": 0.39999999999999997, "combined": 0.444957142815161}, "three": {"co-oc": 0.2744186534444423, "tf-idf": 0.3, "combined": 0.2872093267222211}, "four": {"co-oc": 0.23565183299433387, "tf-idf": 0.19999999999999998, "combined": 0.21782591649716693}, "two": {"co-oc": 1.5227930901811173e-05, "tf-idf": 0.09999999999999999, "combined": 0.0500076139654509}}}