{"name": "39002076240341", "type": "rank", "number_files": 1655, "number_unknown": 0, "formats": ["Q723030", "Q27979156", "Q66134804", "Q1662484", "Q28600763", "Q684554", "Q16996920", "Q27526733", "Q3807693", "Q1676669", "Q66811836", "Q99184084", "Q58006953", "Q95994246"], "environments": {"one": {"co-oc": 0.9998248422368187, "tf-idf": 0.5, "combined": 0.7499124211184094}, "four": {"co-oc": 8.757888159067438e-05, "tf-idf": 0.25, "combined": 0.12504378944079533}, "three": {"co-oc": 8.757888159067438e-05, "tf-idf": 0.25, "combined": 0.12504378944079533}, "two": {"co-oc": 0.0, "tf-idf": 0.0, "combined": 0.0}}}