{"name": "39002104462164", "type": "rank", "number_files": 964, "number_unknown": 479, "formats": ["Q777561", "Q83489235", "Q28786544", "Q3807693", "Q61641368", "Q29209269", "Q8811", "Q61639409", "Q28206147", "Q1888930", "Q95994246", "Q28858032", "Q60000066", "Q26211874", "Q48782238", "Q6043826", "Q686498", "Q28858039", "Q28858037", "Q10287816", "Q2053", "Q29650301", "Q10394822", "Q29151645", "Q26211840", "Q28858041", "Q28771319", "Q28858038", "Q28858042", "Q58006953", "Q28205883", "Q62626012", "Q51801746", "Q27979410", "Q1343830", "Q26211940", "Q48782202", "Q28858035", "Q63061396", "Q26211957", "Q26211948", "Q26211927", "Q28858044", "Q28055391", "Q283579", "Q63061514", "Q26211915", "Q17073241", "Q1076355", "Q26211905", "Q3959179", "Q85621726", "Q26211954", "Q723030", "Q26211936", "Q288405", "Q26211975", "Q47512572", "Q28600476", "Q85621806", "Q5532250", "Q67123937", "Q62664770", "Q673906", "Q66439286", "Q48915661", "Q1817318", "Q26211983", "Q166074", "Q62664735", "Q48782394", "Q29000498", "Q28206508", "Q26211965", "Q4045294", "Q48782098", "Q26211931", "Q26211958", "Q26211977", "Q1882400", "Q26211978", "Q34285652", "Q26211891", "Q218170", "Q27979156", "Q28206138", "Q60628185", "Q28758103", "Q99184084", "Q28205595"], "environments": {"one": {"co-oc": 0.4957499345295605, "tf-idf": 0.43749999999999994, "combined": 0.4666249672647802}, "two": {"co-oc": 0.4957499345295605, "tf-idf": 0.43749999999999994, "combined": 0.4666249672647802}, "three": {"co-oc": 0.008500130940878906, "tf-idf": 0.125, "combined": 0.06675006547043945}, "four": {"co-oc": 0.0, "tf-idf": 0.0, "combined": 0.0}}}