{"name": "39002096914495", "type": "rank", "number_files": 569, "number_unknown": 0, "formats": ["Q26385770", "Q28206359", "Q66134804", "Q28206497", "Q26329648", "Q1676669", "Q28206262", "Q1952321", "Q17092932"], "environments": {"one": {"co-oc": 0.9998718796320204, "tf-idf": 0.5, "combined": 0.7499359398160101}, "four": {"co-oc": 6.406018398980575e-05, "tf-idf": 0.25, "combined": 0.1250320300919949}, "three": {"co-oc": 6.406018398980575e-05, "tf-idf": 0.25, "combined": 0.1250320300919949}, "two": {"co-oc": 0.0, "tf-idf": 0.0, "combined": 0.0}}}