{"name": "39002101983865", "type": "rank", "number_files": 95, "number_unknown": 17, "formats": ["Q751800", "Q28786544", "Q8811", "Q29946898", "Q29946692", "Q28206359", "Q26547266", "Q47455466", "Q26541013", "Q26085330", "Q1888930", "Q29946845", "Q47498555", "Q26546575", "Q26085322", "Q47498565", "Q5924007", "Q26549229", "Q47498745", "Q2053", "Q66244789", "Q29151645", "Q47498538", "Q2043942", "Q27826469", "Q34746472", "Q17092932", "Q47498749", "Q29946866", "Q28600763", "Q623334", "Q29946713", "Q62626012", "Q26385770", "Q1343830", "Q16996920", "Q28206262", "Q27526733", "Q4049344", "Q29946914", "Q28758002", "Q26085319", "Q29946121", "Q1662484", "Q380319", "Q26329648", "Q1676669", "Q47498736", "Q26085333", "Q1141412", "Q47455565", "Q27826464", "Q29946883", "Q26085336", "Q28205580", "Q29946829", "Q260180", "Q26547917", "Q28777715", "Q29946726", "Q4042979", "Q17073241", "Q1076355", "Q26543628", "Q26085339", "Q29946810", "Q5533911", "Q27826466", "Q288405", "Q26085317", "Q26545877", "Q29946134", "Q42332", "Q62664835", "Q28206497", "Q673906", "Q28205626", "Q29946141", "Q166074", "Q729366", "Q66811836", "Q26548590", "Q10397009", "Q2192", "Q28206771", "Q47498552", "Q4045294", "Q47498547", "Q27826468", "Q1952321", "Q684554", "Q29946771", "Q27526739", "Q29946937", "Q1882110", "Q55429627", "Q26085326"], "environments": {"one": {"co-oc": 0.3711416316663974, "tf-idf": 0.35, "combined": 0.3605708158331987}, "two": {"co-oc": 0.3342227947152129, "tf-idf": 0.3, "combined": 0.3171113973576064}, "four": {"co-oc": 0.2822169736099926, "tf-idf": 0.25, "combined": 0.2661084868049963}, "three": {"co-oc": 0.012418600008397097, "tf-idf": 0.09999999999999999, "combined": 0.05620930000419855}}}