{"name": "39002041998056", "type": "rank", "number_files": 44, "number_unknown": 18, "formats": ["Q1144005", "Q28344021", "Q27596243", "Q729366", "Q55758993", "Q29650793", "Q55758988", "Q3807693", "Q87816075", "Q28205580", "Q50809753", "Q856364", "Q27967123", "Q28207256", "Q28206771", "Q1076355", "Q2119595", "Q50809751", "Q28207363", "Q4045294", "Q3406936", "Q58006953", "Q95994246", "Q723030", "Q58799889", "Q7311459", "Q28206843", "Q28206568", "Q29000614", "Q27979156", "Q50809785", "Q28205626", "Q27967113"], "environments": {"one": {"co-oc": 0.3333333333333333, "tf-idf": 0.33333333333333337, "combined": 0.33333333333333337}, "three": {"co-oc": 0.3333333333333333, "tf-idf": 0.33333333333333337, "combined": 0.33333333333333337}, "two": {"co-oc": 0.3333333333333333, "tf-idf": 0.33333333333333337, "combined": 0.33333333333333337}, "four": {"co-oc": 0.0, "tf-idf": 0.0, "combined": 0.0}}}