{"name": "39002104461851", "type": "rank", "number_files": 159, "number_unknown": 1, "formats": ["Q28347555", "Q28344713", "Q28771319", "Q29000498", "Q217570", "Q2192", "Q4045294", "Q28206147", "Q28755621", "Q27967388", "Q10610388", "Q27526733", "Q27967091", "Q47512572", "Q6043826", "Q27526739", "Q28206109", "Q28206138", "Q672985", "Q1676669", "Q99184084", "Q19599377", "Q1141412"], "environments": {"one": {"co-oc": 0.6066157955925076, "tf-idf": 0.39999999999999997, "combined": 0.5033078977962537}, "three": {"co-oc": 0.29625294668942526, "tf-idf": 0.26666666666666666, "combined": 0.28145980667804593}, "two": {"co-oc": 0.07013267579537617, "tf-idf": 0.19999999999999998, "combined": 0.13506633789768807}, "four": {"co-oc": 0.026998581922691015, "tf-idf": 0.13333333333333333, "combined": 0.08016595762801218}}}