{"name": "39002069126051", "type": "rank", "number_files": 135, "number_unknown": 0, "formats": ["Q28206109", "Q26549229", "Q1662484", "Q28600763", "Q684554", "Q16996920", "Q1676669", "Q10610388", "Q66811836", "Q99184084", "Q5924007", "Q479833"], "environments": {"one": {"co-oc": 0.4998062612353864, "tf-idf": 0.3333333333333333, "combined": 0.41656979728435983}, "three": {"co-oc": 0.4998062612353864, "tf-idf": 0.3333333333333333, "combined": 0.41656979728435983}, "four": {"co-oc": 0.00019373876461362732, "tf-idf": 0.16666666666666666, "combined": 0.08343020271564014}, "two": {"co-oc": 0.00019373876461362732, "tf-idf": 0.16666666666666666, "combined": 0.08343020271564014}}}