{"name": "39002102905818", "type": "rank", "number_files": 350, "number_unknown": 0, "formats": ["Q729366", "Q27596243", "Q27596417", "Q27826464", "Q3807693", "Q66811836", "Q28205580", "Q27826469", "Q27596184", "Q34746472", "Q28206771", "Q28600763", "Q1076355", "Q28205674", "Q28206788", "Q4045294", "Q58006953", "Q27826468", "Q28205736", "Q27826466", "Q95994246", "Q723030", "Q684554", "Q27596100", "Q16996920", "Q27596325", "Q63061679", "Q28207499", "Q5924007", "Q28205733", "Q27979156", "Q28206109", "Q66134804", "Q1662484", "Q1676669", "Q28205626", "Q99184084"], "environments": {"one": {"co-oc": 0.9215200990101896, "tf-idf": 0.4285714285714286, "combined": 0.6750457637908092}, "three": {"co-oc": 0.07838562989673231, "tf-idf": 0.2857142857142857, "combined": 0.182049957805509}, "four": {"co-oc": 4.713554653897119e-05, "tf-idf": 0.14285714285714285, "combined": 0.07145213920184092}, "two": {"co-oc": 4.713554653897119e-05, "tf-idf": 0.14285714285714285, "combined": 0.07145213920184092}}}