{"name": "39002053673274", "type": "rank", "number_files": 1298, "number_unknown": 2, "formats": ["Q29151645", "Q27826464", "Q28786544", "Q3807693", "Q8811", "Q27826469", "Q34746472", "Q17073241", "Q4045294", "Q1888930", "Q58006953", "Q27826468", "Q62626012", "Q95994246", "Q27826466", "Q723030", "Q921122", "Q288405", "Q27526733", "Q5924007", "Q28206109", "Q27979156", "Q673906", "Q1676669", "Q2053", "Q99184084", "Q28205588", "Q166074", "Q79241659", "Q178051"], "environments": {"one": {"co-oc": 0.5236807871227532, "tf-idf": 0.4, "combined": 0.4618403935613766}, "four": {"co-oc": 0.2149683471213213, "tf-idf": 0.2, "combined": 0.20748417356066065}, "three": {"co-oc": 0.2149683471213213, "tf-idf": 0.2, "combined": 0.20748417356066065}, "two": {"co-oc": 0.046382518634604186, "tf-idf": 0.2, "combined": 0.1231912593173021}}}