{"name": "39002104462289", "type": "rank", "number_files": 1227, "number_unknown": 87, "formats": ["Q28858044", "Q48782394", "Q63061514", "Q28858041", "Q29209269", "Q3807693", "Q61641368", "Q27967123", "Q53756539", "Q61639409", "Q27979378", "Q1076355", "Q28858038", "Q817650", "Q28858042", "Q4045294", "Q28206147", "Q48782098", "Q58006953", "Q28205883", "Q85621726", "Q95994246", "Q28858032", "Q723030", "Q51801746", "Q53756551", "Q60000066", "Q48782238", "Q47512572", "Q48782202", "Q686498", "Q85621806", "Q28858035", "Q218170", "Q62664770", "Q27979156", "Q63061396", "Q28206138", "Q28858039", "Q28858037", "Q60628185", "Q28758103", "Q66439286", "Q48915661", "Q29650301", "Q62664735"], "environments": {"one": {"co-oc": 0.4999974524311968, "tf-idf": 0.46153846153846156, "combined": 0.4807679569848292}, "two": {"co-oc": 0.4999974524311968, "tf-idf": 0.46153846153846156, "combined": 0.4807679569848292}, "three": {"co-oc": 5.095137606359238e-06, "tf-idf": 0.07692307692307693, "combined": 0.03846408603034164}, "four": {"co-oc": 0.0, "tf-idf": 0.0, "combined": 0.0}}}