{"name": "39002044547413", "type": "rank", "number_files": 99, "number_unknown": 6, "formats": ["Q729366", "Q27596243", "Q1144005", "Q34747804", "Q66439259", "Q48106551", "Q28205488", "Q28055391", "Q49243488", "Q3807693", "Q28205580", "Q28758112", "Q51034969", "Q1601331", "Q194831", "Q29650304", "Q28206771", "Q47233167", "Q1076355", "Q28600453", "Q81526528", "Q4045294", "Q28600454", "Q28600412", "Q58006953", "Q81526664", "Q6912474", "Q32097740", "Q28755606", "Q95994246", "Q723030", "Q1882400", "Q51837224", "Q27979410", "Q28600435", "Q27967388", "Q51035227", "Q1343830", "Q27526733", "Q28009496", "Q930281", "Q28206109", "Q27979156", "Q32097899", "Q28207108", "Q28758102", "Q28205626", "Q51035340", "Q28049770", "Q1141412", "Q81526237"], "environments": {"two": {"co-oc": 0.6077392717459084, "tf-idf": 0.28571428571428575, "combined": 0.44672677873009703}, "three": {"co-oc": 0.39195382610973706, "tf-idf": 0.42857142857142866, "combined": 0.41026262734058283}, "four": {"co-oc": 0.00015345107217728577, "tf-idf": 0.14285714285714288, "combined": 0.07150529696466008}, "one": {"co-oc": 0.00015345107217728577, "tf-idf": 0.14285714285714288, "combined": 0.07150529696466008}}}