{"name": "39002042129230", "type": "rank", "number_files": 204, "number_unknown": 17, "formats": ["Q6026738", "Q87066066", "Q49798508", "Q49243488", "Q27578057", "Q3807693", "Q66811836", "Q49799747", "Q58725633", "Q28206359", "Q29000651", "Q28600763", "Q1076355", "Q85415853", "Q49799499", "Q4045294", "Q58237034", "Q34310996", "Q58006953", "Q95994246", "Q58335773", "Q29944206", "Q723030", "Q28206894", "Q29435", "Q3509055", "Q87066063", "Q684554", "Q16996920", "Q1601835", "Q49798739", "Q60615282", "Q287315", "Q27979156", "Q26549229", "Q58335745", "Q1662484", "Q73675958", "Q49243748", "Q28206952", "Q29944575", "Q29000741", "Q27526866", "Q1141412"], "environments": {"one": {"co-oc": 0.3333333333333333, "tf-idf": 0.3333333333333333, "combined": 0.3333333333333333}, "three": {"co-oc": 0.3333333333333333, "tf-idf": 0.3333333333333333, "combined": 0.3333333333333333}, "two": {"co-oc": 0.3333333333333333, "tf-idf": 0.3333333333333333, "combined": 0.3333333333333333}, "four": {"co-oc": 0.0, "tf-idf": 0.0, "combined": 0.0}}}