{"name": "39002086976223", "type": "rank", "number_files": 94, "number_unknown": 0, "formats": ["Q28206109", "Q26549229", "Q1662484", "Q28600763", "Q1076355", "Q684554", "Q4045294", "Q1676669", "Q16996920", "Q66811836", "Q99184084"], "environments": {"one": {"co-oc": 0.9996477171089382, "tf-idf": 0.39999999999999997, "combined": 0.699823858554469}, "four": {"co-oc": 0.00011742763035395337, "tf-idf": 0.19999999999999998, "combined": 0.10005871381517698}, "three": {"co-oc": 0.00011742763035395337, "tf-idf": 0.19999999999999998, "combined": 0.10005871381517698}, "two": {"co-oc": 0.00011742763035395337, "tf-idf": 0.19999999999999998, "combined": 0.10005871381517698}}}