{"name": "39002098611537", "type": "rank", "number_files": 141, "number_unknown": 0, "formats": ["Q729366", "Q29011569", "Q29011538", "Q29017314", "Q29011315", "Q29017304", "Q27826464", "Q29011514", "Q66811836", "Q28205580", "Q27826469", "Q29011579", "Q29011271", "Q29012190", "Q29011710", "Q34746472", "Q29011549", "Q28206771", "Q28600763", "Q1076355", "Q29017312", "Q4045294", "Q29011484", "Q29012206", "Q29011365", "Q29012224", "Q29011347", "Q336284", "Q27826468", "Q27826466", "Q29012350", "Q29017311", "Q29011646", "Q29011892", "Q29011774", "Q684554", "Q29012285", "Q16996920", "Q29017306", "Q42591", "Q29011363", "Q29011357", "Q29017309", "Q29012120", "Q29011358", "Q29011824", "Q28206109", "Q26549229", "Q1662484", "Q29012054", "Q29011223", "Q29011566", "Q1676669", "Q29011361", "Q28205626", "Q29011079", "Q99184084", "Q29011977", "Q178051"], "environments": {"three": {"co-oc": 0.3871366191185629, "tf-idf": 0.3076923076923077, "combined": 0.3474144634054353}, "one": {"co-oc": 0.3302545417081497, "tf-idf": 0.3076923076923077, "combined": 0.3189734247002287}, "four": {"co-oc": 0.2662067637133957, "tf-idf": 0.23076923076923078, "combined": 0.24848799724131324}, "two": {"co-oc": 0.016402075459891693, "tf-idf": 0.15384615384615385, "combined": 0.08512411465302278}}}