{"name": "39002069134717", "type": "rank", "number_files": 41, "number_unknown": 6, "formats": ["Q27596243", "Q1662484", "Q28600763", "Q1076355", "Q1258721", "Q684554", "Q942350", "Q4045294", "Q28600764", "Q16996920", "Q66811836", "Q27960082", "Q61984341", "Q1141412"], "environments": {"two": {"co-oc": 0.9996367342569061, "tf-idf": 0.5, "combined": 0.7498183671284531}, "one": {"co-oc": 0.00018163287154697398, "tf-idf": 0.25, "combined": 0.1250908164357735}, "three": {"co-oc": 0.00018163287154697398, "tf-idf": 0.25, "combined": 0.1250908164357735}, "four": {"co-oc": 0.0, "tf-idf": 0.0, "combined": 0.0}}}