{"name": "39002100426593", "type": "rank", "number_files": 829, "number_unknown": 10, "formats": ["Q1662484", "Q28600763", "Q1076355", "Q684554", "Q942350", "Q16996920", "Q4045294", "Q28600764", "Q1676669", "Q66811836", "Q1569639", "Q61777776", "Q307271"], "environments": {"three": {"co-oc": 0.5888829675358647, "tf-idf": 0.22222222222222224, "combined": 0.40555259487904344}, "one": {"co-oc": 0.25509788416556856, "tf-idf": 0.33333333333333337, "combined": 0.29421560874945096}, "two": {"co-oc": 0.08672257578080834, "tf-idf": 0.22222222222222224, "combined": 0.1544723990015153}, "four": {"co-oc": 0.06929657251775848, "tf-idf": 0.22222222222222224, "combined": 0.14575939736999036}}}