{"name": "39002083152018", "type": "rank", "number_files": 28, "number_unknown": 0, "formats": ["Q48005022", "Q66134804", "Q1662484", "Q28600763", "Q1076355", "Q684554", "Q48004869", "Q48021588", "Q48021763", "Q16996920", "Q4045294", "Q66811836", "Q48004607", "Q1141412"], "environments": {"one": {"co-oc": 0.9999956013581883, "tf-idf": 0.8571428571428572, "combined": 0.9285692292505228}, "two": {"co-oc": 4.398641811725207e-06, "tf-idf": 0.14285714285714285, "combined": 0.07143077074947729}, "four": {"co-oc": 0.0, "tf-idf": 0.0, "combined": 0.0}, "three": {"co-oc": 0.0, "tf-idf": 0.0, "combined": 0.0}}}