{"name": "39002053569829", "type": "rank", "number_files": 4219, "number_unknown": 33, "formats": ["Q29011569", "Q29011538", "Q751800", "Q29017304", "Q28786544", "Q3807693", "Q8811", "Q29011710", "Q194831", "Q47233167", "Q29011365", "Q34312718", "Q1888930", "Q28755606", "Q29012350", "Q95994246", "Q49989019", "Q29011646", "Q29017306", "Q29011357", "Q28009496", "Q5924007", "Q29011824", "Q29011358", "Q32097899", "Q28206109", "Q47455968", "Q34312151", "Q29011361", "Q2053", "Q28205588", "Q29011977", "Q81526237", "Q34747804", "Q29011514", "Q28600764", "Q27826469", "Q34746472", "Q29011271", "Q29011579", "Q28600763", "Q29017312", "Q81526528", "Q29012206", "Q29012224", "Q98815369", "Q81526664", "Q58006953", "Q6912474", "Q32097740", "Q62626012", "Q27979410", "Q1343830", "Q16996920", "Q27526733", "Q34312361", "Q29012120", "Q28207108", "Q1662484", "Q29011223", "Q28758102", "Q27923693", "Q1676669", "Q3928271", "Q79241659", "Q1141412", "Q28055391", "Q66439259", "Q48106551", "Q27826464", "Q28205580", "Q28758112", "Q29011549", "Q1601331", "Q29650304", "Q28205367", "Q1076355", "Q34312565", "Q29011484", "Q27826466", "Q723030", "Q29011892", "Q29011774", "Q29012285", "Q27967388", "Q29011363", "Q939636", "Q29012054", "Q29011566", "Q28205626", "Q29011079", "Q28049770", "Q166074", "Q729366", "Q27596243", "Q29017314", "Q29011315", "Q604279", "Q66811836", "Q29012190", "Q28344736", "Q28206771", "Q4045294", "Q28445577", "Q29011347", "Q27826468", "Q921122", "Q1882400", "Q29017311", "Q684554", "Q27473691", "Q942350", "Q27925722", "Q29017309", "Q27979156", "Q50498413", "Q99184084", "Q28206310"], "environments": {"one": {"co-oc": 0.34732982802771734, "tf-idf": 0.3125, "combined": 0.32991491401385864}, "three": {"co-oc": 0.27359297324779636, "tf-idf": 0.25, "combined": 0.2617964866238982}, "two": {"co-oc": 0.26198874811934675, "tf-idf": 0.25, "combined": 0.2559943740596734}, "four": {"co-oc": 0.11708845060513944, "tf-idf": 0.1875, "combined": 0.15229422530256972}}}