{"name": "39002077082478", "type": "rank", "number_files": 32, "number_unknown": 12, "formats": ["Q729366", "Q1144005", "Q27596243", "Q28055391", "Q34747804", "Q66439259", "Q28205580", "Q28758112", "Q1601331", "Q29650304", "Q28206771", "Q47233167", "Q81526528", "Q4045294", "Q81526664", "Q6912474", "Q32097740", "Q28755606", "Q1882400", "Q27979410", "Q1343830", "Q28009496", "Q32097899", "Q28207108", "Q28205626", "Q28049770", "Q81526237"], "environments": {"two": {"co-oc": 0.7652928236560952, "tf-idf": 0.33333333333333337, "combined": 0.5493130784947142}, "three": {"co-oc": 0.23441644208058732, "tf-idf": 0.33333333333333337, "combined": 0.28387488770696034}, "four": {"co-oc": 0.00014536713165882637, "tf-idf": 0.16666666666666669, "combined": 0.08340601689916276}, "one": {"co-oc": 0.00014536713165882637, "tf-idf": 0.16666666666666669, "combined": 0.08340601689916276}}}