{"name": "39002064048441", "type": "rank", "number_files": 11, "number_unknown": 0, "formats": ["Q66439259", "Q34747804", "Q66811836", "Q28758112", "Q1601331", "Q29650304", "Q28018470", "Q28600763", "Q47233167", "Q81526528", "Q1076355", "Q336284", "Q4045294", "Q81526664", "Q6912474", "Q32097740", "Q28755606", "Q28018471", "Q684554", "Q16996920", "Q28009496", "Q32097899", "Q28207108", "Q1662484", "Q28049770", "Q81526237"], "environments": {"one": {"co-oc": 0.8868492173133609, "tf-idf": 0.42857142857142855, "combined": 0.6577103229423947}, "two": {"co-oc": 0.11310493701491892, "tf-idf": 0.2857142857142857, "combined": 0.1994096113646023}, "four": {"co-oc": 2.2922835860207843e-05, "tf-idf": 0.14285714285714285, "combined": 0.07144003284650152}, "three": {"co-oc": 2.2922835860207843e-05, "tf-idf": 0.14285714285714285, "combined": 0.07144003284650152}}}