{"name": "39002068850545", "type": "rank", "number_files": 390, "number_unknown": 24, "formats": ["Q729366", "Q49798508", "Q34747804", "Q66439259", "Q28055391", "Q48106551", "Q27596243", "Q66811836", "Q28205580", "Q49799747", "Q28758112", "Q217570", "Q1601331", "Q194831", "Q29650304", "Q28206771", "Q28600763", "Q1076355", "Q47233167", "Q81526528", "Q49799499", "Q4045294", "Q34310996", "Q81526664", "Q6912474", "Q32097740", "Q28755606", "Q58335773", "Q1882400", "Q27979410", "Q3509055", "Q27967388", "Q684554", "Q27473691", "Q1343830", "Q16996920", "Q49798739", "Q28009496", "Q32097899", "Q28206109", "Q26549229", "Q58335745", "Q1662484", "Q47455968", "Q28207108", "Q28758102", "Q1676669", "Q28206952", "Q28205626", "Q28206310", "Q99184084", "Q28049770", "Q3928271", "Q1141412", "Q81526237"], "environments": {"one": {"co-oc": 0.31721469840169003, "tf-idf": 0.2857142857142857, "combined": 0.30146449205798787}, "three": {"co-oc": 0.3080173891846524, "tf-idf": 0.2857142857142857, "combined": 0.29686583744946904}, "two": {"co-oc": 0.24151902025053704, "tf-idf": 0.2142857142857143, "combined": 0.22790236726812568}, "four": {"co-oc": 0.13324889216312064, "tf-idf": 0.2142857142857143, "combined": 0.17376730322441747}}}