{"name": "39002012368602", "type": "rank", "number_files": 50, "number_unknown": 38, "formats": ["Q729366", "Q28347555", "Q28344713", "Q66811836", "Q28205580", "Q28771319", "Q29000498", "Q28206771", "Q28600763", "Q1076355", "Q4045294", "Q28206147", "Q28755621", "Q27967388", "Q684554", "Q16996920", "Q47512572", "Q6043826", "Q1662484", "Q28206138", "Q28205626", "Q19599377", "Q1141412"], "environments": {"one": {"co-oc": 0.3333333333333333, "tf-idf": 0.3333333333333333, "combined": 0.3333333333333333}, "three": {"co-oc": 0.3333333333333333, "tf-idf": 0.3333333333333333, "combined": 0.3333333333333333}, "two": {"co-oc": 0.3333333333333333, "tf-idf": 0.3333333333333333, "combined": 0.3333333333333333}, "four": {"co-oc": 0.0, "tf-idf": 0.0, "combined": 0.0}}}