{"name": "39002104463014", "type": "rank", "number_files": 5956, "number_unknown": 5506, "formats": ["Q1570391", "Q28207503", "Q61727602", "Q3807693", "Q7514956", "Q61641368", "Q27826340", "Q1983918", "Q61639409", "Q66310989", "Q47233167", "Q28106149", "Q28206147", "Q28755606", "Q95994246", "Q28858032", "Q28049691", "Q27967223", "Q60000066", "Q26211874", "Q29000718", "Q48782238", "Q28009496", "Q28770336", "Q686498", "Q32097899", "Q27826389", "Q28858039", "Q28858037", "Q28975650", "Q10394822", "Q81526237", "Q4836515", "Q50308790", "Q34747804", "Q26211840", "Q18245359", "Q28858041", "Q2044200", "Q34284437", "Q81526528", "Q28858038", "Q28858042", "Q47538977", "Q66662117", "Q81526664", "Q58006953", "Q28205883", "Q28205983", "Q32097740", "Q6912474", "Q51801746", "Q28206528", "Q5616826", "Q28205773", "Q26211940", "Q48782202", "Q61727514", "Q28858035", "Q29000614", "Q63061396", "Q28207108", "Q26211957", "Q26211948", "Q73514615", "Q3928271", "Q26211927", "Q2389386", "Q28858044", "Q66439259", "Q63061514", "Q26211915", "Q28758112", "Q1601331", "Q29000715", "Q28207016", "Q29650304", "Q7119344", "Q28206332", "Q1076355", "Q61727559", "Q81192089", "Q5301", "Q817650", "Q26211905", "Q85621726", "Q26211954", "Q723030", "Q26211936", "Q26211975", "Q47512572", "Q7866417", "Q85621806", "Q5532250", "Q62664770", "Q51331501", "Q27967349", "Q44044", "Q65533032", "Q66439286", "Q48915661", "Q28757986", "Q877050", "Q61727504", "Q27988078", "Q28049770", "Q26211983", "Q28206638", "Q28206876", "Q62664735", "Q61727569", "Q48782394", "Q29650305", "Q28206328", "Q28207293", "Q95994878", "Q29650311", "Q34284525", "Q26211965", "Q52425808", "Q61727114", "Q48782098", "Q26211931", "Q26211958", "Q26211977", "Q1381134", "Q15938816", "Q26211978", "Q28106166", "Q26211891", "Q731135", "Q218170", "Q27979156", "Q28206138", "Q60628185", "Q27967406"], "environments": {"one": {"co-oc": 0.4943384870045765, "tf-idf": 0.3636363636363636, "combined": 0.4289874253204701}, "two": {"co-oc": 0.35806151086213217, "tf-idf": 0.2727272727272727, "combined": 0.3153943917947024}, "four": {"co-oc": 0.14337562969361783, "tf-idf": 0.22727272727272727, "combined": 0.18532417848317256}, "three": {"co-oc": 0.004224372439673334, "tf-idf": 0.13636363636363635, "combined": 0.07029400440165484}}}