{"name": "39002012181971", "type": "rank", "number_files": 156, "number_unknown": 0, "formats": ["Q29944783", "Q27596243", "Q1144005", "Q34747804", "Q66439259", "Q777561", "Q29944779", "Q29944777", "Q3807693", "Q29944773", "Q29944782", "Q28758112", "Q1601331", "Q29944987", "Q27979513", "Q29944780", "Q29944786", "Q29650304", "Q47233167", "Q1076355", "Q81526528", "Q4045294", "Q81526664", "Q58006953", "Q6912474", "Q32097740", "Q28755606", "Q95994246", "Q723030", "Q29944785", "Q29944758", "Q28009496", "Q32097899", "Q27979156", "Q28207108", "Q29944776", "Q28049770", "Q1141412", "Q81526237"], "environments": {"two": {"co-oc": 0.5045535728304835, "tf-idf": 0.48148148148148145, "combined": 0.49301752715598246}, "one": {"co-oc": 0.4954454326831178, "tf-idf": 0.4444444444444444, "combined": 0.4699449385637811}, "four": {"co-oc": 4.972431993112225e-07, "tf-idf": 0.03703703703703703, "combined": 0.01851876714011817}, "three": {"co-oc": 4.972431993112225e-07, "tf-idf": 0.03703703703703703, "combined": 0.01851876714011817}}}