{"name": "39002063923164", "type": "rank", "number_files": 16, "number_unknown": 1, "formats": ["Q29944783", "Q29944779", "Q29944777", "Q3807693", "Q66811836", "Q29944773", "Q29944782", "Q29944987", "Q29944780", "Q29944786", "Q28600763", "Q1076355", "Q4045294", "Q58006953", "Q95994246", "Q723030", "Q29944785", "Q24834502", "Q29944758", "Q684554", "Q16996920", "Q27979156", "Q1662484", "Q29944776", "Q1141412"], "environments": {"one": {"co-oc": 0.4999997422934454, "tf-idf": 0.48, "combined": 0.4899998711467227}, "two": {"co-oc": 0.4999997422934454, "tf-idf": 0.48, "combined": 0.4899998711467227}, "three": {"co-oc": 5.154131091408999e-07, "tf-idf": 0.04000000000000001, "combined": 0.020000257706554576}, "four": {"co-oc": 0.0, "tf-idf": 0.0, "combined": 0.0}}}