{"name": "39002105685318", "type": "rank", "number_files": 12, "number_unknown": 0, "formats": ["Q28758114", "Q28758111", "Q26549229", "Q1676669"], "environments": {"four": {"co-oc": 0.3333333333333333, "tf-idf": 0.33333333333333337, "combined": 0.33333333333333337}, "one": {"co-oc": 0.3333333333333333, "tf-idf": 0.33333333333333337, "combined": 0.33333333333333337}, "three": {"co-oc": 0.3333333333333333, "tf-idf": 0.33333333333333337, "combined": 0.33333333333333337}, "two": {"co-oc": 0.0, "tf-idf": 0.0, "combined": 0.0}}}