{"name": "39002105965124", "type": "rank", "number_files": 983, "number_unknown": 40, "formats": ["Q1144005", "Q27596243", "Q29011569", "Q29011538", "Q29011315", "Q29017314", "Q29017304", "Q27526426", "Q3928266", "Q27826464", "Q29011514", "Q43976633", "Q3807693", "Q66811836", "Q27826469", "Q61777776", "Q27960082", "Q29011271", "Q29012190", "Q29011710", "Q29011579", "Q34746472", "Q217570", "Q29011549", "Q28600763", "Q27526504", "Q1076355", "Q63082675", "Q29017312", "Q4045294", "Q29011484", "Q29012206", "Q29011365", "Q29012224", "Q29011977", "Q29011347", "Q58006953", "Q27826468", "Q27826466", "Q29012350", "Q95994246", "Q723030", "Q59821004", "Q29017311", "Q29011646", "Q29011892", "Q29011774", "Q684554", "Q29012285", "Q16996920", "Q29017306", "Q29011363", "Q29011357", "Q61707565", "Q29017309", "Q29012120", "Q29011358", "Q29011824", "Q27979156", "Q1662484", "Q29012054", "Q29011223", "Q29011566", "Q61693036", "Q29011361", "Q29011079", "Q99184084", "Q79241659", "Q27526471"], "environments": {"one": {"co-oc": 0.4998782542732307, "tf-idf": 0.39999999999999997, "combined": 0.4499391271366153}, "two": {"co-oc": 0.4998782542732307, "tf-idf": 0.39999999999999997, "combined": 0.4499391271366153}, "three": {"co-oc": 0.00024349145353861455, "tf-idf": 0.19999999999999998, "combined": 0.1001217457267693}, "four": {"co-oc": 0.0, "tf-idf": 0.0, "combined": 0.0}}}