{"name": "39002097055603", "type": "rank", "number_files": 124, "number_unknown": 48, "formats": ["Q66439259", "Q34747804", "Q28758112", "Q1601331", "Q29650304", "Q47233167", "Q81526528", "Q28206147", "Q81526664", "Q6912474", "Q32097740", "Q28755606", "Q1343830", "Q47512572", "Q28009496", "Q32097899", "Q26549229", "Q360194", "Q28207108", "Q34742508", "Q28206138", "Q1817318", "Q28049770", "Q81526237"], "environments": {"three": {"co-oc": 0.9980076002310584, "tf-idf": 0.5, "combined": 0.7490038001155293}, "four": {"co-oc": 0.0009961998844707494, "tf-idf": 0.25, "combined": 0.12549809994223537}, "two": {"co-oc": 0.0009961998844707494, "tf-idf": 0.25, "combined": 0.12549809994223537}, "one": {"co-oc": 0.0, "tf-idf": 0.0, "combined": 0.0}}}