{"name": "39002046433182", "type": "rank", "number_files": 5610, "number_unknown": 59, "formats": ["Q6026738", "Q751800", "Q935809", "Q50223812", "Q27578057", "Q3807693", "Q49799747", "Q194831", "Q58725633", "Q28206359", "Q66310989", "Q47233167", "Q28206147", "Q34310996", "Q28755606", "Q95994246", "Q28858032", "Q27967223", "Q1601835", "Q49798739", "Q28009496", "Q32097899", "Q28206109", "Q26549229", "Q73675958", "Q29944575", "Q29000741", "Q81526237", "Q49798508", "Q87066066", "Q34747804", "Q27861359", "Q27861342", "Q28600763", "Q81526528", "Q85415853", "Q74690581", "Q81526664", "Q58006953", "Q6912474", "Q32097740", "Q58335773", "Q29904540", "Q29944206", "Q29435", "Q3509055", "Q87066063", "Q1343830", "Q16996920", "Q27526733", "Q1068805", "Q5448342", "Q60615282", "Q287315", "Q479833", "Q5421818", "Q28207108", "Q1662484", "Q27861323", "Q1676669", "Q28206952", "Q1141412", "Q66439259", "Q49243488", "Q28205580", "Q28758112", "Q1601331", "Q29650304", "Q1076355", "Q723030", "Q28206894", "Q47512572", "Q58335745", "Q44044", "Q62522682", "Q27861300", "Q49243748", "Q28205626", "Q28049770", "Q27526866", "Q5153426", "Q729366", "Q27596243", "Q66811836", "Q34284525", "Q29000651", "Q28206771", "Q49799499", "Q4045294", "Q58237034", "Q921122", "Q684554", "Q27979156", "Q28206138", "Q99184084"], "environments": {"three": {"co-oc": 0.3928447401945623, "tf-idf": 0.3571428571428571, "combined": 0.3749937986687097}, "two": {"co-oc": 0.28118781685478933, "tf-idf": 0.21428571428571427, "combined": 0.24773676557025182}, "four": {"co-oc": 0.18507565886110824, "tf-idf": 0.21428571428571427, "combined": 0.19968068657341126}, "one": {"co-oc": 0.14089178408954, "tf-idf": 0.21428571428571427, "combined": 0.17758874918762713}}}