{"name": "39002068861914", "type": "rank", "number_files": 643, "number_unknown": 286, "formats": ["Q1144005", "Q34743436", "Q29209269", "Q3807693", "Q61641368", "Q49799747", "Q27979370", "Q29946692", "Q29946898", "Q61639409", "Q50375253", "Q28206359", "Q26547266", "Q47233167", "Q29000499", "Q26541013", "Q26085330", "Q34310996", "Q29946845", "Q28755628", "Q28755606", "Q26546575", "Q47498555", "Q95994246", "Q28858032", "Q26085322", "Q28919067", "Q60000066", "Q48782238", "Q1601835", "Q6043826", "Q49798739", "Q28205670", "Q686498", "Q28009496", "Q47498565", "Q1122075", "Q32097899", "Q26549229", "Q66134804", "Q28858039", "Q28858037", "Q47498745", "Q73675958", "Q27979374", "Q47493633", "Q29944575", "Q29000741", "Q29650301", "Q19599377", "Q28347555", "Q81526237", "Q49798508", "Q87066066", "Q34747804", "Q28344713", "Q47498538", "Q2043942", "Q28858041", "Q28771319", "Q47498749", "Q95985299", "Q29946866", "Q85415853", "Q28600763", "Q28858038", "Q81526528", "Q34284437", "Q28858042", "Q81526664", "Q58006953", "Q6912474", "Q32097740", "Q29946713", "Q58335773", "Q29944206", "Q51801746", "Q29435", "Q3509055", "Q87066063", "Q47493619", "Q16996920", "Q48782202", "Q28975670", "Q28858035", "Q29946914", "Q287315", "Q26085319", "Q63061396", "Q29946121", "Q28207108", "Q1662484", "Q28206952", "Q51841970", "Q47498736", "Q51756571", "Q1141412", "Q26085333", "Q28858044", "Q66439259", "Q27960000", "Q49243488", "Q63061514", "Q1361922", "Q29946883", "Q26085336", "Q28205580", "Q29946829", "Q28758112", "Q26547917", "Q65990735", "Q47493628", "Q29946726", "Q217570", "Q1601331", "Q29650304", "Q27959810", "Q1076355", "Q26543628", "Q26085339", "Q29946810", "Q5533911", "Q85621726", "Q723030", "Q27967388", "Q26085317", "Q29904539", "Q26545877", "Q61752184", "Q85621806", "Q62664770", "Q29946134", "Q42332", "Q58335745", "Q66439286", "Q48915661", "Q49243748", "Q28205626", "Q29946141", "Q1238229", "Q28049770", "Q62664735", "Q729366", "Q48782394", "Q64858274", "Q66811836", "Q26548590", "Q1116060", "Q29000498", "Q43992098", "Q29650311", "Q58103465", "Q28206771", "Q29000651", "Q47498552", "Q49799499", "Q4045294", "Q48782098", "Q28755621", "Q47498547", "Q28791524", "Q47493614", "Q684554", "Q29946771", "Q29946937", "Q62625183", "Q47493509", "Q27979156", "Q34305425", "Q96075738", "Q60628185", "Q28758103", "Q55429627", "Q27967218", "Q26085326"], "environments": {"one": {"co-oc": 0.3775432306879811, "tf-idf": 0.34782608695652173, "combined": 0.3626846588222514}, "two": {"co-oc": 0.376412748331766, "tf-idf": 0.34782608695652173, "combined": 0.3621194176441439}, "four": {"co-oc": 0.2307618090723298, "tf-idf": 0.19565217391304351, "combined": 0.21320699149268665}, "three": {"co-oc": 0.01528221190792303, "tf-idf": 0.10869565217391308, "combined": 0.06198893204091806}}}