{"name": "39002055107834", "type": "rank", "number_files": 465, "number_unknown": 0, "formats": ["Q29011569", "Q29011538", "Q29017304", "Q28786544", "Q100135637", "Q8811", "Q29011710", "Q29011365", "Q1888930", "Q29012350", "Q66759482", "Q29011646", "Q59851506", "Q29017306", "Q99976195", "Q27487531", "Q29011357", "Q25339304", "Q29011824", "Q29011358", "Q28206109", "Q29011361", "Q2053", "Q29011977", "Q641213", "Q29000578", "Q29011514", "Q29011579", "Q29011271", "Q27967351", "Q29017312", "Q29012206", "Q29012224", "Q100136218", "Q62626012", "Q59851322", "Q29012120", "Q29011223", "Q1676669", "Q28600760", "Q1141412", "Q34306669", "Q71178742", "Q3551300", "Q99973597", "Q452197", "Q29011549", "Q1076355", "Q29011484", "Q796483", "Q29011892", "Q29011774", "Q29012285", "Q653301", "Q29011363", "Q72273742", "Q2313301", "Q4042481", "Q29012054", "Q29011566", "Q29011079", "Q166074", "Q28771320", "Q29017314", "Q29011315", "Q50378320", "Q28600421", "Q29012190", "Q99973606", "Q45432", "Q4045294", "Q29011347", "Q27910000", "Q28728783", "Q29017311", "Q29017309", "Q201093", "Q100136960", "Q2819247", "Q959950", "Q99184084", "Q100136955"], "environments": {"four": {"co-oc": 0.5107785113034776, "tf-idf": 0.2857142857142857, "combined": 0.39824639850888166}, "one": {"co-oc": 0.40675934378477424, "tf-idf": 0.3571428571428571, "combined": 0.38195110046381564}, "two": {"co-oc": 0.07067777544845588, "tf-idf": 0.21428571428571427, "combined": 0.1424817448670851}, "three": {"co-oc": 0.01178436946329204, "tf-idf": 0.14285714285714285, "combined": 0.07732075616021744}}}