{"name": "39002055102108", "type": "rank", "number_files": 3095, "number_unknown": 0, "formats": ["Q723030", "Q27979156", "Q26549229", "Q66134804", "Q1076355", "Q4045294", "Q3807693", "Q58006953", "Q95994246", "Q28858032", "Q217570"], "environments": {"one": {"co-oc": 0.8109126119258128, "tf-idf": 0.5, "combined": 0.6554563059629064}, "two": {"co-oc": 0.1890370967688344, "tf-idf": 0.3333333333333333, "combined": 0.26118521505108383}, "three": {"co-oc": 5.0291305352857904e-05, "tf-idf": 0.16666666666666666, "combined": 0.08335847898600976}, "four": {"co-oc": 0.0, "tf-idf": 0.0, "combined": 0.0}}}