{"name": "39002071959705", "type": "rank", "number_files": 14, "number_unknown": 1, "formats": ["Q729366", "Q26549229", "Q66134804", "Q28206771", "Q28600763", "Q1076355", "Q1662484", "Q684554", "Q1676669", "Q4045294", "Q28205626", "Q16996920", "Q66811836", "Q28205580", "Q178051"], "environments": {"one": {"co-oc": 0.5995059890718673, "tf-idf": 0.4, "combined": 0.49975299453593364}, "three": {"co-oc": 0.21580527522364815, "tf-idf": 0.30000000000000004, "combined": 0.2579026376118241}, "four": {"co-oc": 0.1846820399387795, "tf-idf": 0.2, "combined": 0.19234101996938974}, "two": {"co-oc": 6.695765705032515e-06, "tf-idf": 0.1, "combined": 0.05000334788285252}}}