{"name": "39002082348096", "type": "rank", "number_files": 652, "number_unknown": 8, "formats": ["Q29011569", "Q29011538", "Q29017304", "Q28786544", "Q8811", "Q29011710", "Q28206359", "Q47233167", "Q29011365", "Q1888930", "Q28755606", "Q29012350", "Q29011646", "Q29017306", "Q29011357", "Q28009496", "Q29011824", "Q29011358", "Q32097899", "Q28206109", "Q66134804", "Q29944776", "Q29011361", "Q2053", "Q29011977", "Q81526237", "Q29151645", "Q34747804", "Q29011514", "Q27826469", "Q29011579", "Q29011271", "Q34746472", "Q17092932", "Q25378623", "Q28600763", "Q29017312", "Q81526528", "Q29012206", "Q29012224", "Q81526664", "Q28757747", "Q6912474", "Q32097740", "Q62626012", "Q26385770", "Q16996920", "Q28206262", "Q27526733", "Q29012120", "Q28207108", "Q1662484", "Q29011223", "Q26329648", "Q1676669", "Q66439259", "Q27826464", "Q29944777", "Q29944773", "Q28205580", "Q29944782", "Q28758112", "Q29011549", "Q1601331", "Q29944987", "Q29650304", "Q29944786", "Q17073241", "Q1076355", "Q29011484", "Q27826466", "Q288405", "Q29011892", "Q29011774", "Q29012285", "Q28106114", "Q29011363", "Q29012054", "Q28206497", "Q29011566", "Q673906", "Q28205626", "Q29011079", "Q28049770", "Q166074", "Q29944783", "Q27596243", "Q29017314", "Q729366", "Q29011315", "Q29944779", "Q66811836", "Q29012190", "Q29944780", "Q28206771", "Q4045294", "Q29011347", "Q27826468", "Q1952321", "Q29017311", "Q29944785", "Q29944758", "Q684554", "Q29017309", "Q99184084"], "environments": {"one": {"co-oc": 0.5151713994038969, "tf-idf": 0.44117647058823534, "combined": 0.4781739349960661}, "two": {"co-oc": 0.48283998975745085, "tf-idf": 0.411764705882353, "combined": 0.4473023478199019}, "three": {"co-oc": 0.0015535306709481887, "tf-idf": 0.08823529411764706, "combined": 0.044894412394297624}, "four": {"co-oc": 0.00043508016770394466, "tf-idf": 0.05882352941176471, "combined": 0.02962930478973433}}}