{"name": "39002071297239", "type": "rank", "number_files": 476, "number_unknown": 0, "formats": ["Q28206109", "Q99184084", "Q1676669"], "environments": {"four": {"co-oc": 0.3333333333333333, "tf-idf": 0.3333333333333333, "combined": 0.3333333333333333}, "one": {"co-oc": 0.3333333333333333, "tf-idf": 0.3333333333333333, "combined": 0.3333333333333333}, "three": {"co-oc": 0.3333333333333333, "tf-idf": 0.3333333333333333, "combined": 0.3333333333333333}, "two": {"co-oc": 0.0, "tf-idf": 0.0, "combined": 0.0}}}