{"name": "39002067185158", "type": "rank", "number_files": 17, "number_unknown": 1, "formats": ["Q28600764", "Q1076355", "Q942350", "Q4045294"], "environments": {"two": {"co-oc": 0.9999042614508235, "tf-idf": 0.5, "combined": 0.7499521307254118}, "one": {"co-oc": 4.7869274588179524e-05, "tf-idf": 0.25, "combined": 0.12502393463729408}, "three": {"co-oc": 4.7869274588179524e-05, "tf-idf": 0.25, "combined": 0.12502393463729408}, "four": {"co-oc": 0.0, "tf-idf": 0.0, "combined": 0.0}}}