{"name": "39002039688289", "type": "rank", "number_files": 49, "number_unknown": 0, "formats": ["Q28786544", "Q29946883", "Q47498538", "Q2043942", "Q8811", "Q26085336", "Q29946898", "Q29946829", "Q26548590", "Q26547917", "Q29946692", "Q17092932", "Q29946726", "Q47498749", "Q2192", "Q28206359", "Q26547266", "Q29946866", "Q47498552", "Q26541013", "Q26543628", "Q26085330", "Q26085339", "Q1888930", "Q47498547", "Q29946845", "Q29946810", "Q1952321", "Q29946713", "Q62626012", "Q26085322", "Q26546575", "Q47498555", "Q5533911", "Q26385770", "Q47498736", "Q29946771", "Q28206262", "Q27526733", "Q26085317", "Q26545877", "Q27526739", "Q47498565", "Q29946914", "Q29946937", "Q29946134", "Q28206109", "Q26085319", "Q42332", "Q29946121", "Q26549229", "Q28206497", "Q47498745", "Q26329648", "Q1676669", "Q55429627", "Q2053", "Q29946141", "Q166074", "Q26085333", "Q26085326"], "environments": {"one": {"co-oc": 0.35220908547324925, "tf-idf": 0.33333333333333337, "combined": 0.3427712094032913}, "four": {"co-oc": 0.3308797124723109, "tf-idf": 0.30303030303030304, "combined": 0.31695500775130697}, "two": {"co-oc": 0.30727190898831336, "tf-idf": 0.2727272727272727, "combined": 0.28999959085779303}, "three": {"co-oc": 0.00963929306612658, "tf-idf": 0.09090909090909088, "combined": 0.050274191987608734}}}