{"name": "39002076290486", "type": "rank", "number_files": 370, "number_unknown": 16, "formats": ["Q729366", "Q29011569", "Q29011538", "Q29017314", "Q29011315", "Q27596243", "Q28205488", "Q29017304", "Q27826464", "Q29011514", "Q66811836", "Q27826469", "Q28205580", "Q29011579", "Q29011271", "Q29012190", "Q29011710", "Q17092932", "Q34746472", "Q29011549", "Q28206359", "Q58103465", "Q28206771", "Q28600763", "Q29017312", "Q1076355", "Q29012206", "Q29011484", "Q29011365", "Q29012224", "Q29011347", "Q4045294", "Q28755628", "Q27826468", "Q1952321", "Q27826466", "Q29012350", "Q26385770", "Q29017311", "Q29011646", "Q29011892", "Q29011774", "Q29012285", "Q684554", "Q16996920", "Q29017306", "Q28206262", "Q29904539", "Q29011363", "Q29011357", "Q29017309", "Q939636", "Q5924007", "Q29012120", "Q29011358", "Q29011824", "Q28206109", "Q66134804", "Q1662484", "Q29012054", "Q28206497", "Q29011223", "Q29011566", "Q26329648", "Q1676669", "Q29011361", "Q28205626", "Q29011079", "Q99184084", "Q29011977"], "environments": {"one": {"co-oc": 0.8931245607200756, "tf-idf": 0.42857142857142855, "combined": 0.6608479946457521}, "three": {"co-oc": 0.10674807783876718, "tf-idf": 0.2857142857142857, "combined": 0.19623118177652643}, "four": {"co-oc": 6.368072057860486e-05, "tf-idf": 0.14285714285714285, "combined": 0.07146041178886073}, "two": {"co-oc": 6.368072057860486e-05, "tf-idf": 0.14285714285714285, "combined": 0.07146041178886073}}}