{"name": "39002067187196", "type": "rank", "number_files": 15, "number_unknown": 1, "formats": ["Q729366", "Q28858044", "Q48782394", "Q63061514", "Q28858041", "Q3807693", "Q61641368", "Q66811836", "Q28205580", "Q61639409", "Q28206771", "Q28600763", "Q28858038", "Q28858042", "Q4045294", "Q48782098", "Q58006953", "Q28205883", "Q48625328", "Q95994246", "Q59714459", "Q85621726", "Q723030", "Q51801746", "Q28858032", "Q60000066", "Q684554", "Q1047541", "Q16996920", "Q48782238", "Q48782202", "Q60615282", "Q939636", "Q28858035", "Q85621806", "Q686498", "Q62664770", "Q27979156", "Q63061396", "Q1662484", "Q28858039", "Q28858037", "Q60628185", "Q66439286", "Q48915661", "Q28205626", "Q66134564", "Q27526866", "Q62664735"], "environments": {"one": {"co-oc": 0.4984261442606343, "tf-idf": 0.42857142857142855, "combined": 0.4634987864160314}, "two": {"co-oc": 0.4984261442606343, "tf-idf": 0.42857142857142855, "combined": 0.4634987864160314}, "three": {"co-oc": 0.0031477114787313793, "tf-idf": 0.14285714285714285, "combined": 0.07300242716793712}, "four": {"co-oc": 0.0, "tf-idf": 0.0, "combined": 0.0}}}