{"name": "39002063924378", "type": "rank", "number_files": 217, "number_unknown": 103, "formats": ["Q28055391", "Q27596243", "Q34747804", "Q66439259", "Q1144005", "Q751800", "Q28344713", "Q27596417", "Q3807693", "Q29209269", "Q66811836", "Q28771319", "Q28758112", "Q27596184", "Q29000498", "Q1601331", "Q217570", "Q29650304", "Q28206771", "Q47233167", "Q1076355", "Q81526528", "Q28205674", "Q28600763", "Q28206788", "Q4045294", "Q47538977", "Q58631008", "Q28755621", "Q81526664", "Q58006953", "Q6912474", "Q32097740", "Q28755606", "Q28205736", "Q95994246", "Q1882400", "Q723030", "Q27979410", "Q27967388", "Q684554", "Q1343830", "Q29000599", "Q27596100", "Q27596325", "Q16996920", "Q63061679", "Q6043826", "Q28207499", "Q28009496", "Q32097899", "Q28205733", "Q27979156", "Q28206109", "Q26549229", "Q28207108", "Q1662484", "Q28758103", "Q65533032", "Q10287816", "Q1676669", "Q28049770", "Q29650301", "Q19599377", "Q28347555", "Q81526237"], "environments": {"two": {"co-oc": 0.3749239283035976, "tf-idf": 0.2727272727272727, "combined": 0.3238256005154352}, "one": {"co-oc": 0.34171562555372104, "tf-idf": 0.2727272727272727, "combined": 0.30722144914049687}, "three": {"co-oc": 0.2176862594040401, "tf-idf": 0.2727272727272727, "combined": 0.2452067660656564}, "four": {"co-oc": 0.06567418673864125, "tf-idf": 0.18181818181818182, "combined": 0.12374618427841154}}}