{"name": "39002082348385", "type": "rank", "number_files": 2045, "number_unknown": 444, "formats": ["Q28055391", "Q27596243", "Q28344723", "Q1141412", "Q3807693", "Q29650319", "Q48021763", "Q217570", "Q28206493", "Q1076355", "Q4045294", "Q29650316", "Q28600412", "Q58006953", "Q48004607", "Q95994246", "Q1882400", "Q723030", "Q27979410", "Q48021588", "Q1343830", "Q28207302", "Q28452000", "Q27979156", "Q48005022", "Q66134804", "Q61901831", "Q99184084", "Q48004869"], "environments": {"one": {"co-oc": 0.9887288925989904, "tf-idf": 0.7000000000000001, "combined": 0.8443644462994953}, "two": {"co-oc": 0.01126655181360667, "tf-idf": 0.2, "combined": 0.10563327590680334}, "three": {"co-oc": 4.5555874028366855e-06, "tf-idf": 0.1, "combined": 0.05000227779370142}, "four": {"co-oc": 0.0, "tf-idf": 0.0, "combined": 0.0}}}