{"name": "39002098570964", "type": "rank", "number_files": 26, "number_unknown": 0, "formats": ["Q1353763", "Q27895063", "Q1662484", "Q28600763", "Q1076355", "Q684554", "Q4045294", "Q16996920", "Q66811836", "Q217570"], "environments": {"one": {"co-oc": 0.7325738849571263, "tf-idf": 0.5, "combined": 0.6162869424785631}, "two": {"co-oc": 0.2673943787557313, "tf-idf": 0.3333333333333333, "combined": 0.3003638560445323}, "three": {"co-oc": 3.1736287142274675e-05, "tf-idf": 0.16666666666666666, "combined": 0.08334920147690447}, "four": {"co-oc": 0.0, "tf-idf": 0.0, "combined": 0.0}}}