{"name": "39002080647366", "type": "rank", "number_files": 179, "number_unknown": 24, "formats": ["Q751800", "Q3807693", "Q61641368", "Q61639409", "Q194831", "Q47233167", "Q28755606", "Q95994246", "Q28858032", "Q60000066", "Q48782238", "Q686498", "Q28009496", "Q32097899", "Q28206109", "Q28858039", "Q28858037", "Q47493633", "Q81526237", "Q34747804", "Q28858041", "Q27826469", "Q34746472", "Q28600763", "Q81526528", "Q28858038", "Q28858042", "Q81526664", "Q58006953", "Q6912474", "Q32097740", "Q51801746", "Q29435", "Q27979410", "Q47493619", "Q1343830", "Q16996920", "Q48782202", "Q28858035", "Q29000614", "Q63061396", "Q28207108", "Q1662484", "Q28758102", "Q1141412", "Q28858044", "Q66439259", "Q28055391", "Q29904449", "Q48106551", "Q63061514", "Q27826464", "Q28758112", "Q47493628", "Q1601331", "Q29650304", "Q1076355", "Q27826466", "Q85621726", "Q723030", "Q27967388", "Q55394748", "Q61752184", "Q85621806", "Q62664770", "Q1023647", "Q66439286", "Q48915661", "Q28049770", "Q62664735", "Q27596243", "Q48782394", "Q66811836", "Q4045294", "Q28445577", "Q48782098", "Q27826468", "Q27925714", "Q1882400", "Q921122", "Q47493614", "Q684554", "Q2858737", "Q47493509", "Q47524710", "Q27979156", "Q60628185"], "environments": {"two": {"co-oc": 0.5250693115739536, "tf-idf": 0.4666666666666667, "combined": 0.49586798912031016}, "one": {"co-oc": 0.47492045959579976, "tf-idf": 0.39999999999999997, "combined": 0.4374602297978999}, "four": {"co-oc": 5.1144151233072676e-06, "tf-idf": 0.06666666666666667, "combined": 0.03333589054089499}, "three": {"co-oc": 5.1144151233072676e-06, "tf-idf": 0.06666666666666667, "combined": 0.03333589054089499}}}