{"name": "39002074626988", "type": "rank", "number_files": 330, "number_unknown": 24, "formats": ["Q6026738", "Q27578057", "Q28786544", "Q3807693", "Q8811", "Q3359832", "Q194831", "Q28206359", "Q58725633", "Q47233167", "Q1888930", "Q28755628", "Q28755606", "Q95994246", "Q26211874", "Q1601835", "Q28009496", "Q5924007", "Q32097899", "Q28206109", "Q26549229", "Q47455968", "Q73675958", "Q2053", "Q29944575", "Q10394822", "Q81526237", "Q29151645", "Q87066066", "Q34747804", "Q26211840", "Q85415853", "Q81526528", "Q28600763", "Q81526664", "Q58006953", "Q6912474", "Q32097740", "Q62626012", "Q58335773", "Q29944206", "Q29435", "Q27979410", "Q3509055", "Q87066063", "Q1343830", "Q16996920", "Q26211940", "Q287315", "Q28207108", "Q1662484", "Q28758102", "Q26211957", "Q26211948", "Q3928271", "Q26211927", "Q1141412", "Q28055391", "Q66439259", "Q48106551", "Q27996279", "Q49243488", "Q26211915", "Q28205580", "Q28758112", "Q1601331", "Q29650304", "Q17073241", "Q1076355", "Q26211905", "Q26211954", "Q723030", "Q28206894", "Q26211936", "Q288405", "Q27967388", "Q29650308", "Q26211975", "Q29904539", "Q5532250", "Q673906", "Q49243748", "Q28205626", "Q26211983", "Q166074", "Q28049770", "Q729366", "Q66811836", "Q58103465", "Q26211965", "Q28206771", "Q4045294", "Q58237034", "Q26211931", "Q26211958", "Q1882400", "Q26211977", "Q684554", "Q26211978", "Q27473691", "Q26211891", "Q27979156", "Q99184084", "Q28206310"], "environments": {"two": {"co-oc": 0.38613224358256837, "tf-idf": 0.2727272727272727, "combined": 0.32942975815492054}, "one": {"co-oc": 0.29803491354580774, "tf-idf": 0.2727272727272727, "combined": 0.28538109313654025}, "four": {"co-oc": 0.19448737977827835, "tf-idf": 0.1818181818181818, "combined": 0.18815278079823006}, "three": {"co-oc": 0.12134546309334555, "tf-idf": 0.2727272727272727, "combined": 0.19703636791030912}}}