{"name": "39002037654747", "type": "rank", "number_files": 1367, "number_unknown": 2, "formats": ["Q729366", "Q26211840", "Q29904449", "Q27826464", "Q3807693", "Q26211915", "Q66811836", "Q27826469", "Q28205580", "Q34746472", "Q28206359", "Q26211965", "Q28206771", "Q28600763", "Q1076355", "Q4045294", "Q26211931", "Q28600412", "Q26211905", "Q58006953", "Q27826468", "Q27826466", "Q95994246", "Q26211954", "Q26211958", "Q26211977", "Q26211936", "Q723030", "Q684554", "Q26211978", "Q26211874", "Q16996920", "Q26211940", "Q26211975", "Q26211891", "Q5532250", "Q2193155", "Q28206109", "Q27979156", "Q26549229", "Q1662484", "Q26211957", "Q26211948", "Q28205626", "Q99184084", "Q26211983", "Q10394822", "Q26211927"], "environments": {"one": {"co-oc": 0.3333333333333333, "tf-idf": 0.3333333333333333, "combined": 0.3333333333333333}, "three": {"co-oc": 0.3333333333333333, "tf-idf": 0.3333333333333333, "combined": 0.3333333333333333}, "two": {"co-oc": 0.3333333333333333, "tf-idf": 0.3333333333333333, "combined": 0.3333333333333333}, "four": {"co-oc": 0.0, "tf-idf": 0.0, "combined": 0.0}}}