{"name": "39002087188083", "type": "rank", "number_files": 209, "number_unknown": 0, "formats": ["Q28858044", "Q29944783", "Q48782394", "Q729366", "Q29944779", "Q63061514", "Q28786544", "Q28858041", "Q29944777", "Q61641368", "Q66811836", "Q29944773", "Q28205580", "Q8811", "Q29944782", "Q61639409", "Q29944987", "Q29944780", "Q29944786", "Q28206771", "Q28600763", "Q1076355", "Q28858038", "Q28858042", "Q4045294", "Q48782098", "Q1888930", "Q62626012", "Q85621726", "Q28858032", "Q51801746", "Q29944785", "Q29944758", "Q60000066", "Q684554", "Q16996920", "Q48782238", "Q48782202", "Q686498", "Q85621806", "Q28858035", "Q62664770", "Q63061396", "Q1662484", "Q28858039", "Q28858037", "Q60628185", "Q29944776", "Q66439286", "Q48915661", "Q28205626", "Q2053", "Q99184084", "Q166074", "Q62664735"], "environments": {"one": {"co-oc": 0.49999977131112394, "tf-idf": 0.48648648648648646, "combined": 0.49324312889880517}, "two": {"co-oc": 0.49999977131112394, "tf-idf": 0.48648648648648646, "combined": 0.49324312889880517}, "three": {"co-oc": 4.5737775211176095e-07, "tf-idf": 0.027027027027027032, "combined": 0.013513742202389573}, "four": {"co-oc": 0.0, "tf-idf": 0.0, "combined": 0.0}}}