{"name": "39002053934445", "type": "rank", "number_files": 14, "number_unknown": 0, "formats": ["Q47498538", "Q29946883", "Q2043942", "Q28786544", "Q8811", "Q26085336", "Q29946898", "Q29946829", "Q26548590", "Q26547917", "Q29946692", "Q47498749", "Q29946726", "Q26547266", "Q29946866", "Q47498552", "Q26541013", "Q26543628", "Q26085330", "Q26085339", "Q1888930", "Q47498547", "Q29946845", "Q29946810", "Q29946713", "Q26546575", "Q47498555", "Q26085322", "Q5533911", "Q62626012", "Q29946771", "Q26085317", "Q26545877", "Q47498565", "Q29946914", "Q29946937", "Q29946134", "Q26085319", "Q42332", "Q29946121", "Q26549229", "Q47498745", "Q166074", "Q55429627", "Q2053", "Q29946141", "Q47498736", "Q26085333", "Q26085326"], "environments": {"one": {"co-oc": 0.34028540977030625, "tf-idf": 0.3333333333333333, "combined": 0.3368093715518198}, "two": {"co-oc": 0.34028540977030625, "tf-idf": 0.3333333333333333, "combined": 0.3368093715518198}, "four": {"co-oc": 0.31942751128136243, "tf-idf": 0.2962962962962963, "combined": 0.3078619037888294}, "three": {"co-oc": 1.6691780250097157e-06, "tf-idf": 0.037037037037037035, "combined": 0.01851935310753102}}}