{"name": "39002090263659", "type": "rank", "number_files": 277, "number_unknown": 1, "formats": ["Q47498538", "Q29946883", "Q2043942", "Q66811836", "Q26085336", "Q29946829", "Q26548590", "Q26547917", "Q29946692", "Q29946898", "Q29946726", "Q47498749", "Q26547266", "Q29946866", "Q28600763", "Q1076355", "Q47498552", "Q26541013", "Q26543628", "Q26085330", "Q4045294", "Q26085339", "Q28445577", "Q47498547", "Q29946845", "Q29946810", "Q29946713", "Q26546575", "Q47498555", "Q26085322", "Q5533911", "Q684554", "Q29946771", "Q16996920", "Q26085317", "Q26545877", "Q47498565", "Q29946914", "Q29946937", "Q29946134", "Q26085319", "Q42332", "Q28206109", "Q29946121", "Q26549229", "Q66134804", "Q1662484", "Q47498745", "Q1676669", "Q55429627", "Q29946141", "Q99184084", "Q47498736", "Q26085333", "Q26085326"], "environments": {"one": {"co-oc": 0.37817947520406, "tf-idf": 0.3548387096774194, "combined": 0.3665090924407397}, "two": {"co-oc": 0.3112181462840974, "tf-idf": 0.2903225806451613, "combined": 0.3007703634646294}, "four": {"co-oc": 0.3096959594895072, "tf-idf": 0.2903225806451613, "combined": 0.30000927006733424}, "three": {"co-oc": 0.0009064190223356429, "tf-idf": 0.06451612903225808, "combined": 0.03271127402729686}}}