{"name": "39002079544384", "type": "rank", "number_files": 269, "number_unknown": 16, "formats": ["Q55758993", "Q50223812", "Q100135637", "Q3807693", "Q49799747", "Q3359832", "Q28206359", "Q28207363", "Q34310996", "Q95994246", "Q66759482", "Q58799889", "Q59851506", "Q28758111", "Q99976195", "Q27487531", "Q1601835", "Q49798739", "Q25339304", "Q5924007", "Q28206109", "Q26549229", "Q29944776", "Q73675958", "Q29944575", "Q29000741", "Q49798508", "Q87066066", "Q641213", "Q29000578", "Q55758988", "Q27967351", "Q28600763", "Q85415853", "Q50809751", "Q58006953", "Q100136218", "Q28758114", "Q58335773", "Q29904540", "Q29944206", "Q29435", "Q3509055", "Q87066063", "Q16996920", "Q59851322", "Q5448342", "Q287315", "Q5421818", "Q1662484", "Q28206952", "Q28600760", "Q79241659", "Q1228757", "Q34306669", "Q27996279", "Q71178742", "Q3551300", "Q49243488", "Q29650793", "Q99973597", "Q29944777", "Q87816075", "Q29944773", "Q28205580", "Q50809753", "Q29944782", "Q452197", "Q29944987", "Q29944786", "Q1076355", "Q796483", "Q723030", "Q29650308", "Q28206843", "Q653301", "Q72273742", "Q2313301", "Q4042481", "Q58335745", "Q49243748", "Q28205626", "Q166074", "Q28771320", "Q5153426", "Q29944783", "Q729366", "Q27596243", "Q29944779", "Q50378320", "Q28600421", "Q66811836", "Q99973606", "Q45432", "Q28207256", "Q29944780", "Q29000651", "Q28206771", "Q49799499", "Q4045294", "Q28445577", "Q3406936", "Q27910000", "Q28728783", "Q29944785", "Q29944758", "Q684554", "Q27979156", "Q50809785", "Q100136960", "Q2819247", "Q959950", "Q99184084", "Q100136955", "Q66663030"], "environments": {"one": {"co-oc": 0.49706351848221786, "tf-idf": 0.4375, "combined": 0.46728175924110893}, "two": {"co-oc": 0.4917095382309548, "tf-idf": 0.40625, "combined": 0.44897976911547743}, "four": {"co-oc": 0.011050753801620824, "tf-idf": 0.09374999999999999, "combined": 0.052400376900810404}, "three": {"co-oc": 0.00017618948520643584, "tf-idf": 0.062499999999999986, "combined": 0.03133809474260321}}}