{"name": "39002086950616", "type": "rank", "number_files": 826, "number_unknown": 0, "formats": ["Q729366", "Q47455565", "Q66811836", "Q28205580", "Q28777715", "Q4042979", "Q28206771", "Q28600763", "Q47455466", "Q1076355", "Q623334", "Q4045294", "Q684554", "Q1343830", "Q16996920", "Q28758002", "Q1882110", "Q66134804", "Q1662484", "Q1676669", "Q28205626", "Q66244789"], "environments": {"one": {"co-oc": 0.6261704334262954, "tf-idf": 0.45454545454545453, "combined": 0.540357943985875}, "two": {"co-oc": 0.3271250154990479, "tf-idf": 0.27272727272727276, "combined": 0.2999261441131603}, "three": {"co-oc": 0.046693049781739854, "tf-idf": 0.18181818181818182, "combined": 0.11425561579996084}, "four": {"co-oc": 1.1501292917008837e-05, "tf-idf": 0.09090909090909091, "combined": 0.04546029610100396}}}