{"name": "39002067757972", "type": "rank", "number_files": 242, "number_unknown": 0, "formats": ["Q66439259", "Q34747804", "Q3807693", "Q28758112", "Q1601331", "Q29650304", "Q47233167", "Q81526528", "Q81526664", "Q58006953", "Q6912474", "Q32097740", "Q28755606", "Q95994246", "Q723030", "Q28009496", "Q32097899", "Q27979156", "Q28207108", "Q28049770", "Q81526237"], "environments": {"four": {"co-oc": 0.3333333333333333, "tf-idf": 0.33333333333333337, "combined": 0.33333333333333337}, "three": {"co-oc": 0.3333333333333333, "tf-idf": 0.33333333333333337, "combined": 0.33333333333333337}, "two": {"co-oc": 0.3333333333333333, "tf-idf": 0.33333333333333337, "combined": 0.33333333333333337}, "one": {"co-oc": 0.0, "tf-idf": 0.0, "combined": 0.0}}}