{"name": "39002067186420", "type": "rank", "number_files": 2284, "number_unknown": 581, "formats": ["Q66439259", "Q34747804", "Q3807693", "Q28758112", "Q27960128", "Q1601331", "Q29650304", "Q4746193", "Q47233167", "Q81526528", "Q81526664", "Q58006953", "Q28600412", "Q6912474", "Q32097740", "Q28755606", "Q95994246", "Q723030", "Q27979154", "Q79242428", "Q50604441", "Q27349804", "Q27925722", "Q34312361", "Q28600476", "Q28009496", "Q28756196", "Q32097899", "Q27979156", "Q28207108", "Q34312151", "Q27923693", "Q28049770", "Q81526237"], "environments": {"four": {"co-oc": 0.3333333333333333, "tf-idf": 0.3333333333333333, "combined": 0.3333333333333333}, "three": {"co-oc": 0.3333333333333333, "tf-idf": 0.3333333333333333, "combined": 0.3333333333333333}, "two": {"co-oc": 0.3333333333333333, "tf-idf": 0.3333333333333333, "combined": 0.3333333333333333}, "one": {"co-oc": 0.0, "tf-idf": 0.0, "combined": 0.0}}}