{"name": "39002079507217", "type": "rank", "number_files": 4, "number_unknown": 0, "formats": ["Q723030", "Q27979156", "Q1076355", "Q942350", "Q4045294", "Q28600764", "Q3807693", "Q58006953", "Q95994246"], "environments": {"two": {"co-oc": 0.9997616274193645, "tf-idf": 0.5, "combined": 0.7498808137096822}, "one": {"co-oc": 0.000119186290317788, "tf-idf": 0.25, "combined": 0.12505959314515888}, "three": {"co-oc": 0.000119186290317788, "tf-idf": 0.25, "combined": 0.12505959314515888}, "four": {"co-oc": 0.0, "tf-idf": 0.0, "combined": 0.0}}}