{"name": "39002052042711", "type": "rank", "number_files": 112, "number_unknown": 4, "formats": ["Q29944783", "Q87066066", "Q29944779", "Q49243488", "Q28600764", "Q3807693", "Q29944777", "Q29944773", "Q29944782", "Q29944987", "Q28206359", "Q29944780", "Q29944786", "Q85415853", "Q1076355", "Q4045294", "Q58006953", "Q58335773", "Q95994246", "Q29944206", "Q723030", "Q29435", "Q29944785", "Q3509055", "Q87066063", "Q29944758", "Q942350", "Q1601835", "Q5924007", "Q287315", "Q28206109", "Q27979156", "Q26549229", "Q29944776", "Q73675958", "Q1676669", "Q49243748", "Q29944575", "Q99184084", "Q307271"], "environments": {"one": {"co-oc": 0.5052382795000291, "tf-idf": 0.4482758620689656, "combined": 0.47675707078449736}, "two": {"co-oc": 0.4934165760146049, "tf-idf": 0.4482758620689656, "combined": 0.47084621904178525}, "three": {"co-oc": 0.0013446745867910983, "tf-idf": 0.06896551724137931, "combined": 0.0351550959140852}, "four": {"co-oc": 4.6989857481306376e-07, "tf-idf": 0.034482758620689655, "combined": 0.017241614259632235}}}