{"name": "39002087185584", "type": "rank", "number_files": 2594, "number_unknown": 0, "formats": ["Q29011569", "Q29011538", "Q29017314", "Q29011315", "Q29017304", "Q27826464", "Q29011514", "Q66811836", "Q27826469", "Q34746472", "Q29011271", "Q29012190", "Q29011710", "Q29011579", "Q29011549", "Q178051", "Q28600763", "Q29017312", "Q29012206", "Q29011484", "Q29011365", "Q29012224", "Q29011347", "Q27826468", "Q27826466", "Q29012350", "Q29017311", "Q29011646", "Q29011892", "Q29011774", "Q684554", "Q29012285", "Q16996920", "Q29017306", "Q29011363", "Q29011357", "Q29017309", "Q5924007", "Q29012120", "Q29011358", "Q29011824", "Q28206109", "Q26549229", "Q66134804", "Q1662484", "Q29012054", "Q29011223", "Q29011566", "Q1676669", "Q29011361", "Q29011079", "Q99184084", "Q29011977", "Q27967488"], "environments": {"one": {"co-oc": 0.7380890417848065, "tf-idf": 0.33333333333333337, "combined": 0.5357111875590699}, "three": {"co-oc": 0.14286224131902317, "tf-idf": 0.33333333333333337, "combined": 0.23809778732617826}, "four": {"co-oc": 0.11903049060271843, "tf-idf": 0.22222222222222224, "combined": 0.17062635641247034}, "two": {"co-oc": 1.8226293451881577e-05, "tf-idf": 0.11111111111111112, "combined": 0.0555646687022815}}}