{"name": "39002055108394", "type": "rank", "number_files": 766, "number_unknown": 21, "formats": ["Q729366", "Q27826464", "Q28786544", "Q8811", "Q66811836", "Q28205580", "Q27826469", "Q34746472", "Q48805099", "Q17092932", "Q61752300", "Q2192", "Q28206359", "Q28206771", "Q28600763", "Q1888930", "Q27826468", "Q1952321", "Q62626012", "Q27826466", "Q26385770", "Q684554", "Q16996920", "Q27526733", "Q28206262", "Q10610388", "Q27526739", "Q5924007", "Q28206109", "Q59999786", "Q1662484", "Q28206497", "Q26329648", "Q1676669", "Q28205626", "Q2053", "Q99184084", "Q166074", "Q61963304"], "environments": {"one": {"co-oc": 0.5040612800391846, "tf-idf": 0.3333333333333333, "combined": 0.41869730668625893}, "three": {"co-oc": 0.33163416849244276, "tf-idf": 0.3333333333333333, "combined": 0.33248375091288807}, "four": {"co-oc": 0.12845870532576814, "tf-idf": 0.16666666666666666, "combined": 0.1475626859962174}, "two": {"co-oc": 0.03584584614260455, "tf-idf": 0.16666666666666666, "combined": 0.1012562564046356}}}