{"name": "39002090171787", "type": "rank", "number_files": 3947, "number_unknown": 0, "formats": ["Q29151645", "Q27826464", "Q28786544", "Q8811", "Q66811836", "Q27826469", "Q34746472", "Q17073241", "Q28600763", "Q1076355", "Q4045294", "Q1888930", "Q27826468", "Q27826466", "Q62626012", "Q288405", "Q684554", "Q16996920", "Q5924007", "Q1662484", "Q673906", "Q1676669", "Q2053", "Q99184084", "Q166074"], "environments": {"one": {"co-oc": 0.8260338887919035, "tf-idf": 0.4285714285714286, "combined": 0.6273026586816661}, "two": {"co-oc": 0.17375162338489156, "tf-idf": 0.2857142857142857, "combined": 0.22973295454958864}, "four": {"co-oc": 0.00010724391160244311, "tf-idf": 0.14285714285714285, "combined": 0.07148219338437264}, "three": {"co-oc": 0.00010724391160244311, "tf-idf": 0.14285714285714285, "combined": 0.07148219338437264}}}