{"name": "39002105951744", "type": "rank", "number_files": 1039, "number_unknown": 17, "formats": ["Q27596243", "Q58103465", "Q217570", "Q34284437", "Q4045294", "Q29904539", "Q28755628", "Q16976440", "Q79241659", "Q29650311"], "environments": {"one": {"co-oc": 0.4999372106153214, "tf-idf": 0.4, "combined": 0.4499686053076607}, "two": {"co-oc": 0.4999372106153214, "tf-idf": 0.4, "combined": 0.4499686053076607}, "three": {"co-oc": 0.0001255787693571162, "tf-idf": 0.2, "combined": 0.10006278938467857}, "four": {"co-oc": 0.0, "tf-idf": 0.0, "combined": 0.0}}}