{"name": "39002069054329", "type": "rank", "number_files": 67, "number_unknown": 9, "formats": ["Q28858044", "Q66439259", "Q34747804", "Q48782394", "Q28055391", "Q48106551", "Q49243488", "Q59210786", "Q63061514", "Q28858041", "Q61641368", "Q27826340", "Q28758112", "Q61639409", "Q1601331", "Q194831", "Q29650304", "Q79241919", "Q47233167", "Q81526528", "Q28858038", "Q28858042", "Q4045294", "Q48782098", "Q81526664", "Q28600412", "Q6912474", "Q32097740", "Q28755606", "Q85621726", "Q28858032", "Q51801746", "Q1882400", "Q27979410", "Q60000066", "Q27967388", "Q1343830", "Q48782238", "Q27967125", "Q48782202", "Q28106114", "Q28009496", "Q28858035", "Q85621806", "Q686498", "Q32097899", "Q62664770", "Q63061396", "Q62664735", "Q28551319", "Q27826389", "Q89029185", "Q28207108", "Q28858039", "Q28858037", "Q60628185", "Q28758102", "Q66439286", "Q48915661", "Q28049770", "Q1141412", "Q81526237"], "environments": {"two": {"co-oc": 0.5346335187196838, "tf-idf": 0.46666666666666656, "combined": 0.5006500926931752}, "one": {"co-oc": 0.4653561620114159, "tf-idf": 0.3999999999999999, "combined": 0.4326780810057079}, "four": {"co-oc": 5.159634450238938e-06, "tf-idf": 0.06666666666666665, "combined": 0.03333591315055844}, "three": {"co-oc": 5.159634450238938e-06, "tf-idf": 0.06666666666666665, "combined": 0.03333591315055844}}}