{"name": "39002073201031", "type": "rank", "number_files": 3217, "number_unknown": 105, "formats": ["Q28786544", "Q8811", "Q3807693", "Q29946898", "Q29946692", "Q48805099", "Q61752300", "Q194831", "Q28206359", "Q26547266", "Q47233167", "Q26541013", "Q26085330", "Q1888930", "Q29946845", "Q28755628", "Q47498555", "Q26546575", "Q28755606", "Q26085322", "Q95994246", "Q28858032", "Q26211874", "Q27229642", "Q47498565", "Q28009496", "Q27229608", "Q5924007", "Q32097899", "Q28206109", "Q26549229", "Q47498745", "Q2053", "Q10394822", "Q433224", "Q81526237", "Q34747804", "Q26211840", "Q47498538", "Q2043942", "Q27826469", "Q34746472", "Q17092932", "Q47498749", "Q29946866", "Q28600763", "Q81526528", "Q81526664", "Q58006953", "Q6912474", "Q32097740", "Q29946713", "Q62626012", "Q26385770", "Q27979410", "Q1343830", "Q16996920", "Q27526733", "Q28206262", "Q26211940", "Q28205824", "Q29946914", "Q26085319", "Q29946121", "Q28207108", "Q1662484", "Q28758102", "Q26329648", "Q26211957", "Q1676669", "Q26211948", "Q47498736", "Q26211927", "Q27229565", "Q26085333", "Q1141412", "Q61963304", "Q178051", "Q28055391", "Q66439259", "Q48106551", "Q27826464", "Q29946883", "Q26211915", "Q26085336", "Q28205580", "Q29946829", "Q26547917", "Q28758112", "Q29946726", "Q1601331", "Q29650304", "Q1076355", "Q26543628", "Q26085339", "Q26211905", "Q29946810", "Q27826466", "Q5533911", "Q26211954", "Q723030", "Q26211936", "Q27967388", "Q26085317", "Q26211975", "Q29904539", "Q26545877", "Q5532250", "Q29946134", "Q42332", "Q59999786", "Q28206497", "Q28205626", "Q29946141", "Q26211983", "Q166074", "Q28049770", "Q729366", "Q66811836", "Q26548590", "Q2192", "Q58103465", "Q26211965", "Q28206771", "Q47498552", "Q4045294", "Q26211931", "Q47498547", "Q27826468", "Q1952321", "Q26211958", "Q26211977", "Q1882400", "Q684554", "Q26211978", "Q29946771", "Q26211891", "Q27526739", "Q29946937", "Q27979156", "Q55429627", "Q99184084", "Q10852293", "Q26085326"], "environments": {"one": {"co-oc": 0.34508550323301174, "tf-idf": 0.30952380952380953, "combined": 0.32730465637841066}, "four": {"co-oc": 0.3172670526108789, "tf-idf": 0.28571428571428575, "combined": 0.3014906691625823}, "two": {"co-oc": 0.304880223735155, "tf-idf": 0.2619047619047619, "combined": 0.2833924928199585}, "three": {"co-oc": 0.032767220420954306, "tf-idf": 0.14285714285714288, "combined": 0.0878121816390486}}}