{"name": "39002056114151", "type": "rank", "number_files": 2412, "number_unknown": 88, "formats": ["Q26211840", "Q27826464", "Q3807693", "Q26211915", "Q66811836", "Q27826469", "Q34746472", "Q2192", "Q194831", "Q26211965", "Q28600763", "Q1076355", "Q4045294", "Q26211931", "Q58006953", "Q26211905", "Q27826468", "Q27826466", "Q95994246", "Q26211954", "Q26211958", "Q723030", "Q26211936", "Q26211977", "Q684554", "Q26211978", "Q26211874", "Q16996920", "Q27526733", "Q26211940", "Q26211975", "Q26211891", "Q27526739", "Q2193155", "Q5532250", "Q28206109", "Q27979156", "Q66134804", "Q1662484", "Q26211957", "Q26211948", "Q99184084", "Q26211983", "Q10394822", "Q26211927"], "environments": {"one": {"co-oc": 0.9993201916044527, "tf-idf": 0.5000000000000001, "combined": 0.7496600958022264}, "four": {"co-oc": 0.00022660279851579744, "tf-idf": 0.16666666666666669, "combined": 0.08344663473259124}, "three": {"co-oc": 0.00022660279851579744, "tf-idf": 0.16666666666666669, "combined": 0.08344663473259124}, "two": {"co-oc": 0.00022660279851579744, "tf-idf": 0.16666666666666669, "combined": 0.08344663473259124}}}