{"name": "39002053717519", "type": "rank", "number_files": 31, "number_unknown": 0, "formats": ["Q58103465", "Q24834502", "Q1076355", "Q4045294", "Q29904539", "Q28755628", "Q939636"], "environments": {"one": {"co-oc": 0.3333333333333333, "tf-idf": 0.33333333333333337, "combined": 0.33333333333333337}, "three": {"co-oc": 0.3333333333333333, "tf-idf": 0.33333333333333337, "combined": 0.33333333333333337}, "two": {"co-oc": 0.3333333333333333, "tf-idf": 0.33333333333333337, "combined": 0.33333333333333337}, "four": {"co-oc": 0.0, "tf-idf": 0.0, "combined": 0.0}}}