{"name": "39002072327407", "type": "rank", "number_files": 200, "number_unknown": 0, "formats": ["Q729366", "Q26211840", "Q50223812", "Q3807693", "Q26211915", "Q66811836", "Q28205580", "Q26211965", "Q28206771", "Q28600763", "Q1076355", "Q28445577", "Q26211931", "Q58006953", "Q26211905", "Q95994246", "Q29904540", "Q26211958", "Q723030", "Q26211936", "Q26211977", "Q26211954", "Q684554", "Q26211978", "Q26211874", "Q16996920", "Q27526733", "Q26211940", "Q26211975", "Q5448342", "Q26211891", "Q5532250", "Q28206109", "Q27979156", "Q26549229", "Q5421818", "Q1662484", "Q26211957", "Q26211948", "Q28205626", "Q99184084", "Q26211983", "Q10394822", "Q26211927", "Q79241659", "Q5153426", "Q178051"], "environments": {"three": {"co-oc": 0.9982197037360904, "tf-idf": 0.5, "combined": 0.7491098518680452}, "four": {"co-oc": 0.000890148131954781, "tf-idf": 0.25, "combined": 0.12544507406597738}, "one": {"co-oc": 0.000890148131954781, "tf-idf": 0.25, "combined": 0.12544507406597738}, "two": {"co-oc": 0.0, "tf-idf": 0.0, "combined": 0.0}}}