{"name": "39002067753575", "type": "rank", "number_files": 80, "number_unknown": 9, "formats": ["Q729366", "Q47455565", "Q27596243", "Q1141412", "Q66811836", "Q28205580", "Q48021763", "Q217570", "Q4042979", "Q28206771", "Q28600763", "Q1076355", "Q47455466", "Q4045294", "Q48004607", "Q28758114", "Q59961105", "Q48021588", "Q684554", "Q28758111", "Q16996920", "Q939636", "Q1882110", "Q48005022", "Q1662484", "Q380319", "Q28205626", "Q48004869"], "environments": {"one": {"co-oc": 0.8704981318952306, "tf-idf": 0.5714285714285714, "combined": 0.720963351661901}, "two": {"co-oc": 0.12292888557051855, "tf-idf": 0.2857142857142857, "combined": 0.20432158564240213}, "three": {"co-oc": 0.006572982534250871, "tf-idf": 0.14285714285714285, "combined": 0.07471506269569686}, "four": {"co-oc": 0.0, "tf-idf": 0.0, "combined": 0.0}}}