{"name": "39002087315496", "type": "rank", "number_files": 23, "number_unknown": 0, "formats": ["Q28205733", "Q27596243", "Q28206771", "Q28205674", "Q27596417", "Q27596100", "Q1676669", "Q28206788", "Q63061679", "Q27596325", "Q27596184", "Q28207499", "Q28205736", "Q28205439"], "environments": {"four": {"co-oc": 0.3333333333333333, "tf-idf": 0.3333333333333333, "combined": 0.3333333333333333}, "one": {"co-oc": 0.3333333333333333, "tf-idf": 0.3333333333333333, "combined": 0.3333333333333333}, "three": {"co-oc": 0.3333333333333333, "tf-idf": 0.3333333333333333, "combined": 0.3333333333333333}, "two": {"co-oc": 0.0, "tf-idf": 0.0, "combined": 0.0}}}