{"name": "39002073394117", "type": "rank", "number_files": 211, "number_unknown": 1, "formats": ["Q66439259", "Q34747804", "Q3807693", "Q28758112", "Q1601331", "Q217570", "Q29650304", "Q47233167", "Q1076355", "Q81526528", "Q4045294", "Q81526664", "Q58006953", "Q6912474", "Q32097740", "Q28755606", "Q95994246", "Q723030", "Q49243071", "Q27526733", "Q28009496", "Q32097899", "Q28206109", "Q27979156", "Q26549229", "Q28207108", "Q672985", "Q1676669", "Q99184084", "Q28049770", "Q81526237"], "environments": {"one": {"co-oc": 0.4722729346795316, "tf-idf": 0.33333333333333337, "combined": 0.4028031340064325}, "three": {"co-oc": 0.23896928440656454, "tf-idf": 0.25000000000000006, "combined": 0.2444846422032823}, "two": {"co-oc": 0.2159240355912784, "tf-idf": 0.25000000000000006, "combined": 0.23296201779563924}, "four": {"co-oc": 0.07283374532262539, "tf-idf": 0.16666666666666669, "combined": 0.11975020599464603}}}