{"name": "39002074585275", "type": "rank", "number_files": 755, "number_unknown": 388, "formats": ["Q1192568", "Q3807693", "Q7271574", "Q47455466", "Q47233167", "Q44070042", "Q28206147", "Q28755606", "Q95994246", "Q26211874", "Q27996239", "Q6043826", "Q28009496", "Q60886323", "Q32097899", "Q28206109", "Q66134804", "Q32979267", "Q45347222", "Q27995538", "Q10394822", "Q28347555", "Q81526237", "Q34747804", "Q26211840", "Q28771319", "Q44071424", "Q81526528", "Q44069463", "Q60873199", "Q81526664", "Q58006953", "Q6912474", "Q32097740", "Q26211940", "Q28207108", "Q26211957", "Q26211948", "Q26211927", "Q1141412", "Q47455565", "Q66439259", "Q44070571", "Q28858068", "Q26211915", "Q28758112", "Q1601331", "Q29650304", "Q28207569", "Q4042979", "Q1076355", "Q47483338", "Q60806257", "Q44070148", "Q26211905", "Q44069766", "Q26211954", "Q723030", "Q26211936", "Q27967388", "Q47512572", "Q26211975", "Q28600476", "Q5532250", "Q28049770", "Q28756608", "Q26211983", "Q28848214", "Q27596243", "Q59961716", "Q29000498", "Q28757684", "Q32979463", "Q26211965", "Q60886160", "Q4045294", "Q28755621", "Q26211931", "Q52834888", "Q26211958", "Q26211977", "Q44069213", "Q26211978", "Q44071250", "Q60806040", "Q26211891", "Q27979156", "Q28206138", "Q99184084"], "environments": {"one": {"co-oc": 0.35247158778747334, "tf-idf": 0.36000000000000004, "combined": 0.3562357938937367}, "two": {"co-oc": 0.34671662017440796, "tf-idf": 0.36000000000000004, "combined": 0.353358310087204}, "four": {"co-oc": 0.30081063461784163, "tf-idf": 0.24, "combined": 0.2704053173089208}, "three": {"co-oc": 1.1574202770530186e-06, "tf-idf": 0.039999999999999994, "combined": 0.020000578710138522}}}