{"name": "39002067184219", "type": "rank", "number_files": 403, "number_unknown": 129, "formats": ["Q1144005", "Q66439259", "Q34747804", "Q28205418", "Q28858044", "Q48782394", "Q52425710", "Q28975647", "Q63061514", "Q61707607", "Q28858041", "Q3807693", "Q61641368", "Q28758112", "Q66439311", "Q59608283", "Q28206284", "Q1601331", "Q28206265", "Q61639409", "Q29000561", "Q29650304", "Q47233167", "Q81526528", "Q28205583", "Q28858038", "Q1076355", "Q28858042", "Q4045294", "Q27967532", "Q48782098", "Q81526664", "Q58006953", "Q27979508", "Q6912474", "Q32097740", "Q28755606", "Q95994246", "Q85621726", "Q28858032", "Q723030", "Q51801746", "Q13454995", "Q28207194", "Q60000066", "Q48782238", "Q48782202", "Q28009496", "Q28858035", "Q85621806", "Q686498", "Q479833", "Q32097899", "Q89029185", "Q27979156", "Q62664770", "Q63061396", "Q62664735", "Q59608340", "Q28207108", "Q28858039", "Q28206883", "Q28858037", "Q60628185", "Q66439286", "Q72198666", "Q28205807", "Q29650303", "Q48915661", "Q67124083", "Q28049770", "Q28205955", "Q81526237"], "environments": {"two": {"co-oc": 0.5258398254014083, "tf-idf": 0.47058823529411764, "combined": 0.49821403034776296}, "one": {"co-oc": 0.4683420894469546, "tf-idf": 0.3529411764705882, "combined": 0.41064163295877143}, "three": {"co-oc": 0.005813403260582868, "tf-idf": 0.1176470588235294, "combined": 0.06173023104205613}, "four": {"co-oc": 4.681891054218461e-06, "tf-idf": 0.0588235294117647, "combined": 0.029414105651409457}}}