{"name": "39002067184177", "type": "rank", "number_files": 307, "number_unknown": 7, "formats": ["Q28858044", "Q1144005", "Q48782394", "Q28207342", "Q63061514", "Q28858041", "Q61641368", "Q61639409", "Q28205439", "Q1076355", "Q43869672", "Q28858038", "Q535473", "Q28858042", "Q48782098", "Q28600412", "Q43866871", "Q85621726", "Q28858032", "Q51801746", "Q60000066", "Q43870624", "Q48782238", "Q48782202", "Q686498", "Q85621806", "Q28858035", "Q43870269", "Q62664770", "Q63061396", "Q28858039", "Q28858037", "Q60628185", "Q66439286", "Q48915661", "Q45347222", "Q62664735"], "environments": {"one": {"co-oc": 0.529378471246196, "tf-idf": 0.4615384615384616, "combined": 0.4954584663923288}, "two": {"co-oc": 0.4706109732469644, "tf-idf": 0.3846153846153847, "combined": 0.42761317893117456}, "four": {"co-oc": 5.277753419806317e-06, "tf-idf": 0.07692307692307693, "combined": 0.03846417733824837}, "three": {"co-oc": 5.277753419806317e-06, "tf-idf": 0.07692307692307693, "combined": 0.03846417733824837}}}