{"name": "39002067184284", "type": "rank", "number_files": 101, "number_unknown": 31, "formats": ["Q28858044", "Q28205418", "Q48782394", "Q1144005", "Q28975647", "Q63061514", "Q28858041", "Q3807693", "Q61641368", "Q59608283", "Q61639409", "Q28206284", "Q28206265", "Q29000561", "Q1076355", "Q28858038", "Q28858042", "Q4045294", "Q48782098", "Q58006953", "Q27979508", "Q85621726", "Q95994246", "Q28858032", "Q723030", "Q51801746", "Q60000066", "Q28207194", "Q27863188", "Q48782238", "Q48782202", "Q686498", "Q85621806", "Q28858035", "Q62664770", "Q89029185", "Q27979156", "Q63061396", "Q59608340", "Q28858039", "Q28858037", "Q60628185", "Q28206883", "Q66439286", "Q48915661", "Q72198666", "Q29650303", "Q28205807", "Q67124083", "Q28205955", "Q62664735"], "environments": {"two": {"co-oc": 0.5070698709281038, "tf-idf": 0.5, "combined": 0.5035349354640519}, "one": {"co-oc": 0.49292514071532295, "tf-idf": 0.4285714285714286, "combined": 0.4607482846433758}, "three": {"co-oc": 4.988356573247247e-06, "tf-idf": 0.07142857142857144, "combined": 0.03571677989257234}, "four": {"co-oc": 0.0, "tf-idf": 0.0, "combined": 0.0}}}