{"name": "39002082663468", "type": "rank", "number_files": 2459, "number_unknown": 1032, "formats": ["Q55758993", "Q28205488", "Q3807693", "Q27967123", "Q87121992", "Q47233167", "Q2119595", "Q28207363", "Q87121995", "Q2276274", "Q27824032", "Q27824050", "Q28755606", "Q28206325", "Q95994246", "Q28049691", "Q58799889", "Q6043826", "Q28009496", "Q32097899", "Q28206109", "Q66134804", "Q81526237", "Q34747804", "Q55758988", "Q28771319", "Q28600763", "Q81526528", "Q50809751", "Q81526664", "Q28206336", "Q28205883", "Q6912474", "Q32097740", "Q58006953", "Q7311459", "Q16996920", "Q27526733", "Q29000614", "Q479833", "Q28207108", "Q1662484", "Q1676669", "Q27967113", "Q27824056", "Q66439259", "Q29650793", "Q87816075", "Q28205580", "Q29167914", "Q856364", "Q28758112", "Q50809753", "Q1601331", "Q29650304", "Q28206332", "Q1076355", "Q87119735", "Q723030", "Q27960138", "Q28206843", "Q939636", "Q27824053", "Q27824019", "Q28771288", "Q28205626", "Q1569639", "Q28049770", "Q28344021", "Q27596243", "Q729366", "Q29650305", "Q87121491", "Q66811836", "Q27824041", "Q29000498", "Q28207256", "Q28206771", "Q4045294", "Q28445577", "Q3406936", "Q87119731", "Q4545483", "Q28009488", "Q27824015", "Q684554", "Q28205727", "Q27979156", "Q50809785", "Q7395247", "Q99184084"], "environments": {"one": {"co-oc": 0.6764800579399703, "tf-idf": 0.33333333333333337, "combined": 0.5049066956366519}, "three": {"co-oc": 0.1332001037931655, "tf-idf": 0.25, "combined": 0.19160005189658275}, "four": {"co-oc": 0.09654345348129909, "tf-idf": 0.25, "combined": 0.17327172674064956}, "two": {"co-oc": 0.09377638478556526, "tf-idf": 0.16666666666666669, "combined": 0.13022152572611598}}}