{"name": "39002055108352", "type": "rank", "number_files": 18696, "number_unknown": 48, "formats": ["Q29151645", "Q29904449", "Q27826464", "Q29650305", "Q28786544", "Q8811", "Q3807693", "Q27826469", "Q27824041", "Q34746472", "Q17073241", "Q1888930", "Q27824032", "Q27824050", "Q28205883", "Q27826468", "Q28206325", "Q58006953", "Q27826466", "Q62626012", "Q95994246", "Q921122", "Q49243071", "Q27925705", "Q288405", "Q723030", "Q27824015", "Q1343830", "Q27960138", "Q2193155", "Q27824053", "Q27979156", "Q27824019", "Q673906", "Q1676669", "Q2053", "Q99184084", "Q166074", "Q10852293", "Q27824056"], "environments": {"one": {"co-oc": 0.9991231920226132, "tf-idf": 0.4, "combined": 0.6995615960113066}, "four": {"co-oc": 0.0002922693257956268, "tf-idf": 0.2, "combined": 0.10014613466289782}, "three": {"co-oc": 0.0002922693257956268, "tf-idf": 0.2, "combined": 0.10014613466289782}, "two": {"co-oc": 0.0002922693257956268, "tf-idf": 0.2, "combined": 0.10014613466289782}}}