{"name": "39002093581636", "type": "rank", "number_files": 56, "number_unknown": 1, "formats": ["Q729366", "Q26549229", "Q28206771", "Q28205626", "Q42591", "Q28205580", "Q217570"], "environments": {"three": {"co-oc": 0.37195255580904324, "tf-idf": 0.375, "combined": 0.37347627790452165}, "one": {"co-oc": 0.31402018929321035, "tf-idf": 0.25, "combined": 0.2820100946466052}, "two": {"co-oc": 0.31402018929321035, "tf-idf": 0.25, "combined": 0.2820100946466052}, "four": {"co-oc": 7.0656045360921675e-06, "tf-idf": 0.125, "combined": 0.06250353280226804}}}