{"name": "39002012442084", "type": "rank", "number_files": 150, "number_unknown": 3, "formats": ["Q50223812", "Q27826464", "Q3807693", "Q66811836", "Q27826469", "Q27826340", "Q34746472", "Q194831", "Q34284525", "Q66310989", "Q28600763", "Q1076355", "Q5301", "Q4045294", "Q58006953", "Q27826468", "Q27826466", "Q95994246", "Q29904540", "Q723030", "Q684554", "Q1343830", "Q16996920", "Q27526733", "Q5448342", "Q28206109", "Q27979156", "Q27826389", "Q5421818", "Q66134804", "Q1662484", "Q26549229", "Q99184084", "Q5153426"], "environments": {"one": {"co-oc": 0.9998339640412207, "tf-idf": 0.6666666666666666, "combined": 0.8332503153539437}, "two": {"co-oc": 0.00016603595877929557, "tf-idf": 0.3333333333333333, "combined": 0.1667496846460563}, "four": {"co-oc": 0.0, "tf-idf": 0.0, "combined": 0.0}, "three": {"co-oc": 0.0, "tf-idf": 0.0, "combined": 0.0}}}