{"name": "39002063924154", "type": "rank", "number_files": 973, "number_unknown": 2, "formats": ["Q61971919", "Q1144005", "Q729366", "Q1141412", "Q751800", "Q28344713", "Q27967181", "Q51954521", "Q47538013", "Q3807693", "Q47012412", "Q51954585", "Q28205580", "Q28771319", "Q61971917", "Q29000498", "Q60628005", "Q60628025", "Q28206771", "Q1076355", "Q44933672", "Q4045294", "Q28206147", "Q28755621", "Q71837258", "Q58006953", "Q61974843", "Q95994246", "Q28858032", "Q723030", "Q52834849", "Q5010021", "Q27967388", "Q85513175", "Q27967091", "Q47512572", "Q6043826", "Q27979156", "Q28206138", "Q27487130", "Q28205626", "Q19599377", "Q28347555", "Q178051"], "environments": {"three": {"co-oc": 0.5171068581920486, "tf-idf": 0.33333333333333337, "combined": 0.425220095762691}, "one": {"co-oc": 0.4819951858934348, "tf-idf": 0.33333333333333337, "combined": 0.4076642596133841}, "four": {"co-oc": 0.0004489779572582877, "tf-idf": 0.16666666666666669, "combined": 0.08355782231196249}, "two": {"co-oc": 0.0004489779572582877, "tf-idf": 0.16666666666666669, "combined": 0.08355782231196249}}}