{"name": "39002076678094", "type": "rank", "number_files": 2396, "number_unknown": 630, "formats": ["Q729366", "Q27596243", "Q87066066", "Q1144005", "Q2138624", "Q50604600", "Q3807693", "Q28205580", "Q217570", "Q28206359", "Q28206771", "Q4045294", "Q58006953", "Q95994246", "Q723030", "Q29000609", "Q47245245", "Q47245444", "Q87066063", "Q81413027", "Q27979156", "Q28205626", "Q28205588"], "environments": {"three": {"co-oc": 0.6553549514026313, "tf-idf": 0.33333333333333337, "combined": 0.49434414236798235}, "one": {"co-oc": 0.1723225242986843, "tf-idf": 0.33333333333333337, "combined": 0.25282792881600885}, "two": {"co-oc": 0.1723225242986843, "tf-idf": 0.33333333333333337, "combined": 0.25282792881600885}, "four": {"co-oc": 0.0, "tf-idf": 0.0, "combined": 0.0}}}