{"name": "39002012161551", "type": "rank", "number_files": 1569, "number_unknown": 0, "formats": ["Q723030", "Q26385770", "Q27979156", "Q28206359", "Q28206109", "Q66134804", "Q28206497", "Q26329648", "Q1676669", "Q28206262", "Q3807693", "Q99184084", "Q58006953", "Q1952321", "Q17092932", "Q95994246"], "environments": {"one": {"co-oc": 0.9998370284538209, "tf-idf": 0.5, "combined": 0.7499185142269105}, "four": {"co-oc": 8.148577308953703e-05, "tf-idf": 0.25, "combined": 0.12504074288654476}, "three": {"co-oc": 8.148577308953703e-05, "tf-idf": 0.25, "combined": 0.12504074288654476}, "two": {"co-oc": 0.0, "tf-idf": 0.0, "combined": 0.0}}}