{"name": "39002012448792", "type": "rank", "number_files": 40, "number_unknown": 2, "formats": ["Q28055391", "Q29944783", "Q729366", "Q29944779", "Q29944777", "Q66811836", "Q29944773", "Q28205580", "Q29944782", "Q29944987", "Q29944780", "Q29944786", "Q28206771", "Q28600763", "Q1076355", "Q4045294", "Q1882400", "Q27979410", "Q29944785", "Q29944758", "Q684554", "Q1343830", "Q16996920", "Q26549229", "Q1662484", "Q29944776", "Q1676669", "Q28205626", "Q99184084", "Q307271", "Q1228757"], "environments": {"one": {"co-oc": 0.5136091233052795, "tf-idf": 0.4642857142857143, "combined": 0.4889474187954969}, "two": {"co-oc": 0.48465052123659075, "tf-idf": 0.42857142857142855, "combined": 0.45661097490400965}, "three": {"co-oc": 0.001739849799722585, "tf-idf": 0.07142857142857142, "combined": 0.036584210614147}, "four": {"co-oc": 5.056584070875593e-07, "tf-idf": 0.03571428571428571, "combined": 0.0178573956863464}}}