{"name": "39002091175373", "type": "rank", "number_files": 783, "number_unknown": 0, "formats": ["Q729366", "Q48106551", "Q27826464", "Q28786544", "Q3807693", "Q8811", "Q66811836", "Q28205580", "Q27826469", "Q34746472", "Q28206771", "Q28600763", "Q1076355", "Q4045294", "Q28445577", "Q1888930", "Q58006953", "Q27826468", "Q27826466", "Q95994246", "Q62626012", "Q723030", "Q684554", "Q16996920", "Q27526733", "Q5924007", "Q28206109", "Q27979156", "Q26549229", "Q66134804", "Q1662484", "Q1676669", "Q28205626", "Q2053", "Q99184084", "Q166074"], "environments": {"one": {"co-oc": 0.7352968806339477, "tf-idf": 0.4444444444444445, "combined": 0.5898706625391961}, "three": {"co-oc": 0.22762883867687408, "tf-idf": 0.22222222222222224, "combined": 0.22492553044954816}, "two": {"co-oc": 0.03704700512630203, "tf-idf": 0.22222222222222224, "combined": 0.12963461367426213}, "four": {"co-oc": 2.7275562876172066e-05, "tf-idf": 0.11111111111111112, "combined": 0.055569193336993644}}}