{"name": "39002059644956", "type": "rank", "number_files": 15777, "number_unknown": 0, "formats": ["Q28858044", "Q729366", "Q48782394", "Q29944783", "Q29944779", "Q63061514", "Q28858041", "Q29944777", "Q61641368", "Q66811836", "Q28205580", "Q29944773", "Q29944782", "Q61639409", "Q29944987", "Q29944780", "Q29944786", "Q28206771", "Q28600763", "Q1076355", "Q28858038", "Q305941", "Q28858042", "Q4045294", "Q65595754", "Q48782098", "Q85621726", "Q28858032", "Q51801746", "Q29944785", "Q24834502", "Q29944758", "Q60000066", "Q684554", "Q65595930", "Q16996920", "Q48782238", "Q27526733", "Q48782202", "Q65595616", "Q686498", "Q85621806", "Q28858035", "Q62664770", "Q28206109", "Q63061396", "Q26549229", "Q7915770", "Q66134804", "Q1662484", "Q28858039", "Q28858037", "Q60628185", "Q29944776", "Q66439286", "Q48915661", "Q28205626", "Q99184084", "Q62664735"], "environments": {"one": {"co-oc": 0.5090900636277027, "tf-idf": 0.48648648648648646, "combined": 0.49778827505709455}, "two": {"co-oc": 0.4906567172376619, "tf-idf": 0.45945945945945943, "combined": 0.47505808834856067}, "three": {"co-oc": 0.0002532191346353391, "tf-idf": 0.05405405405405403, "combined": 0.027153636594344683}, "four": {"co-oc": 0.0, "tf-idf": 0.0, "combined": 0.0}}}