{"name": "39002078207041", "type": "rank", "number_files": 1082, "number_unknown": 4, "formats": ["Q29151645", "Q729366", "Q34747804", "Q66439259", "Q28786544", "Q28600764", "Q8811", "Q66811836", "Q28205580", "Q28758112", "Q1601331", "Q194831", "Q1353763", "Q29650304", "Q17073241", "Q28206771", "Q1076355", "Q47233167", "Q81526237", "Q81526528", "Q28600763", "Q4045294", "Q1888930", "Q81526664", "Q6912474", "Q32097740", "Q28755606", "Q62626012", "Q28858032", "Q288405", "Q27895063", "Q684554", "Q55394748", "Q942350", "Q188199", "Q16996920", "Q28009496", "Q32097899", "Q28206109", "Q1023647", "Q26549229", "Q28207108", "Q66134804", "Q1662484", "Q673906", "Q1676669", "Q28205626", "Q2053", "Q99184084", "Q28049770", "Q166074", "Q178051"], "environments": {"one": {"co-oc": 0.3853706091658004, "tf-idf": 0.28571428571428575, "combined": 0.3355424474400431}, "three": {"co-oc": 0.3011612505814432, "tf-idf": 0.28571428571428575, "combined": 0.2934377681478645}, "four": {"co-oc": 0.20716095083338648, "tf-idf": 0.1904761904761905, "combined": 0.19881857065478847}, "two": {"co-oc": 0.10630718941936983, "tf-idf": 0.2380952380952381, "combined": 0.17220121375730396}}}