{"name": "39002053675527", "type": "rank", "number_files": 23, "number_unknown": 0, "formats": ["Q66439259", "Q34747804", "Q777561", "Q3807693", "Q28758112", "Q1601331", "Q29650304", "Q47233167", "Q1076355", "Q81526528", "Q4045294", "Q81526664", "Q58006953", "Q6912474", "Q32097740", "Q28755606", "Q95994246", "Q28858032", "Q723030", "Q28009496", "Q32097899", "Q27979156", "Q26549229", "Q28207108", "Q10287816", "Q28049770", "Q81526237"], "environments": {"two": {"co-oc": 0.9994468430094049, "tf-idf": 0.4, "combined": 0.6997234215047025}, "four": {"co-oc": 0.0001843856635317131, "tf-idf": 0.2, "combined": 0.10009219283176586}, "one": {"co-oc": 0.0001843856635317131, "tf-idf": 0.2, "combined": 0.10009219283176586}, "three": {"co-oc": 0.0001843856635317131, "tf-idf": 0.2, "combined": 0.10009219283176586}}}