{"name": "39002081872427", "type": "rank", "number_files": 15, "number_unknown": 0, "formats": ["Q729366", "Q777561", "Q3807693", "Q66811836", "Q28205580", "Q28206771", "Q28600763", "Q1076355", "Q4045294", "Q58006953", "Q95994246", "Q723030", "Q24834502", "Q684554", "Q16996920", "Q27979156", "Q26549229", "Q1662484", "Q28205626", "Q99184084", "Q1141412"], "environments": {"three": {"co-oc": 0.9983967269110356, "tf-idf": 0.5, "combined": 0.7491983634555178}, "one": {"co-oc": 0.0008016365444821625, "tf-idf": 0.25, "combined": 0.1254008182722411}, "two": {"co-oc": 0.0008016365444821625, "tf-idf": 0.25, "combined": 0.1254008182722411}, "four": {"co-oc": 0.0, "tf-idf": 0.0, "combined": 0.0}}}