{"name": "39002067182734", "type": "rank", "number_files": 49, "number_unknown": 3, "formats": ["Q6026738", "Q28858044", "Q48782394", "Q87066066", "Q2138624", "Q49243488", "Q63061514", "Q27578057", "Q28858041", "Q3807693", "Q61641368", "Q61639409", "Q58725633", "Q28206359", "Q85415853", "Q1076355", "Q28858038", "Q28858042", "Q4045294", "Q58237034", "Q48782098", "Q58006953", "Q85621726", "Q95994246", "Q28858032", "Q723030", "Q28206894", "Q51801746", "Q29944206", "Q87066063", "Q60000066", "Q28206528", "Q48782238", "Q48782202", "Q1601835", "Q686498", "Q28858035", "Q85621806", "Q287315", "Q62664770", "Q27979156", "Q63061396", "Q26549229", "Q28858039", "Q28858037", "Q60628185", "Q73675958", "Q66439286", "Q48915661", "Q49243748", "Q1141412", "Q62664735"], "environments": {"one": {"co-oc": 0.49999753255755874, "tf-idf": 0.4615384615384615, "combined": 0.4807679970480101}, "two": {"co-oc": 0.49999753255755874, "tf-idf": 0.4615384615384615, "combined": 0.4807679970480101}, "three": {"co-oc": 4.934884882523501e-06, "tf-idf": 0.07692307692307691, "combined": 0.03846400590397972}, "four": {"co-oc": 0.0, "tf-idf": 0.0, "combined": 0.0}}}