{"name": "39002066016958", "type": "rank", "number_files": 46, "number_unknown": 2, "formats": ["Q723030", "Q27979156", "Q1076355", "Q29904468", "Q942350", "Q4045294", "Q28600764", "Q3807693", "Q61777776", "Q58006953", "Q95994246"], "environments": {"two": {"co-oc": 0.9993080127684442, "tf-idf": 0.5, "combined": 0.7496540063842221}, "one": {"co-oc": 0.0003459936157779608, "tf-idf": 0.25, "combined": 0.125172996807889}, "three": {"co-oc": 0.0003459936157779608, "tf-idf": 0.25, "combined": 0.125172996807889}, "four": {"co-oc": 0.0, "tf-idf": 0.0, "combined": 0.0}}}