{"name": "39002068052050", "type": "rank", "number_files": 75, "number_unknown": 20, "formats": ["Q28858044", "Q28055391", "Q48782394", "Q63061514", "Q29650305", "Q28858041", "Q3807693", "Q61641368", "Q51370033", "Q61639409", "Q73019664", "Q28858038", "Q28858042", "Q4045294", "Q48782098", "Q28600412", "Q58006953", "Q85621726", "Q95994246", "Q28858032", "Q723030", "Q51801746", "Q48551303", "Q1882400", "Q27979410", "Q60000066", "Q1343830", "Q48782238", "Q48782202", "Q686498", "Q85621806", "Q28858035", "Q479833", "Q62664770", "Q61641450", "Q27979156", "Q63061396", "Q66134804", "Q28858039", "Q28858037", "Q60628185", "Q66439286", "Q48915661", "Q1141412", "Q62664735"], "environments": {"one": {"co-oc": 0.5258859751550862, "tf-idf": 0.5384615384615384, "combined": 0.5321737568083122}, "two": {"co-oc": 0.4741140248449137, "tf-idf": 0.4615384615384615, "combined": 0.46782624319168764}, "four": {"co-oc": 0.0, "tf-idf": 0.0, "combined": 0.0}, "three": {"co-oc": 0.0, "tf-idf": 0.0, "combined": 0.0}}}