{"name": "39002033100794", "type": "rank", "number_files": 170, "number_unknown": 1, "formats": ["Q28206109", "Q723030", "Q27979156", "Q26549229", "Q1662484", "Q28600763", "Q1076355", "Q684554", "Q4045294", "Q16996920", "Q3807693", "Q1676669", "Q66811836", "Q99184084", "Q58006953", "Q2193155", "Q95994246", "Q28858032"], "environments": {"one": {"co-oc": 0.9993974695797139, "tf-idf": 0.4, "combined": 0.6996987347898569}, "four": {"co-oc": 0.0002008434734287136, "tf-idf": 0.2, "combined": 0.10010042173671437}, "three": {"co-oc": 0.0002008434734287136, "tf-idf": 0.2, "combined": 0.10010042173671437}, "two": {"co-oc": 0.0002008434734287136, "tf-idf": 0.2, "combined": 0.10010042173671437}}}