{"name": "39002037727030", "type": "rank", "number_files": 12, "number_unknown": 4, "formats": ["Q66439259", "Q34747804", "Q28758112", "Q1601331", "Q29650304", "Q47233167", "Q81526528", "Q85415853", "Q81526664", "Q6912474", "Q32097740", "Q28755606", "Q29944206", "Q1601835", "Q28009496", "Q29000614", "Q32097899", "Q28207108", "Q73675958", "Q28049770", "Q81526237"], "environments": {"four": {"co-oc": 0.3333333333333333, "tf-idf": 0.33333333333333337, "combined": 0.33333333333333337}, "three": {"co-oc": 0.3333333333333333, "tf-idf": 0.33333333333333337, "combined": 0.33333333333333337}, "two": {"co-oc": 0.3333333333333333, "tf-idf": 0.33333333333333337, "combined": 0.33333333333333337}, "one": {"co-oc": 0.0, "tf-idf": 0.0, "combined": 0.0}}}