{"name": "39002082295214", "type": "rank", "number_files": 5, "number_unknown": 0, "formats": ["Q28858044", "Q66439259", "Q48782394", "Q34747804", "Q28055391", "Q63061514", "Q28858041", "Q3807693", "Q61641368", "Q28758112", "Q61639409", "Q1601331", "Q29650304", "Q47233167", "Q81526528", "Q28858038", "Q81526237", "Q1076355", "Q28858042", "Q4045294", "Q48782098", "Q81526664", "Q58006953", "Q6912474", "Q32097740", "Q28755606", "Q85621726", "Q28858032", "Q95994246", "Q51801746", "Q723030", "Q1882400", "Q27979410", "Q60000066", "Q1343830", "Q48782238", "Q48782202", "Q686498", "Q85621806", "Q28858035", "Q28009496", "Q62664770", "Q32097899", "Q63061396", "Q27979156", "Q28207108", "Q28858039", "Q28858037", "Q60628185", "Q66439286", "Q48915661", "Q28049770", "Q62664735"], "environments": {"two": {"co-oc": 0.5349739023223957, "tf-idf": 0.46666666666666656, "combined": 0.5008202844945311}, "one": {"co-oc": 0.4650162808094353, "tf-idf": 0.3999999999999999, "combined": 0.43250814040471763}, "four": {"co-oc": 4.908434084501711e-06, "tf-idf": 0.06666666666666667, "combined": 0.033335787550375584}, "three": {"co-oc": 4.908434084501711e-06, "tf-idf": 0.06666666666666667, "combined": 0.033335787550375584}}}