{"name": "39002104462172", "type": "rank", "number_files": 409, "number_unknown": 123, "formats": ["Q28205488", "Q50223812", "Q3807693", "Q29946898", "Q29946692", "Q27967123", "Q194831", "Q26547266", "Q47233167", "Q26541013", "Q26085330", "Q29946845", "Q47498555", "Q26546575", "Q28755606", "Q26085322", "Q95994246", "Q28858032", "Q47498565", "Q28009496", "Q32097899", "Q26549229", "Q66134804", "Q29944776", "Q47498745", "Q81526237", "Q34747804", "Q47498538", "Q2043942", "Q47498749", "Q29946866", "Q28600763", "Q81526528", "Q81526664", "Q58006953", "Q6912474", "Q32097740", "Q29946713", "Q29904540", "Q27979410", "Q1343830", "Q16996920", "Q5448342", "Q29946914", "Q26085319", "Q29946121", "Q5421818", "Q28207108", "Q1662484", "Q28758102", "Q47498736", "Q26085333", "Q1141412", "Q28055391", "Q66439259", "Q48106551", "Q29946883", "Q29944777", "Q26085336", "Q28205580", "Q29944773", "Q29946829", "Q29944782", "Q26547917", "Q28758112", "Q29946726", "Q1601331", "Q29944987", "Q29650304", "Q29944786", "Q1076355", "Q26543628", "Q26085339", "Q29946810", "Q5533911", "Q723030", "Q27967388", "Q55394748", "Q26085317", "Q27967091", "Q26545877", "Q29946134", "Q1023647", "Q42332", "Q28205626", "Q29946141", "Q28049770", "Q5153426", "Q729366", "Q29944783", "Q27596243", "Q29944779", "Q66811836", "Q26548590", "Q29944780", "Q28206771", "Q47498552", "Q4045294", "Q47498547", "Q1882400", "Q29944785", "Q29944758", "Q684554", "Q29946771", "Q29946937", "Q27979156", "Q55429627", "Q99184084", "Q26085326"], "environments": {"one": {"co-oc": 0.4686497446182873, "tf-idf": 0.38888888888888895, "combined": 0.4287693167535881}, "two": {"co-oc": 0.4581173258399629, "tf-idf": 0.38888888888888895, "combined": 0.4235031073644259}, "four": {"co-oc": 0.0724512843750666, "tf-idf": 0.16666666666666669, "combined": 0.11955897552086664}, "three": {"co-oc": 0.0007816451666830916, "tf-idf": 0.05555555555555555, "combined": 0.02816860036111932}}}