{"name": "39002038477577", "type": "rank", "number_files": 109, "number_unknown": 16, "formats": ["Q729366", "Q3807693", "Q66811836", "Q28205580", "Q61777776", "Q28206771", "Q28600763", "Q1076355", "Q4045294", "Q58006953", "Q95994246", "Q723030", "Q684554", "Q16996920", "Q939636", "Q27979156", "Q66134804", "Q1662484", "Q28205626"], "environments": {"one": {"co-oc": 0.9996639237548668, "tf-idf": 0.5, "combined": 0.7498319618774334}, "three": {"co-oc": 0.00016803812256663617, "tf-idf": 0.25, "combined": 0.12508401906128333}, "two": {"co-oc": 0.00016803812256663617, "tf-idf": 0.25, "combined": 0.12508401906128333}, "four": {"co-oc": 0.0, "tf-idf": 0.0, "combined": 0.0}}}