{"name": "39002103250024", "type": "rank", "number_files": 28, "number_unknown": 0, "formats": ["Q29944783", "Q29011569", "Q29011538", "Q29017314", "Q29011315", "Q29944779", "Q29017304", "Q29011514", "Q29944777", "Q66811836", "Q29944773", "Q29944782", "Q29011579", "Q29011271", "Q29012190", "Q29011710", "Q29011549", "Q29944987", "Q29944780", "Q29944786", "Q28600763", "Q1076355", "Q29017312", "Q4045294", "Q29011484", "Q29012206", "Q29011365", "Q29012224", "Q29011347", "Q29012350", "Q29017311", "Q29011646", "Q29944785", "Q29011892", "Q29944758", "Q29011774", "Q29012285", "Q684554", "Q16996920", "Q29017306", "Q29011363", "Q29011357", "Q29017309", "Q5924007", "Q29012120", "Q29011358", "Q29011824", "Q26549229", "Q66134804", "Q1662484", "Q29012054", "Q29944776", "Q29011223", "Q29011566", "Q29011361", "Q29011079", "Q99184084", "Q29011977"], "environments": {"one": {"co-oc": 0.5118789010167429, "tf-idf": 0.52, "combined": 0.5159394505083714}, "two": {"co-oc": 0.4881210989832571, "tf-idf": 0.48000000000000004, "combined": 0.4840605494916286}, "four": {"co-oc": 0.0, "tf-idf": 0.0, "combined": 0.0}, "three": {"co-oc": 0.0, "tf-idf": 0.0, "combined": 0.0}}}