{"name": "39002115691686", "type": "rank", "number_files": 2420, "number_unknown": 0, "formats": ["Q28858044", "Q48782394", "Q63061514", "Q28858041", "Q3807693", "Q61641368", "Q61639409", "Q28858038", "Q28858042", "Q48782098", "Q58006953", "Q85621726", "Q95994246", "Q28858032", "Q723030", "Q51801746", "Q60000066", "Q48782238", "Q48782202", "Q686498", "Q85621806", "Q28858035", "Q62664770", "Q27979156", "Q63061396", "Q66134804", "Q28858039", "Q28858037", "Q60628185", "Q66439286", "Q48915661", "Q62664735"], "environments": {"one": {"co-oc": 0.5146096489254319, "tf-idf": 0.5454545454545454, "combined": 0.5300320971899887}, "two": {"co-oc": 0.4853903510745681, "tf-idf": 0.45454545454545453, "combined": 0.46996790281001133}, "four": {"co-oc": 0.0, "tf-idf": 0.0, "combined": 0.0}, "three": {"co-oc": 0.0, "tf-idf": 0.0, "combined": 0.0}}}