{"name": "39002060321602", "type": "rank", "number_files": 114, "number_unknown": 90, "formats": ["Q27596243", "Q34747804", "Q66439259", "Q3807693", "Q28205659", "Q28758112", "Q1601331", "Q29650304", "Q58103465", "Q47233167", "Q1076355", "Q81526528", "Q4045294", "Q81526664", "Q58006953", "Q28755628", "Q6912474", "Q32097740", "Q28755606", "Q95994246", "Q723030", "Q29904539", "Q28009496", "Q32097899", "Q27979156", "Q28207108", "Q55753055", "Q99184084", "Q28049770", "Q1141412", "Q81526237"], "environments": {"two": {"co-oc": 0.9990636197193529, "tf-idf": 0.4, "combined": 0.6995318098596764}, "four": {"co-oc": 0.00031212676021573837, "tf-idf": 0.2, "combined": 0.10015606338010788}, "one": {"co-oc": 0.00031212676021573837, "tf-idf": 0.2, "combined": 0.10015606338010788}, "three": {"co-oc": 0.00031212676021573837, "tf-idf": 0.2, "combined": 0.10015606338010788}}}