{"name": "39002103624533", "type": "rank", "number_files": 252, "number_unknown": 0, "formats": ["Q28206109", "Q26549229", "Q28786544", "Q1676669", "Q8811", "Q2053", "Q1888930", "Q99184084", "Q166074", "Q62626012"], "environments": {"one": {"co-oc": 0.9994153076464789, "tf-idf": 0.4, "combined": 0.6997076538232394}, "four": {"co-oc": 0.00019489745117370433, "tf-idf": 0.2, "combined": 0.10009744872558686}, "three": {"co-oc": 0.00019489745117370433, "tf-idf": 0.2, "combined": 0.10009744872558686}, "two": {"co-oc": 0.00019489745117370433, "tf-idf": 0.2, "combined": 0.10009744872558686}}}