{"name": "39002099461452", "type": "rank", "number_files": 169, "number_unknown": 0, "formats": ["Q26211840", "Q935809", "Q27826464", "Q3807693", "Q26211915", "Q7271574", "Q27826469", "Q34746472", "Q28757684", "Q26211965", "Q47483338", "Q28445577", "Q26211931", "Q58006953", "Q26211905", "Q27826468", "Q47483382", "Q27826466", "Q95994246", "Q26211954", "Q26211958", "Q723030", "Q26211936", "Q26211977", "Q26211978", "Q26211874", "Q26211940", "Q47483371", "Q26211975", "Q27996239", "Q26211891", "Q5532250", "Q28206109", "Q27979156", "Q47483863", "Q47483645", "Q66134804", "Q47483489", "Q26211957", "Q1676669", "Q26211948", "Q47483398", "Q26211983", "Q27995538", "Q10394822", "Q26211927", "Q28848214", "Q178051"], "environments": {"one": {"co-oc": 0.4808465943530281, "tf-idf": 0.36363636363636365, "combined": 0.4222414789946959}, "four": {"co-oc": 0.2595706170192514, "tf-idf": 0.2727272727272727, "combined": 0.266148944873262}, "three": {"co-oc": 0.2595706170192514, "tf-idf": 0.2727272727272727, "combined": 0.266148944873262}, "two": {"co-oc": 1.2171608469260346e-05, "tf-idf": 0.09090909090909091, "combined": 0.04546063125878009}}}