{"name": "39002082349169", "type": "rank", "number_files": 845, "number_unknown": 341, "formats": ["Q27596243", "Q34747804", "Q66439259", "Q751800", "Q64858274", "Q27596417", "Q66811836", "Q28758112", "Q27596184", "Q1601331", "Q217570", "Q29650304", "Q58103465", "Q28205796", "Q28206493", "Q28206771", "Q47233167", "Q81526528", "Q1076355", "Q28205674", "Q28600763", "Q28206788", "Q4045294", "Q27967105", "Q81526664", "Q28755628", "Q6912474", "Q32097740", "Q28755606", "Q28205736", "Q59961105", "Q28207194", "Q684554", "Q27596100", "Q27596325", "Q16996920", "Q63061679", "Q29904539", "Q28009496", "Q939636", "Q28207499", "Q32097899", "Q28205733", "Q28207108", "Q1662484", "Q28049770", "Q1141412", "Q81526237"], "environments": {"two": {"co-oc": 0.6969300938397262, "tf-idf": 0.375, "combined": 0.5359650469198631}, "one": {"co-oc": 0.20456518586097927, "tf-idf": 0.25, "combined": 0.22728259293048964}, "three": {"co-oc": 0.09841107097666743, "tf-idf": 0.25, "combined": 0.17420553548833373}, "four": {"co-oc": 9.364932262724188e-05, "tf-idf": 0.125, "combined": 0.06254682466131362}}}