{"name": "39002097055256", "type": "rank", "number_files": 2462, "number_unknown": 157, "formats": ["Q28786544", "Q3807693", "Q61641368", "Q8811", "Q61639409", "Q194831", "Q66310989", "Q47233167", "Q1888930", "Q28600412", "Q1165116", "Q28755606", "Q95994246", "Q28858032", "Q62625561", "Q28600435", "Q60000066", "Q51035227", "Q28919168", "Q26211874", "Q48782238", "Q686498", "Q28009496", "Q930281", "Q32097899", "Q28206109", "Q28858039", "Q28858037", "Q10287816", "Q2053", "Q10394822", "Q81526237", "Q34747804", "Q26211840", "Q28858041", "Q51034969", "Q81526528", "Q28858038", "Q28858042", "Q81526664", "Q58006953", "Q28205883", "Q6912474", "Q32097740", "Q62626012", "Q51801746", "Q51837224", "Q27526733", "Q26211940", "Q48782202", "Q28858035", "Q63061396", "Q28207108", "Q26211957", "Q26211948", "Q51035340", "Q26211927", "Q28858044", "Q66439259", "Q63061514", "Q26211915", "Q28758112", "Q1601331", "Q29650304", "Q28600453", "Q26211905", "Q85621726", "Q26211954", "Q723030", "Q26211936", "Q26211975", "Q28207044", "Q85621806", "Q5532250", "Q62664770", "Q66439286", "Q48915661", "Q28049770", "Q166074", "Q26211983", "Q62664735", "Q48782394", "Q2192", "Q34284525", "Q26211965", "Q28600454", "Q48782098", "Q26211931", "Q26211958", "Q921122", "Q26211977", "Q26211978", "Q26211891", "Q27526739", "Q2193155", "Q27979156", "Q60628185", "Q99184084", "Q66219660"], "environments": {"two": {"co-oc": 0.4913513215043151, "tf-idf": 0.368421052631579, "combined": 0.429886187067947}, "one": {"co-oc": 0.4901765997807864, "tf-idf": 0.368421052631579, "combined": 0.4292988262061827}, "three": {"co-oc": 0.016791538086317243, "tf-idf": 0.15789473684210528, "combined": 0.08734313746421127}, "four": {"co-oc": 0.0016805406285813021, "tf-idf": 0.10526315789473685, "combined": 0.05347184926165908}}}