{"name": "39002056113021", "type": "rank", "number_files": 653, "number_unknown": 209, "formats": ["Q1144005", "Q28207447", "Q27596243", "Q50223812", "Q28530510", "Q29650305", "Q34745947", "Q48106028", "Q3807693", "Q66811836", "Q28771319", "Q29000498", "Q18653981", "Q28600763", "Q1076355", "Q4045294", "Q900927", "Q58006953", "Q28205883", "Q95994246", "Q29904540", "Q723030", "Q684554", "Q66663030", "Q16996920", "Q6043826", "Q5448342", "Q28207452", "Q27979156", "Q26549229", "Q5421818", "Q66134804", "Q1662484", "Q27967182", "Q7520656", "Q1141412", "Q5153426"], "environments": {"one": {"co-oc": 0.9997811059726185, "tf-idf": 0.6666666666666666, "combined": 0.8332238863196426}, "two": {"co-oc": 0.00021889402738158826, "tf-idf": 0.3333333333333333, "combined": 0.16677611368035744}, "four": {"co-oc": 0.0, "tf-idf": 0.0, "combined": 0.0}, "three": {"co-oc": 0.0, "tf-idf": 0.0, "combined": 0.0}}}