{"name": "39002056168462", "type": "rank", "number_files": 75, "number_unknown": 34, "formats": ["Q49798508", "Q572649", "Q729366", "Q28344021", "Q777561", "Q50223812", "Q29650305", "Q3807693", "Q28770260", "Q66811836", "Q49799747", "Q28205580", "Q27967123", "Q856364", "Q29650311", "Q49620373", "Q29000651", "Q34284437", "Q28600763", "Q28206771", "Q2119595", "Q382011", "Q49799499", "Q4045294", "Q34310996", "Q58006953", "Q58335773", "Q29904540", "Q95994246", "Q723030", "Q3509055", "Q7311459", "Q684554", "Q16996920", "Q49798739", "Q5448342", "Q28919155", "Q29000614", "Q28206109", "Q27979156", "Q26549229", "Q5421818", "Q58335745", "Q1662484", "Q28206952", "Q3888665", "Q28205626", "Q99184084", "Q29000741", "Q5153426"], "environments": {"one": {"co-oc": 0.3333333333333333, "tf-idf": 0.33333333333333337, "combined": 0.33333333333333337}, "three": {"co-oc": 0.3333333333333333, "tf-idf": 0.33333333333333337, "combined": 0.33333333333333337}, "two": {"co-oc": 0.3333333333333333, "tf-idf": 0.33333333333333337, "combined": 0.33333333333333337}, "four": {"co-oc": 0.0, "tf-idf": 0.0, "combined": 0.0}}}