{"name": "39002079491347", "type": "rank", "number_files": 75, "number_unknown": 4, "formats": ["Q28206109", "Q1662484", "Q28600763", "Q684554", "Q942350", "Q27596100", "Q1676669", "Q28600764", "Q27526733", "Q16996920", "Q66811836", "Q99184084"], "environments": {"three": {"co-oc": 0.9992805735725687, "tf-idf": 0.39999999999999997, "combined": 0.6996402867862843}, "four": {"co-oc": 0.00023980880914378487, "tf-idf": 0.19999999999999998, "combined": 0.10011990440457189}, "one": {"co-oc": 0.00023980880914378487, "tf-idf": 0.19999999999999998, "combined": 0.10011990440457189}, "two": {"co-oc": 0.00023980880914378487, "tf-idf": 0.19999999999999998, "combined": 0.10011990440457189}}}