{"name": "39002090003840", "type": "rank", "number_files": 57, "number_unknown": 1, "formats": ["Q729366", "Q29944783", "Q29944779", "Q29944777", "Q3807693", "Q66811836", "Q28205580", "Q29944773", "Q29944782", "Q29944987", "Q29944780", "Q29944786", "Q28206771", "Q28600763", "Q1076355", "Q4045294", "Q58006953", "Q95994246", "Q28858032", "Q723030", "Q29944785", "Q29944758", "Q684554", "Q16996920", "Q27979156", "Q66134804", "Q1662484", "Q29944776", "Q28205626", "Q1141412"], "environments": {"one": {"co-oc": 0.5094631555841932, "tf-idf": 0.5, "combined": 0.5047315777920967}, "two": {"co-oc": 0.49053637783002313, "tf-idf": 0.4615384615384615, "combined": 0.4760374196842423}, "three": {"co-oc": 4.665857837421384e-07, "tf-idf": 0.03846153846153846, "combined": 0.0192310025236611}, "four": {"co-oc": 0.0, "tf-idf": 0.0, "combined": 0.0}}}