{"name": "39002067754110", "type": "rank", "number_files": 6447, "number_unknown": 5641, "formats": ["Q55429163", "Q29650302", "Q28777705", "Q4928413", "Q55429313", "Q3807693", "Q66811836", "Q61777776", "Q55429382", "Q55429332", "Q2192", "Q28600763", "Q1076355", "Q75717634", "Q75717796", "Q28207070", "Q55429254", "Q28207158", "Q4045294", "Q58006953", "Q59390872", "Q95994246", "Q723030", "Q55429271", "Q55429299", "Q55429245", "Q684554", "Q55429372", "Q29000599", "Q39184097", "Q16996920", "Q27526733", "Q50288190", "Q28207577", "Q55429220", "Q27526739", "Q55429234", "Q27979156", "Q1662484", "Q55429287", "Q55429354", "Q1109779", "Q1676669", "Q59390889", "Q1569639", "Q55429341", "Q55429419", "Q1141412"], "environments": {"one": {"co-oc": 0.6185159818991895, "tf-idf": 0.39999999999999997, "combined": 0.5092579909495948}, "four": {"co-oc": 0.2301239280878554, "tf-idf": 0.3, "combined": 0.2650619640439277}, "three": {"co-oc": 0.15129842682230227, "tf-idf": 0.19999999999999998, "combined": 0.17564921341115114}, "two": {"co-oc": 6.166319065278463e-05, "tf-idf": 0.09999999999999999, "combined": 0.05003083159532639}}}