{"name": "39002079160371", "type": "rank", "number_files": 472, "number_unknown": 0, "formats": ["Q723030", "Q27979156", "Q921122", "Q1076355", "Q27826464", "Q4045294", "Q1676669", "Q3807693", "Q27826469", "Q99184084", "Q58006953", "Q34746472", "Q27826468", "Q27826466", "Q95994246"], "environments": {"one": {"co-oc": 0.9989811356450151, "tf-idf": 0.4, "combined": 0.6994905678225076}, "four": {"co-oc": 0.0003396214516616572, "tf-idf": 0.2, "combined": 0.10016981072583084}, "three": {"co-oc": 0.0003396214516616572, "tf-idf": 0.2, "combined": 0.10016981072583084}, "two": {"co-oc": 0.0003396214516616572, "tf-idf": 0.2, "combined": 0.10016981072583084}}}