{"name": "39002118562850", "type": "rank", "number_files": 416, "number_unknown": 0, "formats": ["Q729366", "Q27826464", "Q66811836", "Q27826469", "Q28205580", "Q34746472", "Q28206771", "Q28600763", "Q1076355", "Q4045294", "Q28445577", "Q27826468", "Q27826466", "Q684554", "Q16996920", "Q28206109", "Q26549229", "Q1662484", "Q1676669", "Q28205626", "Q99184084", "Q1228757"], "environments": {"three": {"co-oc": 0.8030454301233467, "tf-idf": 0.3333333333333333, "combined": 0.56818938172834}, "one": {"co-oc": 0.19679491566274862, "tf-idf": 0.3333333333333333, "combined": 0.26506412449804095}, "four": {"co-oc": 7.982710695232747e-05, "tf-idf": 0.16666666666666666, "combined": 0.0833732468868095}, "two": {"co-oc": 7.982710695232747e-05, "tf-idf": 0.16666666666666666, "combined": 0.0833732468868095}}}