{"name": "39002057517048", "type": "rank", "number_files": 1683, "number_unknown": 0, "formats": ["Q729366", "Q27826464", "Q28786544", "Q8811", "Q66811836", "Q28205580", "Q27826469", "Q34746472", "Q28206771", "Q28600763", "Q1888930", "Q27826468", "Q27826466", "Q62626012", "Q684554", "Q16996920", "Q5924007", "Q28206109", "Q26549229", "Q66134804", "Q1662484", "Q28205626", "Q2053", "Q99184084", "Q166074"], "environments": {"one": {"co-oc": 0.9989137524680837, "tf-idf": 0.5, "combined": 0.7494568762340419}, "three": {"co-oc": 0.000543123765958211, "tf-idf": 0.25, "combined": 0.1252715618829791}, "two": {"co-oc": 0.000543123765958211, "tf-idf": 0.25, "combined": 0.1252715618829791}, "four": {"co-oc": 0.0, "tf-idf": 0.0, "combined": 0.0}}}