{"name": "39002073629488", "type": "rank", "number_files": 143, "number_unknown": 5, "formats": ["Q751800", "Q935809", "Q27863142", "Q27863131", "Q27863117", "Q3807693", "Q48021763", "Q28206359", "Q48004607", "Q95994246", "Q26211874", "Q47922320", "Q27863122", "Q27863116", "Q27863113", "Q28206109", "Q47539012", "Q27863123", "Q47539298", "Q71301157", "Q10394822", "Q26211840", "Q17092932", "Q27863119", "Q28600763", "Q27863121", "Q27863105", "Q58006953", "Q26385770", "Q27863136", "Q16996920", "Q28206262", "Q26211940", "Q1662484", "Q26329648", "Q26211957", "Q1676669", "Q26211948", "Q1196547", "Q27863128", "Q26211927", "Q178051", "Q27863127", "Q47538961", "Q26211915", "Q28205439", "Q27863110", "Q27863107", "Q1076355", "Q26211905", "Q26211954", "Q723030", "Q26211936", "Q26211975", "Q27863132", "Q5532250", "Q48005022", "Q28206497", "Q26211983", "Q48004869", "Q27596243", "Q66811836", "Q10397009", "Q26211965", "Q4045294", "Q26211931", "Q1952321", "Q26211958", "Q26211977", "Q27863143", "Q48021588", "Q684554", "Q26211978", "Q26211891", "Q27863111", "Q27863134", "Q27979156", "Q99184084"], "environments": {"one": {"co-oc": 0.9080096413651677, "tf-idf": 0.5, "combined": 0.7040048206825839}, "four": {"co-oc": 0.04405117605330647, "tf-idf": 0.1875, "combined": 0.11577558802665323}, "three": {"co-oc": 0.04405117605330647, "tf-idf": 0.1875, "combined": 0.11577558802665323}, "two": {"co-oc": 0.003888006528219556, "tf-idf": 0.125, "combined": 0.06444400326410978}}}