{"name": "39002076670547", "type": "rank", "number_files": 905, "number_unknown": 6, "formats": ["Q1144005", "Q27596243", "Q48005022", "Q1076355", "Q48021588", "Q48021763", "Q4045294", "Q28445577", "Q3176050", "Q28205588", "Q48004607", "Q48004869", "Q217570"], "environments": {"one": {"co-oc": 0.9850980183525156, "tf-idf": 0.6666666666666666, "combined": 0.8258823425095911}, "two": {"co-oc": 0.014897632620281744, "tf-idf": 0.22222222222222224, "combined": 0.11855992742125199}, "three": {"co-oc": 4.349027202625408e-06, "tf-idf": 0.11111111111111112, "combined": 0.055557730069156874}, "four": {"co-oc": 0.0, "tf-idf": 0.0, "combined": 0.0}}}