{"name": "39002089106141", "type": "rank", "number_files": 588, "number_unknown": 0, "formats": ["Q729366", "Q29011569", "Q29011538", "Q29017314", "Q29011315", "Q777561", "Q29017304", "Q29011514", "Q3807693", "Q66811836", "Q28205580", "Q29011579", "Q29011271", "Q29012190", "Q29011710", "Q29011549", "Q28206771", "Q28600763", "Q29017312", "Q1076355", "Q27866052", "Q29012206", "Q29011484", "Q29011365", "Q29012224", "Q29011347", "Q4045294", "Q58006953", "Q95994246", "Q29012350", "Q723030", "Q29017311", "Q29011646", "Q29011892", "Q29011774", "Q684554", "Q29012285", "Q16996920", "Q29017306", "Q27526733", "Q29011363", "Q29011357", "Q29017309", "Q5924007", "Q29012120", "Q29011358", "Q29011824", "Q28206109", "Q27979156", "Q26549229", "Q1662484", "Q29012054", "Q29011223", "Q29011566", "Q10287816", "Q29011361", "Q28205626", "Q29011079", "Q99184084", "Q29011977", "Q1228757"], "environments": {"one": {"co-oc": 0.3333333333333333, "tf-idf": 0.33333333333333337, "combined": 0.33333333333333337}, "three": {"co-oc": 0.3333333333333333, "tf-idf": 0.33333333333333337, "combined": 0.33333333333333337}, "two": {"co-oc": 0.3333333333333333, "tf-idf": 0.33333333333333337, "combined": 0.33333333333333337}, "four": {"co-oc": 0.0, "tf-idf": 0.0, "combined": 0.0}}}