{"name": "39002012225943", "type": "rank", "number_files": 5798, "number_unknown": 0, "formats": ["Q729366", "Q1141412", "Q66811836", "Q28205580", "Q48021763", "Q28205439", "Q28206771", "Q28600763", "Q1076355", "Q4045294", "Q28205883", "Q48004607", "Q48625328", "Q59714459", "Q48021588", "Q684554", "Q1047541", "Q16996920", "Q28206109", "Q48005022", "Q1662484", "Q1676669", "Q28205626", "Q99184084", "Q66134564", "Q48004869"], "environments": {"one": {"co-oc": 0.9486961778587985, "tf-idf": 0.5454545454545454, "combined": 0.7470753616566719}, "three": {"co-oc": 0.05129300114466184, "tf-idf": 0.2727272727272727, "combined": 0.16201013693596727}, "four": {"co-oc": 5.41049826982712e-06, "tf-idf": 0.09090909090909091, "combined": 0.04545725070368037}, "two": {"co-oc": 5.41049826982712e-06, "tf-idf": 0.09090909090909091, "combined": 0.04545725070368037}}}