{"name": "39002079388477", "type": "rank", "number_files": 2236, "number_unknown": 0, "formats": ["Q29011569", "Q29011538", "Q29017304", "Q100135637", "Q3807693", "Q29011710", "Q29011365", "Q34312718", "Q29012350", "Q28858032", "Q66759482", "Q95994246", "Q49989019", "Q29011646", "Q59851506", "Q29017306", "Q99976195", "Q27487531", "Q42591", "Q29011357", "Q25339304", "Q29011824", "Q29011358", "Q26549229", "Q29011361", "Q29011977", "Q641213", "Q29000578", "Q29011514", "Q29011579", "Q29011271", "Q27967351", "Q28600763", "Q29017312", "Q29012206", "Q29012224", "Q336284", "Q58006953", "Q100136218", "Q59851322", "Q16996920", "Q29012120", "Q1662484", "Q29011223", "Q1676669", "Q28600760", "Q79241659", "Q34306669", "Q71178742", "Q3551300", "Q99973597", "Q452197", "Q29011549", "Q28205367", "Q1076355", "Q34312565", "Q29011484", "Q796483", "Q723030", "Q29011892", "Q29011774", "Q29012285", "Q653301", "Q29011363", "Q72273742", "Q2313301", "Q4042481", "Q29012054", "Q29011566", "Q29011079", "Q166074", "Q28771320", "Q29017314", "Q29011315", "Q50378320", "Q28600421", "Q66811836", "Q29012190", "Q99973606", "Q45432", "Q4045294", "Q29011347", "Q27910000", "Q28728783", "Q29017311", "Q684554", "Q29017309", "Q27979156", "Q100136960", "Q2819247", "Q959950", "Q99184084", "Q100136955"], "environments": {"four": {"co-oc": 0.5908605076447719, "tf-idf": 0.3125, "combined": 0.45168025382238597}, "one": {"co-oc": 0.31388837996991853, "tf-idf": 0.3125, "combined": 0.3131941899849593}, "three": {"co-oc": 0.062445566977261745, "tf-idf": 0.1875, "combined": 0.12497278348863088}, "two": {"co-oc": 0.03280554540804779, "tf-idf": 0.1875, "combined": 0.11015277270402389}}}