{"name": "39002089148739", "type": "rank", "number_files": 775, "number_unknown": 0, "formats": ["Q1144005", "Q27826464", "Q66811836", "Q27826469", "Q34746472", "Q28600763", "Q1076355", "Q4045294", "Q27826468", "Q27826466", "Q684554", "Q16996920", "Q27526733", "Q5924007", "Q28206109", "Q1662484", "Q1676669", "Q49243748", "Q99184084"], "environments": {"one": {"co-oc": 0.9988580105266958, "tf-idf": 0.4, "combined": 0.6994290052633478}, "four": {"co-oc": 0.0003806631577681063, "tf-idf": 0.2, "combined": 0.10019033157888406}, "three": {"co-oc": 0.0003806631577681063, "tf-idf": 0.2, "combined": 0.10019033157888406}, "two": {"co-oc": 0.0003806631577681063, "tf-idf": 0.2, "combined": 0.10019033157888406}}}