{"name": "39002081479538", "type": "rank", "number_files": 40, "number_unknown": 2, "formats": ["Q27866113", "Q47498538", "Q47498749", "Q27866110", "Q47498552", "Q1076355", "Q4045294", "Q47498547", "Q47498555", "Q27866118", "Q28858032", "Q27866120", "Q47498736", "Q47498500", "Q27229642", "Q28205824", "Q47498565", "Q939636", "Q27229608", "Q433224", "Q27866114", "Q27866092", "Q47498745", "Q27866112", "Q99184084", "Q27866121", "Q27229565", "Q307271", "Q178051"], "environments": {"one": {"co-oc": 0.9977370583654639, "tf-idf": 0.39999999999999997, "combined": 0.6988685291827319}, "four": {"co-oc": 0.0007543138781787895, "tf-idf": 0.19999999999999998, "combined": 0.10037715693908938}, "three": {"co-oc": 0.0007543138781787895, "tf-idf": 0.19999999999999998, "combined": 0.10037715693908938}, "two": {"co-oc": 0.0007543138781787895, "tf-idf": 0.19999999999999998, "combined": 0.10037715693908938}}}