{"name": "39002082681637", "type": "rank", "number_files": 358, "number_unknown": 59, "formats": ["Q28344021", "Q28055391", "Q729366", "Q26211840", "Q34747804", "Q66439259", "Q3807693", "Q26211915", "Q28205580", "Q27967123", "Q856364", "Q28758112", "Q28205846", "Q1601331", "Q29650304", "Q26211965", "Q28206771", "Q47233167", "Q2119595", "Q1076355", "Q81526528", "Q4045294", "Q15860313", "Q26211931", "Q58006953", "Q26211905", "Q28205883", "Q81526664", "Q28755606", "Q32097740", "Q6912474", "Q95994246", "Q26211954", "Q26211958", "Q723030", "Q49243071", "Q1882400", "Q27979410", "Q26211936", "Q26211977", "Q15938816", "Q7311459", "Q47012492", "Q28206412", "Q1343830", "Q26211874", "Q26211978", "Q26211940", "Q26211975", "Q26211891", "Q28205760", "Q28009496", "Q2193155", "Q5532250", "Q479833", "Q28206272", "Q32097899", "Q27979156", "Q26549229", "Q28207108", "Q26211957", "Q26211948", "Q28975650", "Q28205626", "Q26211983", "Q28049770", "Q10394822", "Q26211927", "Q81526237"], "environments": {"two": {"co-oc": 0.7985277590206763, "tf-idf": 0.33333333333333337, "combined": 0.5659305461770048}, "three": {"co-oc": 0.20111861620215496, "tf-idf": 0.33333333333333337, "combined": 0.2672259747677442}, "four": {"co-oc": 0.00017681238858441176, "tf-idf": 0.16666666666666669, "combined": 0.08342173952762555}, "one": {"co-oc": 0.00017681238858441176, "tf-idf": 0.16666666666666669, "combined": 0.08342173952762555}}}