{"name": "39002082684789", "type": "rank", "number_files": 394, "number_unknown": 33, "formats": ["Q28344021", "Q50308790", "Q1144005", "Q26211840", "Q55758993", "Q751800", "Q29650793", "Q27826464", "Q55758988", "Q3807693", "Q26211915", "Q87816075", "Q27826469", "Q27967123", "Q856364", "Q50809753", "Q34746472", "Q28205439", "Q28207256", "Q26211965", "Q2119595", "Q1076355", "Q5301", "Q50809751", "Q28207363", "Q4045294", "Q66662117", "Q3406936", "Q26211931", "Q58006953", "Q26211905", "Q28205883", "Q27826468", "Q48625328", "Q27826466", "Q95994246", "Q26211954", "Q26211958", "Q26211977", "Q26211936", "Q723030", "Q59714459", "Q58799889", "Q7311459", "Q1047541", "Q26211978", "Q26211874", "Q28206843", "Q26211940", "Q26211975", "Q26211891", "Q5532250", "Q479833", "Q28206109", "Q27979156", "Q50809785", "Q26549229", "Q66134804", "Q26211957", "Q26211948", "Q99184084", "Q26211983", "Q10394822", "Q66134564", "Q26211927", "Q178051"], "environments": {"one": {"co-oc": 0.9273758649032581, "tf-idf": 0.42857142857142855, "combined": 0.6779736467373433}, "three": {"co-oc": 0.0724028504405348, "tf-idf": 0.2857142857142857, "combined": 0.17905856807741025}, "four": {"co-oc": 0.00011064232810358226, "tf-idf": 0.14285714285714285, "combined": 0.07148389259262322}, "two": {"co-oc": 0.00011064232810358226, "tf-idf": 0.14285714285714285, "combined": 0.07148389259262322}}}