{"name": "39002099953797", "type": "rank", "number_files": 281, "number_unknown": 0, "formats": ["Q29011569", "Q29011538", "Q29017314", "Q29011315", "Q29017304", "Q29011514", "Q66811836", "Q29011579", "Q29011271", "Q29012190", "Q29011710", "Q29011549", "Q28600763", "Q1076355", "Q29017312", "Q4045294", "Q29011484", "Q29012206", "Q29011365", "Q29012224", "Q29011347", "Q29012350", "Q29017311", "Q29011646", "Q29011892", "Q29011774", "Q29012285", "Q684554", "Q27967488", "Q16996920", "Q29017306", "Q29011363", "Q29011357", "Q29017309", "Q29012120", "Q29011358", "Q29011824", "Q479833", "Q26549229", "Q66134804", "Q1662484", "Q29012054", "Q29011223", "Q29011566", "Q1676669", "Q29011361", "Q29011079", "Q99184084", "Q29011977", "Q178051"], "environments": {"one": {"co-oc": 0.6335871687088007, "tf-idf": 0.3636363636363636, "combined": 0.4986117661725822}, "three": {"co-oc": 0.18577901971535649, "tf-idf": 0.2727272727272727, "combined": 0.2292531462213146}, "four": {"co-oc": 0.17529449901330738, "tf-idf": 0.1818181818181818, "combined": 0.17855634041574459}, "two": {"co-oc": 0.005339312562535313, "tf-idf": 0.1818181818181818, "combined": 0.09357874719035855}}}