{"name": "39002068460659", "type": "rank", "number_files": 216, "number_unknown": 0, "formats": ["Q28206109", "Q66134804", "Q24834502", "Q1076355", "Q43869672", "Q535473", "Q43870624", "Q1676669", "Q4045294", "Q99184084", "Q939636", "Q43866871", "Q43870269"], "environments": {"one": {"co-oc": 0.6062224932004902, "tf-idf": 0.39999999999999997, "combined": 0.5031112466002451}, "three": {"co-oc": 0.24073230140462745, "tf-idf": 0.3, "combined": 0.27036615070231373}, "four": {"co-oc": 0.15302378745559098, "tf-idf": 0.19999999999999998, "combined": 0.17651189372779547}, "two": {"co-oc": 2.1417939291516482e-05, "tf-idf": 0.09999999999999999, "combined": 0.050010708969645754}}}