{"name": "39002078549780", "type": "rank", "number_files": 1865, "number_unknown": 13, "formats": ["Q28786544", "Q100135637", "Q8811", "Q48805099", "Q61752300", "Q28206359", "Q1888930", "Q66759482", "Q28600435", "Q59851506", "Q51035227", "Q99976195", "Q27487531", "Q25339304", "Q930281", "Q28206109", "Q66134804", "Q2053", "Q641213", "Q29000578", "Q27826469", "Q34746472", "Q51034969", "Q17092932", "Q27967351", "Q28600763", "Q100136218", "Q62626012", "Q26385770", "Q51837224", "Q29000599", "Q59851322", "Q28206262", "Q27526733", "Q16996920", "Q1662484", "Q26329648", "Q1676669", "Q51035340", "Q28600760", "Q1141412", "Q61963304", "Q34306669", "Q71178742", "Q3551300", "Q27826464", "Q99973597", "Q28205580", "Q452197", "Q28600453", "Q796483", "Q27826466", "Q653301", "Q72273742", "Q2313301", "Q4042481", "Q59999786", "Q28206497", "Q1109779", "Q28205626", "Q166074", "Q28771320", "Q729366", "Q50378320", "Q28600421", "Q66811836", "Q99973606", "Q2192", "Q45432", "Q28206771", "Q28600454", "Q28445577", "Q27910000", "Q28728783", "Q27826468", "Q1952321", "Q684554", "Q39184097", "Q27526739", "Q100136960", "Q2819247", "Q959950", "Q99184084", "Q100136955"], "environments": {"one": {"co-oc": 0.46397741572526535, "tf-idf": 0.3333333333333333, "combined": 0.39865537452929933}, "four": {"co-oc": 0.3637155129919645, "tf-idf": 0.2777777777777778, "combined": 0.32074664538487113}, "three": {"co-oc": 0.15824936629466335, "tf-idf": 0.2777777777777778, "combined": 0.21801357203622057}, "two": {"co-oc": 0.014057704988106953, "tf-idf": 0.1111111111111111, "combined": 0.06258440804960903}}}