{"name": "39002053810066", "type": "rank", "number_files": 1097, "number_unknown": 537, "formats": ["Q66439259", "Q34747804", "Q26211840", "Q27826464", "Q3807693", "Q26211915", "Q27826469", "Q27826468", "Q28758112", "Q34746472", "Q1601331", "Q29650304", "Q26211965", "Q47233167", "Q81526528", "Q81526664", "Q58006953", "Q26211905", "Q6912474", "Q32097740", "Q28755606", "Q26211931", "Q27826466", "Q95994246", "Q26211954", "Q26211958", "Q723030", "Q26211936", "Q26211977", "Q26211978", "Q26211874", "Q26211940", "Q26211975", "Q26211891", "Q28009496", "Q5532250", "Q32097899", "Q28206109", "Q27979156", "Q28207108", "Q66134804", "Q26211957", "Q26211948", "Q1676669", "Q99184084", "Q28049770", "Q26211983", "Q10394822", "Q26211927", "Q79241659", "Q81526237"], "environments": {"one": {"co-oc": 0.9073222327192603, "tf-idf": 0.2857142857142857, "combined": 0.596518259216773}, "four": {"co-oc": 0.046318113184024685, "tf-idf": 0.2857142857142857, "combined": 0.1660161994491552}, "three": {"co-oc": 0.046318113184024685, "tf-idf": 0.2857142857142857, "combined": 0.1660161994491552}, "two": {"co-oc": 4.1540912690402176e-05, "tf-idf": 0.14285714285714285, "combined": 0.07144934188491663}}}