{"name": "39002079168333", "type": "rank", "number_files": 3413, "number_unknown": 0, "formats": ["Q29011569", "Q29011538", "Q29017314", "Q29011315", "Q29017304", "Q29011514", "Q29011579", "Q29011271", "Q29012190", "Q29011710", "Q29011549", "Q29017312", "Q1076355", "Q336284", "Q29011484", "Q29012206", "Q29011365", "Q29012224", "Q29011347", "Q4045294", "Q29012350", "Q29017311", "Q29011646", "Q29011892", "Q29011774", "Q29012285", "Q29017306", "Q42591", "Q29011363", "Q29011357", "Q29017309", "Q29012120", "Q29011358", "Q29011824", "Q28206109", "Q29012054", "Q29011223", "Q29011566", "Q1676669", "Q29011361", "Q29011079", "Q99184084", "Q29011977"], "environments": {"one": {"co-oc": 0.5342103194268261, "tf-idf": 0.33333333333333337, "combined": 0.4337718263800797}, "four": {"co-oc": 0.16767322022509293, "tf-idf": 0.22222222222222224, "combined": 0.19494772122365758}, "three": {"co-oc": 0.16767322022509293, "tf-idf": 0.22222222222222224, "combined": 0.19494772122365758}, "two": {"co-oc": 0.13044324012298816, "tf-idf": 0.22222222222222224, "combined": 0.1763327311726052}}}