{"name": "39002056321392", "type": "rank", "number_files": 41, "number_unknown": 3, "formats": ["Q28055391", "Q66439259", "Q34747804", "Q27596243", "Q48106551", "Q3807693", "Q28758112", "Q1601331", "Q194831", "Q29650304", "Q178051", "Q47233167", "Q81526528", "Q4045294", "Q81526664", "Q58006953", "Q6912474", "Q32097740", "Q28755606", "Q95994246", "Q28858032", "Q1882400", "Q723030", "Q27979410", "Q27967388", "Q1343830", "Q28009496", "Q32097899", "Q28206109", "Q27979156", "Q28207108", "Q66134804", "Q28758102", "Q1676669", "Q99184084", "Q28049770", "Q1141412", "Q81526237"], "environments": {"one": {"co-oc": 0.555053568261823, "tf-idf": 0.3333333333333333, "combined": 0.4441934507975781}, "four": {"co-oc": 0.19848304828743815, "tf-idf": 0.25, "combined": 0.22424152414371906}, "three": {"co-oc": 0.19848304828743815, "tf-idf": 0.25, "combined": 0.22424152414371906}, "two": {"co-oc": 0.047980335163300664, "tf-idf": 0.16666666666666666, "combined": 0.10732350091498366}}}