{"name": "39002074580342", "type": "rank", "number_files": 6491, "number_unknown": 82, "formats": ["Q3054349", "Q935809", "Q28786544", "Q100135637", "Q8811", "Q3807693", "Q48805099", "Q61752300", "Q194831", "Q28206359", "Q47455466", "Q47233167", "Q1888930", "Q28755606", "Q95994246", "Q66759482", "Q28600435", "Q59851506", "Q51035227", "Q10610388", "Q99976195", "Q27487531", "Q28009496", "Q25339304", "Q5924007", "Q930281", "Q28206109", "Q32097899", "Q66134804", "Q10287816", "Q2053", "Q66244789", "Q81526237", "Q34747804", "Q641213", "Q29000578", "Q27826469", "Q34746472", "Q51034969", "Q17092932", "Q27967351", "Q28600763", "Q34284437", "Q81526528", "Q623334", "Q81526664", "Q58006953", "Q100136218", "Q32097740", "Q6912474", "Q62626012", "Q26385770", "Q51837224", "Q1343830", "Q59851322", "Q27526733", "Q16996920", "Q28206262", "Q28758002", "Q28207108", "Q1662484", "Q26329648", "Q1676669", "Q51035340", "Q28600760", "Q79241659", "Q61963304", "Q1141412", "Q47455565", "Q66439259", "Q34306669", "Q71178742", "Q3551300", "Q99973597", "Q27826464", "Q28205580", "Q28758112", "Q28777715", "Q452197", "Q217570", "Q1601331", "Q29650304", "Q4042979", "Q1076355", "Q28600453", "Q796483", "Q27826466", "Q723030", "Q653301", "Q939636", "Q72273742", "Q2313301", "Q4042481", "Q59999786", "Q28206497", "Q28205626", "Q28049770", "Q166074", "Q28771320", "Q729366", "Q50378320", "Q28600421", "Q66811836", "Q99973606", "Q29650311", "Q2192", "Q45432", "Q28206771", "Q4045294", "Q28600454", "Q27910000", "Q28728783", "Q27826468", "Q1952321", "Q684554", "Q27526739", "Q1882110", "Q27979156", "Q100136960", "Q2819247", "Q959950", "Q99184084", "Q100136955"], "environments": {"one": {"co-oc": 0.46337712830468963, "tf-idf": 0.3157894736842105, "combined": 0.38958330099445004}, "two": {"co-oc": 0.22733362666794676, "tf-idf": 0.23684210526315788, "combined": 0.2320878659655523}, "three": {"co-oc": 0.1552808226232695, "tf-idf": 0.2631578947368421, "combined": 0.2092193586800558}, "four": {"co-oc": 0.1540084224040941, "tf-idf": 0.18421052631578946, "combined": 0.16910947435994178}}}