{"name": "39002085855121", "type": "rank", "number_files": 113, "number_unknown": 0, "formats": ["Q28206109", "Q27596243", "Q1662484", "Q28600763", "Q684554", "Q1676669", "Q27526733", "Q16996920", "Q66811836", "Q99184084", "Q28600412"], "environments": {"four": {"co-oc": 0.3333333333333333, "tf-idf": 0.33333333333333337, "combined": 0.33333333333333337}, "one": {"co-oc": 0.3333333333333333, "tf-idf": 0.33333333333333337, "combined": 0.33333333333333337}, "three": {"co-oc": 0.3333333333333333, "tf-idf": 0.33333333333333337, "combined": 0.33333333333333337}, "two": {"co-oc": 0.0, "tf-idf": 0.0, "combined": 0.0}}}