{"name": "39002053566445", "type": "rank", "number_files": 72, "number_unknown": 3, "formats": ["Q47455565", "Q28600764", "Q3807693", "Q61777776", "Q28777715", "Q4042979", "Q47455466", "Q1076355", "Q4045294", "Q623334", "Q58006953", "Q95994246", "Q723030", "Q1343830", "Q942350", "Q28758002", "Q1882110", "Q27979156", "Q26549229", "Q66244789"], "environments": {"two": {"co-oc": 0.5309136107849202, "tf-idf": 0.5, "combined": 0.5154568053924601}, "one": {"co-oc": 0.46907185054211376, "tf-idf": 0.375, "combined": 0.4220359252710569}, "three": {"co-oc": 1.4538672966155031e-05, "tf-idf": 0.125, "combined": 0.06250726933648308}, "four": {"co-oc": 0.0, "tf-idf": 0.0, "combined": 0.0}}}