{"name": "39002012369535", "type": "rank", "number_files": 14, "number_unknown": 0, "formats": ["Q47498538", "Q29946883", "Q2043942", "Q26085336", "Q29946898", "Q29946829", "Q26548590", "Q26547917", "Q29946692", "Q47498749", "Q29946726", "Q26547266", "Q29946866", "Q47498552", "Q26541013", "Q26543628", "Q26085330", "Q26085339", "Q47498547", "Q29946845", "Q29946810", "Q29946713", "Q26546575", "Q47498555", "Q26085322", "Q5533911", "Q29946771", "Q26085317", "Q26545877", "Q47498565", "Q29946914", "Q29946937", "Q29946134", "Q26085319", "Q42332", "Q29946121", "Q26549229", "Q47498745", "Q55429627", "Q29946141", "Q47498736", "Q26085333", "Q26085326"], "environments": {"four": {"co-oc": 0.33333276750367974, "tf-idf": 0.31999999999999995, "combined": 0.3266663837518399}, "one": {"co-oc": 0.33333276750367974, "tf-idf": 0.31999999999999995, "combined": 0.3266663837518399}, "two": {"co-oc": 0.33333276750367974, "tf-idf": 0.31999999999999995, "combined": 0.3266663837518399}, "three": {"co-oc": 1.697488960804775e-06, "tf-idf": 0.039999999999999994, "combined": 0.0200008487444804}}}