{"name": "39002039768248", "type": "rank", "number_files": 14, "number_unknown": 3, "formats": ["Q28055391", "Q66439259", "Q34747804", "Q751800", "Q3807693", "Q28758112", "Q1601331", "Q29650304", "Q47233167", "Q81526528", "Q4045294", "Q81526664", "Q58006953", "Q6912474", "Q32097740", "Q28755606", "Q95994246", "Q1882400", "Q723030", "Q27979410", "Q1343830", "Q28009496", "Q32097899", "Q27979156", "Q28207108", "Q28049770", "Q81526237"], "environments": {"two": {"co-oc": 0.9993497812028845, "tf-idf": 0.4, "combined": 0.6996748906014423}, "four": {"co-oc": 0.00021673959903853058, "tf-idf": 0.2, "combined": 0.10010836979951927}, "one": {"co-oc": 0.00021673959903853058, "tf-idf": 0.2, "combined": 0.10010836979951927}, "three": {"co-oc": 0.00021673959903853058, "tf-idf": 0.2, "combined": 0.10010836979951927}}}