{"name": "39002068039826", "type": "rank", "number_files": 428, "number_unknown": 4, "formats": ["Q27596243", "Q26211840", "Q26211915", "Q66811836", "Q17092932", "Q48021763", "Q28206359", "Q26211965", "Q28600763", "Q1076355", "Q4045294", "Q336284", "Q26211931", "Q26211905", "Q48004607", "Q1952321", "Q28858032", "Q26211958", "Q26211977", "Q26385770", "Q26211936", "Q26211954", "Q24834502", "Q48021588", "Q684554", "Q26211978", "Q26211874", "Q16996920", "Q27526733", "Q42591", "Q28206262", "Q26211940", "Q26211975", "Q26211891", "Q939636", "Q5532250", "Q48005022", "Q66134804", "Q1662484", "Q28206497", "Q26329648", "Q26211957", "Q1676669", "Q26211948", "Q26211983", "Q10394822", "Q26211927", "Q48004869"], "environments": {"one": {"co-oc": 0.9590397353129421, "tf-idf": 0.5333333333333333, "combined": 0.7461865343231378}, "three": {"co-oc": 0.031462732445715534, "tf-idf": 0.2, "combined": 0.11573136622285778}, "four": {"co-oc": 0.005366779095740772, "tf-idf": 0.13333333333333333, "combined": 0.06935005621453705}, "two": {"co-oc": 0.004130753145601581, "tf-idf": 0.13333333333333333, "combined": 0.06873204323946745}}}