{"name": "39002104462347", "type": "rank", "number_files": 738, "number_unknown": 148, "formats": ["Q1144005", "Q28206049", "Q935809", "Q3807693", "Q61641368", "Q27823195", "Q61639409", "Q47455466", "Q47233167", "Q28755606", "Q28205736", "Q95994246", "Q28858032", "Q28206162", "Q60000066", "Q59693916", "Q59653966", "Q46118545", "Q28206373", "Q48782238", "Q6043826", "Q28205670", "Q28009496", "Q60886323", "Q686498", "Q32097899", "Q28206272", "Q58959780", "Q66134804", "Q28858039", "Q29944776", "Q28206883", "Q28858037", "Q28206306", "Q28975875", "Q28347555", "Q66244789", "Q81526237", "Q34747804", "Q28207469", "Q28858041", "Q28771319", "Q51801210", "Q28600763", "Q81526528", "Q28858038", "Q382011", "Q28858042", "Q623334", "Q28205801", "Q60873199", "Q81526664", "Q58006953", "Q28205883", "Q6912474", "Q32097740", "Q51801746", "Q66439261", "Q27979410", "Q16965621", "Q1343830", "Q29000599", "Q27596100", "Q16996920", "Q48782202", "Q60615282", "Q28858035", "Q28758002", "Q63061396", "Q28207108", "Q1662484", "Q380319", "Q28600223", "Q1141412", "Q1228757", "Q28055391", "Q66439259", "Q47455565", "Q28858044", "Q49243488", "Q63061514", "Q29944777", "Q28858068", "Q29944773", "Q28205580", "Q29944782", "Q28758112", "Q28777715", "Q27596184", "Q1601331", "Q29944987", "Q29650304", "Q29944786", "Q4042979", "Q28206062", "Q1076355", "Q28206788", "Q60806257", "Q28758207", "Q85621726", "Q1952708", "Q723030", "Q27967388", "Q27596325", "Q28205944", "Q63061679", "Q85621806", "Q62664770", "Q1109779", "Q66439286", "Q48915661", "Q3888665", "Q28205626", "Q877050", "Q28049770", "Q27526866", "Q62664735", "Q29944783", "Q27596243", "Q729366", "Q48782394", "Q29944779", "Q27596417", "Q28600228", "Q29650305", "Q3146723", "Q66811836", "Q29000498", "Q27355592", "Q29944780", "Q28206771", "Q28205674", "Q60886160", "Q4045294", "Q27487424", "Q48782098", "Q28755621", "Q52834888", "Q1882400", "Q34285550", "Q29944785", "Q29944758", "Q62625630", "Q684554", "Q29465378", "Q39184097", "Q60806040", "Q28207499", "Q28205965", "Q1882110", "Q28205733", "Q27979156", "Q28206381", "Q60628185"], "environments": {"one": {"co-oc": 0.46012909233915195, "tf-idf": 0.4057971014492754, "combined": 0.43296309689421364}, "two": {"co-oc": 0.45291732612693436, "tf-idf": 0.4057971014492754, "combined": 0.4293572137881049}, "four": {"co-oc": 0.08575329015346109, "tf-idf": 0.13043478260869562, "combined": 0.10809403638107835}, "three": {"co-oc": 0.001200291380452691, "tf-idf": 0.057971014492753624, "combined": 0.029585652936603157}}}