{"name": "39002046255916", "type": "rank", "number_files": 1496, "number_unknown": 5, "formats": ["Q66439259", "Q7671270", "Q34747804", "Q61727569", "Q26211840", "Q61727602", "Q3807693", "Q26211915", "Q28758112", "Q1601331", "Q194831", "Q29650304", "Q26211965", "Q47233167", "Q81526528", "Q61727559", "Q61727114", "Q51916170", "Q81526664", "Q58006953", "Q26211905", "Q6912474", "Q32097740", "Q28755606", "Q26211931", "Q95994246", "Q26211954", "Q26211958", "Q723030", "Q26211936", "Q26211977", "Q26211978", "Q26211874", "Q5616826", "Q27526733", "Q26211940", "Q26211975", "Q26211891", "Q28009496", "Q61727514", "Q5532250", "Q32097899", "Q28206109", "Q27979156", "Q28207108", "Q26211957", "Q26211948", "Q61727504", "Q99184084", "Q28049770", "Q73514615", "Q10394822", "Q26211983", "Q26211927", "Q81526237"], "environments": {"four": {"co-oc": 0.3333333333333333, "tf-idf": 0.3333333333333333, "combined": 0.3333333333333333}, "three": {"co-oc": 0.3333333333333333, "tf-idf": 0.3333333333333333, "combined": 0.3333333333333333}, "two": {"co-oc": 0.3333333333333333, "tf-idf": 0.3333333333333333, "combined": 0.3333333333333333}, "one": {"co-oc": 0.0, "tf-idf": 0.0, "combined": 0.0}}}