{"name": "39002082348393", "type": "rank", "number_files": 1053, "number_unknown": 304, "formats": ["Q28055391", "Q27596243", "Q28344723", "Q48004869", "Q3807693", "Q29650319", "Q66811836", "Q48021763", "Q217570", "Q28206493", "Q28018470", "Q28600763", "Q1076355", "Q4045294", "Q336284", "Q28600412", "Q58006953", "Q48004607", "Q95994246", "Q1882400", "Q723030", "Q28018471", "Q27979410", "Q48021588", "Q684554", "Q1343830", "Q16996920", "Q28207302", "Q939636", "Q28452000", "Q27979156", "Q48005022", "Q66134804", "Q1662484", "Q1676669", "Q99184084", "Q28205588", "Q79241659", "Q1141412"], "environments": {"one": {"co-oc": 0.9860839574684124, "tf-idf": 0.6666666666666667, "combined": 0.8263753120675396}, "two": {"co-oc": 0.008067187972652112, "tf-idf": 0.13333333333333333, "combined": 0.07070026065299272}, "three": {"co-oc": 0.0058453243054944655, "tf-idf": 0.13333333333333333, "combined": 0.0695893288194139}, "four": {"co-oc": 3.530253440948873e-06, "tf-idf": 0.06666666666666667, "combined": 0.03333509846005381}}}