{"name": "39002076670885", "type": "rank", "number_files": 10546, "number_unknown": 3, "formats": ["Q729366", "Q27596243", "Q27231634", "Q27866063", "Q27866059", "Q28600764", "Q66811836", "Q28205580", "Q28205439", "Q28206771", "Q28600763", "Q1076355", "Q4045294", "Q336284", "Q27231651", "Q27866062", "Q28205771", "Q28207384", "Q684554", "Q942350", "Q16996920", "Q27231654", "Q27925722", "Q1502796", "Q7670377", "Q28207379", "Q34312361", "Q42591", "Q28205372", "Q1662484", "Q34312151", "Q27923693", "Q1676669", "Q28205626", "Q99184084", "Q1141412"], "environments": {"three": {"co-oc": 0.4896701994085171, "tf-idf": 0.3333333333333333, "combined": 0.41150176637092517}, "two": {"co-oc": 0.2644779077258486, "tf-idf": 0.25, "combined": 0.2572389538629243}, "one": {"co-oc": 0.18695469834064699, "tf-idf": 0.25, "combined": 0.2184773491703235}, "four": {"co-oc": 0.05889719452498732, "tf-idf": 0.16666666666666666, "combined": 0.11278193059582699}}}