{"name": "39002085950237", "type": "rank", "number_files": 1432, "number_unknown": 261, "formats": ["Q729366", "Q27826464", "Q28786544", "Q28858068", "Q8811", "Q3807693", "Q66811836", "Q27826469", "Q28205580", "Q34746472", "Q28206771", "Q28600763", "Q1076355", "Q60886160", "Q4045294", "Q60806257", "Q60873199", "Q1888930", "Q58006953", "Q27826468", "Q27826466", "Q52834888", "Q62626012", "Q95994246", "Q723030", "Q684554", "Q16996920", "Q60806040", "Q60886323", "Q5924007", "Q28206109", "Q27979156", "Q26549229", "Q66134804", "Q1662484", "Q1676669", "Q28205626", "Q2053", "Q99184084", "Q166074", "Q1141412"], "environments": {"one": {"co-oc": 0.38185189340917575, "tf-idf": 0.375, "combined": 0.37842594670458785}, "two": {"co-oc": 0.31133792782364206, "tf-idf": 0.29166666666666663, "combined": 0.3015022972451543}, "four": {"co-oc": 0.3048842392186601, "tf-idf": 0.24999999999999997, "combined": 0.27744211960933}, "three": {"co-oc": 0.0019259395485221337, "tf-idf": 0.08333333333333331, "combined": 0.04262963644092772}}}