{"name": "39002102990158", "type": "rank", "number_files": 39, "number_unknown": 20, "formats": ["Q1144005", "Q27596243", "Q28055391", "Q34747804", "Q66439259", "Q28758112", "Q1601331", "Q29650304", "Q47233167", "Q81526528", "Q4045294", "Q81526664", "Q6912474", "Q32097740", "Q28755606", "Q1882400", "Q27979410", "Q1343830", "Q28009496", "Q32097899", "Q28207108", "Q28049770", "Q81526237"], "environments": {"two": {"co-oc": 0.9994621976921845, "tf-idf": 0.39999999999999997, "combined": 0.6997310988460922}, "four": {"co-oc": 0.00017926743593852927, "tf-idf": 0.19999999999999998, "combined": 0.10008963371796925}, "one": {"co-oc": 0.00017926743593852927, "tf-idf": 0.19999999999999998, "combined": 0.10008963371796925}, "three": {"co-oc": 0.00017926743593852927, "tf-idf": 0.19999999999999998, "combined": 0.10008963371796925}}}