{"name": "39002046085065", "type": "rank", "number_files": 293, "number_unknown": 1, "formats": ["Q1144005", "Q27596243", "Q34747804", "Q66439259", "Q3807693", "Q28758112", "Q48021763", "Q1601331", "Q217570", "Q29650304", "Q47233167", "Q81526528", "Q4045294", "Q81526664", "Q58006953", "Q48004607", "Q32097740", "Q28755606", "Q6912474", "Q95994246", "Q723030", "Q48021588", "Q66689327", "Q28009496", "Q60615282", "Q32097899", "Q27979156", "Q48005022", "Q28207108", "Q28049770", "Q27526866", "Q48004869", "Q81526237"], "environments": {"one": {"co-oc": 0.9595648108654301, "tf-idf": 0.5, "combined": 0.7297824054327151}, "two": {"co-oc": 0.0341432888030018, "tf-idf": 0.25, "combined": 0.14207164440150089}, "three": {"co-oc": 0.006286872099680407, "tf-idf": 0.16666666666666666, "combined": 0.08647676938317353}, "four": {"co-oc": 5.0282318877693276e-06, "tf-idf": 0.08333333333333333, "combined": 0.041669180782610546}}}