{"name": "39002079544152", "type": "rank", "number_files": 119, "number_unknown": 4, "formats": ["Q28018471", "Q28018470", "Q1662484", "Q28600763", "Q1076355", "Q684554", "Q24834502", "Q16996920", "Q4045294", "Q336284", "Q42591", "Q66811836"], "environments": {"one": {"co-oc": 0.8396284966568848, "tf-idf": 0.4444444444444444, "combined": 0.6420364705506646}, "three": {"co-oc": 0.13413424229023402, "tf-idf": 0.2222222222222222, "combined": 0.17817823225622811}, "two": {"co-oc": 0.026226509437536755, "tf-idf": 0.2222222222222222, "combined": 0.12422436582987949}, "four": {"co-oc": 1.0751615344524954e-05, "tf-idf": 0.1111111111111111, "combined": 0.05556093136322782}}}