{"name": "39002097802178", "type": "rank", "number_files": 5, "number_unknown": 0, "formats": ["Q729366", "Q723030", "Q27979156", "Q1662484", "Q28600763", "Q1076355", "Q684554", "Q28206771", "Q16996920", "Q4045294", "Q28205626", "Q3807693", "Q66811836", "Q28205580", "Q58006953", "Q95994246"], "environments": {"one": {"co-oc": 0.3333333333333333, "tf-idf": 0.33333333333333337, "combined": 0.33333333333333337}, "three": {"co-oc": 0.3333333333333333, "tf-idf": 0.33333333333333337, "combined": 0.33333333333333337}, "two": {"co-oc": 0.3333333333333333, "tf-idf": 0.33333333333333337, "combined": 0.33333333333333337}, "four": {"co-oc": 0.0, "tf-idf": 0.0, "combined": 0.0}}}