{"name": "39002055100888", "type": "rank", "number_files": 2097, "number_unknown": 2, "formats": ["Q729366", "Q27596243", "Q1141412", "Q28786544", "Q8811", "Q3807693", "Q66811836", "Q28205580", "Q48021763", "Q217570", "Q28206771", "Q28600763", "Q1076355", "Q4045294", "Q1888930", "Q58006953", "Q48004607", "Q62626012", "Q95994246", "Q723030", "Q48021588", "Q684554", "Q27967388", "Q16996920", "Q28206109", "Q27979156", "Q48005022", "Q66134804", "Q1662484", "Q1676669", "Q28205626", "Q2053", "Q99184084", "Q28205588", "Q166074", "Q79241659", "Q48004869"], "environments": {"one": {"co-oc": 0.9582630348782895, "tf-idf": 0.5625, "combined": 0.7603815174391447}, "two": {"co-oc": 0.022857707307738992, "tf-idf": 0.18749999999999997, "combined": 0.10517885365386948}, "three": {"co-oc": 0.018875583956626085, "tf-idf": 0.18749999999999997, "combined": 0.10318779197831303}, "four": {"co-oc": 3.6738573454442864e-06, "tf-idf": 0.06249999999999999, "combined": 0.03125183692867272}}}