{"name": "39002073054323", "type": "rank", "number_files": 51, "number_unknown": 6, "formats": ["Q729366", "Q27596243", "Q1144005", "Q48004869", "Q3807693", "Q28205580", "Q48021763", "Q194831", "Q28206771", "Q1076355", "Q4045294", "Q58006953", "Q48004607", "Q95994246", "Q723030", "Q48021588", "Q27979156", "Q48005022", "Q66134804", "Q28205626", "Q1141412"], "environments": {"one": {"co-oc": 0.9999906954157186, "tf-idf": 0.75, "combined": 0.8749953477078594}, "three": {"co-oc": 4.6522921406893664e-06, "tf-idf": 0.12500000000000003, "combined": 0.06250232614607036}, "two": {"co-oc": 4.6522921406893664e-06, "tf-idf": 0.12500000000000003, "combined": 0.06250232614607036}, "four": {"co-oc": 0.0, "tf-idf": 0.0, "combined": 0.0}}}