{"name": "39002012451705", "type": "rank", "number_files": 5, "number_unknown": 3, "formats": ["Q47455565", "Q28777715", "Q17092932", "Q28206359", "Q4042979", "Q47455466", "Q1076355", "Q623334", "Q4045294", "Q1952321", "Q26385770", "Q1343830", "Q28206262", "Q28758002", "Q1882110", "Q28206497", "Q26329648", "Q1676669", "Q66244789"], "environments": {"one": {"co-oc": 0.5849961271503705, "tf-idf": 0.4444444444444445, "combined": 0.5147202857974075}, "two": {"co-oc": 0.4149758200235028, "tf-idf": 0.3333333333333333, "combined": 0.37415457667841806}, "four": {"co-oc": 1.4026413063358575e-05, "tf-idf": 0.11111111111111112, "combined": 0.05556256876208724}, "three": {"co-oc": 1.4026413063358575e-05, "tf-idf": 0.11111111111111112, "combined": 0.05556256876208724}}}