{"name": "39002068057950", "type": "rank", "number_files": 6434, "number_unknown": 4199, "formats": ["Q1144005", "Q28207503", "Q1192568", "Q3807693", "Q61641368", "Q61639409", "Q27979378", "Q47455466", "Q47233167", "Q28106149", "Q28755606", "Q95994246", "Q28858032", "Q60000066", "Q48782238", "Q28205760", "Q686498", "Q28009496", "Q28770336", "Q32097899", "Q28858039", "Q28858037", "Q81526237", "Q4836515", "Q34747804", "Q28858041", "Q2044200", "Q81526528", "Q28858038", "Q28858042", "Q81526664", "Q58006953", "Q6912474", "Q32097740", "Q51801746", "Q28206859", "Q28206528", "Q28205773", "Q48782202", "Q28858035", "Q479833", "Q63061396", "Q28207108", "Q3928271", "Q79241659", "Q1141412", "Q2389386", "Q28858044", "Q66439259", "Q47455565", "Q63061514", "Q28758112", "Q1601331", "Q28207016", "Q29650304", "Q7119344", "Q4042979", "Q1076355", "Q85621726", "Q723030", "Q53756551", "Q28600476", "Q85621806", "Q3398726", "Q62664770", "Q66439286", "Q48915661", "Q28049770", "Q28206638", "Q28206876", "Q62664735", "Q48782394", "Q53756539", "Q28207293", "Q4045294", "Q48782098", "Q28106166", "Q27979156", "Q60628185"], "environments": {"one": {"co-oc": 0.4993031578115903, "tf-idf": 0.44, "combined": 0.4696515789057951}, "two": {"co-oc": 0.3951657677516072, "tf-idf": 0.36000000000000004, "combined": 0.37758288387580363}, "four": {"co-oc": 0.1055284119060168, "tf-idf": 0.16000000000000003, "combined": 0.13276420595300842}, "three": {"co-oc": 2.6625307854391257e-06, "tf-idf": 0.04000000000000001, "combined": 0.020001331265392722}}}