{"name": "39002053679230", "type": "rank", "number_files": 1884, "number_unknown": 0, "formats": ["Q3807693", "Q48021763", "Q194831", "Q58103465", "Q1076355", "Q4045294", "Q28600412", "Q58006953", "Q28755628", "Q48004607", "Q95994246", "Q723030", "Q48021588", "Q29904539", "Q27979156", "Q29644119", "Q48005022", "Q1676669", "Q95994804", "Q48004869"], "environments": {"one": {"co-oc": 0.9999833281253641, "tf-idf": 0.6666666666666666, "combined": 0.8333249973960153}, "four": {"co-oc": 5.55729154531356e-06, "tf-idf": 0.1111111111111111, "combined": 0.05555833420132821}, "three": {"co-oc": 5.55729154531356e-06, "tf-idf": 0.1111111111111111, "combined": 0.05555833420132821}, "two": {"co-oc": 5.55729154531356e-06, "tf-idf": 0.1111111111111111, "combined": 0.05555833420132821}}}