{"name": "39002078162618", "type": "rank", "number_files": 5, "number_unknown": 0, "formats": ["Q29944783", "Q729366", "Q29944779", "Q29944777", "Q3807693", "Q66811836", "Q29944773", "Q28205580", "Q29944782", "Q29944987", "Q29944780", "Q29944786", "Q28206771", "Q28600763", "Q1076355", "Q4045294", "Q58006953", "Q95994246", "Q723030", "Q29944785", "Q29944758", "Q684554", "Q16996920", "Q27979156", "Q1662484", "Q29944776", "Q28205626"], "environments": {"one": {"co-oc": 0.4999997390730443, "tf-idf": 0.48, "combined": 0.48999986953652214}, "two": {"co-oc": 0.4999997390730443, "tf-idf": 0.48, "combined": 0.48999986953652214}, "three": {"co-oc": 5.218539114132191e-07, "tf-idf": 0.04, "combined": 0.020000260926955706}, "four": {"co-oc": 0.0, "tf-idf": 0.0, "combined": 0.0}}}