{"name": "39002067180076", "type": "rank", "number_files": 1266, "number_unknown": 520, "formats": ["Q1144005", "Q935809", "Q28786544", "Q3807693", "Q8811", "Q3359832", "Q194831", "Q47233167", "Q1888930", "Q28600412", "Q28755606", "Q95994246", "Q28858032", "Q26211874", "Q28009496", "Q60886323", "Q32097899", "Q28206109", "Q26549229", "Q66134804", "Q47455968", "Q2053", "Q10394822", "Q81526237", "Q29151645", "Q34747804", "Q26211840", "Q81526528", "Q60873199", "Q81526664", "Q58006953", "Q50308743", "Q32097740", "Q6912474", "Q62626012", "Q27979410", "Q1343830", "Q26211940", "Q28207108", "Q28758102", "Q26211957", "Q26211948", "Q3928271", "Q26211927", "Q1141412", "Q28055391", "Q66439259", "Q48106551", "Q27996279", "Q28858068", "Q26211915", "Q28205580", "Q28758112", "Q1601331", "Q29650304", "Q17073241", "Q1076355", "Q27995540", "Q60806257", "Q26211905", "Q26211954", "Q723030", "Q26211936", "Q48551303", "Q288405", "Q29650308", "Q27967388", "Q26211975", "Q5532250", "Q62664770", "Q673906", "Q28205626", "Q26211983", "Q166074", "Q28049770", "Q729366", "Q27596243", "Q27967187", "Q26211965", "Q28206771", "Q60886160", "Q4045294", "Q26211931", "Q52834888", "Q26211958", "Q26211977", "Q1882400", "Q26211978", "Q27473691", "Q60806040", "Q26211891", "Q61641450", "Q27979156", "Q29151494", "Q99184084", "Q28206310"], "environments": {"one": {"co-oc": 0.35204740615568897, "tf-idf": 0.3333333333333333, "combined": 0.34269036974451117}, "two": {"co-oc": 0.3265636585166, "tf-idf": 0.3, "combined": 0.3132818292583}, "four": {"co-oc": 0.3183690389416347, "tf-idf": 0.26666666666666666, "combined": 0.29251785280415066}, "three": {"co-oc": 0.0030198963860761786, "tf-idf": 0.09999999999999999, "combined": 0.051509948193038085}}}