{"name": "39002033100679", "type": "rank", "number_files": 1549, "number_unknown": 175, "formats": ["Q66439259", "Q34747804", "Q27596243", "Q935809", "Q64858274", "Q27596417", "Q66811836", "Q28758112", "Q27596184", "Q1601331", "Q217570", "Q28205796", "Q29650304", "Q58103465", "Q28206493", "Q28206771", "Q28600763", "Q47233167", "Q81526528", "Q28205674", "Q67377613", "Q28206788", "Q4045294", "Q27967105", "Q81526664", "Q28755628", "Q6912474", "Q32097740", "Q28755606", "Q28205736", "Q59961105", "Q684554", "Q28207194", "Q27596100", "Q16996920", "Q27596325", "Q63061679", "Q29904539", "Q28009496", "Q939636", "Q28207499", "Q32097899", "Q28205733", "Q66134804", "Q1662484", "Q28207108", "Q28205588", "Q28049770", "Q1141412", "Q81526237"], "environments": {"one": {"co-oc": 0.4253695367780637, "tf-idf": 0.3076923076923077, "combined": 0.3665309222351857}, "two": {"co-oc": 0.39295014153367386, "tf-idf": 0.3076923076923077, "combined": 0.35032122461299076}, "three": {"co-oc": 0.11893542344728458, "tf-idf": 0.23076923076923078, "combined": 0.17485232710825768}, "four": {"co-oc": 0.06274489824097779, "tf-idf": 0.15384615384615385, "combined": 0.10829552604356582}}}