{"name": "39002073625312", "type": "rank", "number_files": 45, "number_unknown": 0, "formats": ["Q28344021", "Q66439259", "Q34747804", "Q27596243", "Q3807693", "Q856364", "Q27967123", "Q28758112", "Q1601331", "Q29650304", "Q47233167", "Q1076355", "Q2119595", "Q81526528", "Q34284437", "Q4045294", "Q81526664", "Q58006953", "Q28205883", "Q6912474", "Q32097740", "Q28755606", "Q95994246", "Q723030", "Q23014810", "Q7311459", "Q28205760", "Q28009496", "Q32097899", "Q27979156", "Q28207108", "Q66134804", "Q28049770", "Q81526237"], "environments": {"one": {"co-oc": 0.5008157477283476, "tf-idf": 0.33333333333333337, "combined": 0.4170745405308405}, "two": {"co-oc": 0.49896832821085396, "tf-idf": 0.33333333333333337, "combined": 0.4161508307720937}, "four": {"co-oc": 0.00010796203039925799, "tf-idf": 0.16666666666666669, "combined": 0.08338731434853297}, "three": {"co-oc": 0.00010796203039925799, "tf-idf": 0.16666666666666669, "combined": 0.08338731434853297}}}