{"name": "39002072320865", "type": "rank", "number_files": 431, "number_unknown": 66, "formats": ["Q61971919", "Q66439259", "Q34747804", "Q50223812", "Q51954521", "Q3807693", "Q51753051", "Q51954585", "Q27826340", "Q28758112", "Q61971917", "Q60628005", "Q27823195", "Q27487109", "Q1601331", "Q51753252", "Q60628025", "Q29650304", "Q4746193", "Q47233167", "Q81526528", "Q1076355", "Q44933672", "Q59999470", "Q4045294", "Q27487424", "Q81526664", "Q58006953", "Q28600412", "Q6912474", "Q32097740", "Q28755606", "Q95994246", "Q29904540", "Q28858032", "Q723030", "Q27486884", "Q52834849", "Q27487343", "Q27979154", "Q29465378", "Q79242428", "Q50604441", "Q27349804", "Q28207085", "Q27925722", "Q34312361", "Q27487348", "Q5448342", "Q28009496", "Q32097899", "Q27979156", "Q27826346", "Q27826389", "Q5421818", "Q28207108", "Q66134804", "Q27487130", "Q26549229", "Q34312151", "Q27923693", "Q1676669", "Q56827141", "Q99184084", "Q28049770", "Q28975875", "Q5153426", "Q81526237"], "environments": {"one": {"co-oc": 0.728883188283734, "tf-idf": 0.33333333333333337, "combined": 0.5311082608085337}, "two": {"co-oc": 0.1580316839882903, "tf-idf": 0.22222222222222224, "combined": 0.19012695310525626}, "four": {"co-oc": 0.056542563863987885, "tf-idf": 0.22222222222222224, "combined": 0.13938239304310507}, "three": {"co-oc": 0.056542563863987885, "tf-idf": 0.22222222222222224, "combined": 0.13938239304310507}}}