{"name": "39002051169747", "type": "rank", "number_files": 2189, "number_unknown": 93, "formats": ["Q29011569", "Q29011538", "Q29017304", "Q28786544", "Q1192568", "Q100135637", "Q3807693", "Q8811", "Q29011710", "Q28206359", "Q47455466", "Q66310989", "Q27487544", "Q29011365", "Q1888930", "Q28600412", "Q95994246", "Q29012350", "Q66759482", "Q29011646", "Q59851506", "Q59653966", "Q29017306", "Q99976195", "Q27487531", "Q6043826", "Q29011357", "Q25339304", "Q5924007", "Q29011824", "Q29011358", "Q28206109", "Q66134804", "Q10287816", "Q29011361", "Q2053", "Q29011977", "Q29151645", "Q641213", "Q29000578", "Q29011514", "Q27979516", "Q28771319", "Q27826469", "Q29011579", "Q29011271", "Q34746472", "Q17092932", "Q27967351", "Q28600763", "Q34284437", "Q29017312", "Q29012206", "Q29012224", "Q58006953", "Q100136218", "Q62626012", "Q26385770", "Q66439261", "Q16996920", "Q59851322", "Q27526733", "Q28206262", "Q51839192", "Q29012120", "Q1662484", "Q29011223", "Q26329648", "Q1676669", "Q28600760", "Q1141412", "Q178051", "Q47455565", "Q34306669", "Q71178742", "Q2138624", "Q49243488", "Q3551300", "Q99973597", "Q27826464", "Q28205580", "Q452197", "Q29011549", "Q4042979", "Q17073241", "Q1076355", "Q29011484", "Q796483", "Q27826466", "Q723030", "Q288405", "Q29011892", "Q29011774", "Q29012285", "Q653301", "Q28600476", "Q29011363", "Q72273742", "Q2313301", "Q4042481", "Q62664835", "Q29012054", "Q28206497", "Q29011566", "Q673906", "Q28205626", "Q29011079", "Q166074", "Q28771320", "Q729366", "Q27596243", "Q29017314", "Q28206957", "Q29011315", "Q28206328", "Q50378320", "Q28600421", "Q66811836", "Q29000498", "Q29012190", "Q99973606", "Q29650311", "Q45432", "Q15955723", "Q34284525", "Q28206771", "Q4045294", "Q28445577", "Q29011347", "Q27910000", "Q28728783", "Q27826468", "Q1952321", "Q49988510", "Q921122", "Q29017311", "Q684554", "Q34285652", "Q29017309", "Q218170", "Q89029185", "Q27979156", "Q28206381", "Q360194", "Q100136960", "Q2819247", "Q959950", "Q99184084", "Q100136955"], "environments": {"one": {"co-oc": 0.5208146232913714, "tf-idf": 0.37499999999999994, "combined": 0.44790731164568565}, "four": {"co-oc": 0.2179829341429757, "tf-idf": 0.20833333333333334, "combined": 0.2131581337381545}, "two": {"co-oc": 0.16991650302277247, "tf-idf": 0.20833333333333334, "combined": 0.1891249181780529}, "three": {"co-oc": 0.09128593954288027, "tf-idf": 0.20833333333333334, "combined": 0.1498096364381068}}}