{"name": "39002075943861", "type": "rank", "number_files": 2373, "number_unknown": 2, "formats": ["Q28055391", "Q66439259", "Q34747804", "Q27596243", "Q28206625", "Q27826464", "Q28786544", "Q3807693", "Q8811", "Q27826469", "Q27826340", "Q28758112", "Q34746472", "Q28205846", "Q1601331", "Q2192", "Q194831", "Q29650304", "Q1353763", "Q47233167", "Q81526528", "Q1076355", "Q4045294", "Q1888930", "Q81526664", "Q58006953", "Q28600412", "Q6912474", "Q32097740", "Q28755606", "Q27826468", "Q27826466", "Q95994246", "Q62626012", "Q723030", "Q1882400", "Q27979410", "Q27895063", "Q59961105", "Q27473691", "Q1343830", "Q27526733", "Q3928271", "Q27526739", "Q28009496", "Q32097899", "Q28206109", "Q27979156", "Q27826389", "Q28207108", "Q47455968", "Q85415606", "Q28758102", "Q1676669", "Q2053", "Q99184084", "Q28049770", "Q166074", "Q28206310", "Q1141412", "Q81526237"], "environments": {"one": {"co-oc": 0.5331192898984751, "tf-idf": 0.375, "combined": 0.45405964494923756}, "four": {"co-oc": 0.20395767864695707, "tf-idf": 0.25, "combined": 0.22697883932347854}, "two": {"co-oc": 0.1562891124924844, "tf-idf": 0.1875, "combined": 0.1718945562462422}, "three": {"co-oc": 0.10663391896208325, "tf-idf": 0.1875, "combined": 0.14706695948104162}}}