{"name": "39002037218733", "type": "rank", "number_files": 145, "number_unknown": 0, "formats": ["Q29011569", "Q29011538", "Q29017314", "Q29011315", "Q29017304", "Q29011514", "Q66811836", "Q29011579", "Q29011271", "Q29012190", "Q29011710", "Q29011549", "Q28600763", "Q29017312", "Q1076355", "Q29012206", "Q29011484", "Q29011365", "Q29012224", "Q29011347", "Q336284", "Q4045294", "Q29012350", "Q29017311", "Q29011646", "Q29011892", "Q29011774", "Q29012285", "Q684554", "Q16996920", "Q29017306", "Q42591", "Q29011363", "Q29011357", "Q29017309", "Q29012120", "Q29011358", "Q29011824", "Q1662484", "Q29012054", "Q29011223", "Q29011566", "Q29011361", "Q29011079", "Q29011977"], "environments": {"one": {"co-oc": 0.4997482076539787, "tf-idf": 0.3333333333333333, "combined": 0.416540770493656}, "two": {"co-oc": 0.4997482076539787, "tf-idf": 0.3333333333333333, "combined": 0.416540770493656}, "four": {"co-oc": 0.00025179234602133884, "tf-idf": 0.16666666666666666, "combined": 0.083459229506344}, "three": {"co-oc": 0.00025179234602133884, "tf-idf": 0.16666666666666666, "combined": 0.083459229506344}}}