{"name": "39002073157910", "type": "rank", "number_files": 34, "number_unknown": 0, "formats": ["Q28858044", "Q48782394", "Q63061514", "Q28858041", "Q28858068", "Q61641368", "Q61639409", "Q28858038", "Q28858042", "Q60886160", "Q48782098", "Q60806257", "Q60873199", "Q85621726", "Q28858032", "Q52834888", "Q51801746", "Q60000066", "Q48782238", "Q48782202", "Q60806040", "Q686498", "Q85621806", "Q28858035", "Q60886323", "Q62664770", "Q63061396", "Q28858039", "Q28858037", "Q60628185", "Q66439286", "Q48915661", "Q62664735"], "environments": {"one": {"co-oc": 0.38556791077249186, "tf-idf": 0.4, "combined": 0.39278395538624594}, "two": {"co-oc": 0.38556791077249186, "tf-idf": 0.4, "combined": 0.39278395538624594}, "four": {"co-oc": 0.22886417845501633, "tf-idf": 0.19999999999999998, "combined": 0.21443208922750817}, "three": {"co-oc": 0.0, "tf-idf": 0.0, "combined": 0.0}}}