{"name": "39002012181856", "type": "rank", "number_files": 318, "number_unknown": 60, "formats": ["Q1144005", "Q61971919", "Q751800", "Q50223812", "Q777561", "Q3807693", "Q49799747", "Q61971917", "Q48021763", "Q27979378", "Q194831", "Q47233167", "Q34310996", "Q28755628", "Q48004607", "Q28755606", "Q95994246", "Q52834849", "Q27979278", "Q66134814", "Q49798739", "Q28009496", "Q32097899", "Q26549229", "Q29000741", "Q83964875", "Q81526237", "Q49798508", "Q34747804", "Q6753724", "Q28600763", "Q81526528", "Q81526664", "Q58006953", "Q6912474", "Q32097740", "Q58335773", "Q29904540", "Q27979410", "Q3509055", "Q1343830", "Q16996920", "Q3513566", "Q5448342", "Q5421818", "Q28207108", "Q1662484", "Q28758102", "Q28206952", "Q1141412", "Q28055391", "Q66439259", "Q48106551", "Q51954585", "Q28205580", "Q28758112", "Q28205439", "Q1601331", "Q60628025", "Q29650304", "Q1076355", "Q44933672", "Q723030", "Q53756551", "Q27967388", "Q29904539", "Q48005022", "Q58335745", "Q27487130", "Q28205626", "Q28049770", "Q48004869", "Q5153426", "Q729366", "Q27596243", "Q27967181", "Q51954521", "Q47012412", "Q66811836", "Q53756539", "Q60628005", "Q58103465", "Q29000651", "Q28206771", "Q49799499", "Q4045294", "Q1882400", "Q28206565", "Q48021588", "Q684554", "Q34746769", "Q27979156"], "environments": {"one": {"co-oc": 0.9682319920632645, "tf-idf": 0.5454545454545454, "combined": 0.756843268758905}, "two": {"co-oc": 0.020258830227950057, "tf-idf": 0.1818181818181818, "combined": 0.10103850602306592}, "three": {"co-oc": 0.011503406858139395, "tf-idf": 0.1818181818181818, "combined": 0.09666079433816059}, "four": {"co-oc": 5.77085064626743e-06, "tf-idf": 0.0909090909090909, "combined": 0.04545743087986858}}}