{"name": "39002076677583", "type": "rank", "number_files": 330, "number_unknown": 10, "formats": ["Q729366", "Q66439259", "Q34747804", "Q28055391", "Q48106551", "Q751800", "Q29943903", "Q2138624", "Q3807693", "Q29943901", "Q28205580", "Q28758112", "Q1601331", "Q194831", "Q29650304", "Q52005598", "Q28206771", "Q47233167", "Q1076355", "Q81526528", "Q4045294", "Q81526664", "Q58006953", "Q6912474", "Q32097740", "Q28755606", "Q95994246", "Q723030", "Q1882400", "Q27979410", "Q27967388", "Q1258721", "Q29943902", "Q1343830", "Q28009496", "Q32097899", "Q27979156", "Q28207108", "Q28758102", "Q28205626", "Q28049770", "Q1141412", "Q81526237"], "environments": {"two": {"co-oc": 0.6268639683231616, "tf-idf": 0.33333333333333326, "combined": 0.48009865082824743}, "three": {"co-oc": 0.3728217024659792, "tf-idf": 0.33333333333333326, "combined": 0.35307751789965625}, "four": {"co-oc": 0.00015716460542964349, "tf-idf": 0.16666666666666663, "combined": 0.08341191563604813}, "one": {"co-oc": 0.00015716460542964349, "tf-idf": 0.16666666666666663, "combined": 0.08341191563604813}}}