{"name": "39002053927654", "type": "rank", "number_files": 731, "number_unknown": 360, "formats": ["Q1144005", "Q29011569", "Q29011538", "Q3054349", "Q50223812", "Q29017304", "Q3807693", "Q29011710", "Q47233167", "Q901031", "Q29011365", "Q52063393", "Q28755606", "Q95994246", "Q29012350", "Q29011646", "Q26211874", "Q29017306", "Q6043826", "Q29011357", "Q28009496", "Q29011824", "Q29011358", "Q32097899", "Q28206109", "Q26549229", "Q66134804", "Q29011361", "Q10394822", "Q29011977", "Q81526237", "Q34747804", "Q26211840", "Q29011514", "Q28600764", "Q28771319", "Q29011579", "Q29011271", "Q28600763", "Q81526528", "Q29017312", "Q29012206", "Q29012224", "Q81526664", "Q58006953", "Q6912474", "Q32097740", "Q29904540", "Q16996920", "Q26211940", "Q5448342", "Q29012120", "Q5421818", "Q28207108", "Q1662484", "Q29011223", "Q26211957", "Q26211948", "Q26211927", "Q178051", "Q66439259", "Q26211915", "Q28758112", "Q1601331", "Q29011549", "Q29650304", "Q1076355", "Q29011484", "Q26211905", "Q26211954", "Q723030", "Q26211936", "Q29011892", "Q29011774", "Q29012285", "Q26211975", "Q29011363", "Q939636", "Q5532250", "Q29012054", "Q29011566", "Q29011079", "Q28049770", "Q26211983", "Q50288102", "Q5153426", "Q29017314", "Q29011315", "Q66811836", "Q29000498", "Q29012190", "Q26211965", "Q4045294", "Q29011347", "Q26211931", "Q26211958", "Q26211977", "Q29017311", "Q684554", "Q26211978", "Q942350", "Q26211891", "Q29017309", "Q27979156"], "environments": {"two": {"co-oc": 0.39801110083973806, "tf-idf": 0.25, "combined": 0.324005550419869}, "one": {"co-oc": 0.3613368906685169, "tf-idf": 0.25, "combined": 0.3056684453342584}, "three": {"co-oc": 0.22283049646625402, "tf-idf": 0.3333333333333333, "combined": 0.27808191489979367}, "four": {"co-oc": 0.01782151202549115, "tf-idf": 0.16666666666666666, "combined": 0.0922440893460789}}}