{"name": "39002053566205", "type": "rank", "number_files": 3319, "number_unknown": 0, "formats": ["Q28786544", "Q8811", "Q3807693", "Q66811836", "Q28600763", "Q1076355", "Q4045294", "Q1888930", "Q58006953", "Q62626012", "Q95994246", "Q723030", "Q684554", "Q16996920", "Q28206109", "Q27979156", "Q1662484", "Q1676669", "Q2053", "Q99184084", "Q166074"], "environments": {"one": {"co-oc": 0.8778512423675456, "tf-idf": 0.42857142857142866, "combined": 0.6532113354694872}, "two": {"co-oc": 0.12201218857513445, "tf-idf": 0.28571428571428575, "combined": 0.2038632371447101}, "four": {"co-oc": 6.828452865993352e-05, "tf-idf": 0.14285714285714288, "combined": 0.0714627136929014}, "three": {"co-oc": 6.828452865993352e-05, "tf-idf": 0.14285714285714288, "combined": 0.0714627136929014}}}