{"name": "39002082349219", "type": "rank", "number_files": 1522, "number_unknown": 614, "formats": ["Q27596243", "Q34747804", "Q66439259", "Q751800", "Q64858274", "Q48004869", "Q3807693", "Q66811836", "Q28758112", "Q48021763", "Q1601331", "Q217570", "Q29650304", "Q28205796", "Q58103465", "Q28206493", "Q47233167", "Q81526528", "Q28600763", "Q4045294", "Q27967105", "Q81526664", "Q58006953", "Q28755628", "Q6912474", "Q32097740", "Q28755606", "Q48004607", "Q95994246", "Q723030", "Q59961105", "Q48021588", "Q684554", "Q28207194", "Q16996920", "Q34746769", "Q29904539", "Q66689327", "Q28009496", "Q939636", "Q28207313", "Q32097899", "Q27979156", "Q48005022", "Q28207108", "Q1662484", "Q28205588", "Q28049770", "Q1141412", "Q81526237"], "environments": {"one": {"co-oc": 0.956062253247805, "tf-idf": 0.5, "combined": 0.7280311266239026}, "two": {"co-oc": 0.038431918148603764, "tf-idf": 0.25000000000000006, "combined": 0.1442159590743019}, "three": {"co-oc": 0.005500506277798751, "tf-idf": 0.16666666666666669, "combined": 0.08608358647223271}, "four": {"co-oc": 5.3223257926293694e-06, "tf-idf": 0.08333333333333334, "combined": 0.04166932782956299}}}