{"name": "39002012317385", "type": "rank", "number_files": 55, "number_unknown": 12, "formats": ["Q49798508", "Q729366", "Q3807693", "Q66811836", "Q49799747", "Q28205580", "Q29000651", "Q28600763", "Q1076355", "Q28206771", "Q49799499", "Q4045294", "Q34310996", "Q58006953", "Q95994246", "Q58335773", "Q723030", "Q3509055", "Q684554", "Q16996920", "Q49798739", "Q28206109", "Q27979156", "Q26549229", "Q58335745", "Q1662484", "Q1676669", "Q28206952", "Q28205626", "Q99184084", "Q29000741", "Q1566078"], "environments": {"three": {"co-oc": 0.8186761490372337, "tf-idf": 0.33333333333333337, "combined": 0.5760047411852836}, "one": {"co-oc": 0.18115596197647138, "tf-idf": 0.33333333333333337, "combined": 0.2572446476549024}, "four": {"co-oc": 8.394449314743609e-05, "tf-idf": 0.16666666666666669, "combined": 0.08337530557990706}, "two": {"co-oc": 8.394449314743609e-05, "tf-idf": 0.16666666666666669, "combined": 0.08337530557990706}}}