{"name": "39002076236265", "type": "rank", "number_files": 14, "number_unknown": 0, "formats": ["Q28018471", "Q28018470", "Q336284", "Q42591", "Q79241659"], "environments": {"one": {"co-oc": 0.9999622873314464, "tf-idf": 0.5, "combined": 0.7499811436657232}, "four": {"co-oc": 1.2570889517902238e-05, "tf-idf": 0.16666666666666666, "combined": 0.08333961877809228}, "three": {"co-oc": 1.2570889517902238e-05, "tf-idf": 0.16666666666666666, "combined": 0.08333961877809228}, "two": {"co-oc": 1.2570889517902238e-05, "tf-idf": 0.16666666666666666, "combined": 0.08333961877809228}}}