{"name": "39002074400574", "type": "rank", "number_files": 33, "number_unknown": 0, "formats": ["Q729366", "Q28206109", "Q26549229", "Q1662484", "Q28600763", "Q1076355", "Q684554", "Q28206771", "Q16996920", "Q4045294", "Q28205626", "Q1676669", "Q66811836", "Q28205580", "Q28600412", "Q99184084"], "environments": {"one": {"co-oc": 0.5381411621002399, "tf-idf": 0.3333333333333333, "combined": 0.43573724771678657}, "three": {"co-oc": 0.4614806929969274, "tf-idf": 0.3333333333333333, "combined": 0.3974070131651304}, "four": {"co-oc": 0.00018907245141637106, "tf-idf": 0.16666666666666666, "combined": 0.08342786955904151}, "two": {"co-oc": 0.00018907245141637106, "tf-idf": 0.16666666666666666, "combined": 0.08342786955904151}}}