{"name": "39002067753914", "type": "rank", "number_files": 196, "number_unknown": 53, "formats": ["Q1144005", "Q66439259", "Q34747804", "Q27596243", "Q751800", "Q3807693", "Q66811836", "Q28758112", "Q1601331", "Q217570", "Q29650304", "Q28206359", "Q28600763", "Q1076355", "Q47233167", "Q81526528", "Q4045294", "Q81526664", "Q66662115", "Q58006953", "Q6912474", "Q32097740", "Q28755606", "Q28206523", "Q95994246", "Q28858032", "Q723030", "Q66689208", "Q684554", "Q16996920", "Q28009496", "Q66424671", "Q32097899", "Q27979156", "Q66208329", "Q28207108", "Q1662484", "Q66134804", "Q28049770", "Q1141412", "Q81526237"], "environments": {"one": {"co-oc": 0.4938312462177148, "tf-idf": 0.3333333333333333, "combined": 0.413582289775524}, "two": {"co-oc": 0.4400010231057193, "tf-idf": 0.3333333333333333, "combined": 0.38666717821952634}, "three": {"co-oc": 0.06610898356763963, "tf-idf": 0.2222222222222222, "combined": 0.1441656028949309}, "four": {"co-oc": 5.8747108926188245e-05, "tf-idf": 0.1111111111111111, "combined": 0.055584929110018645}}}