{"name": "39002073157902", "type": "rank", "number_files": 430, "number_unknown": 64, "formats": ["Q28344021", "Q729366", "Q27596243", "Q55758993", "Q751800", "Q50223812", "Q28206625", "Q29650793", "Q28206328", "Q55758988", "Q29650305", "Q3807693", "Q87816075", "Q28205580", "Q28771319", "Q50809753", "Q856364", "Q27967123", "Q29000498", "Q28205846", "Q28207256", "Q28206771", "Q34284437", "Q1076355", "Q2119595", "Q50809751", "Q28207363", "Q29167436", "Q4045294", "Q98815369", "Q28445577", "Q3406936", "Q58006953", "Q28205883", "Q95994246", "Q29904540", "Q28858032", "Q723030", "Q76142694", "Q66439261", "Q58799889", "Q7311459", "Q27960138", "Q59653966", "Q28206843", "Q6043826", "Q5448342", "Q29000614", "Q27979156", "Q50809785", "Q58007215", "Q28206381", "Q5421818", "Q66134804", "Q26549229", "Q85415606", "Q7395247", "Q1676669", "Q28205626", "Q99184084", "Q5153426"], "environments": {"one": {"co-oc": 0.9369304932068642, "tf-idf": 0.5, "combined": 0.718465246603432}, "three": {"co-oc": 0.06298207789748779, "tf-idf": 0.25, "combined": 0.1564910389487439}, "four": {"co-oc": 4.37144478239047e-05, "tf-idf": 0.125, "combined": 0.06252185722391196}, "two": {"co-oc": 4.37144478239047e-05, "tf-idf": 0.125, "combined": 0.06252185722391196}}}