{"name": "39002055156757", "type": "rank", "number_files": 264, "number_unknown": 150, "formats": ["Q1144005", "Q729366", "Q34747804", "Q66439259", "Q27596243", "Q751800", "Q3807693", "Q66811836", "Q28205580", "Q28771319", "Q27925718", "Q28758112", "Q29000498", "Q28205846", "Q50182987", "Q1601331", "Q29650304", "Q5013743", "Q28206771", "Q28600763", "Q1076355", "Q47233167", "Q81526237", "Q81526528", "Q1072083", "Q4045294", "Q34273353", "Q29650343", "Q81526664", "Q58006953", "Q6912474", "Q32097740", "Q28755606", "Q95994246", "Q723030", "Q59537335", "Q27967388", "Q684554", "Q16996920", "Q6043826", "Q28009496", "Q32097899", "Q27979156", "Q28207108", "Q1662484", "Q28600470", "Q28205626", "Q28049770", "Q1141412", "Q28205788"], "environments": {"two": {"co-oc": 0.5505765494615988, "tf-idf": 0.2857142857142857, "combined": 0.41814541758794227}, "three": {"co-oc": 0.44904920439176554, "tf-idf": 0.42857142857142855, "combined": 0.4388103164815971}, "four": {"co-oc": 0.00018712307331787424, "tf-idf": 0.14285714285714285, "combined": 0.07152213296523036}, "one": {"co-oc": 0.00018712307331787424, "tf-idf": 0.14285714285714285, "combined": 0.07152213296523036}}}