{"name": "39002046380011", "type": "rank", "number_files": 40, "number_unknown": 2, "formats": ["Q28055391", "Q27231634", "Q777561", "Q27866063", "Q27866059", "Q28600764", "Q29209269", "Q3807693", "Q1076355", "Q4045294", "Q58006953", "Q27231651", "Q95994246", "Q1882400", "Q723030", "Q27979410", "Q27866062", "Q28205771", "Q28207384", "Q1343830", "Q942350", "Q27231654", "Q1502796", "Q7670377", "Q28207379", "Q27979156", "Q28205372", "Q26549229", "Q28758103", "Q29650301"], "environments": {"two": {"co-oc": 0.998734082601375, "tf-idf": 0.5, "combined": 0.7493670413006874}, "one": {"co-oc": 0.0006329586993126101, "tf-idf": 0.25, "combined": 0.1253164793496563}, "three": {"co-oc": 0.0006329586993126101, "tf-idf": 0.25, "combined": 0.1253164793496563}, "four": {"co-oc": 0.0, "tf-idf": 0.0, "combined": 0.0}}}