{"name": "39002106879464", "type": "rank", "number_files": 213, "number_unknown": 0, "formats": ["Q66134804", "Q1676669"], "environments": {"one": {"co-oc": 0.9999706358744628, "tf-idf": 0.5, "combined": 0.7499853179372313}, "four": {"co-oc": 1.4682062768627535e-05, "tf-idf": 0.25, "combined": 0.1250073410313843}, "three": {"co-oc": 1.4682062768627535e-05, "tf-idf": 0.25, "combined": 0.1250073410313843}, "two": {"co-oc": 0.0, "tf-idf": 0.0, "combined": 0.0}}}