{"name": "39002081150022", "type": "rank", "number_files": 16, "number_unknown": 0, "formats": ["Q28206109", "Q66134804", "Q1662484", "Q28600763", "Q1076355", "Q684554", "Q16996920", "Q1676669", "Q4045294", "Q66811836", "Q99184084"], "environments": {"one": {"co-oc": 0.9998349151707585, "tf-idf": 0.5, "combined": 0.7499174575853793}, "four": {"co-oc": 5.50282764138225e-05, "tf-idf": 0.16666666666666669, "combined": 0.08336084747154025}, "three": {"co-oc": 5.50282764138225e-05, "tf-idf": 0.16666666666666669, "combined": 0.08336084747154025}, "two": {"co-oc": 5.50282764138225e-05, "tf-idf": 0.16666666666666669, "combined": 0.08336084747154025}}}