{"name": "39002103623212", "type": "rank", "number_files": 75, "number_unknown": 7, "formats": ["Q1144005", "Q27596243", "Q1141412", "Q28344713", "Q48004869", "Q3807693", "Q28771319", "Q29000498", "Q48021763", "Q1076355", "Q4045294", "Q28206147", "Q28755621", "Q58006953", "Q48004607", "Q95994246", "Q723030", "Q48021588", "Q27967388", "Q27967091", "Q47512572", "Q6043826", "Q27979156", "Q48005022", "Q66134804", "Q28206138", "Q19599377", "Q28347555"], "environments": {"one": {"co-oc": 0.9999953104154459, "tf-idf": 0.8571428571428572, "combined": 0.9285690837791516}, "two": {"co-oc": 4.689584554130001e-06, "tf-idf": 0.14285714285714285, "combined": 0.07143091622084849}, "four": {"co-oc": 0.0, "tf-idf": 0.0, "combined": 0.0}, "three": {"co-oc": 0.0, "tf-idf": 0.0, "combined": 0.0}}}