{"name": "39002053710746", "type": "rank", "number_files": 826, "number_unknown": 3, "formats": ["Q729366", "Q27596243", "Q29944783", "Q1144005", "Q29944779", "Q29944777", "Q3807693", "Q28205580", "Q29944773", "Q29944782", "Q217570", "Q29944987", "Q29944780", "Q29944786", "Q28018470", "Q28206771", "Q1076355", "Q4045294", "Q336284", "Q58006953", "Q95994246", "Q723030", "Q921122", "Q28018471", "Q29944785", "Q29944758", "Q939636", "Q27979156", "Q66134804", "Q29944776", "Q1676669", "Q28205626"], "environments": {"one": {"co-oc": 0.53786282654116, "tf-idf": 0.5, "combined": 0.51893141327058}, "two": {"co-oc": 0.4598440428927087, "tf-idf": 0.3823529411764706, "combined": 0.42109849203458966}, "three": {"co-oc": 0.0022927065113399663, "tf-idf": 0.08823529411764706, "combined": 0.04526400031449351}, "four": {"co-oc": 4.240547913439881e-07, "tf-idf": 0.029411764705882353, "combined": 0.014706094380336848}}}