{"name": "39002046254901", "type": "rank", "number_files": 1187, "number_unknown": 345, "formats": ["Q4836515", "Q66439259", "Q34747804", "Q1144005", "Q28207503", "Q47455565", "Q67123986", "Q1192568", "Q3807693", "Q28758112", "Q53756539", "Q2044200", "Q28207293", "Q1601331", "Q27979378", "Q28207016", "Q29650304", "Q7119344", "Q4042979", "Q47455466", "Q47233167", "Q81526528", "Q1076355", "Q28106149", "Q4045294", "Q81526664", "Q58006953", "Q6912474", "Q32097740", "Q28755606", "Q95994246", "Q2389386", "Q723030", "Q53756551", "Q28206528", "Q28205773", "Q28106166", "Q28600476", "Q28009496", "Q28770336", "Q479833", "Q89029185", "Q32097899", "Q27979156", "Q28207108", "Q99184084", "Q28049770", "Q3928271", "Q28206638", "Q28206876", "Q81526237"], "environments": {"one": {"co-oc": 0.4961091167684569, "tf-idf": 0.4, "combined": 0.4480545583842285}, "four": {"co-oc": 0.2759335627083785, "tf-idf": 0.2666666666666667, "combined": 0.2713001146875226}, "two": {"co-oc": 0.22795041586483283, "tf-idf": 0.2666666666666667, "combined": 0.24730854126574978}, "three": {"co-oc": 6.9046583317362324e-06, "tf-idf": 0.06666666666666668, "combined": 0.03333678566249921}}}