{"name": "39002060325470", "type": "rank", "number_files": 23, "number_unknown": 0, "formats": ["Q729366", "Q28018471", "Q27979513", "Q28018470", "Q1662484", "Q28600763", "Q1076355", "Q684554", "Q28206771", "Q81413909", "Q16996920", "Q4045294", "Q28205626", "Q336284", "Q66811836", "Q28205580", "Q99184084", "Q61777776"], "environments": {"one": {"co-oc": 0.9999636494972206, "tf-idf": 0.6000000000000001, "combined": 0.7999818247486103}, "three": {"co-oc": 1.8175251389724285e-05, "tf-idf": 0.2, "combined": 0.10000908762569487}, "two": {"co-oc": 1.8175251389724285e-05, "tf-idf": 0.2, "combined": 0.10000908762569487}, "four": {"co-oc": 0.0, "tf-idf": 0.0, "combined": 0.0}}}