{"name": "39002012221991", "type": "rank", "number_files": 381, "number_unknown": 39, "formats": ["Q29944783", "Q29944779", "Q27826464", "Q28600764", "Q28919035", "Q28919037", "Q29944777", "Q29944773", "Q3807693", "Q27979389", "Q29944782", "Q34746472", "Q27826469", "Q17092932", "Q2192", "Q29944987", "Q28206359", "Q29944780", "Q29944786", "Q58006953", "Q27826468", "Q1952321", "Q27595621", "Q27826466", "Q95994246", "Q209054", "Q723030", "Q26385770", "Q29944785", "Q24834502", "Q29944758", "Q942350", "Q27526733", "Q28206262", "Q27526739", "Q939636", "Q2193155", "Q295711", "Q28206109", "Q27979156", "Q26549229", "Q66134804", "Q28206497", "Q29944776", "Q26329648", "Q1676669", "Q99184084"], "environments": {"one": {"co-oc": 0.5143354692003821, "tf-idf": 0.42857142857142855, "combined": 0.47145344888590535}, "two": {"co-oc": 0.4726858625172315, "tf-idf": 0.37142857142857144, "combined": 0.42205721697290144}, "three": {"co-oc": 0.010798071648734345, "tf-idf": 0.14285714285714288, "combined": 0.0768276072529386}, "four": {"co-oc": 0.002180596633652, "tf-idf": 0.057142857142857155, "combined": 0.029661726888254577}}}