{"name": "39002121815725", "type": "rank", "number_files": 167, "number_unknown": 37, "formats": ["Q729366", "Q29011569", "Q29011538", "Q29017314", "Q29011315", "Q29151645", "Q29017304", "Q28786544", "Q29011514", "Q8811", "Q66811836", "Q28205580", "Q29011579", "Q29011271", "Q29012190", "Q29011710", "Q29011549", "Q28344736", "Q28206771", "Q28600763", "Q29017312", "Q1076355", "Q17073241", "Q29012206", "Q29011484", "Q29011365", "Q29012224", "Q29011347", "Q4045294", "Q1888930", "Q62626012", "Q29012350", "Q29017311", "Q29011646", "Q27979388", "Q288405", "Q29011892", "Q29011774", "Q29012285", "Q684554", "Q2858737", "Q16996920", "Q29017306", "Q29011363", "Q29011357", "Q29017309", "Q2193155", "Q29012120", "Q29011358", "Q29011824", "Q26549229", "Q1662484", "Q29012054", "Q29011223", "Q29011566", "Q673906", "Q27979531", "Q29011361", "Q28205626", "Q29011079", "Q2053", "Q166074", "Q29011977"], "environments": {"one": {"co-oc": 0.4997259803643723, "tf-idf": 0.33333333333333337, "combined": 0.41652965684885285}, "two": {"co-oc": 0.4997259803643723, "tf-idf": 0.33333333333333337, "combined": 0.41652965684885285}, "four": {"co-oc": 0.00027401963562770224, "tf-idf": 0.16666666666666669, "combined": 0.0834703431511472}, "three": {"co-oc": 0.00027401963562770224, "tf-idf": 0.16666666666666669, "combined": 0.0834703431511472}}}