{"name": "39002074357899", "type": "rank", "number_files": 1112, "number_unknown": 1, "formats": ["Q1144005", "Q1141412", "Q751800", "Q66811836", "Q48021763", "Q58103465", "Q28600763", "Q1076355", "Q4045294", "Q28755628", "Q48004607", "Q27979278", "Q48021588", "Q684554", "Q16996920", "Q29904539", "Q939636", "Q48005022", "Q1662484", "Q1676669", "Q10852293", "Q83964875", "Q48004869"], "environments": {"one": {"co-oc": 0.9999834560720442, "tf-idf": 0.6666666666666667, "combined": 0.8333250613693555}, "four": {"co-oc": 5.51464265196419e-06, "tf-idf": 0.11111111111111112, "combined": 0.05555831287688154}, "three": {"co-oc": 5.51464265196419e-06, "tf-idf": 0.11111111111111112, "combined": 0.05555831287688154}, "two": {"co-oc": 5.51464265196419e-06, "tf-idf": 0.11111111111111112, "combined": 0.05555831287688154}}}