{"name": "39002068069427", "type": "rank", "number_files": 37, "number_unknown": 33, "formats": ["Q66439259", "Q34747804", "Q28758112", "Q1601331", "Q29650304", "Q58103465", "Q47233167", "Q81526528", "Q1076355", "Q4045294", "Q81526664", "Q28755628", "Q6912474", "Q32097740", "Q28755606", "Q29904539", "Q28009496", "Q32097899", "Q28207108", "Q28049770", "Q81526237"], "environments": {"two": {"co-oc": 0.9991518619167347, "tf-idf": 0.39999999999999997, "combined": 0.6995759309583673}, "four": {"co-oc": 0.00028271269442182317, "tf-idf": 0.19999999999999998, "combined": 0.1001413563472109}, "one": {"co-oc": 0.00028271269442182317, "tf-idf": 0.19999999999999998, "combined": 0.1001413563472109}, "three": {"co-oc": 0.00028271269442182317, "tf-idf": 0.19999999999999998, "combined": 0.1001413563472109}}}