{"name": "39002053928348", "type": "rank", "number_files": 23, "number_unknown": 2, "formats": ["Q28055391", "Q66439259", "Q34747804", "Q27596243", "Q48106551", "Q3807693", "Q28758112", "Q1601331", "Q194831", "Q29650304", "Q47233167", "Q1076355", "Q81526528", "Q4045294", "Q81526664", "Q58006953", "Q6912474", "Q32097740", "Q28755606", "Q95994246", "Q1882400", "Q723030", "Q27979410", "Q27967388", "Q27473691", "Q1343830", "Q28009496", "Q32097899", "Q27979156", "Q26549229", "Q28207108", "Q47455968", "Q28758102", "Q28206310", "Q28049770", "Q3928271", "Q1141412", "Q81526237"], "environments": {"two": {"co-oc": 0.3960906203417997, "tf-idf": 0.2857142857142857, "combined": 0.3409024530280427}, "four": {"co-oc": 0.3035181772580589, "tf-idf": 0.2857142857142857, "combined": 0.29461623148617233}, "one": {"co-oc": 0.3002977877425317, "tf-idf": 0.2857142857142857, "combined": 0.2930060367284087}, "three": {"co-oc": 9.341465760963052e-05, "tf-idf": 0.14285714285714285, "combined": 0.07147527875737623}}}