{"name": "39002089412721", "type": "rank", "number_files": 69, "number_unknown": 0, "formats": ["Q729366", "Q27596243", "Q26549229", "Q1662484", "Q28600763", "Q1076355", "Q684554", "Q28206771", "Q16996920", "Q4045294", "Q28205626", "Q66811836", "Q28205580", "Q1141412", "Q217570"], "environments": {"one": {"co-oc": 0.3366801392461493, "tf-idf": 0.3333333333333333, "combined": 0.3350067362897413}, "two": {"co-oc": 0.3366801392461493, "tf-idf": 0.3333333333333333, "combined": 0.3350067362897413}, "three": {"co-oc": 0.3266397215077015, "tf-idf": 0.3333333333333333, "combined": 0.3299865274205174}, "four": {"co-oc": 0.0, "tf-idf": 0.0, "combined": 0.0}}}