{"name": "39002042127382", "type": "rank", "number_files": 207, "number_unknown": 123, "formats": ["Q729366", "Q66439259", "Q34747804", "Q1144005", "Q61707607", "Q3807693", "Q28205580", "Q28758112", "Q1601331", "Q29650304", "Q28206771", "Q47233167", "Q81526528", "Q1076355", "Q4045294", "Q81526664", "Q58006953", "Q6912474", "Q32097740", "Q28755606", "Q95994246", "Q723030", "Q27967388", "Q28009496", "Q32097899", "Q27979156", "Q28207108", "Q28205626", "Q99184084", "Q28049770", "Q1141412", "Q81526237"], "environments": {"two": {"co-oc": 0.6808210476524339, "tf-idf": 0.3333333333333333, "combined": 0.5070771904928836}, "three": {"co-oc": 0.3187506715848572, "tf-idf": 0.3333333333333333, "combined": 0.32604200245909526}, "four": {"co-oc": 0.00021414038135445385, "tf-idf": 0.16666666666666666, "combined": 0.08344040352401055}, "one": {"co-oc": 0.00021414038135445385, "tf-idf": 0.16666666666666666, "combined": 0.08344040352401055}}}