{"name": "39002067182882", "type": "rank", "number_files": 112, "number_unknown": 7, "formats": ["Q28858044", "Q66439259", "Q48782394", "Q29650330", "Q34747804", "Q1144005", "Q28049670", "Q49243488", "Q59210786", "Q63061514", "Q28858041", "Q61641368", "Q63036182", "Q27826340", "Q28758112", "Q27979411", "Q61639409", "Q1601331", "Q29650304", "Q27349828", "Q79241919", "Q47233167", "Q1076355", "Q28858038", "Q81526237", "Q81526528", "Q28858042", "Q48782098", "Q81526664", "Q6912474", "Q32097740", "Q28755606", "Q85621726", "Q28858032", "Q723030", "Q51801746", "Q28600256", "Q60000066", "Q48782238", "Q27967125", "Q48782202", "Q28106114", "Q47512572", "Q686498", "Q28858035", "Q85621806", "Q28009496", "Q27967116", "Q479833", "Q62664770", "Q32097899", "Q27979156", "Q63061396", "Q28551319", "Q27826389", "Q89029185", "Q28207108", "Q28858039", "Q28858037", "Q60628185", "Q62619688", "Q66439286", "Q48915661", "Q27473828", "Q28049770", "Q62664735"], "environments": {"two": {"co-oc": 0.5285888989450307, "tf-idf": 0.46153846153846156, "combined": 0.49506368024174613}, "one": {"co-oc": 0.4713996312257576, "tf-idf": 0.38461538461538464, "combined": 0.42800750792057113}, "four": {"co-oc": 5.734914605851165e-06, "tf-idf": 0.07692307692307693, "combined": 0.03846440591884139}, "three": {"co-oc": 5.734914605851165e-06, "tf-idf": 0.07692307692307693, "combined": 0.03846440591884139}}}