{"name": "39002087386745", "type": "rank", "number_files": 222, "number_unknown": 0, "formats": ["Q28206109", "Q26549229", "Q66134804", "Q1662484", "Q28600763", "Q1076355", "Q684554", "Q29000599", "Q1676669", "Q16996920", "Q28445577", "Q4045294", "Q66811836", "Q99184084", "Q178051"], "environments": {"one": {"co-oc": 0.6493581782979769, "tf-idf": 0.4444444444444444, "combined": 0.5469013113712107}, "four": {"co-oc": 0.17531512151228995, "tf-idf": 0.2222222222222222, "combined": 0.19876867186725608}, "three": {"co-oc": 0.17531512151228995, "tf-idf": 0.2222222222222222, "combined": 0.19876867186725608}, "two": {"co-oc": 1.1578677443149046e-05, "tf-idf": 0.1111111111111111, "combined": 0.05556134489427713}}}