{"name": "39002012241593", "type": "rank", "number_files": 139, "number_unknown": 6, "formats": ["Q29944783", "Q29944987", "Q29944780", "Q29944786", "Q29944785", "Q29944758", "Q29944779", "Q29944776", "Q1076355", "Q942350", "Q4045294", "Q29944777", "Q28600764", "Q29944773", "Q61777776", "Q29944782"], "environments": {"two": {"co-oc": 0.5045745494263303, "tf-idf": 0.5, "combined": 0.5022872747131651}, "one": {"co-oc": 0.4954249984033296, "tf-idf": 0.46153846153846156, "combined": 0.47848172997089555}, "three": {"co-oc": 4.5217034015515025e-07, "tf-idf": 0.038461538461538464, "combined": 0.01923099531593931}, "four": {"co-oc": 0.0, "tf-idf": 0.0, "combined": 0.0}}}