{"name": "39002067755505", "type": "rank", "number_files": 818, "number_unknown": 1, "formats": ["Q935809", "Q28600764", "Q3807693", "Q66811836", "Q17092932", "Q27979513", "Q28206359", "Q28600763", "Q1076355", "Q4045294", "Q58006953", "Q1952321", "Q95994246", "Q723030", "Q26385770", "Q684554", "Q942350", "Q16996920", "Q28206262", "Q27979156", "Q66134804", "Q1662484", "Q28206497", "Q26329648", "Q1676669", "Q99184084"], "environments": {"one": {"co-oc": 0.6980606723183135, "tf-idf": 0.3333333333333333, "combined": 0.5156970028258234}, "three": {"co-oc": 0.1540386502064648, "tf-idf": 0.25, "combined": 0.2020193251032324}, "two": {"co-oc": 0.1152542391824602, "tf-idf": 0.25, "combined": 0.1826271195912301}, "four": {"co-oc": 0.03264643829276149, "tf-idf": 0.16666666666666666, "combined": 0.09965655247971407}}}