{"name": "39002099461353", "type": "rank", "number_files": 158, "number_unknown": 18, "formats": ["Q3807693", "Q29946898", "Q29946692", "Q28206359", "Q26547266", "Q26541013", "Q26085330", "Q34310996", "Q29946845", "Q47498555", "Q26546575", "Q95994246", "Q26085322", "Q1601835", "Q47498565", "Q5924007", "Q28206109", "Q26549229", "Q47498745", "Q73675958", "Q29944575", "Q29000741", "Q87066066", "Q47498538", "Q2043942", "Q47498749", "Q29946866", "Q28600763", "Q85415853", "Q58006953", "Q29946713", "Q58335773", "Q29944206", "Q29435", "Q3509055", "Q87066063", "Q16996920", "Q29946914", "Q287315", "Q479833", "Q26085319", "Q29946121", "Q1662484", "Q47498736", "Q26085333", "Q49243488", "Q29946883", "Q26085336", "Q29946829", "Q26547917", "Q29946726", "Q1076355", "Q26543628", "Q26085339", "Q29946810", "Q5533911", "Q723030", "Q26085317", "Q26545877", "Q29946134", "Q42332", "Q58335745", "Q49243748", "Q29946141", "Q66811836", "Q26548590", "Q29000651", "Q47498552", "Q4045294", "Q47498547", "Q684554", "Q29946771", "Q29946937", "Q27979156", "Q55429627", "Q99184084", "Q26085326"], "environments": {"one": {"co-oc": 0.33605204179862463, "tf-idf": 0.3333333333333333, "combined": 0.334692687565979}, "two": {"co-oc": 0.33605204179862463, "tf-idf": 0.3333333333333333, "combined": 0.334692687565979}, "four": {"co-oc": 0.3278941942986647, "tf-idf": 0.2962962962962963, "combined": 0.31209524529748045}, "three": {"co-oc": 1.722104086002862e-06, "tf-idf": 0.037037037037037035, "combined": 0.01851937957056152}}}