{"name": "39002059645045", "type": "rank", "number_files": 87, "number_unknown": 6, "formats": ["Q28055391", "Q66439259", "Q34747804", "Q87066066", "Q6026738", "Q48106551", "Q49243488", "Q27578057", "Q3807693", "Q66811836", "Q28758112", "Q1601331", "Q194831", "Q29650304", "Q28206359", "Q58103465", "Q58725633", "Q28600763", "Q47233167", "Q81526528", "Q1076355", "Q85415853", "Q4045294", "Q58237034", "Q81526664", "Q58006953", "Q28755628", "Q6912474", "Q32097740", "Q28755606", "Q95994246", "Q58335773", "Q29944206", "Q1882400", "Q723030", "Q29435", "Q27979410", "Q28206894", "Q3509055", "Q87066063", "Q684554", "Q27473691", "Q1343830", "Q16996920", "Q1601835", "Q29904539", "Q28009496", "Q5924007", "Q287315", "Q32097899", "Q27979156", "Q26549229", "Q28207108", "Q1662484", "Q47455968", "Q28758102", "Q73675958", "Q49243748", "Q29944575", "Q28206310", "Q28049770", "Q3928271", "Q1141412", "Q81526237"], "environments": {"two": {"co-oc": 0.3771146790695656, "tf-idf": 0.25, "combined": 0.3135573395347828}, "four": {"co-oc": 0.29673285314955594, "tf-idf": 0.25, "combined": 0.27336642657477794}, "one": {"co-oc": 0.2794319838033128, "tf-idf": 0.25, "combined": 0.2647159919016564}, "three": {"co-oc": 0.04672048397756564, "tf-idf": 0.25, "combined": 0.1483602419887828}}}