{"name": "39002078205821", "type": "rank", "number_files": 1225, "number_unknown": 557, "formats": ["Q50223812", "Q3807693", "Q61641368", "Q61639409", "Q28206147", "Q3077345", "Q28600412", "Q95994246", "Q28858032", "Q60000066", "Q26211874", "Q48782238", "Q6043826", "Q28205670", "Q686498", "Q66134804", "Q28858039", "Q28858037", "Q47493633", "Q10287816", "Q10394822", "Q26211840", "Q28955450", "Q28858041", "Q6731061", "Q28771319", "Q28858038", "Q28858042", "Q58006953", "Q29904540", "Q51801746", "Q59961105", "Q47493619", "Q29000599", "Q26211940", "Q48782202", "Q5448342", "Q28858035", "Q21040945", "Q63061396", "Q5421818", "Q26211957", "Q26211948", "Q26211927", "Q1886335", "Q28858044", "Q28055391", "Q63061514", "Q26211915", "Q47493628", "Q27959810", "Q1076355", "Q26211905", "Q85621726", "Q26211954", "Q28206593", "Q723030", "Q26211936", "Q26211975", "Q47512572", "Q61752184", "Q85621806", "Q5532250", "Q62664770", "Q1109779", "Q6746668", "Q66439286", "Q48915661", "Q26211983", "Q50288102", "Q5153426", "Q62664735", "Q27596243", "Q48782394", "Q1194435", "Q29000498", "Q26211965", "Q4045294", "Q48782098", "Q26211931", "Q26211958", "Q26211977", "Q28791524", "Q1381134", "Q47493614", "Q26211978", "Q39184097", "Q26211891", "Q47493509", "Q27979156", "Q96075738", "Q28206138", "Q60628185"], "environments": {"one": {"co-oc": 0.5256086737728133, "tf-idf": 0.43749999999999994, "combined": 0.4815543368864066}, "two": {"co-oc": 0.4726765931617646, "tf-idf": 0.43749999999999994, "combined": 0.45508829658088223}, "three": {"co-oc": 0.0017147330654222266, "tf-idf": 0.125, "combined": 0.06335736653271111}, "four": {"co-oc": 0.0, "tf-idf": 0.0, "combined": 0.0}}}