{"name": "39002082123879", "type": "rank", "number_files": 28, "number_unknown": 1, "formats": ["Q28055391", "Q66811836", "Q194831", "Q28600763", "Q1076355", "Q4045294", "Q1882400", "Q27979410", "Q59961105", "Q684554", "Q27473691", "Q1343830", "Q16996920", "Q479833", "Q26549229", "Q1662484", "Q47455968", "Q28758102", "Q28206310", "Q3928271", "Q1141412"], "environments": {"one": {"co-oc": 0.99954793689672, "tf-idf": 0.5, "combined": 0.74977396844836}, "four": {"co-oc": 0.0002260315516400475, "tf-idf": 0.25, "combined": 0.12511301577582}, "two": {"co-oc": 0.0002260315516400475, "tf-idf": 0.25, "combined": 0.12511301577582}, "three": {"co-oc": 0.0, "tf-idf": 0.0, "combined": 0.0}}}