{"name": "39002074055535", "type": "rank", "number_files": 429, "number_unknown": 231, "formats": ["Q1144005", "Q47455565", "Q27596243", "Q729366", "Q1192568", "Q3807693", "Q66811836", "Q28205580", "Q217570", "Q4042979", "Q47455466", "Q28600763", "Q1076355", "Q34284437", "Q28206771", "Q4045294", "Q29650316", "Q58006953", "Q28600482", "Q95994246", "Q723030", "Q684554", "Q29000599", "Q16996920", "Q28600476", "Q29000614", "Q28600483", "Q27979156", "Q66134804", "Q1662484", "Q61901831", "Q28205626", "Q1141412"], "environments": {"one": {"co-oc": 0.5375997981420658, "tf-idf": 0.45454545454545453, "combined": 0.49607262634376015}, "two": {"co-oc": 0.43744074075288614, "tf-idf": 0.3636363636363636, "combined": 0.40053855219462486}, "three": {"co-oc": 0.024959461105048156, "tf-idf": 0.1818181818181818, "combined": 0.10338882146161497}, "four": {"co-oc": 0.0, "tf-idf": 0.0, "combined": 0.0}}}