{"name": "39002082349276", "type": "rank", "number_files": 671, "number_unknown": 170, "formats": ["Q729366", "Q27596243", "Q1141412", "Q28205488", "Q751800", "Q66811836", "Q28205580", "Q48021763", "Q194831", "Q28206493", "Q58103465", "Q28206771", "Q28600763", "Q1076355", "Q4045294", "Q28755628", "Q48004607", "Q48021588", "Q684554", "Q16996920", "Q29904539", "Q939636", "Q48005022", "Q66134804", "Q1662484", "Q28205626", "Q99184084", "Q48004869"], "environments": {"one": {"co-oc": 0.9999886098597314, "tf-idf": 0.75, "combined": 0.8749943049298656}, "three": {"co-oc": 5.695070134334794e-06, "tf-idf": 0.125, "combined": 0.06250284753506717}, "two": {"co-oc": 5.695070134334794e-06, "tf-idf": 0.125, "combined": 0.06250284753506717}, "four": {"co-oc": 0.0, "tf-idf": 0.0, "combined": 0.0}}}