{"name": "39002046087368", "type": "rank", "number_files": 4047, "number_unknown": 162, "formats": ["Q1144005", "Q61971919", "Q27596243", "Q729366", "Q64858274", "Q18245359", "Q51954521", "Q29650305", "Q3807693", "Q66811836", "Q51954585", "Q47539061", "Q28205580", "Q2043681", "Q61971917", "Q53756539", "Q60628005", "Q28205439", "Q27979378", "Q29650311", "Q60628025", "Q58103465", "Q34284525", "Q28206771", "Q28600763", "Q1076355", "Q66310989", "Q34284437", "Q44933672", "Q4045294", "Q58006953", "Q28755628", "Q28600482", "Q3596396", "Q95994246", "Q723030", "Q53756551", "Q52834849", "Q684554", "Q380665", "Q16996920", "Q29904539", "Q28600483", "Q27979156", "Q29151494", "Q27966906", "Q27487130", "Q1662484", "Q1676669", "Q45350403", "Q28205626", "Q79241659", "Q1141412", "Q48809727"], "environments": {"one": {"co-oc": 0.5597352916716969, "tf-idf": 0.33333333333333337, "combined": 0.44653431250251513}, "three": {"co-oc": 0.4396724716259837, "tf-idf": 0.33333333333333337, "combined": 0.38650290247965857}, "four": {"co-oc": 0.00029611835115974657, "tf-idf": 0.16666666666666669, "combined": 0.08348139250891322}, "two": {"co-oc": 0.00029611835115974657, "tf-idf": 0.16666666666666669, "combined": 0.08348139250891322}}}