{"name": "39002072169742", "type": "rank", "number_files": 63, "number_unknown": 11, "formats": ["Q28055391", "Q729366", "Q28207469", "Q28206049", "Q61707607", "Q3807693", "Q3146723", "Q66811836", "Q28205580", "Q27355592", "Q28206771", "Q28600763", "Q27866052", "Q382011", "Q28205801", "Q34310996", "Q28600412", "Q58006953", "Q95994246", "Q723030", "Q1882400", "Q62625561", "Q27979410", "Q28206162", "Q684554", "Q16965621", "Q1343830", "Q188199", "Q28205944", "Q27526733", "Q28206373", "Q16996920", "Q28205670", "Q28205965", "Q28206272", "Q28206109", "Q27979156", "Q26549229", "Q58335745", "Q1662484", "Q28206883", "Q28206513", "Q1676669", "Q28206306", "Q877050", "Q3888665", "Q10287816", "Q28205626", "Q99184084", "Q1228757"], "environments": {"three": {"co-oc": 0.8422843721948825, "tf-idf": 0.5, "combined": 0.6711421860974413}, "four": {"co-oc": 0.15733370255280799, "tf-idf": 0.25, "combined": 0.203666851276404}, "one": {"co-oc": 0.0001909626261547358, "tf-idf": 0.125, "combined": 0.06259548131307736}, "two": {"co-oc": 0.0001909626261547358, "tf-idf": 0.125, "combined": 0.06259548131307736}}}