{"name": "39002079389889", "type": "rank", "number_files": 113, "number_unknown": 0, "formats": ["Q729366", "Q1662484", "Q28600763", "Q28206771", "Q684554", "Q16996920", "Q1676669", "Q28205626", "Q66811836", "Q28205580"], "environments": {"three": {"co-oc": 0.9993996968530043, "tf-idf": 0.5, "combined": 0.7496998484265022}, "four": {"co-oc": 0.00030015157349786234, "tf-idf": 0.25, "combined": 0.12515007578674894}, "one": {"co-oc": 0.00030015157349786234, "tf-idf": 0.25, "combined": 0.12515007578674894}, "two": {"co-oc": 0.0, "tf-idf": 0.0, "combined": 0.0}}}