{"name": "39002041666851", "type": "rank", "number_files": 464, "number_unknown": 2, "formats": ["Q729366", "Q27596243", "Q27967216", "Q58335687", "Q66811836", "Q28205580", "Q48021763", "Q66662412", "Q217570", "Q28206771", "Q28600763", "Q1076355", "Q4045294", "Q48004607", "Q48021588", "Q684554", "Q16996920", "Q27526733", "Q10610388", "Q66689327", "Q939636", "Q34305425", "Q48005022", "Q1662484", "Q28205626", "Q48004869"], "environments": {"one": {"co-oc": 0.8883063685960192, "tf-idf": 0.5384615384615384, "combined": 0.7133839535287788}, "three": {"co-oc": 0.056104509527044946, "tf-idf": 0.23076923076923078, "combined": 0.14343687014813786}, "two": {"co-oc": 0.05558912187693591, "tf-idf": 0.23076923076923078, "combined": 0.14317917632308336}, "four": {"co-oc": 0.0, "tf-idf": 0.0, "combined": 0.0}}}