{"name": "39002059645565", "type": "rank", "number_files": 339, "number_unknown": 40, "formats": ["Q6026738", "Q751800", "Q50223812", "Q27578057", "Q3807693", "Q3359832", "Q49799747", "Q28206359", "Q58725633", "Q1072083", "Q26085330", "Q34310996", "Q28755628", "Q95994246", "Q28858032", "Q28600435", "Q51035227", "Q1601835", "Q49798739", "Q5924007", "Q930281", "Q28206109", "Q26549229", "Q66134804", "Q1422885", "Q73675958", "Q29000741", "Q27966933", "Q49798508", "Q87066066", "Q51034969", "Q61777964", "Q85415853", "Q28600763", "Q58006953", "Q58335773", "Q29904540", "Q29944206", "Q51837224", "Q29435", "Q3509055", "Q87066063", "Q16996920", "Q5448342", "Q28756196", "Q5439272", "Q287315", "Q5421818", "Q1662484", "Q28206952", "Q51035340", "Q1141412", "Q27996279", "Q49243488", "Q28205439", "Q1076355", "Q28600453", "Q28755730", "Q88372666", "Q723030", "Q28206894", "Q29650308", "Q29904539", "Q28600476", "Q58335745", "Q762694", "Q49243748", "Q375296", "Q5153426", "Q66811836", "Q59962003", "Q58103465", "Q29000651", "Q49799499", "Q4045294", "Q58237034", "Q28600454", "Q27967142", "Q684554", "Q218170", "Q27979156", "Q28975896", "Q99184084"], "environments": {"one": {"co-oc": 0.7994632370824419, "tf-idf": 0.36363636363636365, "combined": 0.5815498003594028}, "three": {"co-oc": 0.15301983968732552, "tf-idf": 0.36363636363636365, "combined": 0.2583281016618446}, "two": {"co-oc": 0.047434615995577835, "tf-idf": 0.18181818181818182, "combined": 0.11462639890687983}, "four": {"co-oc": 8.230723465461182e-05, "tf-idf": 0.09090909090909091, "combined": 0.04549569907187276}}}