{"name": "39002076958272", "type": "rank", "number_files": 216, "number_unknown": 0, "formats": ["Q28206109", "Q1662484", "Q28600763", "Q684554", "Q27826464", "Q16996920", "Q1676669", "Q66811836", "Q27826469", "Q99184084", "Q34746472", "Q27826468", "Q27826466", "Q28858032"], "environments": {"four": {"co-oc": 0.3333333333333333, "tf-idf": 0.3333333333333333, "combined": 0.3333333333333333}, "one": {"co-oc": 0.3333333333333333, "tf-idf": 0.3333333333333333, "combined": 0.3333333333333333}, "three": {"co-oc": 0.3333333333333333, "tf-idf": 0.3333333333333333, "combined": 0.3333333333333333}, "two": {"co-oc": 0.0, "tf-idf": 0.0, "combined": 0.0}}}