{"name": "39002058465270", "type": "rank", "number_files": 1200, "number_unknown": 111, "formats": ["Q29944783", "Q29944779", "Q29944777", "Q3807693", "Q29944773", "Q29944782", "Q29944987", "Q29944780", "Q29944786", "Q58006953", "Q50308743", "Q95994246", "Q723030", "Q48551303", "Q29944785", "Q29944758", "Q62664770", "Q61641450", "Q27979156", "Q66134804", "Q29944776", "Q1676669"], "environments": {"one": {"co-oc": 0.5317073738371049, "tf-idf": 0.5, "combined": 0.5158536869185524}, "two": {"co-oc": 0.46829164309808213, "tf-idf": 0.4230769230769231, "combined": 0.44568428308750263}, "four": {"co-oc": 4.91532406499616e-07, "tf-idf": 0.03846153846153845, "combined": 0.019231014996972474}, "three": {"co-oc": 4.91532406499616e-07, "tf-idf": 0.03846153846153845, "combined": 0.019231014996972474}}}