{"name": "39002042203019", "type": "rank", "number_files": 140, "number_unknown": 2, "formats": ["Q61971919", "Q3807693", "Q61641368", "Q29209269", "Q61971917", "Q61639409", "Q47233167", "Q28755606", "Q95994246", "Q28858032", "Q52834849", "Q60000066", "Q26211874", "Q48782238", "Q28009496", "Q686498", "Q32097899", "Q28206109", "Q26549229", "Q28858039", "Q28858037", "Q10394822", "Q29650301", "Q28347555", "Q81526237", "Q34747804", "Q26211840", "Q28858041", "Q81526528", "Q28858038", "Q28858042", "Q81526664", "Q58006953", "Q6912474", "Q32097740", "Q50308743", "Q51801746", "Q27979410", "Q1343830", "Q26211940", "Q48782202", "Q28858035", "Q63061396", "Q28207108", "Q26211957", "Q26211948", "Q26211927", "Q28858044", "Q66439259", "Q28055391", "Q63061514", "Q26211915", "Q51954585", "Q28758112", "Q1601331", "Q29650304", "Q60628025", "Q1076355", "Q44933672", "Q26211905", "Q85621726", "Q26211954", "Q723030", "Q26211936", "Q48551303", "Q26211975", "Q85621806", "Q5532250", "Q62664770", "Q27487130", "Q66439286", "Q48915661", "Q28049770", "Q26211983", "Q62664735", "Q27596243", "Q48782394", "Q51954521", "Q60628005", "Q26211965", "Q4045294", "Q48782098", "Q28755621", "Q26211931", "Q26211958", "Q26211977", "Q1882400", "Q26211978", "Q26211891", "Q61641450", "Q27979156", "Q60628185", "Q28758103", "Q99184084"], "environments": {"two": {"co-oc": 0.5337154291871294, "tf-idf": 0.4666666666666667, "combined": 0.5001910479268981}, "one": {"co-oc": 0.46627422986108896, "tf-idf": 0.39999999999999997, "combined": 0.43313711493054446}, "four": {"co-oc": 5.17047589081732e-06, "tf-idf": 0.06666666666666667, "combined": 0.03333591857127874}, "three": {"co-oc": 5.17047589081732e-06, "tf-idf": 0.06666666666666667, "combined": 0.03333591857127874}}}