{"name": "39002041976151", "type": "rank", "number_files": 50, "number_unknown": 2, "formats": ["Q28055391", "Q66439259", "Q34747804", "Q27596243", "Q48106551", "Q27826464", "Q28786544", "Q8811", "Q3807693", "Q27826469", "Q28758112", "Q34746472", "Q1601331", "Q194831", "Q29650304", "Q47233167", "Q1076355", "Q81526528", "Q4045294", "Q1888930", "Q81526664", "Q58006953", "Q6912474", "Q32097740", "Q28755606", "Q27826468", "Q62626012", "Q95994246", "Q27826466", "Q1882400", "Q723030", "Q27979410", "Q27967388", "Q1343830", "Q27526733", "Q28009496", "Q32097899", "Q28206109", "Q27979156", "Q26549229", "Q28207108", "Q28758102", "Q1676669", "Q2053", "Q99184084", "Q28049770", "Q166074", "Q1141412", "Q81526237"], "environments": {"one": {"co-oc": 0.436400438563398, "tf-idf": 0.30000000000000004, "combined": 0.368200219281699}, "two": {"co-oc": 0.4105213468169151, "tf-idf": 0.30000000000000004, "combined": 0.3552606734084576}, "four": {"co-oc": 0.07653910730984347, "tf-idf": 0.2, "combined": 0.13826955365492175}, "three": {"co-oc": 0.07653910730984347, "tf-idf": 0.2, "combined": 0.13826955365492175}}}