{"name": "39002055103940", "type": "rank", "number_files": 212, "number_unknown": 0, "formats": ["Q28206109", "Q26385770", "Q28206359", "Q1662484", "Q28206497", "Q28600763", "Q684554", "Q26329648", "Q1676669", "Q28206262", "Q27526733", "Q16996920", "Q66811836", "Q99184084", "Q1952321", "Q17092932", "Q28205439", "Q217570"], "environments": {"one": {"co-oc": 0.49989270101516253, "tf-idf": 0.33333333333333337, "combined": 0.4166130171742479}, "three": {"co-oc": 0.49989270101516253, "tf-idf": 0.33333333333333337, "combined": 0.4166130171742479}, "four": {"co-oc": 0.0001072989848374834, "tf-idf": 0.16666666666666669, "combined": 0.08338698282575209}, "two": {"co-oc": 0.0001072989848374834, "tf-idf": 0.16666666666666669, "combined": 0.08338698282575209}}}