{"name": "39002082680589", "type": "rank", "number_files": 528, "number_unknown": 0, "formats": ["Q935809", "Q27826464", "Q28786544", "Q3807693", "Q8811", "Q66811836", "Q27826469", "Q34746472", "Q28600763", "Q1076355", "Q4045294", "Q28445577", "Q1888930", "Q58006953", "Q27826468", "Q27826466", "Q95994246", "Q62626012", "Q723030", "Q49243071", "Q684554", "Q16996920", "Q27526733", "Q5924007", "Q2193155", "Q28206109", "Q27979156", "Q26549229", "Q66134804", "Q1662484", "Q1676669", "Q2053", "Q1569639", "Q99184084", "Q166074", "Q178051"], "environments": {"one": {"co-oc": 0.5934486077550554, "tf-idf": 0.411764705882353, "combined": 0.5026066568187042}, "four": {"co-oc": 0.2001706270066184, "tf-idf": 0.23529411764705882, "combined": 0.21773237232683862}, "three": {"co-oc": 0.1769446889371056, "tf-idf": 0.17647058823529413, "combined": 0.17670763858619987}, "two": {"co-oc": 0.029436076301220613, "tf-idf": 0.17647058823529413, "combined": 0.10295333226825737}}}