{"name": "39002078202851", "type": "rank", "number_files": 1627, "number_unknown": 534, "formats": ["Q1144005", "Q28205488", "Q55758993", "Q28049670", "Q28975647", "Q28786544", "Q27866059", "Q3807693", "Q8811", "Q27967123", "Q27979378", "Q2119595", "Q28207363", "Q1888930", "Q2276274", "Q741654", "Q95994246", "Q28049691", "Q28858032", "Q49243071", "Q28600256", "Q58799889", "Q28207384", "Q26211874", "Q1502796", "Q6043826", "Q27967116", "Q28206109", "Q59608340", "Q66134804", "Q29944776", "Q10287816", "Q2053", "Q10394822", "Q900927", "Q29151645", "Q26211840", "Q27866063", "Q55758988", "Q28600764", "Q27826469", "Q28771319", "Q63036182", "Q34746472", "Q50809751", "Q336284", "Q58006953", "Q28205883", "Q27231651", "Q62626012", "Q27979410", "Q27866062", "Q7311459", "Q28207194", "Q1343830", "Q27231654", "Q26211940", "Q1063976", "Q28205372", "Q62619688", "Q26211957", "Q26211948", "Q29650303", "Q1676669", "Q27967113", "Q26211927", "Q178051", "Q28055391", "Q27231634", "Q29650793", "Q27826464", "Q29944777", "Q26211915", "Q87816075", "Q29944773", "Q28205580", "Q856364", "Q29944782", "Q50809753", "Q29167914", "Q59608283", "Q217570", "Q29944987", "Q29944786", "Q27349828", "Q28206332", "Q17073241", "Q1076355", "Q26211905", "Q27826466", "Q26211954", "Q723030", "Q26211936", "Q53756551", "Q288405", "Q28205771", "Q55394748", "Q28206843", "Q5715270", "Q26211975", "Q939636", "Q5532250", "Q1023647", "Q28771288", "Q673906", "Q28205626", "Q26211983", "Q166074", "Q29944783", "Q729366", "Q28205418", "Q27596243", "Q28344021", "Q3596392", "Q29650330", "Q29944779", "Q29000498", "Q53756539", "Q28206265", "Q29000561", "Q28207256", "Q29944780", "Q28018470", "Q26211965", "Q28206771", "Q4045294", "Q28445577", "Q3406936", "Q4545483", "Q26211931", "Q27826468", "Q27925714", "Q26211958", "Q26211977", "Q1882400", "Q921122", "Q28009488", "Q29944785", "Q28018471", "Q29944758", "Q26211978", "Q942350", "Q7670377", "Q28207379", "Q26211891", "Q28205727", "Q27979156", "Q50809785", "Q7395247", "Q99184084"], "environments": {"one": {"co-oc": 0.5322317498679124, "tf-idf": 0.45454545454545453, "combined": 0.49338860220668346}, "two": {"co-oc": 0.4508546219655429, "tf-idf": 0.340909090909091, "combined": 0.39588185643731694}, "three": {"co-oc": 0.011655488118497998, "tf-idf": 0.13636363636363638, "combined": 0.0740095622410672}, "four": {"co-oc": 0.0052581400480466445, "tf-idf": 0.06818181818181818, "combined": 0.03671997911493241}}}