{"name": "39002082689341", "type": "rank", "number_files": 1656, "number_unknown": 480, "formats": ["Q1144005", "Q55758993", "Q27866059", "Q3807693", "Q27967094", "Q47233167", "Q2119595", "Q28207363", "Q28600412", "Q28755606", "Q95994246", "Q62625561", "Q58799889", "Q28207384", "Q26211874", "Q1502796", "Q28009496", "Q32097899", "Q28206109", "Q66134804", "Q28975650", "Q10394822", "Q81526237", "Q34747804", "Q26211840", "Q76158553", "Q27866063", "Q55758988", "Q81526528", "Q50809751", "Q81526664", "Q58006953", "Q28205883", "Q6912474", "Q32097740", "Q27231651", "Q27866062", "Q7311459", "Q1343830", "Q27231654", "Q27526733", "Q26211940", "Q479833", "Q28205372", "Q28207108", "Q26211957", "Q26211948", "Q1676669", "Q26211927", "Q66439259", "Q66689226", "Q27231634", "Q29650793", "Q26211915", "Q87816075", "Q28205580", "Q856364", "Q28758112", "Q50809753", "Q28205439", "Q1601331", "Q29650304", "Q1076355", "Q26211905", "Q26211954", "Q723030", "Q26211936", "Q28205771", "Q28206843", "Q26211975", "Q5532250", "Q28205626", "Q26211983", "Q28049770", "Q729366", "Q28344021", "Q28207256", "Q26211965", "Q28206771", "Q4045294", "Q3406936", "Q26211931", "Q26211958", "Q921122", "Q26211977", "Q15938816", "Q26211978", "Q7670377", "Q28207379", "Q26211891", "Q28206568", "Q2193155", "Q27979156", "Q50809785", "Q99184084"], "environments": {"one": {"co-oc": 0.5945827791536771, "tf-idf": 0.3, "combined": 0.44729138957683856}, "three": {"co-oc": 0.2220235185865445, "tf-idf": 0.3, "combined": 0.26101175929327225}, "two": {"co-oc": 0.1403234834722385, "tf-idf": 0.19999999999999998, "combined": 0.17016174173611925}, "four": {"co-oc": 0.043070218787539756, "tf-idf": 0.19999999999999998, "combined": 0.12153510939376987}}}