{"name": "39002094014488", "type": "rank", "number_files": 274, "number_unknown": 0, "formats": ["Q50288226", "Q29011569", "Q29011538", "Q29011315", "Q29017314", "Q27596243", "Q50223812", "Q29017304", "Q27826464", "Q29011514", "Q66811836", "Q27826469", "Q29011579", "Q29011271", "Q29012190", "Q17092932", "Q29011710", "Q34746472", "Q29011549", "Q194831", "Q28206359", "Q28600763", "Q1076355", "Q29017312", "Q4045294", "Q29011484", "Q29012206", "Q29011365", "Q29012224", "Q29011977", "Q29011347", "Q50288247", "Q1952321", "Q27826468", "Q27826466", "Q29012350", "Q29904540", "Q26385770", "Q29017311", "Q29011646", "Q29011892", "Q29011774", "Q29012285", "Q684554", "Q16996920", "Q28206262", "Q29017306", "Q5448342", "Q29011363", "Q50223921", "Q29011357", "Q29017309", "Q29012120", "Q29011358", "Q29011824", "Q28206109", "Q26549229", "Q5421818", "Q66134804", "Q1662484", "Q28206497", "Q29012054", "Q29011223", "Q26329648", "Q29011566", "Q1676669", "Q29011361", "Q29011079", "Q99184084", "Q1141412", "Q5153426"], "environments": {"one": {"co-oc": 0.9998106939169438, "tf-idf": 0.5000000000000001, "combined": 0.749905346958472}, "four": {"co-oc": 6.310202768540851e-05, "tf-idf": 0.16666666666666669, "combined": 0.08336488434717605}, "three": {"co-oc": 6.310202768540851e-05, "tf-idf": 0.16666666666666669, "combined": 0.08336488434717605}, "two": {"co-oc": 6.310202768540851e-05, "tf-idf": 0.16666666666666669, "combined": 0.08336488434717605}}}