{"name": "39002052693901", "type": "rank", "number_files": 75, "number_unknown": 0, "formats": ["Q28858044", "Q729366", "Q48782394", "Q751800", "Q63061514", "Q58335687", "Q28858041", "Q3807693", "Q61641368", "Q66811836", "Q28205580", "Q61639409", "Q217570", "Q28206771", "Q28600763", "Q28858038", "Q28858042", "Q4045294", "Q48782098", "Q58006953", "Q85621726", "Q28858032", "Q95994246", "Q51801746", "Q723030", "Q60000066", "Q684554", "Q16996920", "Q48782238", "Q48782202", "Q939636", "Q85621806", "Q28858035", "Q686498", "Q479833", "Q62664770", "Q63061396", "Q27979156", "Q66134804", "Q1662484", "Q28858039", "Q28858037", "Q60628185", "Q66439286", "Q48915661", "Q28205626", "Q62664735"], "environments": {"one": {"co-oc": 0.5267504525113771, "tf-idf": 0.4705882352941177, "combined": 0.4986693439027474}, "two": {"co-oc": 0.4620593925759959, "tf-idf": 0.411764705882353, "combined": 0.4369120492291744}, "three": {"co-oc": 0.011190154912627174, "tf-idf": 0.11764705882352942, "combined": 0.06441860686807829}, "four": {"co-oc": 0.0, "tf-idf": 0.0, "combined": 0.0}}}