{"name": "39002068275305", "type": "rank", "number_files": 124, "number_unknown": 0, "formats": ["Q723030", "Q27979156", "Q28206109", "Q1662484", "Q28600763", "Q1076355", "Q684554", "Q4045294", "Q16996920", "Q3807693", "Q1676669", "Q66811836", "Q99184084", "Q58006953", "Q95994246", "Q28858032"], "environments": {"one": {"co-oc": 0.9989470790210774, "tf-idf": 0.4, "combined": 0.6994735395105387}, "four": {"co-oc": 0.0003509736596409194, "tf-idf": 0.2, "combined": 0.10017548682982047}, "three": {"co-oc": 0.0003509736596409194, "tf-idf": 0.2, "combined": 0.10017548682982047}, "two": {"co-oc": 0.0003509736596409194, "tf-idf": 0.2, "combined": 0.10017548682982047}}}