{"name": "39002068207183", "type": "rank", "number_files": 3691, "number_unknown": 7, "formats": ["Q729366", "Q27863127", "Q27526426", "Q27863142", "Q27863131", "Q27826464", "Q28786544", "Q27863117", "Q27863128", "Q43976633", "Q8811", "Q3928266", "Q66811836", "Q27826469", "Q28205580", "Q34746472", "Q48805099", "Q27960082", "Q17092932", "Q27863119", "Q61752300", "Q2192", "Q27863110", "Q28206359", "Q217570", "Q27863107", "Q28206771", "Q28600763", "Q1076355", "Q1072083", "Q27526504", "Q63082675", "Q4045294", "Q27863121", "Q27863105", "Q1888930", "Q27526471", "Q27826468", "Q1952321", "Q62626012", "Q27826466", "Q26385770", "Q59821004", "Q27863143", "Q684554", "Q27863136", "Q16996920", "Q27526733", "Q28206262", "Q27863122", "Q27863116", "Q10610388", "Q27526739", "Q27863132", "Q27863113", "Q2193155", "Q27863134", "Q27863111", "Q61707565", "Q28206109", "Q59999786", "Q1662484", "Q28206497", "Q27863123", "Q26329648", "Q1676669", "Q61693036", "Q28205626", "Q2053", "Q99184084", "Q166074", "Q61963304"], "environments": {"one": {"co-oc": 0.4070493426983604, "tf-idf": 0.33333333333333337, "combined": 0.3701913380158469}, "three": {"co-oc": 0.35708074831208586, "tf-idf": 0.33333333333333337, "combined": 0.3452070408227096}, "two": {"co-oc": 0.18864570277333104, "tf-idf": 0.22222222222222224, "combined": 0.20543396249777662}, "four": {"co-oc": 0.04722420621622269, "tf-idf": 0.11111111111111112, "combined": 0.0791676586636669}}}