{"name": "39002084883603", "type": "rank", "number_files": 16, "number_unknown": 1, "formats": ["Q194831", "Q26549229", "Q66134804", "Q1076355", "Q4045294", "Q99184084", "Q1141412"], "environments": {"one": {"co-oc": 0.9999228196916561, "tf-idf": 0.6666666666666667, "combined": 0.8332947431791614}, "two": {"co-oc": 7.718030834390595e-05, "tf-idf": 0.33333333333333337, "combined": 0.16670525682083864}, "four": {"co-oc": 0.0, "tf-idf": 0.0, "combined": 0.0}, "three": {"co-oc": 0.0, "tf-idf": 0.0, "combined": 0.0}}}