{"name": "39002037859999", "type": "rank", "number_files": 5359, "number_unknown": 3109, "formats": ["Q1144005", "Q1570391", "Q50223812", "Q28205507", "Q3807693", "Q61641368", "Q3359832", "Q27826340", "Q61639409", "Q66310989", "Q47233167", "Q901031", "Q28206147", "Q28207433", "Q34310996", "Q28600412", "Q52063393", "Q28755606", "Q1165116", "Q95994246", "Q28858032", "Q49243071", "Q62625561", "Q3563777", "Q11241282", "Q60000066", "Q26211874", "Q28919168", "Q48782238", "Q6043826", "Q686498", "Q28009496", "Q32097899", "Q28206109", "Q27826389", "Q28858039", "Q28858037", "Q28205479", "Q10287816", "Q47165600", "Q28975650", "Q10394822", "Q81526237", "Q34747804", "Q26211840", "Q28858041", "Q28206671", "Q28205548", "Q28771319", "Q28205846", "Q34284437", "Q81526528", "Q28858038", "Q28858042", "Q28206538", "Q81526664", "Q58006953", "Q28205883", "Q29465391", "Q32097740", "Q6912474", "Q29904540", "Q51801746", "Q27526733", "Q26211940", "Q48782202", "Q5448342", "Q28858035", "Q29000614", "Q479833", "Q63061396", "Q5421818", "Q28207108", "Q1193600", "Q26211957", "Q26211948", "Q26211927", "Q28858044", "Q66439259", "Q27996279", "Q28600496", "Q63061514", "Q26211915", "Q28758112", "Q28205475", "Q1601331", "Q29650304", "Q28206679", "Q28205661", "Q5301", "Q817650", "Q26211905", "Q85621726", "Q26211954", "Q723030", "Q26211936", "Q29650308", "Q28532082", "Q27960138", "Q47512572", "Q26211975", "Q28600476", "Q28207044", "Q85621806", "Q5532250", "Q62664770", "Q58335745", "Q1817318", "Q66439286", "Q48915661", "Q55739507", "Q1569639", "Q29000658", "Q26211983", "Q28049770", "Q5153426", "Q62664735", "Q27596243", "Q48782394", "Q29650305", "Q28206328", "Q3964876", "Q29000498", "Q29650311", "Q15955723", "Q34284525", "Q26211965", "Q48782098", "Q4545483", "Q26211931", "Q26211958", "Q921122", "Q26211977", "Q15938816", "Q26211978", "Q34746769", "Q26211891", "Q947746", "Q28205727", "Q48912365", "Q27979156", "Q27979377", "Q28206138", "Q60628185", "Q99184084"], "environments": {"two": {"co-oc": 0.5099315413992557, "tf-idf": 0.375, "combined": 0.44246577069962784}, "one": {"co-oc": 0.48715049419747386, "tf-idf": 0.375, "combined": 0.4310752470987369}, "three": {"co-oc": 0.0014864497874355136, "tf-idf": 0.125, "combined": 0.06324322489371775}, "four": {"co-oc": 0.0014315146158348955, "tf-idf": 0.125, "combined": 0.06321575730791745}}}