{"name": "39002042202458", "type": "rank", "number_files": 305, "number_unknown": 231, "formats": ["Q1144005", "Q28858068", "Q3807693", "Q1076355", "Q60886160", "Q4045294", "Q60806257", "Q60873199", "Q58006953", "Q50308743", "Q95994246", "Q52834888", "Q723030", "Q48551303", "Q60806040", "Q60886323", "Q62664770", "Q61641450", "Q27979156", "Q26549229", "Q66134804"], "environments": {"one": {"co-oc": 0.3476770705473414, "tf-idf": 0.38888888888888895, "combined": 0.3682829797181152}, "two": {"co-oc": 0.3299566403425179, "tf-idf": 0.33333333333333337, "combined": 0.33164498683792565}, "four": {"co-oc": 0.3223662891101407, "tf-idf": 0.2777777777777778, "combined": 0.3000720334439593}, "three": {"co-oc": 0.0, "tf-idf": 0.0, "combined": 0.0}}}