{"name": "39002074599763", "type": "rank", "number_files": 166, "number_unknown": 0, "formats": ["Q28858044", "Q48782394", "Q63061514", "Q28600764", "Q28858041", "Q61641368", "Q61639409", "Q28858038", "Q28858042", "Q48782098", "Q85621726", "Q28858032", "Q51801746", "Q60000066", "Q942350", "Q48782238", "Q48782202", "Q686498", "Q85621806", "Q28858035", "Q62664770", "Q63061396", "Q28858039", "Q28858037", "Q60628185", "Q66439286", "Q1676669", "Q48915661", "Q99184084", "Q62664735"], "environments": {"one": {"co-oc": 0.4504382803030024, "tf-idf": 0.3999999999999999, "combined": 0.4252191401515012}, "two": {"co-oc": 0.44953455270168746, "tf-idf": 0.3999999999999999, "combined": 0.42476727635084366}, "three": {"co-oc": 0.10002259863584347, "tf-idf": 0.13333333333333333, "combined": 0.1166779659845884}, "four": {"co-oc": 4.568359466739922e-06, "tf-idf": 0.06666666666666667, "combined": 0.033335617513066705}}}