{"name": "39002080769665", "type": "rank", "number_files": 48, "number_unknown": 1, "formats": ["Q26385770", "Q28206359", "Q26549229", "Q1662484", "Q28206497", "Q1076355", "Q28600763", "Q684554", "Q26329648", "Q188199", "Q1676669", "Q28206262", "Q4045294", "Q16996920", "Q66811836", "Q1952321", "Q17092932"], "environments": {"one": {"co-oc": 0.36780811086676024, "tf-idf": 0.25, "combined": 0.3089040554333801}, "four": {"co-oc": 0.22175047866147535, "tf-idf": 0.25, "combined": 0.23587523933073767}, "three": {"co-oc": 0.22175047866147535, "tf-idf": 0.25, "combined": 0.23587523933073767}, "two": {"co-oc": 0.18869093181028906, "tf-idf": 0.25, "combined": 0.21934546590514453}}}