{"name": "39002056118624", "type": "rank", "number_files": 2026, "number_unknown": 103, "formats": ["Q26211840", "Q27826464", "Q28786544", "Q3807693", "Q26211915", "Q66811836", "Q8811", "Q27826469", "Q34746472", "Q194831", "Q26211965", "Q28600763", "Q1076355", "Q4045294", "Q1888930", "Q26211931", "Q58006953", "Q26211905", "Q28600412", "Q27826468", "Q62626012", "Q95994246", "Q26211954", "Q26211958", "Q723030", "Q26211936", "Q26211977", "Q27826466", "Q684554", "Q26211978", "Q26211874", "Q16996920", "Q27526733", "Q26211940", "Q26211975", "Q26211891", "Q2193155", "Q5532250", "Q28206109", "Q27979156", "Q66134804", "Q1662484", "Q26211957", "Q26211948", "Q2053", "Q99184084", "Q26211983", "Q166074", "Q10394822", "Q26211927"], "environments": {"one": {"co-oc": 0.8232385940744242, "tf-idf": 0.6, "combined": 0.7116192970372122}, "two": {"co-oc": 0.17676140592557582, "tf-idf": 0.39999999999999997, "combined": 0.2883807029627879}, "four": {"co-oc": 0.0, "tf-idf": 0.0, "combined": 0.0}, "three": {"co-oc": 0.0, "tf-idf": 0.0, "combined": 0.0}}}