{"name": "39002078205219", "type": "rank", "number_files": 1748, "number_unknown": 421, "formats": ["Q1144005", "Q50223812", "Q305976", "Q3807693", "Q61641368", "Q61639409", "Q47233167", "Q28755606", "Q28205736", "Q95994246", "Q28858032", "Q28600435", "Q60000066", "Q51035227", "Q26211874", "Q48782238", "Q6043826", "Q686498", "Q28009496", "Q5924007", "Q32097899", "Q28206109", "Q930281", "Q26549229", "Q28858039", "Q28858037", "Q34312151", "Q10394822", "Q81526237", "Q34747804", "Q26211840", "Q28858041", "Q28206708", "Q28771319", "Q51034969", "Q28600763", "Q81526528", "Q28858038", "Q28858042", "Q81526664", "Q58006953", "Q6912474", "Q32097740", "Q29904540", "Q51801746", "Q51837224", "Q1887604", "Q1343830", "Q29000599", "Q27596100", "Q16996920", "Q27526733", "Q26211940", "Q48782202", "Q34312361", "Q5448342", "Q28858035", "Q63061396", "Q5421818", "Q28207108", "Q1662484", "Q26211957", "Q26211948", "Q27923693", "Q51035340", "Q26211927", "Q1141412", "Q28206700", "Q28858044", "Q66439259", "Q63061514", "Q26211915", "Q28205580", "Q28758112", "Q27596184", "Q1601331", "Q29650304", "Q1076355", "Q28600453", "Q28206788", "Q26211905", "Q85621726", "Q26211954", "Q723030", "Q26211936", "Q58007288", "Q27596325", "Q26211975", "Q63061679", "Q85621806", "Q5532250", "Q55429234", "Q62664770", "Q1817318", "Q66439286", "Q48915661", "Q28205626", "Q26211983", "Q28049770", "Q5153426", "Q62664735", "Q729366", "Q27596243", "Q48782394", "Q27596417", "Q66811836", "Q29000498", "Q15955723", "Q26211965", "Q28206771", "Q28205674", "Q4045294", "Q28600454", "Q48782098", "Q26211931", "Q26211958", "Q26211977", "Q24834502", "Q684554", "Q26211978", "Q27925722", "Q26211891", "Q28207499", "Q28205733", "Q27979156", "Q60628185", "Q99184084"], "environments": {"two": {"co-oc": 0.39560138917920745, "tf-idf": 0.3181818181818182, "combined": 0.3568916036805128}, "one": {"co-oc": 0.3631615994279005, "tf-idf": 0.27272727272727276, "combined": 0.3179444360775866}, "three": {"co-oc": 0.24123309441318755, "tf-idf": 0.36363636363636365, "combined": 0.3024347290247756}, "four": {"co-oc": 3.916979704595345e-06, "tf-idf": 0.04545454545454546, "combined": 0.02272923121712503}}}