{"name": "39002079510468", "type": "rank", "number_files": 1228, "number_unknown": 0, "formats": ["Q27826464", "Q3807693", "Q66811836", "Q27826469", "Q34746472", "Q28600763", "Q1076355", "Q4045294", "Q28600412", "Q58006953", "Q27826468", "Q27826466", "Q95994246", "Q921122", "Q723030", "Q684554", "Q16996920", "Q27526733", "Q5924007", "Q28206109", "Q27979156", "Q26549229", "Q1662484", "Q1676669", "Q99184084", "Q79241659"], "environments": {"one": {"co-oc": 0.9987045979566109, "tf-idf": 0.39999999999999997, "combined": 0.6993522989783054}, "four": {"co-oc": 0.0004318006811297452, "tf-idf": 0.19999999999999998, "combined": 0.10021590034056486}, "three": {"co-oc": 0.0004318006811297452, "tf-idf": 0.19999999999999998, "combined": 0.10021590034056486}, "two": {"co-oc": 0.0004318006811297452, "tf-idf": 0.19999999999999998, "combined": 0.10021590034056486}}}