{"name": "39002087378296", "type": "rank", "number_files": 52, "number_unknown": 5, "formats": ["Q29151645", "Q27596243", "Q28786544", "Q8811", "Q3807693", "Q66811836", "Q61777776", "Q17073241", "Q28600763", "Q1076355", "Q4045294", "Q1888930", "Q58006953", "Q62626012", "Q95994246", "Q723030", "Q288405", "Q684554", "Q16996920", "Q28206109", "Q27979156", "Q1662484", "Q673906", "Q1676669", "Q2053", "Q99184084", "Q166074"], "environments": {"one": {"co-oc": 0.8281838218375148, "tf-idf": 0.42857142857142855, "combined": 0.6283776252044717}, "two": {"co-oc": 0.17159562548495927, "tf-idf": 0.2857142857142857, "combined": 0.22865495559962248}, "four": {"co-oc": 0.00011027633876299166, "tf-idf": 0.14285714285714285, "combined": 0.07148370959795292}, "three": {"co-oc": 0.00011027633876299166, "tf-idf": 0.14285714285714285, "combined": 0.07148370959795292}}}