{"name": "39002012393402", "type": "rank", "number_files": 23, "number_unknown": 3, "formats": ["Q29944783", "Q729366", "Q29944779", "Q29944777", "Q3807693", "Q66811836", "Q29944773", "Q28205580", "Q29944782", "Q29944987", "Q29944780", "Q29944786", "Q28344736", "Q28206771", "Q28600763", "Q1076355", "Q4045294", "Q58006953", "Q307271", "Q95994246", "Q723030", "Q29944785", "Q29944758", "Q684554", "Q16996920", "Q27979156", "Q26549229", "Q1662484", "Q29944776", "Q28205626", "Q1141412"], "environments": {"one": {"co-oc": 0.49999976186277195, "tf-idf": 0.48, "combined": 0.48999988093138597}, "two": {"co-oc": 0.49999976186277195, "tf-idf": 0.48, "combined": 0.48999988093138597}, "three": {"co-oc": 4.762744560511531e-07, "tf-idf": 0.039999999999999994, "combined": 0.020000238137228024}, "four": {"co-oc": 0.0, "tf-idf": 0.0, "combined": 0.0}}}