{"name": "39002058812513", "type": "rank", "number_files": 35, "number_unknown": 0, "formats": ["Q26385770", "Q28206359", "Q28206497", "Q26329648", "Q942350", "Q1676669", "Q28600764", "Q28206262", "Q28600412", "Q1952321", "Q17092932"], "environments": {"three": {"co-oc": 0.9996407962876974, "tf-idf": 0.4, "combined": 0.6998203981438487}, "four": {"co-oc": 0.00011973457076753171, "tf-idf": 0.2, "combined": 0.10005986728538377}, "one": {"co-oc": 0.00011973457076753171, "tf-idf": 0.2, "combined": 0.10005986728538377}, "two": {"co-oc": 0.00011973457076753171, "tf-idf": 0.2, "combined": 0.10005986728538377}}}