{"name": "39002078326460", "type": "rank", "number_files": 244, "number_unknown": 16, "formats": ["Q66439259", "Q34747804", "Q50223812", "Q28600764", "Q3807693", "Q66811836", "Q28758112", "Q1601331", "Q29650304", "Q58103465", "Q28600763", "Q1076355", "Q47233167", "Q81526528", "Q4045294", "Q28445577", "Q81526664", "Q58006953", "Q28755628", "Q6912474", "Q32097740", "Q28755606", "Q95994246", "Q29904540", "Q723030", "Q684554", "Q942350", "Q16996920", "Q29904539", "Q5448342", "Q28009496", "Q32097899", "Q27979156", "Q26549229", "Q5421818", "Q28207108", "Q1662484", "Q99184084", "Q28049770", "Q5153426", "Q81526237"], "environments": {"two": {"co-oc": 0.9205407978965073, "tf-idf": 0.4285714285714286, "combined": 0.6745561132339679}, "three": {"co-oc": 0.07926645384857042, "tf-idf": 0.2857142857142857, "combined": 0.18249036978142807}, "four": {"co-oc": 9.637412746110914e-05, "tf-idf": 0.14285714285714285, "combined": 0.07147675849230198}, "one": {"co-oc": 9.637412746110914e-05, "tf-idf": 0.14285714285714285, "combined": 0.07147675849230198}}}