{"name": "39002069134709", "type": "rank", "number_files": 758, "number_unknown": 81, "formats": ["Q1144005", "Q50223812", "Q29209269", "Q3807693", "Q29946898", "Q49799747", "Q29946692", "Q48021763", "Q28206359", "Q26547266", "Q26541013", "Q26085330", "Q28206147", "Q34310996", "Q29946845", "Q48004607", "Q47498555", "Q26546575", "Q26085322", "Q95994246", "Q1601835", "Q6043826", "Q49798739", "Q47498565", "Q28206109", "Q26549229", "Q29944776", "Q47498745", "Q73675958", "Q29944575", "Q29000741", "Q29650301", "Q19599377", "Q28347555", "Q49798508", "Q87066066", "Q28344713", "Q47498538", "Q2043942", "Q28771319", "Q47498749", "Q29946866", "Q28600763", "Q85415853", "Q58006953", "Q29946713", "Q58335773", "Q29904540", "Q29944206", "Q29435", "Q3509055", "Q87066063", "Q16996920", "Q5448342", "Q29946914", "Q287315", "Q26085319", "Q29946121", "Q5421818", "Q1662484", "Q28206952", "Q47498736", "Q26085333", "Q1141412", "Q49243488", "Q29946883", "Q29944777", "Q26085336", "Q28205580", "Q29946829", "Q29944773", "Q26547917", "Q29944782", "Q29946726", "Q28205439", "Q217570", "Q29944987", "Q29944786", "Q1076355", "Q26543628", "Q26085339", "Q29946810", "Q5533911", "Q723030", "Q27967388", "Q26085317", "Q27967091", "Q47512572", "Q26545877", "Q939636", "Q29946134", "Q42332", "Q48005022", "Q58335745", "Q49243748", "Q28205626", "Q29946141", "Q48004869", "Q5153426", "Q729366", "Q29944783", "Q29944779", "Q66811836", "Q26548590", "Q29000498", "Q29944780", "Q28206771", "Q47498552", "Q29000651", "Q49799499", "Q4045294", "Q28755621", "Q47498547", "Q29944785", "Q29944758", "Q48021588", "Q684554", "Q29946771", "Q29946937", "Q27979156", "Q28206138", "Q28758103", "Q55429627", "Q26085326"], "environments": {"one": {"co-oc": 0.5075263248713592, "tf-idf": 0.43859649122807015, "combined": 0.47306140804971464}, "two": {"co-oc": 0.4305687618683885, "tf-idf": 0.368421052631579, "combined": 0.3994949072499837}, "four": {"co-oc": 0.06101778024752701, "tf-idf": 0.14035087719298248, "combined": 0.10068432872025475}, "three": {"co-oc": 0.0008871330127250971, "tf-idf": 0.052631578947368425, "combined": 0.02675935598004676}}}