{"name": "39002068056762", "type": "rank", "number_files": 1500, "number_unknown": 426, "formats": ["Q61971919", "Q777561", "Q61727602", "Q28786544", "Q27866059", "Q8811", "Q3807693", "Q61971917", "Q47233167", "Q1888930", "Q28755606", "Q95994246", "Q52834849", "Q27979154", "Q28207384", "Q59999653", "Q50604441", "Q1502796", "Q28207085", "Q28009496", "Q32097899", "Q28206109", "Q34312151", "Q28205807", "Q2053", "Q28205955", "Q81526237", "Q66663925", "Q34747804", "Q27866063", "Q51753051", "Q28206284", "Q47538951", "Q81526528", "Q81526664", "Q58006953", "Q28206057", "Q6912474", "Q32097740", "Q27231651", "Q62626012", "Q27486884", "Q27866062", "Q5616826", "Q27231654", "Q27526733", "Q34312361", "Q61727514", "Q28756196", "Q28205372", "Q28207108", "Q27923693", "Q73514615", "Q46118194", "Q66439259", "Q27231634", "Q29651082", "Q51954585", "Q47012501", "Q28758112", "Q28205439", "Q1601331", "Q60628025", "Q29650304", "Q4746193", "Q61727559", "Q1076355", "Q44933672", "Q27979508", "Q723030", "Q28205771", "Q29904450", "Q79242428", "Q27487130", "Q51093528", "Q28206851", "Q61727504", "Q28049770", "Q166074", "Q61727569", "Q51954521", "Q60628005", "Q27487109", "Q27960128", "Q51753252", "Q1134089", "Q4045294", "Q61727114", "Q48814895", "Q28206185", "Q27967381", "Q27349804", "Q27925722", "Q7670377", "Q28207379", "Q27979156", "Q99184084"], "environments": {"two": {"co-oc": 0.7738245455758657, "tf-idf": 0.375, "combined": 0.5744122727879328}, "one": {"co-oc": 0.17589683137081852, "tf-idf": 0.25, "combined": 0.21294841568540926}, "three": {"co-oc": 0.050101869627088916, "tf-idf": 0.25, "combined": 0.15005093481354445}, "four": {"co-oc": 0.00017675342622674062, "tf-idf": 0.125, "combined": 0.06258837671311338}}}