{"name": "39002089043765", "type": "rank", "number_files": 853, "number_unknown": 241, "formats": ["Q1144005", "Q751800", "Q28786544", "Q8811", "Q3807693", "Q61641368", "Q48805099", "Q61639409", "Q27979378", "Q61752300", "Q28206359", "Q47233167", "Q1888930", "Q28755606", "Q95994246", "Q28858032", "Q60000066", "Q26211874", "Q48782238", "Q28009496", "Q686498", "Q32097899", "Q28206109", "Q26549229", "Q66134804", "Q28858039", "Q28858037", "Q34312151", "Q2053", "Q10394822", "Q81526237", "Q34747804", "Q26211840", "Q28858041", "Q17092932", "Q28600763", "Q81526528", "Q28858038", "Q28858042", "Q81526664", "Q58006953", "Q6912474", "Q32097740", "Q62626012", "Q51801746", "Q26385770", "Q16996920", "Q27526733", "Q28206262", "Q26211940", "Q48782202", "Q34312361", "Q28858035", "Q63061396", "Q28207108", "Q1662484", "Q26329648", "Q26211957", "Q1676669", "Q26211948", "Q27923693", "Q26211927", "Q1141412", "Q61963304", "Q28858044", "Q66439259", "Q63061514", "Q26211915", "Q28205580", "Q28758112", "Q217570", "Q1601331", "Q29650304", "Q1076355", "Q74021144", "Q26211905", "Q85621726", "Q26211954", "Q723030", "Q53756551", "Q26211936", "Q27967388", "Q26211975", "Q85621806", "Q5532250", "Q62664770", "Q59999786", "Q28206497", "Q66439286", "Q48915661", "Q28205626", "Q26211983", "Q166074", "Q28049770", "Q62664735", "Q729366", "Q27596243", "Q48782394", "Q66811836", "Q10397009", "Q53756539", "Q2192", "Q26211965", "Q28206771", "Q4045294", "Q48782098", "Q26211931", "Q1952321", "Q26211958", "Q26211977", "Q684554", "Q26211978", "Q27925722", "Q26211891", "Q27526739", "Q27979156", "Q60628185", "Q99184084"], "environments": {"one": {"co-oc": 0.5224885141618939, "tf-idf": 0.39285714285714285, "combined": 0.4576728285095184}, "two": {"co-oc": 0.41459426456751675, "tf-idf": 0.32142857142857145, "combined": 0.3680114179980441}, "three": {"co-oc": 0.0454047673545311, "tf-idf": 0.17857142857142858, "combined": 0.11198809796297984}, "four": {"co-oc": 0.017512453916058258, "tf-idf": 0.10714285714285715, "combined": 0.0623276555294577}}}