{"name": "39002041993271", "type": "rank", "number_files": 407, "number_unknown": 127, "formats": ["Q1144005", "Q61727569", "Q28205604", "Q28206625", "Q27473654", "Q61727602", "Q305976", "Q70892047", "Q29650305", "Q3807693", "Q58103465", "Q61727559", "Q1076355", "Q4045294", "Q61984337", "Q61727114", "Q28600412", "Q58006953", "Q28755628", "Q28205883", "Q50308743", "Q28206171", "Q95994246", "Q28858032", "Q921122", "Q723030", "Q48551303", "Q28791524", "Q29000599", "Q5616826", "Q28975874", "Q34745761", "Q29904539", "Q28106114", "Q1068805", "Q61727514", "Q479833", "Q62664770", "Q28206109", "Q27979156", "Q61641450", "Q61727504", "Q99184084", "Q73514615"], "environments": {"one": {"co-oc": 0.3333333333333333, "tf-idf": 0.3333333333333333, "combined": 0.3333333333333333}, "three": {"co-oc": 0.3333333333333333, "tf-idf": 0.3333333333333333, "combined": 0.3333333333333333}, "two": {"co-oc": 0.3333333333333333, "tf-idf": 0.3333333333333333, "combined": 0.3333333333333333}, "four": {"co-oc": 0.0, "tf-idf": 0.0, "combined": 0.0}}}