{"name": "39002073621618", "type": "rank", "number_files": 31, "number_unknown": 29, "formats": ["Q47498538", "Q29946883", "Q2043942", "Q26085336", "Q29946898", "Q29946829", "Q26548590", "Q26547917", "Q29946692", "Q47498749", "Q29946726", "Q26547266", "Q29946866", "Q47498552", "Q26541013", "Q26543628", "Q26085330", "Q26085339", "Q47498547", "Q29946845", "Q29946810", "Q29946713", "Q26546575", "Q47498555", "Q26085322", "Q5533911", "Q29946771", "Q26085317", "Q26545877", "Q47498565", "Q29946914", "Q29946937", "Q218170", "Q29946134", "Q26085319", "Q42332", "Q29946121", "Q26549229", "Q47498745", "Q55429627", "Q29946141", "Q47498736", "Q26085333", "Q26085326"], "environments": {"four": {"co-oc": 0.3324946659126605, "tf-idf": 0.3076923076923077, "combined": 0.3200934868024841}, "one": {"co-oc": 0.3324946659126605, "tf-idf": 0.3076923076923077, "combined": 0.3200934868024841}, "two": {"co-oc": 0.3324946659126605, "tf-idf": 0.3076923076923077, "combined": 0.3200934868024841}, "three": {"co-oc": 0.002516002262018447, "tf-idf": 0.07692307692307691, "combined": 0.03971953959254768}}}