{"name": "39002088723573", "type": "rank", "number_files": 957, "number_unknown": 0, "formats": ["Q3807693", "Q51034969", "Q17092932", "Q28206359", "Q28600453", "Q28600454", "Q58006953", "Q1952321", "Q95994246", "Q723030", "Q26385770", "Q51837224", "Q28600435", "Q51035227", "Q28206262", "Q930281", "Q28206109", "Q27979156", "Q26549229", "Q66134804", "Q28206497", "Q26329648", "Q1676669", "Q51035340", "Q99184084"], "environments": {"one": {"co-oc": 0.7585388738258946, "tf-idf": 0.39999999999999997, "combined": 0.5792694369129473}, "three": {"co-oc": 0.24139506089113263, "tf-idf": 0.39999999999999997, "combined": 0.3206975304455663}, "four": {"co-oc": 6.606528297282062e-05, "tf-idf": 0.19999999999999998, "combined": 0.1000330326414864}, "two": {"co-oc": 0.0, "tf-idf": 0.0, "combined": 0.0}}}