{"name": "39002037720365", "type": "rank", "number_files": 3256, "number_unknown": 573, "formats": ["Q28344021", "Q66439259", "Q34747804", "Q28858044", "Q48782394", "Q63061514", "Q28858041", "Q61641368", "Q28771319", "Q856364", "Q28758112", "Q29000498", "Q61639409", "Q1601331", "Q29650304", "Q47233167", "Q1076355", "Q81526528", "Q2119595", "Q382011", "Q28858042", "Q28858038", "Q4045294", "Q48782098", "Q81526664", "Q28600412", "Q28205883", "Q6912474", "Q32097740", "Q28755606", "Q85621726", "Q28858032", "Q51801746", "Q7311459", "Q60000066", "Q1343830", "Q28771302", "Q48782238", "Q48782202", "Q6043826", "Q28009496", "Q28858035", "Q85621806", "Q686498", "Q28756261", "Q479833", "Q32097899", "Q62664770", "Q63061396", "Q62664735", "Q28207108", "Q28858039", "Q28858037", "Q60628185", "Q66439286", "Q10287816", "Q3888665", "Q48915661", "Q28049770", "Q81526237"], "environments": {"two": {"co-oc": 0.5229416274143739, "tf-idf": 0.46666666666666673, "combined": 0.49480414704052034}, "one": {"co-oc": 0.47704856989037175, "tf-idf": 0.4000000000000001, "combined": 0.4385242849451859}, "four": {"co-oc": 4.901347627179062e-06, "tf-idf": 0.06666666666666667, "combined": 0.03333578400714692}, "three": {"co-oc": 4.901347627179062e-06, "tf-idf": 0.06666666666666667, "combined": 0.03333578400714692}}}