{"name": "39002074687766", "type": "rank", "number_files": 223, "number_unknown": 0, "formats": ["Q729366", "Q3807693", "Q66811836", "Q28205580", "Q28206771", "Q28600763", "Q1076355", "Q4045294", "Q58006953", "Q95994246", "Q723030", "Q684554", "Q16996920", "Q42591", "Q27979156", "Q66134804", "Q1662484", "Q1676669", "Q28205626", "Q1141412"], "environments": {"one": {"co-oc": 0.8155525469591853, "tf-idf": 0.36363636363636365, "combined": 0.5895944552977745}, "three": {"co-oc": 0.11069966432971166, "tf-idf": 0.27272727272727276, "combined": 0.19171346852849222}, "four": {"co-oc": 0.04002859319753415, "tf-idf": 0.18181818181818182, "combined": 0.11092338750785799}, "two": {"co-oc": 0.033719195513568834, "tf-idf": 0.18181818181818182, "combined": 0.10776868866587533}}}