{"name": "39002092663203", "type": "rank", "number_files": 47, "number_unknown": 3, "formats": ["Q729366", "Q29011569", "Q29011538", "Q29017314", "Q29011315", "Q751800", "Q29017304", "Q29011514", "Q28205580", "Q260180", "Q29011579", "Q29011271", "Q29012190", "Q29011710", "Q29011549", "Q28344736", "Q28206771", "Q29017312", "Q1076355", "Q29012206", "Q29011484", "Q29011365", "Q29012224", "Q29011347", "Q4045294", "Q307271", "Q29012350", "Q29017311", "Q29011646", "Q29011892", "Q29011774", "Q29012285", "Q5227435", "Q29017306", "Q4049344", "Q29011363", "Q29011357", "Q29017309", "Q29012120", "Q29011358", "Q29011824", "Q66134804", "Q29012054", "Q29011223", "Q29011566", "Q29011361", "Q28205626", "Q29011079", "Q29011977", "Q27967488"], "environments": {"one": {"co-oc": 0.5507221886496912, "tf-idf": 0.3333333333333333, "combined": 0.4420277609915123}, "two": {"co-oc": 0.23042900102098604, "tf-idf": 0.3333333333333333, "combined": 0.28188116717715966}, "three": {"co-oc": 0.21884881032932274, "tf-idf": 0.3333333333333333, "combined": 0.276091071831328}, "four": {"co-oc": 0.0, "tf-idf": 0.0, "combined": 0.0}}}