{"name": "39002060323202", "type": "rank", "number_files": 1398, "number_unknown": 50, "formats": ["Q6026738", "Q1144005", "Q28049670", "Q27578057", "Q28786544", "Q3807693", "Q61641368", "Q29946898", "Q3359832", "Q29946692", "Q8811", "Q61639409", "Q58725633", "Q26547266", "Q28206359", "Q47455466", "Q47233167", "Q2119595", "Q26541013", "Q26085330", "Q28206147", "Q1888930", "Q28600412", "Q29946845", "Q28755628", "Q27824032", "Q27824050", "Q28755606", "Q26546575", "Q47498555", "Q95994246", "Q26085322", "Q28858032", "Q28206325", "Q28600256", "Q60000066", "Q48782238", "Q47498565", "Q28009496", "Q686498", "Q5924007", "Q27967116", "Q32097899", "Q28206109", "Q26549229", "Q66134804", "Q28858039", "Q28858037", "Q47498745", "Q2053", "Q86996065", "Q66244789", "Q81526237", "Q34747804", "Q47498538", "Q2043942", "Q28858041", "Q63036182", "Q17092932", "Q47498749", "Q29946866", "Q34284437", "Q81526528", "Q28858038", "Q28858042", "Q27925700", "Q623334", "Q81526664", "Q58006953", "Q6912474", "Q32097740", "Q29946713", "Q28205983", "Q62626012", "Q51801746", "Q26385770", "Q7311459", "Q27967445", "Q1343830", "Q27526733", "Q28206262", "Q48782202", "Q51370102", "Q28858035", "Q29946914", "Q28758002", "Q479833", "Q26085319", "Q63061396", "Q29946121", "Q28207108", "Q26329648", "Q62619688", "Q1676669", "Q47498736", "Q3928271", "Q27824056", "Q26085333", "Q28858044", "Q66439259", "Q47455565", "Q27996279", "Q63061514", "Q29946883", "Q26085336", "Q29946829", "Q856364", "Q28758112", "Q26547917", "Q28777715", "Q29946726", "Q1601331", "Q28771225", "Q29650304", "Q27349828", "Q4042979", "Q1076355", "Q86995619", "Q75717796", "Q817650", "Q26543628", "Q75717634", "Q26085339", "Q28206318", "Q29946810", "Q5533911", "Q85621726", "Q723030", "Q28206894", "Q29650308", "Q86996249", "Q34284450", "Q26085317", "Q47512572", "Q29904539", "Q26545877", "Q939636", "Q85621806", "Q29946134", "Q62664770", "Q42332", "Q27824053", "Q27824019", "Q28206497", "Q66439286", "Q48915661", "Q29946141", "Q28049770", "Q166074", "Q62664735", "Q28344021", "Q48782394", "Q29650330", "Q26548590", "Q27824041", "Q2192", "Q66759627", "Q58103465", "Q27925703", "Q47498552", "Q29651047", "Q4045294", "Q58237034", "Q48782098", "Q47498547", "Q1952321", "Q27824015", "Q29946771", "Q28009498", "Q27526739", "Q29946937", "Q1882110", "Q28206548", "Q27979156", "Q28206138", "Q60628185", "Q55429627", "Q27967406", "Q99184084", "Q26085326"], "environments": {"one": {"co-oc": 0.4107865362256987, "tf-idf": 0.37500000000000006, "combined": 0.3928932681128494}, "two": {"co-oc": 0.36918767650532497, "tf-idf": 0.3214285714285714, "combined": 0.3453081239669482}, "four": {"co-oc": 0.2120587364793531, "tf-idf": 0.21428571428571427, "combined": 0.2131722253825337}, "three": {"co-oc": 0.007967050789623238, "tf-idf": 0.0892857142857143, "combined": 0.048626382537668766}}}