{"name": "39002055100276", "type": "rank", "number_files": 232, "number_unknown": 0, "formats": ["Q66439259", "Q34747804", "Q26211840", "Q28786544", "Q3807693", "Q26211915", "Q66811836", "Q8811", "Q28758112", "Q1601331", "Q194831", "Q29650304", "Q26211965", "Q47233167", "Q1076355", "Q81526528", "Q28600763", "Q4045294", "Q28445577", "Q1888930", "Q26211931", "Q81526664", "Q26211905", "Q6912474", "Q32097740", "Q28755606", "Q58006953", "Q62626012", "Q95994246", "Q26211954", "Q26211958", "Q26211977", "Q26211936", "Q723030", "Q684554", "Q26211978", "Q26211874", "Q16996920", "Q26211940", "Q26211975", "Q26211891", "Q28009496", "Q5532250", "Q32097899", "Q28206109", "Q27979156", "Q28207108", "Q1662484", "Q26211957", "Q26211948", "Q166074", "Q2053", "Q99184084", "Q26211983", "Q28049770", "Q10394822", "Q26211927", "Q1141412", "Q81526237"], "environments": {"two": {"co-oc": 0.8313747898166232, "tf-idf": 0.42857142857142866, "combined": 0.6299731091940259}, "one": {"co-oc": 0.16832771887610107, "tf-idf": 0.28571428571428575, "combined": 0.2270210022951934}, "four": {"co-oc": 0.00014874565363787214, "tf-idf": 0.14285714285714288, "combined": 0.07150294425539037}, "three": {"co-oc": 0.00014874565363787214, "tf-idf": 0.14285714285714288, "combined": 0.07150294425539037}}}