{"name": "39002073626294", "type": "rank", "number_files": 150, "number_unknown": 34, "formats": ["Q27596243", "Q3807693", "Q66811836", "Q28205439", "Q28600763", "Q1076355", "Q4045294", "Q58006953", "Q95994246", "Q28858032", "Q723030", "Q684554", "Q16996920", "Q28206109", "Q27979156", "Q26549229", "Q66134804", "Q1662484", "Q1676669", "Q99184084"], "environments": {"one": {"co-oc": 0.9998574299188966, "tf-idf": 0.5, "combined": 0.7499287149594482}, "four": {"co-oc": 4.752336036771719e-05, "tf-idf": 0.16666666666666666, "combined": 0.0833570950135172}, "three": {"co-oc": 4.752336036771719e-05, "tf-idf": 0.16666666666666666, "combined": 0.0833570950135172}, "two": {"co-oc": 4.752336036771719e-05, "tf-idf": 0.16666666666666666, "combined": 0.0833570950135172}}}