{"name": "39002077004894", "type": "rank", "number_files": 198, "number_unknown": 32, "formats": ["Q49798508", "Q27596243", "Q87066066", "Q6026738", "Q50223812", "Q49243488", "Q59962263", "Q27578057", "Q3807693", "Q66811836", "Q49799747", "Q28206359", "Q58103465", "Q58725633", "Q29000651", "Q28600763", "Q1076355", "Q85415853", "Q49799499", "Q4045294", "Q58237034", "Q34310996", "Q58006953", "Q28755628", "Q58335773", "Q29904540", "Q95994246", "Q723030", "Q29944206", "Q29435", "Q28206894", "Q3509055", "Q87066063", "Q684554", "Q16996920", "Q1601835", "Q29904539", "Q49798739", "Q5448342", "Q5924007", "Q287315", "Q28206109", "Q27979156", "Q48805492", "Q26549229", "Q5421818", "Q58335745", "Q1662484", "Q73675958", "Q1676669", "Q28206952", "Q49243748", "Q29944575", "Q99184084", "Q29000741", "Q1141412", "Q5153426"], "environments": {"one": {"co-oc": 0.9355705715556192, "tf-idf": 0.33333333333333337, "combined": 0.6344519524444763}, "three": {"co-oc": 0.06413702308953331, "tf-idf": 0.33333333333333337, "combined": 0.19873517821143333}, "four": {"co-oc": 0.00014620267742376192, "tf-idf": 0.16666666666666669, "combined": 0.08340643467204523}, "two": {"co-oc": 0.00014620267742376192, "tf-idf": 0.16666666666666669, "combined": 0.08340643467204523}}}