{"name": "39002059648981", "type": "rank", "number_files": 1116, "number_unknown": 47, "formats": ["Q1144005", "Q3807693", "Q48021763", "Q194831", "Q28206359", "Q47233167", "Q61976139", "Q48004607", "Q28755606", "Q95994246", "Q28858032", "Q59653966", "Q6043826", "Q28009496", "Q60886323", "Q61984341", "Q32097899", "Q28206109", "Q26549229", "Q66134804", "Q29944776", "Q47493633", "Q81526237", "Q87066066", "Q34747804", "Q28206625", "Q28771319", "Q28205846", "Q28600763", "Q81526528", "Q34284437", "Q60873199", "Q81526664", "Q58006953", "Q28205883", "Q6912474", "Q32097740", "Q76142694", "Q66439261", "Q27979410", "Q87066063", "Q61976072", "Q47493619", "Q1343830", "Q16996920", "Q51370102", "Q479833", "Q28207108", "Q1662484", "Q79241659", "Q1141412", "Q28055391", "Q66439259", "Q49243488", "Q28858068", "Q29944777", "Q29944773", "Q28205580", "Q28758112", "Q27960082", "Q29944782", "Q47493628", "Q1601331", "Q217570", "Q29944987", "Q29650304", "Q29944786", "Q1076355", "Q60806257", "Q723030", "Q55394748", "Q61752184", "Q939636", "Q1023647", "Q48005022", "Q28205626", "Q28049770", "Q50288102", "Q48004869", "Q29944783", "Q27596243", "Q729366", "Q29944779", "Q66811836", "Q29000498", "Q66759627", "Q29944780", "Q28206771", "Q60886160", "Q4045294", "Q28445577", "Q52834888", "Q1882400", "Q29944785", "Q29944758", "Q47493614", "Q684554", "Q48021588", "Q28009498", "Q60806040", "Q47493509", "Q27979156", "Q28206381", "Q85415606", "Q99184084"], "environments": {"one": {"co-oc": 0.5080820367512152, "tf-idf": 0.45098039215686275, "combined": 0.479531214454039}, "two": {"co-oc": 0.4202613001362167, "tf-idf": 0.37254901960784315, "combined": 0.39640515987202996}, "four": {"co-oc": 0.07053155849856461, "tf-idf": 0.11764705882352942, "combined": 0.09408930866104702}, "three": {"co-oc": 0.0011251046140034256, "tf-idf": 0.05882352941176472, "combined": 0.029974317012884073}}}