{"name": "39002090023681", "type": "rank", "number_files": 27, "number_unknown": 0, "formats": ["Q723030", "Q27979156", "Q26549229", "Q1662484", "Q28600763", "Q1076355", "Q684554", "Q935809", "Q16996920", "Q4045294", "Q3807693", "Q66811836", "Q58006953", "Q1141412", "Q95994246", "Q178051"], "environments": {"one": {"co-oc": 0.3956112798529395, "tf-idf": 0.3333333333333333, "combined": 0.3644723065931364}, "four": {"co-oc": 0.27271458186975955, "tf-idf": 0.22222222222222224, "combined": 0.2474684020459909}, "three": {"co-oc": 0.27271458186975955, "tf-idf": 0.22222222222222224, "combined": 0.2474684020459909}, "two": {"co-oc": 0.05895955640754142, "tf-idf": 0.22222222222222224, "combined": 0.14059088931488184}}}