{"name": "39002041990061", "type": "rank", "number_files": 68, "number_unknown": 13, "formats": ["Q49798508", "Q26211840", "Q27231634", "Q27866063", "Q27866059", "Q26211915", "Q50182524", "Q49799747", "Q26211965", "Q29000651", "Q49799499", "Q34310996", "Q26211931", "Q26211905", "Q27231651", "Q58335773", "Q26211954", "Q26211958", "Q26211977", "Q26211936", "Q27866062", "Q3509055", "Q28205771", "Q28207384", "Q26211978", "Q26211874", "Q27231654", "Q27526733", "Q26211940", "Q26211975", "Q7670377", "Q28207379", "Q1502796", "Q49798739", "Q26211891", "Q5532250", "Q28205372", "Q26549229", "Q58335745", "Q26211957", "Q1676669", "Q28206952", "Q26211948", "Q99184084", "Q26211983", "Q29000741", "Q10394822", "Q26211927", "Q50182808"], "environments": {"four": {"co-oc": 0.3333333333333333, "tf-idf": 0.3333333333333333, "combined": 0.3333333333333333}, "one": {"co-oc": 0.3333333333333333, "tf-idf": 0.3333333333333333, "combined": 0.3333333333333333}, "three": {"co-oc": 0.3333333333333333, "tf-idf": 0.3333333333333333, "combined": 0.3333333333333333}, "two": {"co-oc": 0.0, "tf-idf": 0.0, "combined": 0.0}}}