{"name": "39002103251154", "type": "rank", "number_files": 3, "number_unknown": 0, "formats": ["Q60342897", "Q24834502"], "environments": {"four": {"co-oc": 0.3333333333333333, "tf-idf": 0.3333333333333333, "combined": 0.3333333333333333}, "three": {"co-oc": 0.3333333333333333, "tf-idf": 0.3333333333333333, "combined": 0.3333333333333333}, "two": {"co-oc": 0.3333333333333333, "tf-idf": 0.3333333333333333, "combined": 0.3333333333333333}, "one": {"co-oc": 0.0, "tf-idf": 0.0, "combined": 0.0}}}