{"name": "39002012264124", "type": "rank", "number_files": 795, "number_unknown": 3, "formats": ["Q27596243", "Q1141412", "Q28600764", "Q3807693", "Q66811836", "Q61777776", "Q2044200", "Q28600763", "Q1076355", "Q4045294", "Q58006953", "Q95994246", "Q723030", "Q684554", "Q942350", "Q16996920", "Q27229642", "Q28205824", "Q939636", "Q28206756", "Q27229608", "Q433224", "Q27979156", "Q26549229", "Q1662484", "Q1676669", "Q27229565", "Q307271", "Q178051"], "environments": {"three": {"co-oc": 0.5702158717095127, "tf-idf": 0.25, "combined": 0.41010793585475636}, "one": {"co-oc": 0.2440228843120599, "tf-idf": 0.3333333333333333, "combined": 0.2886781088226966}, "four": {"co-oc": 0.15610305513294853, "tf-idf": 0.25, "combined": 0.20305152756647427}, "two": {"co-oc": 0.02965818884547892, "tf-idf": 0.16666666666666666, "combined": 0.09816242775607278}}}