{"name": "39002055108063", "type": "rank", "number_files": 15, "number_unknown": 0, "formats": ["Q28018471", "Q28018470", "Q1662484", "Q28600763", "Q1076355", "Q684554", "Q16996920", "Q336284", "Q4045294", "Q66811836"], "environments": {"one": {"co-oc": 0.9999805785494584, "tf-idf": 0.75, "combined": 0.8749902892747292}, "two": {"co-oc": 1.9421450541637373e-05, "tf-idf": 0.25, "combined": 0.1250097107252708}, "four": {"co-oc": 0.0, "tf-idf": 0.0, "combined": 0.0}, "three": {"co-oc": 0.0, "tf-idf": 0.0, "combined": 0.0}}}