{"name": "39002012249000", "type": "rank", "number_files": 30, "number_unknown": 2, "formats": ["Q29944783", "Q27596243", "Q29944779", "Q29944777", "Q3807693", "Q29944773", "Q29944782", "Q29944987", "Q29944780", "Q29944786", "Q28018470", "Q1076355", "Q4045294", "Q336284", "Q58006953", "Q95994246", "Q723030", "Q28018471", "Q29944785", "Q29944758", "Q27979156", "Q26549229", "Q29944776"], "environments": {"one": {"co-oc": 0.519200273682771, "tf-idf": 0.5384615384615384, "combined": 0.5288309060721548}, "two": {"co-oc": 0.48079972631722906, "tf-idf": 0.46153846153846156, "combined": 0.47116909392784534}, "four": {"co-oc": 0.0, "tf-idf": 0.0, "combined": 0.0}, "three": {"co-oc": 0.0, "tf-idf": 0.0, "combined": 0.0}}}