{"name": "39002078712966", "type": "rank", "number_files": 11653, "number_unknown": 97, "formats": ["Q29011569", "Q29011538", "Q29017314", "Q29011315", "Q27596243", "Q50223812", "Q935809", "Q29017304", "Q28206328", "Q27826464", "Q29011514", "Q3807693", "Q66811836", "Q27826469", "Q34746472", "Q29011271", "Q29012190", "Q29011710", "Q29011579", "Q29011549", "Q34284525", "Q66310989", "Q28600763", "Q34284437", "Q1076355", "Q29017312", "Q4045294", "Q29011484", "Q29012206", "Q29011365", "Q29012224", "Q29011977", "Q29011347", "Q58006953", "Q28206318", "Q27826468", "Q27826466", "Q95994246", "Q29904540", "Q29012350", "Q723030", "Q29017311", "Q29011646", "Q29011892", "Q29011774", "Q684554", "Q34284450", "Q28106135", "Q29012285", "Q16996920", "Q29017306", "Q34285652", "Q5448342", "Q29011363", "Q29011357", "Q29017309", "Q29012120", "Q29011358", "Q29011824", "Q28206109", "Q27979156", "Q5421818", "Q1662484", "Q29012054", "Q29011223", "Q29011566", "Q1676669", "Q29011361", "Q29011079", "Q51917410", "Q99184084", "Q79241659", "Q1141412", "Q5153426", "Q178051"], "environments": {"one": {"co-oc": 0.408757203702294, "tf-idf": 0.3333333333333333, "combined": 0.37104526851781366}, "four": {"co-oc": 0.2820424026731866, "tf-idf": 0.25, "combined": 0.2660212013365933}, "three": {"co-oc": 0.2820424026731866, "tf-idf": 0.25, "combined": 0.2660212013365933}, "two": {"co-oc": 0.027157990951332825, "tf-idf": 0.16666666666666666, "combined": 0.09691232880899975}}}