{"name": "39002082349243", "type": "rank", "number_files": 1611, "number_unknown": 274, "formats": ["Q66439259", "Q34747804", "Q27596243", "Q751800", "Q64858274", "Q3807693", "Q66811836", "Q28758112", "Q50308768", "Q1601331", "Q217570", "Q29650304", "Q28205796", "Q58103465", "Q28206493", "Q47233167", "Q81526528", "Q28600763", "Q1076355", "Q67377613", "Q4045294", "Q27967105", "Q28600412", "Q81526664", "Q58006953", "Q6912474", "Q32097740", "Q28755606", "Q28755628", "Q95994246", "Q723030", "Q59961105", "Q904680", "Q684554", "Q28207194", "Q16996920", "Q29904539", "Q28009496", "Q939636", "Q28206609", "Q32097899", "Q27979156", "Q28207108", "Q1662484", "Q99184084", "Q28049770", "Q28205588", "Q1141412", "Q81526237"], "environments": {"two": {"co-oc": 0.7016412225506778, "tf-idf": 0.37499999999999994, "combined": 0.5383206112753389}, "one": {"co-oc": 0.20167288235457836, "tf-idf": 0.25, "combined": 0.22583644117728918}, "three": {"co-oc": 0.09659319363252124, "tf-idf": 0.25, "combined": 0.1732965968162606}, "four": {"co-oc": 9.270146222241634e-05, "tf-idf": 0.125, "combined": 0.06254635073111121}}}