{"name": "39002090787913", "type": "rank", "number_files": 75, "number_unknown": 0, "formats": ["Q27826464", "Q66811836", "Q27826469", "Q34746472", "Q58103465", "Q28600763", "Q1076355", "Q4045294", "Q28755628", "Q27826468", "Q27826466", "Q28858032", "Q684554", "Q16996920", "Q29904539", "Q28206109", "Q26549229", "Q66134804", "Q1662484", "Q1676669", "Q99184084", "Q28206657"], "environments": {"one": {"co-oc": 0.9998714765284259, "tf-idf": 0.49999999999999994, "combined": 0.7499357382642129}, "four": {"co-oc": 4.2841157191274596e-05, "tf-idf": 0.16666666666666666, "combined": 0.08335475391192897}, "three": {"co-oc": 4.2841157191274596e-05, "tf-idf": 0.16666666666666666, "combined": 0.08335475391192897}, "two": {"co-oc": 4.2841157191274596e-05, "tf-idf": 0.16666666666666666, "combined": 0.08335475391192897}}}