{"name": "39002037729879", "type": "rank", "number_files": 6675, "number_unknown": 2006, "formats": ["Q7671270", "Q26211840", "Q50223812", "Q28206328", "Q5322705", "Q3807693", "Q26211915", "Q66811836", "Q29209269", "Q856364", "Q53756539", "Q27979378", "Q194831", "Q26211965", "Q28600763", "Q1076355", "Q4045294", "Q28206147", "Q51916170", "Q4545483", "Q26211931", "Q58006953", "Q26211905", "Q95994246", "Q26211954", "Q26211958", "Q723030", "Q26211936", "Q26211977", "Q29904540", "Q53756551", "Q62625561", "Q684554", "Q26211978", "Q26211874", "Q1343830", "Q16996920", "Q27526733", "Q26211940", "Q26211975", "Q47512572", "Q27960138", "Q26211891", "Q5448342", "Q28205727", "Q5532250", "Q2193155", "Q218170", "Q28206109", "Q27979156", "Q279254", "Q5421818", "Q1662484", "Q28206138", "Q29650301", "Q28758103", "Q26211957", "Q26211948", "Q10287816", "Q8041715", "Q99184084", "Q26211983", "Q2627217", "Q10394822", "Q26211927", "Q79241659", "Q5153426"], "environments": {"one": {"co-oc": 0.3333333333333333, "tf-idf": 0.33333333333333337, "combined": 0.33333333333333337}, "three": {"co-oc": 0.3333333333333333, "tf-idf": 0.33333333333333337, "combined": 0.33333333333333337}, "two": {"co-oc": 0.3333333333333333, "tf-idf": 0.33333333333333337, "combined": 0.33333333333333337}, "four": {"co-oc": 0.0, "tf-idf": 0.0, "combined": 0.0}}}