{"name": "39002070651204", "type": "rank", "number_files": 133, "number_unknown": 2, "formats": ["Q729366", "Q27596243", "Q1144005", "Q28205488", "Q28205580", "Q58103465", "Q28206771", "Q1076355", "Q43869672", "Q535473", "Q4045294", "Q28755628", "Q43866871", "Q66439261", "Q43870624", "Q59653966", "Q29904539", "Q43870269", "Q28206381", "Q28205626", "Q1569639", "Q1141412"], "environments": {"one": {"co-oc": 0.6092863111154956, "tf-idf": 0.37500000000000006, "combined": 0.4921431555577478}, "four": {"co-oc": 0.2186568883150865, "tf-idf": 0.25000000000000006, "combined": 0.23432844415754328}, "three": {"co-oc": 0.1719995126730839, "tf-idf": 0.25000000000000006, "combined": 0.21099975633654197}, "two": {"co-oc": 5.7287896333913215e-05, "tf-idf": 0.12500000000000003, "combined": 0.06252864394816697}}}