{"name": "39002073436124", "type": "rank", "number_files": 427, "number_unknown": 4, "formats": ["Q28206138", "Q43869672", "Q1258721", "Q535473", "Q43870624", "Q817650", "Q4045294", "Q28206147", "Q47512572", "Q28205583", "Q43866871", "Q43870269"], "environments": {"one": {"co-oc": 0.9986945252834989, "tf-idf": 0.4, "combined": 0.6993472626417494}, "four": {"co-oc": 0.0004351582388337675, "tf-idf": 0.2, "combined": 0.1002175791194169}, "three": {"co-oc": 0.0004351582388337675, "tf-idf": 0.2, "combined": 0.1002175791194169}, "two": {"co-oc": 0.0004351582388337675, "tf-idf": 0.2, "combined": 0.1002175791194169}}}