{"name": "39002085194596", "type": "rank", "number_files": 160, "number_unknown": 20, "formats": ["Q6026738", "Q87066066", "Q729366", "Q49798508", "Q27996279", "Q49243488", "Q27578057", "Q3807693", "Q66811836", "Q3359832", "Q28205580", "Q49799747", "Q28206359", "Q58103465", "Q58725633", "Q28206771", "Q28600763", "Q1076355", "Q85415853", "Q29000651", "Q49799499", "Q4045294", "Q58237034", "Q34310996", "Q58006953", "Q28755628", "Q95994246", "Q58335773", "Q29944206", "Q723030", "Q28206894", "Q29435", "Q3509055", "Q87066063", "Q29650308", "Q684554", "Q16996920", "Q1601835", "Q29904539", "Q49798739", "Q5924007", "Q287315", "Q28206109", "Q27979156", "Q26549229", "Q58335745", "Q1662484", "Q73675958", "Q49243748", "Q28205626", "Q28206952", "Q29944575", "Q99184084", "Q29000741"], "environments": {"three": {"co-oc": 0.9966363753373849, "tf-idf": 0.5, "combined": 0.7483181876686924}, "one": {"co-oc": 0.0016818123313075179, "tf-idf": 0.25, "combined": 0.12584090616565377}, "two": {"co-oc": 0.0016818123313075179, "tf-idf": 0.25, "combined": 0.12584090616565377}, "four": {"co-oc": 0.0, "tf-idf": 0.0, "combined": 0.0}}}