{"name": "39002067755786", "type": "rank", "number_files": 181, "number_unknown": 5, "formats": ["Q28786544", "Q27866059", "Q8811", "Q61641368", "Q29946898", "Q61718355", "Q29946692", "Q48805099", "Q61639409", "Q61752300", "Q28206359", "Q26547266", "Q26541013", "Q26085330", "Q1888930", "Q29946845", "Q47498555", "Q26546575", "Q26085322", "Q28858032", "Q28207384", "Q60000066", "Q48782238", "Q10610388", "Q1502796", "Q47498565", "Q686498", "Q28206109", "Q26549229", "Q66134804", "Q28858039", "Q28858037", "Q47498745", "Q51334664", "Q2053", "Q27866063", "Q47498538", "Q2043942", "Q28858041", "Q17092932", "Q47498749", "Q29946866", "Q28600763", "Q28858038", "Q28858042", "Q29946713", "Q62626012", "Q27231651", "Q51801746", "Q26385770", "Q27866062", "Q16996920", "Q28206262", "Q27526733", "Q48782202", "Q27231654", "Q28858035", "Q29946914", "Q26085319", "Q63061396", "Q28205372", "Q29946121", "Q1662484", "Q26329648", "Q1676669", "Q47498736", "Q1141412", "Q61963304", "Q26085333", "Q28858044", "Q27231634", "Q63061514", "Q29946883", "Q51717333", "Q26085336", "Q28205580", "Q29946829", "Q26547917", "Q29946726", "Q28205439", "Q1076355", "Q26543628", "Q26085339", "Q29946810", "Q5533911", "Q85621726", "Q28205771", "Q26085317", "Q26545877", "Q939636", "Q85621806", "Q62664770", "Q29946134", "Q42332", "Q59999786", "Q28206497", "Q66439286", "Q48915661", "Q28205626", "Q29946141", "Q166074", "Q62664735", "Q729366", "Q48782394", "Q66811836", "Q26548590", "Q2192", "Q28206771", "Q47498552", "Q4045294", "Q48782098", "Q47498547", "Q1952321", "Q24834502", "Q684554", "Q29946771", "Q7670377", "Q28207379", "Q27526739", "Q29946937", "Q60628185", "Q55429627", "Q99184084", "Q26085326"], "environments": {"one": {"co-oc": 0.3989244947155569, "tf-idf": 0.3584905660377358, "combined": 0.3787075303766464}, "two": {"co-oc": 0.3596746526324684, "tf-idf": 0.32075471698113206, "combined": 0.3402146848068002}, "four": {"co-oc": 0.21915736301197164, "tf-idf": 0.20754716981132074, "combined": 0.21335226641164617}, "three": {"co-oc": 0.022243489640003052, "tf-idf": 0.11320754716981132, "combined": 0.06772551840490719}}}