{"name": "39002067753344", "type": "rank", "number_files": 24, "number_unknown": 2, "formats": ["Q729366", "Q66439259", "Q34747804", "Q28055391", "Q48106551", "Q3807693", "Q66811836", "Q28205580", "Q28758112", "Q1601331", "Q194831", "Q29650304", "Q28206771", "Q28600763", "Q47233167", "Q81526528", "Q4045294", "Q81526664", "Q58006953", "Q6912474", "Q32097740", "Q28755606", "Q95994246", "Q723030", "Q1882400", "Q27979410", "Q27967388", "Q684554", "Q1343830", "Q16996920", "Q28009496", "Q32097899", "Q27979156", "Q28207108", "Q1662484", "Q28758102", "Q28205626", "Q99184084", "Q28049770", "Q1141412", "Q81526237"], "environments": {"two": {"co-oc": 0.6323619025232222, "tf-idf": 0.3333333333333333, "combined": 0.4828476179282778}, "three": {"co-oc": 0.3673245938371174, "tf-idf": 0.3333333333333333, "combined": 0.35032896358522536}, "four": {"co-oc": 0.0001567518198302084, "tf-idf": 0.16666666666666666, "combined": 0.08341170924324844}, "one": {"co-oc": 0.0001567518198302084, "tf-idf": 0.16666666666666666, "combined": 0.08341170924324844}}}