{"name": "39002081493083", "type": "rank", "number_files": 1064, "number_unknown": 1, "formats": ["Q29944783", "Q66439259", "Q34747804", "Q29944779", "Q27826464", "Q28786544", "Q28600764", "Q8811", "Q29944777", "Q3807693", "Q27826469", "Q29944773", "Q66811836", "Q29944782", "Q34746472", "Q28758112", "Q1601331", "Q29944987", "Q194831", "Q29650304", "Q29944780", "Q29944786", "Q47233167", "Q1076355", "Q81526528", "Q28600763", "Q4045294", "Q1888930", "Q81526664", "Q58006953", "Q6912474", "Q27826468", "Q28755606", "Q32097740", "Q62626012", "Q27826466", "Q95994246", "Q723030", "Q29944785", "Q29944758", "Q684554", "Q942350", "Q16996920", "Q27925722", "Q34312361", "Q28009496", "Q5924007", "Q32097899", "Q28206109", "Q27979156", "Q28207108", "Q1662484", "Q29944776", "Q34312151", "Q27923693", "Q1676669", "Q2053", "Q99184084", "Q28049770", "Q166074", "Q1141412", "Q81526237"], "environments": {"one": {"co-oc": 0.501487086763075, "tf-idf": 0.411764705882353, "combined": 0.456625896322714}, "two": {"co-oc": 0.4960272791971005, "tf-idf": 0.44117647058823534, "combined": 0.4686018748926679}, "three": {"co-oc": 0.0020064656818791207, "tf-idf": 0.08823529411764708, "combined": 0.0451208798997631}, "four": {"co-oc": 0.00047916835794531155, "tf-idf": 0.05882352941176472, "combined": 0.029651348884855017}}}