{"name": "39002068852319", "type": "rank", "number_files": 668, "number_unknown": 178, "formats": ["Q6026738", "Q61971919", "Q50223812", "Q27578057", "Q28786544", "Q3807693", "Q8811", "Q29209269", "Q49799747", "Q61971917", "Q194831", "Q58725633", "Q47233167", "Q59999470", "Q28206147", "Q34310996", "Q1888930", "Q28600412", "Q2276274", "Q28755628", "Q28755606", "Q95994246", "Q52834849", "Q27979154", "Q59999653", "Q26211874", "Q50604441", "Q28207085", "Q6043826", "Q49798739", "Q28009496", "Q5924007", "Q32097899", "Q28206109", "Q26549229", "Q47455968", "Q34312151", "Q2053", "Q29000741", "Q10394822", "Q29650301", "Q19599377", "Q28347555", "Q81526237", "Q29151645", "Q49798508", "Q34747804", "Q26211840", "Q28344713", "Q51753051", "Q28771319", "Q28600763", "Q81526528", "Q81526664", "Q58006953", "Q6912474", "Q32097740", "Q62626012", "Q58335773", "Q29904540", "Q27486884", "Q27979410", "Q3509055", "Q1343830", "Q16996920", "Q26211940", "Q34312361", "Q5448342", "Q5421818", "Q28207108", "Q1662484", "Q28758102", "Q26211957", "Q26211948", "Q27923693", "Q28206952", "Q3928271", "Q26211927", "Q1141412", "Q28055391", "Q66439259", "Q46118194", "Q48106551", "Q26211915", "Q29167914", "Q28205580", "Q51954585", "Q28758112", "Q1601331", "Q29650304", "Q60628025", "Q17073241", "Q4746193", "Q1076355", "Q44933672", "Q26211905", "Q26211954", "Q723030", "Q28206894", "Q26211936", "Q288405", "Q27967388", "Q79242428", "Q26211975", "Q29904539", "Q47512572", "Q27967091", "Q27487348", "Q5532250", "Q58335745", "Q27487130", "Q28771288", "Q673906", "Q28205626", "Q26211983", "Q166074", "Q28049770", "Q5153426", "Q729366", "Q27596243", "Q51954521", "Q66811836", "Q29000498", "Q60628005", "Q27487109", "Q51753252", "Q58103465", "Q26211965", "Q28206771", "Q29000651", "Q49799499", "Q4045294", "Q58237034", "Q28755621", "Q26211931", "Q48814895", "Q26211958", "Q26211977", "Q1882400", "Q28009488", "Q27487343", "Q684554", "Q26211978", "Q27473691", "Q27349804", "Q27925722", "Q26211891", "Q27979156", "Q28206138", "Q28758103", "Q99184084", "Q28206310", "Q56827141"], "environments": {"two": {"co-oc": 0.3897459550750825, "tf-idf": 0.2727272727272727, "combined": 0.3312366139011776}, "one": {"co-oc": 0.3080244570718664, "tf-idf": 0.2727272727272727, "combined": 0.29037586489956957}, "four": {"co-oc": 0.17538002765966082, "tf-idf": 0.1818181818181818, "combined": 0.17859910473892132}, "three": {"co-oc": 0.1268495601933904, "tf-idf": 0.2727272727272727, "combined": 0.19978841646033155}}}