{"name": "39002090361115", "type": "rank", "number_files": 1771, "number_unknown": 0, "formats": ["Q1662484", "Q28600763", "Q1076355", "Q684554", "Q16996920", "Q1676669", "Q4045294", "Q66811836", "Q99184084"], "environments": {"one": {"co-oc": 0.9992529663458107, "tf-idf": 0.4, "combined": 0.6996264831729053}, "four": {"co-oc": 0.0002490112180631203, "tf-idf": 0.2, "combined": 0.10012450560903156}, "three": {"co-oc": 0.0002490112180631203, "tf-idf": 0.2, "combined": 0.10012450560903156}, "two": {"co-oc": 0.0002490112180631203, "tf-idf": 0.2, "combined": 0.10012450560903156}}}