{"name": "39002103622743", "type": "rank", "number_files": 769, "number_unknown": 4, "formats": ["Q1144005", "Q28207503", "Q1192568", "Q29209269", "Q3807693", "Q61641368", "Q61639409", "Q27979378", "Q47455466", "Q47233167", "Q28106149", "Q28755606", "Q95994246", "Q28858032", "Q60000066", "Q48782238", "Q28009496", "Q28770336", "Q686498", "Q32097899", "Q28858039", "Q28858037", "Q29650301", "Q81526237", "Q4836515", "Q34747804", "Q28858041", "Q2044200", "Q81526528", "Q28858038", "Q28858042", "Q81526664", "Q58006953", "Q6912474", "Q32097740", "Q51801746", "Q28206528", "Q28205773", "Q48782202", "Q28858035", "Q479833", "Q63061396", "Q28207108", "Q3928271", "Q2389386", "Q47455565", "Q66439259", "Q28858044", "Q63061514", "Q28758112", "Q28207016", "Q1601331", "Q29650304", "Q7119344", "Q4042979", "Q1076355", "Q85621726", "Q723030", "Q53756551", "Q28600476", "Q85621806", "Q62664770", "Q66439286", "Q48915661", "Q28049770", "Q28206638", "Q28206876", "Q62664735", "Q48782394", "Q53756539", "Q28207293", "Q4045294", "Q48782098", "Q27925705", "Q28106166", "Q27979156", "Q60628185", "Q28758103"], "environments": {"one": {"co-oc": 0.503037953954822, "tf-idf": 0.43999999999999995, "combined": 0.47151897697741096}, "two": {"co-oc": 0.3963735964204886, "tf-idf": 0.36, "combined": 0.37818679821024426}, "four": {"co-oc": 0.10058584904862265, "tf-idf": 0.16000000000000003, "combined": 0.13029292452431135}, "three": {"co-oc": 2.6005760667969135e-06, "tf-idf": 0.04000000000000001, "combined": 0.020001300288033402}}}