{"name": "39002037857324", "type": "rank", "number_files": 6508, "number_unknown": 744, "formats": ["Q777561", "Q50223812", "Q29000621", "Q61727602", "Q28786544", "Q8811", "Q3807693", "Q61641368", "Q27826340", "Q61639409", "Q27979378", "Q194831", "Q66310989", "Q47233167", "Q901031", "Q28206147", "Q34312718", "Q1888930", "Q52063393", "Q28600412", "Q28755628", "Q27824032", "Q27824050", "Q1165116", "Q28206325", "Q28755606", "Q95994246", "Q28858032", "Q49989019", "Q62625561", "Q27967128", "Q60000066", "Q26211874", "Q28919168", "Q48782238", "Q686498", "Q28009496", "Q5924007", "Q32097899", "Q28206109", "Q27826389", "Q28858039", "Q28858037", "Q34312151", "Q10287816", "Q28975650", "Q2053", "Q10394822", "Q81526237", "Q34747804", "Q26211840", "Q28858041", "Q28206671", "Q27826469", "Q34746472", "Q28600763", "Q34284437", "Q28858038", "Q81526528", "Q28858042", "Q336284", "Q28206336", "Q58006953", "Q28205883", "Q81526664", "Q32097740", "Q6912474", "Q62626012", "Q29904540", "Q51801746", "Q27979410", "Q28206528", "Q1343830", "Q5616826", "Q16996920", "Q27526733", "Q26211940", "Q48782202", "Q34312361", "Q5448342", "Q28858035", "Q61727514", "Q63061396", "Q6666791", "Q5421818", "Q28207108", "Q1662484", "Q27923693", "Q26211957", "Q26211948", "Q1676669", "Q73514615", "Q26211927", "Q27824056", "Q28858044", "Q28055391", "Q66439259", "Q283579", "Q63061514", "Q27826464", "Q26211915", "Q28758112", "Q1601331", "Q29650304", "Q28205367", "Q28206679", "Q61727559", "Q5301", "Q34312565", "Q26211905", "Q3959179", "Q28206318", "Q27826466", "Q85621726", "Q26211954", "Q61990483", "Q723030", "Q53756551", "Q26211936", "Q27967388", "Q34284450", "Q26211975", "Q47512572", "Q29904539", "Q47538988", "Q28600476", "Q28207044", "Q85621806", "Q5532250", "Q62664770", "Q27824053", "Q27824019", "Q1817318", "Q66439286", "Q48915661", "Q28757976", "Q61727504", "Q26211983", "Q166074", "Q28049770", "Q5153426", "Q62664735", "Q61727569", "Q48782394", "Q66811836", "Q27824041", "Q53756539", "Q2192", "Q58103465", "Q34284525", "Q26211965", "Q28018470", "Q4045294", "Q61727114", "Q48782098", "Q4545483", "Q26211931", "Q27826468", "Q26211958", "Q26211977", "Q1882400", "Q28018471", "Q27925705", "Q27824015", "Q15938816", "Q684554", "Q26211978", "Q27925722", "Q26211891", "Q27526739", "Q28205727", "Q218170", "Q27979156", "Q28206138", "Q60628185", "Q99184084", "Q61990487"], "environments": {"one": {"co-oc": 0.5757959378605604, "tf-idf": 0.40740740740740744, "combined": 0.4916016726339839}, "two": {"co-oc": 0.38512932838144004, "tf-idf": 0.2962962962962963, "combined": 0.3407128123388682}, "three": {"co-oc": 0.026895291702862815, "tf-idf": 0.18518518518518517, "combined": 0.106040238444024}, "four": {"co-oc": 0.012179442055136791, "tf-idf": 0.1111111111111111, "combined": 0.06164527658312395}}}