{"name": "39002037728764", "type": "rank", "number_files": 1180, "number_unknown": 590, "formats": ["Q777561", "Q50223812", "Q28049670", "Q28786544", "Q3807693", "Q61641368", "Q8811", "Q29209269", "Q61639409", "Q47455466", "Q29905267", "Q1888930", "Q2276274", "Q95994246", "Q28858032", "Q49243071", "Q28600256", "Q60000066", "Q26211874", "Q48782238", "Q686498", "Q5924007", "Q27967116", "Q28206109", "Q26549229", "Q28858039", "Q28858037", "Q10287816", "Q2053", "Q29650301", "Q10394822", "Q66244789", "Q26211840", "Q28858041", "Q27826469", "Q63036182", "Q34746472", "Q28858038", "Q28858042", "Q623334", "Q28206538", "Q58006953", "Q28205883", "Q62626012", "Q29904540", "Q51801746", "Q1343830", "Q27526733", "Q26211940", "Q48782202", "Q5448342", "Q28858035", "Q28758002", "Q63061396", "Q5421818", "Q62619688", "Q26211957", "Q26211948", "Q26211927", "Q178051", "Q28858044", "Q47455565", "Q283579", "Q63061514", "Q27826464", "Q26211915", "Q29167914", "Q28777715", "Q4042979", "Q27349828", "Q1076355", "Q26211905", "Q3959179", "Q27826466", "Q85621726", "Q26211954", "Q723030", "Q26211936", "Q28532082", "Q26211975", "Q47512572", "Q28600476", "Q85621806", "Q5532250", "Q62664770", "Q28771288", "Q1817318", "Q66439286", "Q48915661", "Q26211983", "Q166074", "Q5153426", "Q62664735", "Q48782394", "Q29650330", "Q26211965", "Q4045294", "Q48782098", "Q26211931", "Q27826468", "Q26211958", "Q26211977", "Q28009488", "Q26211978", "Q34285652", "Q26211891", "Q2193155", "Q218170", "Q1882110", "Q27979156", "Q60628185", "Q28758103", "Q99184084"], "environments": {"one": {"co-oc": 0.5012562994743812, "tf-idf": 0.43478260869565216, "combined": 0.46801945408501666}, "two": {"co-oc": 0.48543887612259196, "tf-idf": 0.3913043478260869, "combined": 0.43837161197433944}, "three": {"co-oc": 0.01330115799686417, "tf-idf": 0.13043478260869565, "combined": 0.07186797030277992}, "four": {"co-oc": 3.6664061626343005e-06, "tf-idf": 0.043478260869565216, "combined": 0.021740963637863927}}}