{"name": "39002118864645", "type": "rank", "number_files": 4697, "number_unknown": 0, "formats": ["Q34306669", "Q641213", "Q71178742", "Q3551300", "Q29000578", "Q99973597", "Q100135637", "Q50378320", "Q28600421", "Q452197", "Q99973606", "Q27967351", "Q45432", "Q1076355", "Q4045294", "Q28445577", "Q27910000", "Q796483", "Q28728783", "Q100136218", "Q66759482", "Q59851506", "Q59851322", "Q653301", "Q99976195", "Q27487531", "Q25339304", "Q72273742", "Q2313301", "Q4042481", "Q66134804", "Q1676669", "Q100136960", "Q2819247", "Q959950", "Q99184084", "Q100136955", "Q166074", "Q28600760", "Q28771320"], "environments": {"one": {"co-oc": 0.6985141361922008, "tf-idf": 0.38461538461538464, "combined": 0.5415647604037928}, "four": {"co-oc": 0.2855775211894766, "tf-idf": 0.3076923076923077, "combined": 0.2966349144408922}, "three": {"co-oc": 0.008541522562848515, "tf-idf": 0.15384615384615385, "combined": 0.08119383820450118}, "two": {"co-oc": 0.0073668200554737485, "tf-idf": 0.15384615384615385, "combined": 0.08060648695081381}}}