{"name": "39002012144300", "type": "rank", "number_files": 529, "number_unknown": 13, "formats": ["Q6026738", "Q87066066", "Q729366", "Q49798508", "Q26085326", "Q50223812", "Q49243488", "Q27578057", "Q3807693", "Q66811836", "Q28205580", "Q49799747", "Q28206359", "Q58103465", "Q58725633", "Q28206771", "Q85415853", "Q1076355", "Q28600763", "Q29000651", "Q49799499", "Q4045294", "Q58237034", "Q34310996", "Q58006953", "Q28755628", "Q58335773", "Q95994246", "Q29944206", "Q723030", "Q28206894", "Q29435", "Q29904540", "Q3509055", "Q87066063", "Q684554", "Q16996920", "Q1601835", "Q29904539", "Q49798739", "Q5448342", "Q5924007", "Q287315", "Q27979156", "Q26549229", "Q5421818", "Q58335745", "Q1662484", "Q73675958", "Q49243748", "Q28205626", "Q28206952", "Q29944575", "Q29000741", "Q5153426"], "environments": {"one": {"co-oc": 0.35282131921609355, "tf-idf": 0.28571428571428575, "combined": 0.31926780246518965}, "two": {"co-oc": 0.35282131921609355, "tf-idf": 0.28571428571428575, "combined": 0.31926780246518965}, "three": {"co-oc": 0.2938555663499033, "tf-idf": 0.28571428571428575, "combined": 0.2897849260320945}, "four": {"co-oc": 0.0005017952179096173, "tf-idf": 0.14285714285714288, "combined": 0.07167946903752624}}}