{"name": "39002104462230", "type": "rank", "number_files": 318, "number_unknown": 99, "formats": ["Q729366", "Q27596243", "Q1144005", "Q55758993", "Q29650793", "Q29650305", "Q55758988", "Q3807693", "Q87816075", "Q28205580", "Q28771319", "Q27967123", "Q50809753", "Q29000498", "Q28207256", "Q28206771", "Q1076355", "Q50809751", "Q28207363", "Q4045294", "Q3406936", "Q58006953", "Q28205883", "Q95994246", "Q723030", "Q58799889", "Q55394748", "Q28206843", "Q6043826", "Q1023647", "Q27979156", "Q50809785", "Q28205626"], "environments": {"one": {"co-oc": 0.3333333333333333, "tf-idf": 0.3333333333333333, "combined": 0.3333333333333333}, "three": {"co-oc": 0.3333333333333333, "tf-idf": 0.3333333333333333, "combined": 0.3333333333333333}, "two": {"co-oc": 0.3333333333333333, "tf-idf": 0.3333333333333333, "combined": 0.3333333333333333}, "four": {"co-oc": 0.0, "tf-idf": 0.0, "combined": 0.0}}}