{"name": "39002055105788", "type": "rank", "number_files": 62, "number_unknown": 0, "formats": ["Q729366", "Q28018471", "Q28018470", "Q1662484", "Q28600763", "Q1076355", "Q684554", "Q28206771", "Q16996920", "Q336284", "Q4045294", "Q28205626", "Q66811836", "Q28205580"], "environments": {"one": {"co-oc": 0.9999556666472376, "tf-idf": 0.6, "combined": 0.7999778333236187}, "three": {"co-oc": 2.216667638125915e-05, "tf-idf": 0.19999999999999998, "combined": 0.10001108333819062}, "two": {"co-oc": 2.216667638125915e-05, "tf-idf": 0.19999999999999998, "combined": 0.10001108333819062}, "four": {"co-oc": 0.0, "tf-idf": 0.0, "combined": 0.0}}}