{"name": "39002073627417", "type": "rank", "number_files": 1280, "number_unknown": 2, "formats": ["Q28206109", "Q1676669", "Q99184084", "Q5924007", "Q217570"], "environments": {"one": {"co-oc": 0.49991844011258374, "tf-idf": 0.33333333333333326, "combined": 0.4166258867229585}, "three": {"co-oc": 0.49991844011258374, "tf-idf": 0.33333333333333326, "combined": 0.4166258867229585}, "four": {"co-oc": 8.155988741624171e-05, "tf-idf": 0.16666666666666663, "combined": 0.08337411327704143}, "two": {"co-oc": 8.155988741624171e-05, "tf-idf": 0.16666666666666663, "combined": 0.08337411327704143}}}