{"name": "39002056323828", "type": "rank", "number_files": 179, "number_unknown": 86, "formats": ["Q87066066", "Q27596243", "Q26211840", "Q26211915", "Q194831", "Q28206359", "Q58103465", "Q26211965", "Q1076355", "Q4045294", "Q28206485", "Q26211931", "Q26211905", "Q28755628", "Q26211954", "Q26211958", "Q26211977", "Q26211936", "Q87066063", "Q26211978", "Q26211874", "Q26211940", "Q26211975", "Q29904539", "Q26211891", "Q5532250", "Q26549229", "Q26211957", "Q1676669", "Q26211948", "Q26211983", "Q10394822", "Q26211927"], "environments": {"one": {"co-oc": 0.9992005392117096, "tf-idf": 0.4, "combined": 0.6996002696058548}, "four": {"co-oc": 0.0002664869294301632, "tf-idf": 0.2, "combined": 0.10013324346471508}, "three": {"co-oc": 0.0002664869294301632, "tf-idf": 0.2, "combined": 0.10013324346471508}, "two": {"co-oc": 0.0002664869294301632, "tf-idf": 0.2, "combined": 0.10013324346471508}}}