{"name": "39002079384807", "type": "rank", "number_files": 1348, "number_unknown": 0, "formats": ["Q27826464", "Q3807693", "Q27826469", "Q34746472", "Q1076355", "Q4045294", "Q28600412", "Q58006953", "Q27826468", "Q27826466", "Q95994246", "Q921122", "Q723030", "Q27526733", "Q5924007", "Q28206109", "Q27979156", "Q26549229", "Q66134804", "Q1676669", "Q99184084"], "environments": {"one": {"co-oc": 0.9998823549296093, "tf-idf": 0.5, "combined": 0.7499411774648046}, "four": {"co-oc": 3.921502346347292e-05, "tf-idf": 0.16666666666666666, "combined": 0.08335294084506506}, "three": {"co-oc": 3.921502346347292e-05, "tf-idf": 0.16666666666666666, "combined": 0.08335294084506506}, "two": {"co-oc": 3.921502346347292e-05, "tf-idf": 0.16666666666666666, "combined": 0.08335294084506506}}}