{"name": "39002068037432", "type": "rank", "number_files": 302, "number_unknown": 68, "formats": ["Q27596243", "Q3807693", "Q66811836", "Q58103465", "Q28018470", "Q28600763", "Q1076355", "Q382011", "Q4045294", "Q336284", "Q58006953", "Q28755628", "Q95994246", "Q723030", "Q28018471", "Q684554", "Q16996920", "Q29904539", "Q48906245", "Q479833", "Q51913877", "Q27979156", "Q1662484", "Q3888665"], "environments": {"one": {"co-oc": 0.9999760306457304, "tf-idf": 0.75, "combined": 0.8749880153228652}, "two": {"co-oc": 2.3969354269705193e-05, "tf-idf": 0.25, "combined": 0.12501198467713484}, "four": {"co-oc": 0.0, "tf-idf": 0.0, "combined": 0.0}, "three": {"co-oc": 0.0, "tf-idf": 0.0, "combined": 0.0}}}