{"name": "39002069342559", "type": "rank", "number_files": 327, "number_unknown": 0, "formats": ["Q3807693", "Q61641368", "Q61639409", "Q95994246", "Q28858032", "Q60000066", "Q26211874", "Q48782238", "Q686498", "Q28206109", "Q26549229", "Q66134804", "Q28858039", "Q29944776", "Q28858037", "Q10394822", "Q26211840", "Q28858041", "Q27826469", "Q34746472", "Q28600763", "Q28858038", "Q28858042", "Q58006953", "Q51801746", "Q16996920", "Q27526733", "Q26211940", "Q48782202", "Q28858035", "Q479833", "Q63061396", "Q1662484", "Q26211957", "Q1676669", "Q26211948", "Q26211927", "Q1141412", "Q28858044", "Q63061514", "Q27826464", "Q29944777", "Q26211915", "Q29944773", "Q29944782", "Q29944987", "Q29944786", "Q1076355", "Q26211905", "Q27826466", "Q85621726", "Q26211954", "Q723030", "Q26211936", "Q26211975", "Q85621806", "Q5532250", "Q62664770", "Q66439286", "Q48915661", "Q26211983", "Q62664735", "Q29944783", "Q48782394", "Q29944779", "Q66811836", "Q2192", "Q29944780", "Q26211965", "Q4045294", "Q48782098", "Q26211931", "Q27826468", "Q26211958", "Q26211977", "Q29944785", "Q29944758", "Q24834502", "Q684554", "Q26211978", "Q26211891", "Q27526739", "Q27979156", "Q60628185", "Q99184084"], "environments": {"one": {"co-oc": 0.5219385784700408, "tf-idf": 0.4761904761904762, "combined": 0.4990645273302585}, "two": {"co-oc": 0.47319222367415076, "tf-idf": 0.40476190476190477, "combined": 0.43897706421802773}, "three": {"co-oc": 0.0027767508556671293, "tf-idf": 0.07142857142857145, "combined": 0.03710266114211929}, "four": {"co-oc": 0.0020924470001412866, "tf-idf": 0.04761904761904763, "combined": 0.02485574730959446}}}