{"name": "39002053711850", "type": "rank", "number_files": 943, "number_unknown": 4, "formats": ["Q29011569", "Q29011538", "Q29017304", "Q28786544", "Q3807693", "Q8811", "Q29011710", "Q194831", "Q47233167", "Q29011365", "Q1888930", "Q28755606", "Q95994246", "Q29012350", "Q29011646", "Q29017306", "Q29011357", "Q28009496", "Q29011824", "Q29011358", "Q32097899", "Q28206109", "Q29011361", "Q2053", "Q29011977", "Q81526237", "Q29151645", "Q34747804", "Q29011514", "Q28600764", "Q29011579", "Q29011271", "Q28600763", "Q81526528", "Q29017312", "Q29012206", "Q29012224", "Q81526664", "Q58006953", "Q6912474", "Q32097740", "Q62626012", "Q16996920", "Q29012120", "Q28207108", "Q1662484", "Q29011223", "Q1676669", "Q1141412", "Q178051", "Q66439259", "Q28205580", "Q28758112", "Q1601331", "Q29011549", "Q29650304", "Q17073241", "Q1076355", "Q29011484", "Q723030", "Q288405", "Q29011892", "Q27967388", "Q29012285", "Q29011774", "Q29011363", "Q29012054", "Q29011566", "Q673906", "Q28205626", "Q29011079", "Q28049770", "Q166074", "Q729366", "Q29017314", "Q29011315", "Q66811836", "Q29012190", "Q28206771", "Q4045294", "Q29011347", "Q29017311", "Q684554", "Q942350", "Q29017309", "Q27979156", "Q99184084"], "environments": {"three": {"co-oc": 0.35013433427375773, "tf-idf": 0.3125, "combined": 0.33131716713687887}, "one": {"co-oc": 0.3080010381288145, "tf-idf": 0.25, "combined": 0.27900051906440726}, "four": {"co-oc": 0.1750897119004801, "tf-idf": 0.1875, "combined": 0.18129485595024003}, "two": {"co-oc": 0.1667749156969476, "tf-idf": 0.25, "combined": 0.2083874578484738}}}