{"name": "39002042920265", "type": "rank", "number_files": 217, "number_unknown": 43, "formats": ["Q28206049", "Q3807693", "Q61641368", "Q61639409", "Q28755628", "Q95994246", "Q28858032", "Q28206162", "Q60000066", "Q26211874", "Q48782238", "Q28206373", "Q28205670", "Q686498", "Q28206272", "Q28206109", "Q66134804", "Q28858039", "Q28858037", "Q28206883", "Q28206306", "Q28205807", "Q10394822", "Q28205955", "Q26211840", "Q28207469", "Q28858041", "Q28206284", "Q28858038", "Q28858042", "Q28205801", "Q58006953", "Q51801746", "Q16965621", "Q27526733", "Q26211940", "Q48782202", "Q28858035", "Q63061396", "Q26211957", "Q26211948", "Q26211927", "Q1228757", "Q28858044", "Q63061514", "Q26211915", "Q1076355", "Q27979508", "Q26211905", "Q85621726", "Q26211954", "Q723030", "Q26211936", "Q28205944", "Q26211975", "Q29904539", "Q85621806", "Q5532250", "Q27967085", "Q62664770", "Q66439286", "Q48915661", "Q877050", "Q26211983", "Q62664735", "Q48782394", "Q3146723", "Q27355592", "Q58103465", "Q26211965", "Q4045294", "Q48782098", "Q26211931", "Q26211958", "Q26211977", "Q26211978", "Q26211891", "Q28205965", "Q27979156", "Q60628185", "Q99184084"], "environments": {"one": {"co-oc": 0.525011022405377, "tf-idf": 0.5000000000000001, "combined": 0.5125055112026886}, "two": {"co-oc": 0.4749836563244242, "tf-idf": 0.4285714285714286, "combined": 0.4517775424479264}, "three": {"co-oc": 5.321270198948441e-06, "tf-idf": 0.07142857142857142, "combined": 0.03571694634938519}, "four": {"co-oc": 0.0, "tf-idf": 0.0, "combined": 0.0}}}