{"name": "39002072900914", "type": "rank", "number_files": 1939, "number_unknown": 911, "formats": ["Q61971919", "Q66439259", "Q34747804", "Q51954521", "Q51954585", "Q28758112", "Q61971917", "Q60628005", "Q27960128", "Q1601331", "Q60628025", "Q29650304", "Q4746193", "Q47233167", "Q81526528", "Q44933672", "Q28445577", "Q81526664", "Q28600412", "Q6912474", "Q32097740", "Q28755606", "Q52834849", "Q27979154", "Q79242428", "Q50604441", "Q27349804", "Q27925722", "Q34312361", "Q28009496", "Q32097899", "Q28207108", "Q27487130", "Q34312151", "Q27923693", "Q99184084", "Q28049770", "Q81526237"], "environments": {"four": {"co-oc": 0.3333333333333333, "tf-idf": 0.33333333333333337, "combined": 0.33333333333333337}, "three": {"co-oc": 0.3333333333333333, "tf-idf": 0.33333333333333337, "combined": 0.33333333333333337}, "two": {"co-oc": 0.3333333333333333, "tf-idf": 0.33333333333333337, "combined": 0.33333333333333337}, "one": {"co-oc": 0.0, "tf-idf": 0.0, "combined": 0.0}}}