{"name": "39002085910926", "type": "rank", "number_files": 104, "number_unknown": 3, "formats": ["Q6026738", "Q27578057", "Q3807693", "Q66811836", "Q58103465", "Q58725633", "Q1353763", "Q28600763", "Q1076355", "Q4045294", "Q58237034", "Q58006953", "Q28755628", "Q95994246", "Q723030", "Q28206894", "Q27895063", "Q684554", "Q16996920", "Q29904539", "Q5924007", "Q28206109", "Q27979156", "Q26549229", "Q1662484", "Q99184084"], "environments": {"one": {"co-oc": 0.9996065383664133, "tf-idf": 0.5, "combined": 0.7498032691832066}, "three": {"co-oc": 0.00019673081679334137, "tf-idf": 0.25, "combined": 0.12509836540839667}, "two": {"co-oc": 0.00019673081679334137, "tf-idf": 0.25, "combined": 0.12509836540839667}, "four": {"co-oc": 0.0, "tf-idf": 0.0, "combined": 0.0}}}