{"name": "39002073629041", "type": "rank", "number_files": 330, "number_unknown": 0, "formats": ["Q29944783", "Q27231634", "Q29944779", "Q27866063", "Q27866059", "Q29944777", "Q29944773", "Q29944782", "Q28205439", "Q29944987", "Q27979513", "Q29944780", "Q29944786", "Q28205367", "Q1076355", "Q34312565", "Q4045294", "Q34312718", "Q27231651", "Q49989019", "Q29944785", "Q27866062", "Q29944758", "Q28205771", "Q28207384", "Q81413909", "Q27231654", "Q1502796", "Q27925722", "Q7670377", "Q28207379", "Q34312361", "Q28206109", "Q28205372", "Q66134804", "Q29944776", "Q34312151", "Q27923693", "Q99184084"], "environments": {"one": {"co-oc": 0.5084777207926439, "tf-idf": 0.52, "combined": 0.5142388603963219}, "two": {"co-oc": 0.4915222792073561, "tf-idf": 0.48, "combined": 0.48576113960367806}, "four": {"co-oc": 0.0, "tf-idf": 0.0, "combined": 0.0}, "three": {"co-oc": 0.0, "tf-idf": 0.0, "combined": 0.0}}}