{"name": "39002102933190", "type": "rank", "number_files": 53, "number_unknown": 1, "formats": ["Q29011569", "Q29011538", "Q29017314", "Q29011315", "Q29017304", "Q29011514", "Q66811836", "Q29011579", "Q29011271", "Q29012190", "Q29011710", "Q29011549", "Q28344736", "Q28600763", "Q29017312", "Q1076355", "Q336284", "Q29011484", "Q29012206", "Q29011365", "Q29012224", "Q29011347", "Q4045294", "Q29012350", "Q29017311", "Q29011646", "Q27979388", "Q29011892", "Q29011774", "Q684554", "Q29012285", "Q2858737", "Q16996920", "Q29017306", "Q42591", "Q29011363", "Q29011357", "Q29017309", "Q2193155", "Q5924007", "Q29012120", "Q29011358", "Q29011824", "Q1662484", "Q29012054", "Q29011223", "Q29011566", "Q29011361", "Q29011079", "Q29011977"], "environments": {"one": {"co-oc": 0.3613459437026786, "tf-idf": 0.2857142857142857, "combined": 0.32353011470848214}, "two": {"co-oc": 0.3613459437026786, "tf-idf": 0.2857142857142857, "combined": 0.32353011470848214}, "four": {"co-oc": 0.276957049363839, "tf-idf": 0.2857142857142857, "combined": 0.28133566753906236}, "three": {"co-oc": 0.0003510632308039852, "tf-idf": 0.14285714285714285, "combined": 0.07160410304397341}}}