{"name": "39002082606170", "type": "rank", "number_files": 245, "number_unknown": 0, "formats": ["Q1144005", "Q27596243", "Q729366", "Q27826464", "Q3807693", "Q66811836", "Q28205580", "Q27826469", "Q34746472", "Q217570", "Q28018470", "Q28206771", "Q28600763", "Q1076355", "Q47538977", "Q336284", "Q4045294", "Q28445577", "Q58006953", "Q27826468", "Q27826466", "Q95994246", "Q723030", "Q28018471", "Q684554", "Q16996920", "Q28206109", "Q27979156", "Q26549229", "Q1662484", "Q65533032", "Q1676669", "Q28205626", "Q99184084", "Q1141412"], "environments": {"one": {"co-oc": 0.8320345802362278, "tf-idf": 0.45454545454545453, "combined": 0.6432900173908411}, "three": {"co-oc": 0.10325514523136738, "tf-idf": 0.2727272727272727, "combined": 0.18799120897932003}, "two": {"co-oc": 0.06469692691772938, "tf-idf": 0.1818181818181818, "combined": 0.12325755436795559}, "four": {"co-oc": 1.3347614675481258e-05, "tf-idf": 0.0909090909090909, "combined": 0.04546121926188319}}}