{"name": "39002059446147", "type": "rank", "number_files": 169, "number_unknown": 3, "formats": ["Q28055391", "Q27596243", "Q34747804", "Q66439259", "Q729366", "Q48106551", "Q3807693", "Q28205580", "Q28758112", "Q1601331", "Q194831", "Q29650304", "Q28206771", "Q47233167", "Q81526528", "Q1076355", "Q4045294", "Q81526664", "Q58006953", "Q6912474", "Q32097740", "Q28755606", "Q95994246", "Q857512", "Q1882400", "Q723030", "Q27979410", "Q27967388", "Q1343830", "Q28009496", "Q32097899", "Q27979156", "Q34305425", "Q28207108", "Q28758102", "Q1676669", "Q28205626", "Q99184084", "Q28049770", "Q1141412", "Q81526237"], "environments": {"three": {"co-oc": 0.5270786671922615, "tf-idf": 0.33333333333333326, "combined": 0.4302060002627974}, "two": {"co-oc": 0.26987585330945535, "tf-idf": 0.2222222222222222, "combined": 0.24604903776583878}, "one": {"co-oc": 0.12661761063330468, "tf-idf": 0.2222222222222222, "combined": 0.17441991642776344}, "four": {"co-oc": 0.07642786886497857, "tf-idf": 0.2222222222222222, "combined": 0.14932504554360038}}}