{"name": "39002067186891", "type": "rank", "number_files": 10112, "number_unknown": 3000, "formats": ["Q28344021", "Q61971919", "Q6026738", "Q1141412", "Q51954521", "Q27578057", "Q3807693", "Q29167914", "Q51954585", "Q856364", "Q61971917", "Q60628005", "Q60628025", "Q58725633", "Q2119595", "Q1076355", "Q44933672", "Q4045294", "Q58237034", "Q2276274", "Q71837258", "Q58006953", "Q61974843", "Q95994246", "Q27959886", "Q28009488", "Q723030", "Q28206894", "Q52834849", "Q29905095", "Q5010021", "Q6457314", "Q7311459", "Q85513175", "Q27979156", "Q26549229", "Q28771288", "Q27487130", "Q47538013"], "environments": {"one": {"co-oc": 0.3333333333333333, "tf-idf": 0.3333333333333333, "combined": 0.3333333333333333}, "three": {"co-oc": 0.3333333333333333, "tf-idf": 0.3333333333333333, "combined": 0.3333333333333333}, "two": {"co-oc": 0.3333333333333333, "tf-idf": 0.3333333333333333, "combined": 0.3333333333333333}, "four": {"co-oc": 0.0, "tf-idf": 0.0, "combined": 0.0}}}