{"name": "39002054682480", "type": "rank", "number_files": 1154, "number_unknown": 438, "formats": ["Q6026738", "Q1144005", "Q34747804", "Q66439259", "Q27596243", "Q729366", "Q27578057", "Q3807693", "Q66811836", "Q28205580", "Q28771319", "Q28758112", "Q29000498", "Q66662412", "Q1601331", "Q194831", "Q58725633", "Q29650304", "Q28206771", "Q28600763", "Q1076355", "Q47233167", "Q81526528", "Q4045294", "Q58237034", "Q81526664", "Q58006953", "Q6912474", "Q32097740", "Q28755606", "Q95994246", "Q723030", "Q28206894", "Q27967388", "Q684554", "Q16996920", "Q27526733", "Q27925722", "Q6043826", "Q34312361", "Q28009496", "Q32097899", "Q28206109", "Q27979156", "Q26549229", "Q34305425", "Q28207108", "Q1662484", "Q34312151", "Q27923693", "Q28205626", "Q99184084", "Q28049770", "Q1141412", "Q81526237"], "environments": {"two": {"co-oc": 0.553640873155824, "tf-idf": 0.28571428571428575, "combined": 0.4196775794350549}, "three": {"co-oc": 0.4459779010860549, "tf-idf": 0.42857142857142866, "combined": 0.4372746648287418}, "four": {"co-oc": 0.00019061287906057284, "tf-idf": 0.14285714285714288, "combined": 0.07152387786810173}, "one": {"co-oc": 0.00019061287906057284, "tf-idf": 0.14285714285714288, "combined": 0.07152387786810173}}}