{"name": "39002116263907", "type": "rank", "number_files": 569, "number_unknown": 39, "formats": ["Q729366", "Q27596243", "Q55758993", "Q29650793", "Q27826464", "Q55758988", "Q3807693", "Q66811836", "Q28205580", "Q27826469", "Q50809753", "Q28975873", "Q34746472", "Q59468295", "Q87816075", "Q28207256", "Q28206771", "Q28600763", "Q1076355", "Q50809751", "Q28207363", "Q4045294", "Q28206147", "Q28445577", "Q28206538", "Q28600401", "Q3406936", "Q58006953", "Q27826468", "Q27826466", "Q95994246", "Q723030", "Q921122", "Q47516360", "Q58799889", "Q27979388", "Q684554", "Q28532082", "Q47516383", "Q28206843", "Q16996920", "Q27526733", "Q47512572", "Q1068805", "Q5924007", "Q27967085", "Q28206109", "Q27979156", "Q50809785", "Q26549229", "Q1662484", "Q28206138", "Q59468329", "Q1676669", "Q28205626", "Q99184084", "Q79241659", "Q1141412", "Q178051"], "environments": {"three": {"co-oc": 0.36439888082456123, "tf-idf": 0.3, "combined": 0.3321994404122806}, "one": {"co-oc": 0.3306259842438171, "tf-idf": 0.3, "combined": 0.31531299212190855}, "four": {"co-oc": 0.3049467281464995, "tf-idf": 0.3, "combined": 0.30247336407324976}, "two": {"co-oc": 2.840678512207878e-05, "tf-idf": 0.1, "combined": 0.05001420339256104}}}