{"name": "39002072328603", "type": "rank", "number_files": 113, "number_unknown": 0, "formats": ["Q1144005", "Q66439259", "Q34747804", "Q1141412", "Q3807693", "Q66811836", "Q28758112", "Q48021763", "Q1601331", "Q194831", "Q29650304", "Q58103465", "Q47233167", "Q1076355", "Q81526528", "Q28600763", "Q4045294", "Q81526664", "Q58006953", "Q28755628", "Q48004607", "Q32097740", "Q28755606", "Q6912474", "Q95994246", "Q28858032", "Q723030", "Q48021588", "Q684554", "Q16996920", "Q29904539", "Q28009496", "Q479833", "Q32097899", "Q27979156", "Q26549229", "Q48005022", "Q66134804", "Q28207108", "Q29644119", "Q1662484", "Q28049770", "Q10852293", "Q95994804", "Q48004869", "Q81526237"], "environments": {"one": {"co-oc": 0.9760401780807928, "tf-idf": 0.6, "combined": 0.7880200890403963}, "two": {"co-oc": 0.023948883569919564, "tf-idf": 0.19999999999999998, "combined": 0.11197444178495977}, "four": {"co-oc": 5.4691746438689445e-06, "tf-idf": 0.09999999999999999, "combined": 0.05000273458732193}, "three": {"co-oc": 5.4691746438689445e-06, "tf-idf": 0.09999999999999999, "combined": 0.05000273458732193}}}