{"name": "39002012181799", "type": "rank", "number_files": 38, "number_unknown": 5, "formats": ["Q729366", "Q66439259", "Q34747804", "Q28055391", "Q27596243", "Q48106551", "Q28344713", "Q3807693", "Q29209269", "Q66811836", "Q28205580", "Q28771319", "Q28758112", "Q29000498", "Q1601331", "Q194831", "Q29650304", "Q28206771", "Q28600763", "Q1076355", "Q47233167", "Q81526528", "Q4045294", "Q81526664", "Q58006953", "Q6912474", "Q32097740", "Q28755606", "Q95994246", "Q1882400", "Q723030", "Q27979410", "Q27967388", "Q684554", "Q1343830", "Q16996920", "Q6043826", "Q28009496", "Q32097899", "Q27979156", "Q28207108", "Q1662484", "Q28758102", "Q28758103", "Q28205626", "Q28049770", "Q29650301", "Q19599377", "Q1141412", "Q81526237"], "environments": {"two": {"co-oc": 0.6153122195570367, "tf-idf": 0.3333333333333333, "combined": 0.47432277644518506}, "three": {"co-oc": 0.3843624115943336, "tf-idf": 0.3333333333333333, "combined": 0.35884787246383343}, "four": {"co-oc": 0.0001626844243148385, "tf-idf": 0.16666666666666666, "combined": 0.08341467554549074}, "one": {"co-oc": 0.0001626844243148385, "tf-idf": 0.16666666666666666, "combined": 0.08341467554549074}}}