{"name": "39002067756487", "type": "rank", "number_files": 130, "number_unknown": 0, "formats": ["Q729366", "Q935809", "Q3807693", "Q66811836", "Q28205580", "Q28206771", "Q28600763", "Q1076355", "Q4045294", "Q58006953", "Q95994246", "Q723030", "Q684554", "Q16996920", "Q5924007", "Q28206109", "Q27979156", "Q26549229", "Q66134804", "Q1662484", "Q28205626", "Q99184084"], "environments": {"one": {"co-oc": 0.7189965621817752, "tf-idf": 0.37499999999999994, "combined": 0.5469982810908876}, "two": {"co-oc": 0.14708089241637715, "tf-idf": 0.24999999999999994, "combined": 0.19854044620818856}, "three": {"co-oc": 0.13381800054823043, "tf-idf": 0.24999999999999994, "combined": 0.19190900027411517}, "four": {"co-oc": 0.00010454485361720542, "tf-idf": 0.12499999999999997, "combined": 0.0625522724268086}}}