{"name": "39002076670612", "type": "rank", "number_files": 10, "number_unknown": 1, "formats": ["Q723030", "Q27596243", "Q27979156", "Q28018471", "Q28018470", "Q1662484", "Q28600763", "Q1076355", "Q684554", "Q4045294", "Q336284", "Q3807693", "Q16996920", "Q66811836", "Q58006953", "Q95994246", "Q217570"], "environments": {"one": {"co-oc": 0.9135694177395403, "tf-idf": 0.5714285714285715, "combined": 0.7424989945840559}, "two": {"co-oc": 0.08641489568103349, "tf-idf": 0.28571428571428575, "combined": 0.18606459069765963}, "three": {"co-oc": 1.5686579426214784e-05, "tf-idf": 0.14285714285714288, "combined": 0.07143641471828455}, "four": {"co-oc": 0.0, "tf-idf": 0.0, "combined": 0.0}}}