{"name": "39002105005657", "type": "rank", "number_files": 309, "number_unknown": 1, "formats": ["Q26385770", "Q28206359", "Q28206497", "Q13454995", "Q26329648", "Q1676669", "Q28206262", "Q27967532", "Q1884715", "Q1952321", "Q17092932"], "environments": {"three": {"co-oc": 0.5095645739514976, "tf-idf": 0.4285714285714285, "combined": 0.46906800126146303}, "two": {"co-oc": 0.4904263161627634, "tf-idf": 0.28571428571428564, "combined": 0.3880703009385245}, "four": {"co-oc": 4.5549428695597064e-06, "tf-idf": 0.14285714285714282, "combined": 0.07143084890000619}, "one": {"co-oc": 4.5549428695597064e-06, "tf-idf": 0.14285714285714282, "combined": 0.07143084890000619}}}