{"name": "39002086281673", "type": "rank", "number_files": 463, "number_unknown": 0, "formats": ["Q921122", "Q723030", "Q27979156", "Q28206109", "Q1076355", "Q27826464", "Q4045294", "Q1676669", "Q3807693", "Q27826469", "Q28600412", "Q99184084", "Q58006953", "Q34746472", "Q27826468", "Q5924007", "Q27826466", "Q95994246"], "environments": {"one": {"co-oc": 0.99888573341792, "tf-idf": 0.4, "combined": 0.69944286670896}, "four": {"co-oc": 0.0003714221940267098, "tf-idf": 0.2, "combined": 0.10018571109701337}, "three": {"co-oc": 0.0003714221940267098, "tf-idf": 0.2, "combined": 0.10018571109701337}, "two": {"co-oc": 0.0003714221940267098, "tf-idf": 0.2, "combined": 0.10018571109701337}}}