{"name": "39002101919976", "type": "rank", "number_files": 223, "number_unknown": 5, "formats": ["Q27596243", "Q27231634", "Q27866063", "Q27866059", "Q17092932", "Q28205439", "Q28206359", "Q28018470", "Q336284", "Q1952321", "Q27231651", "Q26385770", "Q28018471", "Q27866062", "Q28205771", "Q28207384", "Q27231654", "Q1502796", "Q28206262", "Q7670377", "Q28207379", "Q28205372", "Q66134804", "Q28206497", "Q26329648", "Q1676669", "Q178051"], "environments": {"one": {"co-oc": 0.8722475213487738, "tf-idf": 0.5555555555555556, "combined": 0.7139015384521648}, "four": {"co-oc": 0.063876239325613, "tf-idf": 0.22222222222222224, "combined": 0.14304923077391762}, "three": {"co-oc": 0.063876239325613, "tf-idf": 0.22222222222222224, "combined": 0.14304923077391762}, "two": {"co-oc": 0.0, "tf-idf": 0.0, "combined": 0.0}}}