{"name": "39002041972580", "type": "rank", "number_files": 780, "number_unknown": 260, "formats": ["Q1144005", "Q50223812", "Q27866059", "Q58335687", "Q3807693", "Q61641368", "Q61639409", "Q27979378", "Q194831", "Q47233167", "Q28206147", "Q28755606", "Q95994246", "Q28858032", "Q28207384", "Q60000066", "Q48782238", "Q1502796", "Q6043826", "Q686498", "Q28009496", "Q32097899", "Q26549229", "Q66134804", "Q28858039", "Q28858037", "Q19599377", "Q28347555", "Q81526237", "Q34747804", "Q28344713", "Q27866063", "Q28858041", "Q28771319", "Q28600763", "Q81526528", "Q28858038", "Q28205503", "Q28858042", "Q47538977", "Q336284", "Q81526664", "Q58006953", "Q6912474", "Q32097740", "Q27231651", "Q29904540", "Q51801746", "Q27979410", "Q27866062", "Q1343830", "Q16996920", "Q27231654", "Q28770290", "Q48782202", "Q5448342", "Q28858035", "Q63061396", "Q28205372", "Q5421818", "Q28207108", "Q1662484", "Q28758102", "Q1141412", "Q28858044", "Q66439259", "Q28055391", "Q27967213", "Q48106551", "Q27231634", "Q27967216", "Q63061514", "Q28205580", "Q28758112", "Q28205439", "Q1601331", "Q29650304", "Q1076355", "Q85621726", "Q723030", "Q53756551", "Q28205771", "Q27967388", "Q28206349", "Q27967091", "Q47512572", "Q85621806", "Q62664770", "Q65533032", "Q66439286", "Q48915661", "Q28205626", "Q28049770", "Q5153426", "Q62664735", "Q729366", "Q27596243", "Q48782394", "Q66811836", "Q29000498", "Q53756539", "Q28018470", "Q28206771", "Q4045294", "Q48782098", "Q28755621", "Q1882400", "Q28018471", "Q684554", "Q28206412", "Q942350", "Q7670377", "Q28207379", "Q27979156", "Q28206138", "Q60628185"], "environments": {"one": {"co-oc": 0.5763276902506146, "tf-idf": 0.4285714285714286, "combined": 0.5024495594110217}, "two": {"co-oc": 0.4161556024302026, "tf-idf": 0.380952380952381, "combined": 0.3985539916912918}, "three": {"co-oc": 0.007512837326897298, "tf-idf": 0.14285714285714282, "combined": 0.07518499009202007}, "four": {"co-oc": 3.8699922854413635e-06, "tf-idf": 0.047619047619047616, "combined": 0.023811458805666527}}}