{"name": "39002087350915", "type": "rank", "number_files": 698, "number_unknown": 41, "formats": ["Q935809", "Q50223812", "Q28786544", "Q3807693", "Q8811", "Q47493628", "Q34284525", "Q66310989", "Q4045294", "Q1888930", "Q58006953", "Q62626012", "Q95994246", "Q29904540", "Q723030", "Q47493619", "Q47493614", "Q27526733", "Q5448342", "Q61752184", "Q2193155", "Q479833", "Q47493509", "Q28206109", "Q27979156", "Q5421818", "Q47493633", "Q1676669", "Q2053", "Q99184084", "Q166074", "Q28344823", "Q5153426"], "environments": {"one": {"co-oc": 0.6981627075526777, "tf-idf": 0.36363636363636365, "combined": 0.5308995355945207}, "two": {"co-oc": 0.19213632705535133, "tf-idf": 0.2727272727272727, "combined": 0.23243179989131202}, "four": {"co-oc": 0.05485048269598549, "tf-idf": 0.18181818181818182, "combined": 0.11833433225708366}, "three": {"co-oc": 0.05485048269598549, "tf-idf": 0.18181818181818182, "combined": 0.11833433225708366}}}