{"name": "39002092717678", "type": "rank", "number_files": 88, "number_unknown": 0, "formats": ["Q26211840", "Q50604600", "Q28600764", "Q3807693", "Q26211915", "Q26211965", "Q26211931", "Q58006953", "Q26211905", "Q95994246", "Q28858032", "Q26211958", "Q723030", "Q26211936", "Q29000609", "Q47245245", "Q26211977", "Q26211954", "Q47245444", "Q24834502", "Q26211978", "Q942350", "Q26211874", "Q42591", "Q26211940", "Q26211975", "Q26211891", "Q81413027", "Q5532250", "Q27979156", "Q26549229", "Q26211957", "Q26211948", "Q99184084", "Q26211983", "Q10394822", "Q26211927"], "environments": {"three": {"co-oc": 0.7226209639476525, "tf-idf": 0.4285714285714286, "combined": 0.5755961962595406}, "two": {"co-oc": 0.27697610261702316, "tf-idf": 0.2857142857142857, "combined": 0.2813451941656544}, "four": {"co-oc": 0.00020146671766217868, "tf-idf": 0.14285714285714285, "combined": 0.07152930478740252}, "one": {"co-oc": 0.00020146671766217868, "tf-idf": 0.14285714285714285, "combined": 0.07152930478740252}}}