{"name": "39002079381233", "type": "rank", "number_files": 16, "number_unknown": 0, "formats": ["Q29944783", "Q29944987", "Q29944780", "Q29944786", "Q29944785", "Q29944758", "Q29944779", "Q29944776", "Q66134804", "Q24834502", "Q29944777", "Q29944773", "Q29944782"], "environments": {"one": {"co-oc": 0.5185100582260656, "tf-idf": 0.5, "combined": 0.5092550291130328}, "two": {"co-oc": 0.48148949202539276, "tf-idf": 0.4583333333333333, "combined": 0.46991141267936304}, "three": {"co-oc": 4.4974854170768085e-07, "tf-idf": 0.04166666666666668, "combined": 0.020833558207604193}, "four": {"co-oc": 0.0, "tf-idf": 0.0, "combined": 0.0}}}