{"name": "39002082349268", "type": "rank", "number_files": 457, "number_unknown": 65, "formats": ["Q729366", "Q27596243", "Q66811836", "Q28205580", "Q61777776", "Q217570", "Q28206771", "Q28600763", "Q1076355", "Q4045294", "Q336284", "Q59961105", "Q684554", "Q16996920", "Q42591", "Q34746769", "Q939636", "Q1662484", "Q28205626", "Q1141412"], "environments": {"one": {"co-oc": 0.33809106809216555, "tf-idf": 0.3, "combined": 0.31904553404608277}, "two": {"co-oc": 0.33809106809216555, "tf-idf": 0.3, "combined": 0.31904553404608277}, "three": {"co-oc": 0.32380094095456663, "tf-idf": 0.3, "combined": 0.3119004704772833}, "four": {"co-oc": 1.6922861102439165e-05, "tf-idf": 0.09999999999999999, "combined": 0.05000846143055122}}}