{"name": "39002076616011", "type": "rank", "number_files": 186, "number_unknown": 4, "formats": ["Q28055391", "Q29011569", "Q29011538", "Q29017314", "Q29011315", "Q29944783", "Q50223812", "Q29017304", "Q29944779", "Q29011514", "Q29944777", "Q3807693", "Q29944773", "Q29944782", "Q29011579", "Q29011271", "Q29012190", "Q29011710", "Q29011549", "Q217570", "Q29944987", "Q29944780", "Q29944786", "Q1076355", "Q29017312", "Q4045294", "Q29011484", "Q29012206", "Q29011365", "Q29012224", "Q29011977", "Q29011347", "Q58006953", "Q29012350", "Q29904540", "Q28858032", "Q1882400", "Q95994246", "Q723030", "Q27979410", "Q29017311", "Q29011646", "Q29944785", "Q29011892", "Q29944758", "Q29011774", "Q29012285", "Q1343830", "Q29017306", "Q29011363", "Q29011357", "Q29017309", "Q5448342", "Q29012120", "Q29011358", "Q29011824", "Q28206109", "Q27979156", "Q5421818", "Q66134804", "Q29012054", "Q29944776", "Q29011223", "Q29011566", "Q1676669", "Q29011361", "Q10287816", "Q29011079", "Q99184084", "Q79241659", "Q307271", "Q5153426"], "environments": {"one": {"co-oc": 0.5233837051911582, "tf-idf": 0.4838709677419355, "combined": 0.5036273364665469}, "two": {"co-oc": 0.4758498907336135, "tf-idf": 0.4193548387096774, "combined": 0.44760236472164544}, "three": {"co-oc": 0.0007658613556027256, "tf-idf": 0.06451612903225806, "combined": 0.03264099519393039}, "four": {"co-oc": 5.427196257350316e-07, "tf-idf": 0.03225806451612903, "combined": 0.016129303617877382}}}