{"name": "39002056163208", "type": "rank", "number_files": 1050, "number_unknown": 62, "formats": ["Q28344021", "Q26211840", "Q55758993", "Q29650793", "Q55758988", "Q3807693", "Q28206708", "Q87816075", "Q26211915", "Q28771319", "Q856364", "Q50809753", "Q27824041", "Q29000498", "Q20965861", "Q28207256", "Q26211965", "Q1076355", "Q2119595", "Q50809751", "Q28207363", "Q4045294", "Q3406936", "Q26211931", "Q27824032", "Q27824050", "Q28205883", "Q26211905", "Q28206325", "Q58006953", "Q95994246", "Q26211954", "Q26211958", "Q26211977", "Q26211936", "Q723030", "Q58799889", "Q27824015", "Q7311459", "Q1343830", "Q26211874", "Q28206843", "Q26211978", "Q26211940", "Q26211975", "Q6043826", "Q26211891", "Q5532250", "Q218170", "Q27824053", "Q29000647", "Q27979156", "Q50809785", "Q26549229", "Q66134804", "Q27824019", "Q26211957", "Q10287816", "Q26211948", "Q99184084", "Q26211983", "Q10394822", "Q26211927", "Q27824056", "Q28206700"], "environments": {"three": {"co-oc": 0.8210741952461068, "tf-idf": 0.5, "combined": 0.6605370976230533}, "one": {"co-oc": 0.17889803194066353, "tf-idf": 0.3333333333333333, "combined": 0.2561156826369984}, "two": {"co-oc": 2.777281322965171e-05, "tf-idf": 0.16666666666666666, "combined": 0.08334721973994816}, "four": {"co-oc": 0.0, "tf-idf": 0.0, "combined": 0.0}}}