{"name": "39002012311982", "type": "rank", "number_files": 471, "number_unknown": 8, "formats": ["Q6026738", "Q751800", "Q27578057", "Q100135637", "Q3807693", "Q3359832", "Q28206359", "Q58725633", "Q95994246", "Q66759482", "Q59851506", "Q99976195", "Q27487531", "Q1601835", "Q25339304", "Q5924007", "Q28206109", "Q26549229", "Q66134804", "Q29944776", "Q73675958", "Q29944575", "Q87066066", "Q641213", "Q29000578", "Q27967351", "Q28600763", "Q85415853", "Q58006953", "Q100136218", "Q58335773", "Q29944206", "Q29435", "Q3509055", "Q87066063", "Q16996920", "Q59851322", "Q4049344", "Q287315", "Q1662484", "Q28600760", "Q79241659", "Q178051", "Q1228757", "Q34306669", "Q27996279", "Q71178742", "Q3551300", "Q49243488", "Q99973597", "Q29944777", "Q29944773", "Q260180", "Q29944782", "Q452197", "Q29944987", "Q29944786", "Q1076355", "Q796483", "Q723030", "Q28206894", "Q29650308", "Q653301", "Q72273742", "Q2313301", "Q4042481", "Q49243748", "Q166074", "Q28771320", "Q307271", "Q29944783", "Q29944779", "Q50378320", "Q28600421", "Q66811836", "Q10397009", "Q99973606", "Q45432", "Q29944780", "Q4045294", "Q28445577", "Q27910000", "Q28728783", "Q29944785", "Q29944758", "Q684554", "Q27979156", "Q100136960", "Q2819247", "Q959950", "Q99184084", "Q100136955"], "environments": {"one": {"co-oc": 0.5066705486624901, "tf-idf": 0.4444444444444445, "combined": 0.47555749655346724}, "two": {"co-oc": 0.48122199025909984, "tf-idf": 0.36111111111111116, "combined": 0.4211665506851055}, "four": {"co-oc": 0.011605522259344157, "tf-idf": 0.1111111111111111, "combined": 0.061358316685227635}, "three": {"co-oc": 0.0005019388190659834, "tf-idf": 0.08333333333333333, "combined": 0.04191763607619966}}}