{"name": "39002053924255", "type": "rank", "number_files": 821, "number_unknown": 24, "formats": ["Q1144005", "Q27596243", "Q729366", "Q58526504", "Q751800", "Q50223812", "Q3807693", "Q27967092", "Q66811836", "Q28205580", "Q194831", "Q58103465", "Q28206771", "Q28600763", "Q1076355", "Q4045294", "Q61976139", "Q27967088", "Q27967420", "Q28600412", "Q58006953", "Q28755628", "Q95994246", "Q28858032", "Q29904540", "Q723030", "Q76142694", "Q66439261", "Q27979278", "Q61976072", "Q24834502", "Q684554", "Q59653966", "Q16996920", "Q27925722", "Q29904539", "Q34312361", "Q5448342", "Q939636", "Q27959858", "Q27966966", "Q28206109", "Q27979156", "Q71264683", "Q29644119", "Q28206381", "Q66134804", "Q1662484", "Q5421818", "Q34312151", "Q27923693", "Q1676669", "Q28205626", "Q28205588", "Q95994804", "Q1141412", "Q5153426"], "environments": {"one": {"co-oc": 0.7821998872835892, "tf-idf": 0.37500000000000006, "combined": 0.5785999436417947}, "three": {"co-oc": 0.21770656188442838, "tf-idf": 0.37500000000000006, "combined": 0.29635328094221425}, "four": {"co-oc": 4.677541599107188e-05, "tf-idf": 0.125, "combined": 0.06252338770799554}, "two": {"co-oc": 4.677541599107188e-05, "tf-idf": 0.125, "combined": 0.06252338770799554}}}