{"name": "39002012313863", "type": "rank", "number_files": 86, "number_unknown": 0, "formats": ["Q777561", "Q28786544", "Q8811", "Q3807693", "Q29946898", "Q29946692", "Q61718355", "Q26547266", "Q47455466", "Q26541013", "Q26085330", "Q1888930", "Q29946845", "Q47498555", "Q26546575", "Q26085322", "Q95994246", "Q47498565", "Q26549229", "Q29944776", "Q47498745", "Q51334664", "Q2053", "Q66244789", "Q47498538", "Q2043942", "Q47498749", "Q29946866", "Q623334", "Q58006953", "Q29946713", "Q62626012", "Q27979410", "Q1343830", "Q29946914", "Q28758002", "Q26085319", "Q29946121", "Q47498736", "Q26085333", "Q1228757", "Q28055391", "Q47455565", "Q29946883", "Q29944777", "Q51717333", "Q26085336", "Q29944773", "Q29946829", "Q26547917", "Q29944782", "Q28777715", "Q29946726", "Q29944987", "Q29944786", "Q4042979", "Q1076355", "Q26543628", "Q26085339", "Q29946810", "Q5533911", "Q723030", "Q26085317", "Q26545877", "Q29946134", "Q42332", "Q29946141", "Q166074", "Q307271", "Q29944783", "Q29944779", "Q26548590", "Q29944780", "Q47498552", "Q4045294", "Q47498547", "Q1882400", "Q29944785", "Q24834502", "Q29944758", "Q29946771", "Q29946937", "Q1882110", "Q27979156", "Q55429627", "Q99184084", "Q26085326"], "environments": {"two": {"co-oc": 0.46402718357435824, "tf-idf": 0.41379310344827586, "combined": 0.4389101435113171}, "one": {"co-oc": 0.45849636456722026, "tf-idf": 0.39655172413793105, "combined": 0.4275240443525756}, "four": {"co-oc": 0.07708784676129005, "tf-idf": 0.1551724137931035, "combined": 0.11613013027719678}, "three": {"co-oc": 0.00038860509713140376, "tf-idf": 0.03448275862068966, "combined": 0.01743568185891053}}}