{"name": "39002088729281", "type": "rank", "number_files": 167, "number_unknown": 0, "formats": ["Q28206109", "Q26549229", "Q1662484", "Q28600763", "Q1076355", "Q684554", "Q817650", "Q4045294", "Q27526733", "Q1676669", "Q16996920", "Q66811836", "Q99184084"], "environments": {"one": {"co-oc": 0.9990573596639054, "tf-idf": 0.4, "combined": 0.6995286798319527}, "four": {"co-oc": 0.0003142134453648872, "tf-idf": 0.2, "combined": 0.10015710672268245}, "three": {"co-oc": 0.0003142134453648872, "tf-idf": 0.2, "combined": 0.10015710672268245}, "two": {"co-oc": 0.0003142134453648872, "tf-idf": 0.2, "combined": 0.10015710672268245}}}