{"name": "39002090413775", "type": "rank", "number_files": 1298, "number_unknown": 1125, "formats": ["Q61971919", "Q28049670", "Q29000621", "Q61641368", "Q61971917", "Q61639409", "Q47233167", "Q28755606", "Q28858032", "Q23014810", "Q28600256", "Q52834849", "Q27473250", "Q60000066", "Q48782238", "Q28205760", "Q686498", "Q28009496", "Q27967116", "Q43870269", "Q32097899", "Q28858039", "Q28858037", "Q81526237", "Q34747804", "Q28858041", "Q63036182", "Q81526528", "Q28858038", "Q28858042", "Q81526664", "Q6912474", "Q32097740", "Q51801746", "Q27979410", "Q1343830", "Q48782202", "Q28858035", "Q28756196", "Q479833", "Q63061396", "Q28207108", "Q62619688", "Q28858044", "Q66439259", "Q28055391", "Q29904449", "Q63061514", "Q51954585", "Q28758112", "Q1601331", "Q60628025", "Q29650304", "Q27349828", "Q1076355", "Q43869672", "Q44933672", "Q43866871", "Q85621726", "Q723030", "Q85621806", "Q62664770", "Q27487130", "Q66439286", "Q48915661", "Q28049770", "Q62664735", "Q48782394", "Q29650330", "Q51954521", "Q28207102", "Q60628005", "Q27996219", "Q535473", "Q48782098", "Q72724699", "Q1882400", "Q43870624", "Q27979156", "Q60628185"], "environments": {"two": {"co-oc": 0.5107794533210417, "tf-idf": 0.375, "combined": 0.44288972666052084}, "one": {"co-oc": 0.4827091452186961, "tf-idf": 0.375, "combined": 0.42885457260934806}, "four": {"co-oc": 0.0032557007301310973, "tf-idf": 0.125, "combined": 0.06412785036506555}, "three": {"co-oc": 0.0032557007301310973, "tf-idf": 0.125, "combined": 0.06412785036506555}}}