{"name": "39002077254234", "type": "rank", "number_files": 23, "number_unknown": 4, "formats": ["Q28055391", "Q3807693", "Q66811836", "Q194831", "Q28600763", "Q1076355", "Q4045294", "Q58006953", "Q95994246", "Q28858032", "Q723030", "Q1882400", "Q27979410", "Q59961105", "Q684554", "Q27473691", "Q1343830", "Q16996920", "Q27979156", "Q26549229", "Q1662484", "Q47455968", "Q28758102", "Q1676669", "Q28206310", "Q3928271", "Q1141412"], "environments": {"one": {"co-oc": 0.7644216447441767, "tf-idf": 0.4285714285714286, "combined": 0.5964965366578027}, "four": {"co-oc": 0.23545429197639703, "tf-idf": 0.2857142857142857, "combined": 0.26058428884534135}, "three": {"co-oc": 6.203163971310919e-05, "tf-idf": 0.14285714285714285, "combined": 0.07145958724842798}, "two": {"co-oc": 6.203163971310919e-05, "tf-idf": 0.14285714285714285, "combined": 0.07145958724842798}}}