{"name": "39002086280501", "type": "rank", "number_files": 1318, "number_unknown": 0, "formats": ["Q29011569", "Q29011538", "Q29017314", "Q29011315", "Q29017304", "Q29011514", "Q3807693", "Q66811836", "Q29011579", "Q29011271", "Q29012190", "Q29011710", "Q29011549", "Q28018470", "Q28205367", "Q28600763", "Q1076355", "Q29017312", "Q34312565", "Q4045294", "Q29011484", "Q29012206", "Q34312718", "Q29011365", "Q29012224", "Q29011347", "Q336284", "Q58006953", "Q29012350", "Q95994246", "Q723030", "Q49989019", "Q29017311", "Q29011646", "Q28018471", "Q29011892", "Q29011774", "Q684554", "Q29012285", "Q16996920", "Q29017306", "Q42591", "Q29011363", "Q29011357", "Q29017309", "Q29012120", "Q29011358", "Q29011824", "Q27979156", "Q1662484", "Q29012054", "Q29011223", "Q29011566", "Q29011361", "Q29011079", "Q99184084", "Q79241659", "Q29011977"], "environments": {"one": {"co-oc": 0.9838375558628626, "tf-idf": 0.5, "combined": 0.7419187779314314}, "two": {"co-oc": 0.016129256507543533, "tf-idf": 0.25, "combined": 0.13306462825377177}, "four": {"co-oc": 1.6593814796964073e-05, "tf-idf": 0.125, "combined": 0.06250829690739848}, "three": {"co-oc": 1.6593814796964073e-05, "tf-idf": 0.125, "combined": 0.06250829690739848}}}