{"name": "39002069342518", "type": "rank", "number_files": 364, "number_unknown": 0, "formats": ["Q821830", "Q26549229", "Q66134804", "Q1662484", "Q28600763", "Q1076355", "Q684554", "Q16996920", "Q4045294", "Q66811836"], "environments": {"one": {"co-oc": 0.8029616520986007, "tf-idf": 0.49999999999999994, "combined": 0.6514808260493004}, "two": {"co-oc": 0.1969534907817593, "tf-idf": 0.33333333333333326, "combined": 0.26514341205754627}, "four": {"co-oc": 8.485711964003433e-05, "tf-idf": 0.16666666666666663, "combined": 0.08337576189315334}, "three": {"co-oc": 0.0, "tf-idf": 0.0, "combined": 0.0}}}