{"name": "39002067754730", "type": "rank", "number_files": 7, "number_unknown": 1, "formats": ["Q1076355", "Q1141412", "Q66134804", "Q4045294"], "environments": {"one": {"co-oc": 0.9998915276393354, "tf-idf": 0.6666666666666666, "combined": 0.8332790971530011}, "two": {"co-oc": 0.00010847236066460558, "tf-idf": 0.3333333333333333, "combined": 0.16672090284699895}, "four": {"co-oc": 0.0, "tf-idf": 0.0, "combined": 0.0}, "three": {"co-oc": 0.0, "tf-idf": 0.0, "combined": 0.0}}}