{"name": "39002053673407", "type": "rank", "number_files": 1344, "number_unknown": 27, "formats": ["Q28055391", "Q29151645", "Q27596243", "Q26211840", "Q27826464", "Q28786544", "Q3807693", "Q8811", "Q26211915", "Q27826469", "Q27959828", "Q34746472", "Q15955723", "Q26211965", "Q28206332", "Q34284437", "Q17073241", "Q5301", "Q1888930", "Q26211931", "Q58006953", "Q28205883", "Q28206318", "Q27826468", "Q26211905", "Q62626012", "Q95994246", "Q28049691", "Q27826466", "Q1882400", "Q723030", "Q26211936", "Q27979410", "Q288405", "Q26211977", "Q26211958", "Q15938816", "Q921122", "Q34284450", "Q1343830", "Q26211874", "Q26211978", "Q27526733", "Q26211940", "Q26211975", "Q26211891", "Q5532250", "Q479833", "Q28206109", "Q27979156", "Q673906", "Q26211957", "Q1676669", "Q28975650", "Q10287816", "Q2053", "Q26211948", "Q26211954", "Q99184084", "Q26211983", "Q166074", "Q10394822", "Q26211927"], "environments": {"one": {"co-oc": 0.9990715701357578, "tf-idf": 0.4, "combined": 0.699535785067879}, "four": {"co-oc": 0.0003094766214141119, "tf-idf": 0.2, "combined": 0.10015473831070706}, "three": {"co-oc": 0.0003094766214141119, "tf-idf": 0.2, "combined": 0.10015473831070706}, "two": {"co-oc": 0.0003094766214141119, "tf-idf": 0.2, "combined": 0.10015473831070706}}}