{"name": "39002046019569", "type": "rank", "number_files": 575, "number_unknown": 225, "formats": ["Q29944783", "Q27596243", "Q1144005", "Q28055391", "Q29944779", "Q50223812", "Q29944777", "Q3807693", "Q29209269", "Q66811836", "Q29944773", "Q61777776", "Q29944782", "Q34746472", "Q29944987", "Q194831", "Q29944780", "Q29944786", "Q28600763", "Q1076355", "Q4045294", "Q58006953", "Q28205883", "Q95994246", "Q29904540", "Q723030", "Q1882400", "Q27979410", "Q29944785", "Q59961105", "Q29944758", "Q684554", "Q27473691", "Q1343830", "Q16996920", "Q10610388", "Q5448342", "Q947746", "Q27979156", "Q51331501", "Q5421818", "Q47455968", "Q1662484", "Q29944776", "Q28758102", "Q29650301", "Q28758103", "Q27967380", "Q28206310", "Q99184084", "Q3928271", "Q1141412", "Q5153426"], "environments": {"one": {"co-oc": 0.5062422144643222, "tf-idf": 0.4827586206896552, "combined": 0.4945004175769887}, "two": {"co-oc": 0.49375671213270206, "tf-idf": 0.4482758620689655, "combined": 0.47101628710083376}, "four": {"co-oc": 5.367014878320592e-07, "tf-idf": 0.03448275862068964, "combined": 0.017241647661088738}, "three": {"co-oc": 5.367014878320592e-07, "tf-idf": 0.03448275862068964, "combined": 0.017241647661088738}}}