{"name": "39002041995813", "type": "rank", "number_files": 1453, "number_unknown": 533, "formats": ["Q50223812", "Q28786544", "Q3807693", "Q8811", "Q27826340", "Q66310989", "Q28206147", "Q1888930", "Q95994246", "Q49243071", "Q62625561", "Q28600435", "Q28731055", "Q51035227", "Q26211874", "Q6043826", "Q930281", "Q28206109", "Q28206272", "Q27826389", "Q26549229", "Q47539012", "Q10287816", "Q28975650", "Q2053", "Q10394822", "Q29151645", "Q26211840", "Q27966984", "Q27826469", "Q28771319", "Q34746472", "Q51034969", "Q58006953", "Q28205883", "Q27967102", "Q62626012", "Q59714459", "Q29904540", "Q51837224", "Q27979410", "Q1047541", "Q1343830", "Q27967112", "Q27526733", "Q26211940", "Q28771302", "Q5448342", "Q28551401", "Q28756261", "Q5421818", "Q26211957", "Q26211948", "Q1676669", "Q51035340", "Q66134564", "Q26211927", "Q79241659", "Q28055391", "Q27826464", "Q26211915", "Q27967211", "Q17073241", "Q1076355", "Q28600453", "Q5301", "Q26211905", "Q27826466", "Q26211954", "Q723030", "Q26211936", "Q288405", "Q47012492", "Q26211975", "Q47512572", "Q5532250", "Q673906", "Q26211983", "Q166074", "Q5153426", "Q85621901", "Q29000498", "Q34284525", "Q26211965", "Q4045294", "Q28600454", "Q15860313", "Q26211931", "Q27826468", "Q48625328", "Q26211958", "Q26211977", "Q921122", "Q1882400", "Q15938816", "Q26211978", "Q26211891", "Q2193155", "Q218170", "Q27979156", "Q28206138", "Q99184084"], "environments": {"one": {"co-oc": 0.4816080828664696, "tf-idf": 0.3, "combined": 0.3908040414332348}, "three": {"co-oc": 0.4534262666919703, "tf-idf": 0.3999999999999999, "combined": 0.4267131333459851}, "two": {"co-oc": 0.0648997516777022, "tf-idf": 0.19999999999999996, "combined": 0.1324498758388511}, "four": {"co-oc": 6.589876385801983e-05, "tf-idf": 0.09999999999999998, "combined": 0.050032949381928996}}}