{"name": "39002067181942", "type": "rank", "number_files": 529, "number_unknown": 103, "formats": ["Q1144005", "Q1141412", "Q50223812", "Q27826464", "Q3807693", "Q27826469", "Q34746472", "Q217570", "Q58103465", "Q1076355", "Q4045294", "Q28755621", "Q58006953", "Q28755628", "Q27826468", "Q27826466", "Q95994246", "Q29904540", "Q723030", "Q28206135", "Q27925722", "Q29904539", "Q34312361", "Q5448342", "Q28206109", "Q27979156", "Q26549229", "Q5421818", "Q34312151", "Q27923693", "Q99184084", "Q28347555", "Q5153426"], "environments": {"one": {"co-oc": 0.49996650745470134, "tf-idf": 0.39999999999999997, "combined": 0.44998325372735065}, "two": {"co-oc": 0.49996650745470134, "tf-idf": 0.39999999999999997, "combined": 0.44998325372735065}, "three": {"co-oc": 6.698509059737485e-05, "tf-idf": 0.19999999999999998, "combined": 0.10003349254529868}, "four": {"co-oc": 0.0, "tf-idf": 0.0, "combined": 0.0}}}