{"name": "39002103624277", "type": "rank", "number_files": 1042, "number_unknown": 717, "formats": ["Q1144005", "Q361923", "Q28049670", "Q29904619", "Q1192568", "Q96143857", "Q51370033", "Q27684898", "Q27684919", "Q27684948", "Q28206359", "Q47455466", "Q47233167", "Q28600734", "Q28755606", "Q47538629", "Q62625561", "Q28600256", "Q59999653", "Q29168314", "Q28009496", "Q27967116", "Q32097899", "Q28777700", "Q34312151", "Q47493633", "Q86996065", "Q81526237", "Q66663925", "Q34747804", "Q28049547", "Q29904535", "Q27925699", "Q27684861", "Q63036182", "Q34746472", "Q27684882", "Q28206404", "Q47538951", "Q34284437", "Q81526528", "Q27925700", "Q81526664", "Q6912474", "Q32097740", "Q27960023", "Q47493619", "Q27684873", "Q27684816", "Q34312361", "Q479833", "Q28207108", "Q62619688", "Q27923693", "Q27684912", "Q66663022", "Q47455565", "Q66439259", "Q46118194", "Q10846539", "Q28205580", "Q47012501", "Q28758112", "Q47493628", "Q1601331", "Q27684906", "Q28771225", "Q29650304", "Q94990624", "Q4042979", "Q27349828", "Q1076355", "Q86995619", "Q817650", "Q723030", "Q86996249", "Q29904450", "Q27684925", "Q28600476", "Q27684843", "Q61752184", "Q27966979", "Q27967407", "Q28205626", "Q28049770", "Q729366", "Q29650330", "Q27684941", "Q28207102", "Q59537246", "Q29650311", "Q27925703", "Q68480634", "Q28206771", "Q29651047", "Q4045294", "Q48814895", "Q72724699", "Q27967214", "Q27925705", "Q47493614", "Q27925722", "Q28207313", "Q47493509", "Q28206548", "Q27979156", "Q66662128"], "environments": {"two": {"co-oc": 0.5362764173606275, "tf-idf": 0.4, "combined": 0.46813820868031375}, "one": {"co-oc": 0.4454286816314804, "tf-idf": 0.3, "combined": 0.3727143408157402}, "three": {"co-oc": 0.01827719107703298, "tf-idf": 0.2, "combined": 0.1091385955385165}, "four": {"co-oc": 1.7709930859092203e-05, "tf-idf": 0.1, "combined": 0.05000885496542955}}}