{"name": "39002076670539", "type": "rank", "number_files": 1313, "number_unknown": 29, "formats": ["Q729366", "Q27596243", "Q28205488", "Q66811836", "Q28205580", "Q58103465", "Q28206771", "Q28600763", "Q1076355", "Q4045294", "Q336284", "Q28755628", "Q684554", "Q16996920", "Q42591", "Q29904539", "Q939636", "Q1662484", "Q1676669", "Q28205626"], "environments": {"one": {"co-oc": 0.4046608859056462, "tf-idf": 0.30000000000000004, "combined": 0.3523304429528231}, "three": {"co-oc": 0.35730414817931716, "tf-idf": 0.30000000000000004, "combined": 0.3286520740896586}, "four": {"co-oc": 0.12919987139854955, "tf-idf": 0.2, "combined": 0.16459993569927478}, "two": {"co-oc": 0.10883509451648712, "tf-idf": 0.2, "combined": 0.15441754725824358}}}