{"name": "39002077971373", "type": "rank", "number_files": 254, "number_unknown": 0, "formats": ["Q194831", "Q58103465", "Q66134804", "Q24834502", "Q1076355", "Q4045294", "Q1676669", "Q29904539", "Q28755628", "Q28858032"], "environments": {"one": {"co-oc": 0.9010097758783231, "tf-idf": 0.4285714285714286, "combined": 0.6647906022248758}, "three": {"co-oc": 0.09892348539527523, "tf-idf": 0.2857142857142857, "combined": 0.19231888555478047}, "four": {"co-oc": 3.336936320076673e-05, "tf-idf": 0.14285714285714285, "combined": 0.07144525611017181}, "two": {"co-oc": 3.336936320076673e-05, "tf-idf": 0.14285714285714285, "combined": 0.07144525611017181}}}