{"name": "39002082249815", "type": "rank", "number_files": 132, "number_unknown": 0, "formats": ["Q66439259", "Q34747804", "Q3807693", "Q29167914", "Q28758112", "Q47493628", "Q1601331", "Q29650304", "Q6753724", "Q47233167", "Q81526528", "Q1076355", "Q4045294", "Q28755621", "Q81526664", "Q2276274", "Q58006953", "Q6912474", "Q32097740", "Q28755606", "Q28600412", "Q95994246", "Q28009488", "Q723030", "Q47493619", "Q47493614", "Q3513566", "Q28009496", "Q61752184", "Q32097899", "Q47493509", "Q27979156", "Q28207108", "Q66134804", "Q28771288", "Q47493633", "Q76515316", "Q28049770", "Q28347555", "Q81526237"], "environments": {"one": {"co-oc": 0.500925471333761, "tf-idf": 0.3333333333333333, "combined": 0.4171294023335471}, "two": {"co-oc": 0.49882956135392664, "tf-idf": 0.3333333333333333, "combined": 0.41608144734362995}, "four": {"co-oc": 0.00012248365615622413, "tf-idf": 0.16666666666666666, "combined": 0.08339457516141144}, "three": {"co-oc": 0.00012248365615622413, "tf-idf": 0.16666666666666666, "combined": 0.08339457516141144}}}