{"name": "39002097055462", "type": "rank", "number_files": 412, "number_unknown": 15, "formats": ["Q6026738", "Q27578057", "Q3807693", "Q194831", "Q28206359", "Q58725633", "Q47233167", "Q28755628", "Q28755606", "Q95994246", "Q26211874", "Q1601835", "Q28009496", "Q5924007", "Q32097899", "Q28206109", "Q26549229", "Q73675958", "Q10287816", "Q29944575", "Q10394822", "Q81526237", "Q87066066", "Q34747804", "Q26211840", "Q85415853", "Q81526528", "Q81526664", "Q58006953", "Q6912474", "Q32097740", "Q58335773", "Q29944206", "Q29435", "Q27979410", "Q3509055", "Q87066063", "Q1343830", "Q27526733", "Q26211940", "Q287315", "Q28207108", "Q28758102", "Q26211957", "Q26211948", "Q26211927", "Q1141412", "Q28055391", "Q66439259", "Q48106551", "Q49243488", "Q26211915", "Q28758112", "Q1601331", "Q29650304", "Q1076355", "Q26211905", "Q26211954", "Q723030", "Q26211936", "Q28206894", "Q27967388", "Q26211975", "Q29904539", "Q5532250", "Q49243748", "Q26211983", "Q28049770", "Q58103465", "Q26211965", "Q4045294", "Q58237034", "Q26211931", "Q26211958", "Q26211977", "Q1882400", "Q27925705", "Q26211978", "Q26211891", "Q27979156", "Q99184084"], "environments": {"two": {"co-oc": 0.9019731239355647, "tf-idf": 0.3333333333333333, "combined": 0.617653228634449}, "three": {"co-oc": 0.09756557779232516, "tf-idf": 0.3333333333333333, "combined": 0.21544945556282924}, "four": {"co-oc": 0.00023064913605506154, "tf-idf": 0.16666666666666666, "combined": 0.08344865790136086}, "one": {"co-oc": 0.00023064913605506154, "tf-idf": 0.16666666666666666, "combined": 0.08344865790136086}}}