{"name": "39002073435878", "type": "rank", "number_files": 442, "number_unknown": 28, "formats": ["Q28055391", "Q28858044", "Q48782394", "Q28205604", "Q34747804", "Q66439259", "Q63061514", "Q28858041", "Q68480995", "Q61641368", "Q28758112", "Q28205846", "Q51751573", "Q61639409", "Q1601331", "Q17138473", "Q217570", "Q29650304", "Q28207252", "Q47233167", "Q1076355", "Q43869672", "Q1072083", "Q535473", "Q28858042", "Q28858038", "Q4045294", "Q81526237", "Q81526528", "Q28755621", "Q48782098", "Q81526664", "Q6912474", "Q32097740", "Q28755606", "Q43866871", "Q85621726", "Q28858032", "Q1882400", "Q51801746", "Q27979410", "Q2304584", "Q60000066", "Q1343830", "Q43870624", "Q34747168", "Q48782238", "Q48782202", "Q28205908", "Q686498", "Q28858035", "Q85621806", "Q28009496", "Q479833", "Q43870269", "Q62664770", "Q63061396", "Q32097899", "Q28207108", "Q28858039", "Q28858037", "Q25345915", "Q60628185", "Q51802172", "Q66439286", "Q48915661", "Q28206036", "Q28049770", "Q28207516", "Q28347555", "Q62664735"], "environments": {"one": {"co-oc": 0.4645281229663818, "tf-idf": 0.34615384615384615, "combined": 0.40534098456011397}, "two": {"co-oc": 0.46058975184231754, "tf-idf": 0.30769230769230765, "combined": 0.38414102976731257}, "three": {"co-oc": 0.06016965921854042, "tf-idf": 0.23076923076923078, "combined": 0.1454694449938856}, "four": {"co-oc": 0.014712465972760182, "tf-idf": 0.1153846153846154, "combined": 0.06504854067868779}}}