{"name": "39002073154495", "type": "rank", "number_files": 2632, "number_unknown": 0, "formats": ["Q28786544", "Q8811", "Q29946898", "Q29946692", "Q28206359", "Q26547266", "Q26541013", "Q26085330", "Q1888930", "Q29946845", "Q47498555", "Q26546575", "Q26085322", "Q28858032", "Q47498565", "Q60886323", "Q28206109", "Q26549229", "Q66134804", "Q47498745", "Q2053", "Q47498538", "Q2043942", "Q17092932", "Q47498749", "Q29946866", "Q28600763", "Q60873199", "Q29946713", "Q62626012", "Q26385770", "Q16996920", "Q27526733", "Q28206262", "Q29946914", "Q26085319", "Q29946121", "Q1662484", "Q26329648", "Q1676669", "Q47498736", "Q79241659", "Q26085333", "Q29946883", "Q28858068", "Q26085336", "Q29946829", "Q26547917", "Q29946726", "Q1076355", "Q26543628", "Q26085339", "Q60806257", "Q29946810", "Q5533911", "Q26085317", "Q26545877", "Q29946134", "Q42332", "Q28206497", "Q29946141", "Q166074", "Q27596243", "Q66811836", "Q26548590", "Q47498552", "Q60886160", "Q4045294", "Q47498547", "Q1952321", "Q52834888", "Q24834502", "Q684554", "Q29946771", "Q60806040", "Q29946937", "Q55429627", "Q99184084", "Q26085326"], "environments": {"one": {"co-oc": 0.35504195908162006, "tf-idf": 0.3469387755102041, "combined": 0.35099036729591204}, "two": {"co-oc": 0.32501448015968204, "tf-idf": 0.30612244897959184, "combined": 0.31556846456963694}, "four": {"co-oc": 0.3185319087270031, "tf-idf": 0.2857142857142857, "combined": 0.3021230972206444}, "three": {"co-oc": 0.0014116520316948282, "tf-idf": 0.061224489795918345, "combined": 0.03131807091380659}}}