{"name": "39002090841041", "type": "rank", "number_files": 187, "number_unknown": 0, "formats": ["Q27863127", "Q27863142", "Q27863131", "Q27863117", "Q27863119", "Q27863110", "Q27863107", "Q27863121", "Q27863105", "Q27863143", "Q27863136", "Q27863122", "Q27863116", "Q27863132", "Q27863113", "Q27863111", "Q27863134", "Q66134804", "Q27863123", "Q1676669", "Q99184084", "Q27863128"], "environments": {"one": {"co-oc": 0.9998236629030284, "tf-idf": 0.5, "combined": 0.7499118314515142}, "four": {"co-oc": 8.81685484858381e-05, "tf-idf": 0.25, "combined": 0.1250440842742429}, "three": {"co-oc": 8.81685484858381e-05, "tf-idf": 0.25, "combined": 0.1250440842742429}, "two": {"co-oc": 0.0, "tf-idf": 0.0, "combined": 0.0}}}