{"name": "39002060201531", "type": "rank", "number_files": 157, "number_unknown": 103, "formats": ["Q729366", "Q66439259", "Q34747804", "Q27596243", "Q1144005", "Q48106551", "Q751800", "Q28055391", "Q3807693", "Q66811836", "Q28205580", "Q28758112", "Q53756539", "Q1601331", "Q27979378", "Q194831", "Q29650304", "Q58103465", "Q28206771", "Q47233167", "Q1076355", "Q81526528", "Q28600763", "Q4045294", "Q81526664", "Q58006953", "Q28755628", "Q6912474", "Q32097740", "Q28755606", "Q95994246", "Q723030", "Q53756551", "Q1882400", "Q27979410", "Q27967388", "Q684554", "Q1343830", "Q16996920", "Q29904539", "Q28009496", "Q939636", "Q32097899", "Q27979156", "Q28207108", "Q1662484", "Q28758102", "Q28205626", "Q28049770", "Q1141412", "Q81526237"], "environments": {"two": {"co-oc": 0.6426629414778231, "tf-idf": 0.3333333333333333, "combined": 0.4879981374055782}, "three": {"co-oc": 0.35698437147117584, "tf-idf": 0.3333333333333333, "combined": 0.3451588524022546}, "four": {"co-oc": 0.00017634352550052079, "tf-idf": 0.16666666666666666, "combined": 0.08342150509608359}, "one": {"co-oc": 0.00017634352550052079, "tf-idf": 0.16666666666666666, "combined": 0.08342150509608359}}}