{"name": "39002102944213", "type": "rank", "number_files": 1067, "number_unknown": 0, "formats": ["Q729366", "Q27826464", "Q3807693", "Q66811836", "Q28205580", "Q27826469", "Q34746472", "Q28206771", "Q28600763", "Q1076355", "Q4045294", "Q58006953", "Q27826468", "Q27826466", "Q95994246", "Q723030", "Q684554", "Q16996920", "Q27979156", "Q66134804", "Q1662484", "Q1676669", "Q28205626", "Q99184084", "Q1141412"], "environments": {"one": {"co-oc": 0.9656830172563172, "tf-idf": 0.42857142857142866, "combined": 0.697127222913873}, "three": {"co-oc": 0.03428165469233399, "tf-idf": 0.28571428571428575, "combined": 0.15999797020330986}, "four": {"co-oc": 1.76640256744593e-05, "tf-idf": 0.14285714285714288, "combined": 0.07143740344140867}, "two": {"co-oc": 1.76640256744593e-05, "tf-idf": 0.14285714285714288, "combined": 0.07143740344140867}}}