{"name": "39002051654904", "type": "rank", "number_files": 470, "number_unknown": 1, "formats": ["Q29944783", "Q27596243", "Q29944779", "Q29944777", "Q3807693", "Q28600764", "Q29944773", "Q29944782", "Q29944987", "Q29944780", "Q29944786", "Q1076355", "Q4045294", "Q58006953", "Q95994246", "Q28858032", "Q723030", "Q29944785", "Q29944758", "Q942350", "Q27925722", "Q34312361", "Q27979156", "Q29944776", "Q34312151", "Q27923693", "Q1676669", "Q1569639", "Q178051"], "environments": {"one": {"co-oc": 0.518764524742916, "tf-idf": 0.44117647058823534, "combined": 0.47997049766557565}, "two": {"co-oc": 0.46913284571366154, "tf-idf": 0.3823529411764706, "combined": 0.4257428934450661}, "three": {"co-oc": 0.006461035962533434, "tf-idf": 0.08823529411764705, "combined": 0.04734816504009024}, "four": {"co-oc": 0.005641593580889079, "tf-idf": 0.08823529411764705, "combined": 0.04693844384926806}}}