{"name": "39002075986241", "type": "rank", "number_files": 127, "number_unknown": 0, "formats": ["Q27826464", "Q3807693", "Q66811836", "Q27826469", "Q34746472", "Q28600763", "Q1076355", "Q4045294", "Q58006953", "Q27826468", "Q27826466", "Q95994246", "Q723030", "Q684554", "Q16996920", "Q28206109", "Q27979156", "Q201093", "Q26549229", "Q66134804", "Q1662484", "Q1676669", "Q99184084"], "environments": {"one": {"co-oc": 0.99979865431467, "tf-idf": 0.5000000000000001, "combined": 0.7498993271573351}, "four": {"co-oc": 6.71152284433575e-05, "tf-idf": 0.16666666666666669, "combined": 0.08336689094755502}, "three": {"co-oc": 6.71152284433575e-05, "tf-idf": 0.16666666666666669, "combined": 0.08336689094755502}, "two": {"co-oc": 6.71152284433575e-05, "tf-idf": 0.16666666666666669, "combined": 0.08336689094755502}}}