{"name": "39002041973927", "type": "rank", "number_files": 419, "number_unknown": 0, "formats": ["Q28206109", "Q26549229", "Q1076355", "Q1676669", "Q4045294", "Q99184084"], "environments": {"one": {"co-oc": 0.9994561161250791, "tf-idf": 0.39999999999999997, "combined": 0.6997280580625396}, "four": {"co-oc": 0.00018129462497364456, "tf-idf": 0.19999999999999998, "combined": 0.10009064731248682}, "three": {"co-oc": 0.00018129462497364456, "tf-idf": 0.19999999999999998, "combined": 0.10009064731248682}, "two": {"co-oc": 0.00018129462497364456, "tf-idf": 0.19999999999999998, "combined": 0.10009064731248682}}}