{"name": "39002072162127", "type": "rank", "number_files": 640, "number_unknown": 58, "formats": ["Q7671270", "Q28206049", "Q3807693", "Q61641368", "Q27967123", "Q61639409", "Q95994246", "Q28858032", "Q28206162", "Q11241282", "Q60000066", "Q26211874", "Q28206373", "Q48782238", "Q28205670", "Q686498", "Q28206272", "Q28858039", "Q28206883", "Q28858037", "Q28206306", "Q10287816", "Q10394822", "Q26211840", "Q28207469", "Q28858041", "Q28858038", "Q28858042", "Q51916170", "Q28205801", "Q58006953", "Q28205883", "Q51801746", "Q16965621", "Q26211940", "Q48782202", "Q28858035", "Q479833", "Q63061396", "Q26211957", "Q26211948", "Q26211927", "Q1228757", "Q28858044", "Q63061514", "Q26211915", "Q1076355", "Q26211905", "Q85621726", "Q26211954", "Q723030", "Q26211936", "Q28205944", "Q26211975", "Q85621806", "Q5532250", "Q62664770", "Q66439286", "Q48915661", "Q877050", "Q26211983", "Q62664735", "Q48782394", "Q3146723", "Q27355592", "Q26211965", "Q4045294", "Q48782098", "Q26211931", "Q26211958", "Q26211977", "Q1381134", "Q26211978", "Q26211891", "Q28205965", "Q27979156", "Q60628185", "Q99184084"], "environments": {"one": {"co-oc": 0.49999731837639294, "tf-idf": 0.4615384615384615, "combined": 0.48076788995742725}, "two": {"co-oc": 0.49999731837639294, "tf-idf": 0.4615384615384615, "combined": 0.48076788995742725}, "three": {"co-oc": 5.363247214174914e-06, "tf-idf": 0.07692307692307693, "combined": 0.03846422008514555}, "four": {"co-oc": 0.0, "tf-idf": 0.0, "combined": 0.0}}}