{"name": "39002060321628", "type": "rank", "number_files": 478, "number_unknown": 83, "formats": ["Q1144005", "Q63036114", "Q28206049", "Q1192568", "Q3807693", "Q61641368", "Q61639409", "Q47455466", "Q2119595", "Q28206147", "Q95994246", "Q28858032", "Q28206162", "Q60000066", "Q26211874", "Q28206373", "Q48782238", "Q1601835", "Q6043826", "Q28205670", "Q686498", "Q28206272", "Q28858039", "Q28206883", "Q28858037", "Q73675958", "Q28206306", "Q28205807", "Q10394822", "Q28205955", "Q26211840", "Q28207469", "Q29904535", "Q28858041", "Q28771319", "Q28206284", "Q85415853", "Q28858038", "Q382011", "Q28858042", "Q28205801", "Q58006953", "Q28205883", "Q85712350", "Q29944206", "Q51801746", "Q7311459", "Q16965621", "Q1343830", "Q27526733", "Q26211940", "Q48782202", "Q28858035", "Q479833", "Q63061396", "Q26211957", "Q1676669", "Q26211948", "Q67124083", "Q26211927", "Q1228757", "Q28858044", "Q47455565", "Q63061514", "Q26211915", "Q87816075", "Q28205580", "Q856364", "Q2623363", "Q4042979", "Q1076355", "Q27979508", "Q26211905", "Q85621726", "Q26211954", "Q723030", "Q26211936", "Q28205944", "Q26211975", "Q47512572", "Q28600476", "Q85621806", "Q5532250", "Q62664770", "Q27979391", "Q66439286", "Q48915661", "Q3888665", "Q877050", "Q28205626", "Q27988078", "Q26211983", "Q62664735", "Q729366", "Q28344021", "Q48782394", "Q3146723", "Q29000498", "Q27355592", "Q26211965", "Q28206771", "Q4045294", "Q48782098", "Q26211931", "Q26211958", "Q26211977", "Q26211978", "Q62619668", "Q26211891", "Q28205965", "Q89029185", "Q27979156", "Q28206138", "Q60628185", "Q72198666", "Q99184084"], "environments": {"one": {"co-oc": 0.5031640166255749, "tf-idf": 0.4285714285714286, "combined": 0.46586772259850173}, "two": {"co-oc": 0.48281462266787567, "tf-idf": 0.380952380952381, "combined": 0.43188350181012836}, "three": {"co-oc": 0.014017455330675882, "tf-idf": 0.1428571428571429, "combined": 0.0784372990939094}, "four": {"co-oc": 3.9053758735852065e-06, "tf-idf": 0.04761904761904764, "combined": 0.023811476497460612}}}