{"name": "39002074053704", "type": "rank", "number_files": 276, "number_unknown": 78, "formats": ["Q66439259", "Q34747804", "Q29650330", "Q28049670", "Q3807693", "Q47012412", "Q28771220", "Q63036182", "Q28758112", "Q1601331", "Q217570", "Q29650304", "Q28771107", "Q27349828", "Q47233167", "Q81526528", "Q1076355", "Q4045294", "Q81526664", "Q58006953", "Q28205883", "Q6912474", "Q32097740", "Q28755606", "Q95994246", "Q723030", "Q28600256", "Q15938816", "Q28009496", "Q27967116", "Q21040945", "Q32097899", "Q27979156", "Q26549229", "Q28207108", "Q62619688", "Q28975650", "Q28771221", "Q28049770", "Q28770728", "Q81526237"], "environments": {"two": {"co-oc": 0.6611543533157034, "tf-idf": 0.375, "combined": 0.5180771766578517}, "one": {"co-oc": 0.19611932105686888, "tf-idf": 0.25, "combined": 0.22305966052843446}, "three": {"co-oc": 0.1426395026994781, "tf-idf": 0.25, "combined": 0.19631975134973906}, "four": {"co-oc": 8.682292794975731e-05, "tf-idf": 0.125, "combined": 0.06254341146397488}}}