{"name": "39002016330699", "type": "rank", "number_files": 189, "number_unknown": 62, "formats": ["Q66439259", "Q34747804", "Q27231634", "Q27866063", "Q27866059", "Q3807693", "Q28758112", "Q1601331", "Q1134089", "Q29650304", "Q47233167", "Q81526528", "Q1076355", "Q4045294", "Q28600412", "Q58006953", "Q81526664", "Q6912474", "Q32097740", "Q28755606", "Q27231651", "Q95994246", "Q723030", "Q27925705", "Q27866062", "Q28205771", "Q28207384", "Q27231654", "Q1502796", "Q7670377", "Q28207379", "Q28009496", "Q32097899", "Q27979156", "Q28205372", "Q28207108", "Q28049770", "Q81526237"], "environments": {"two": {"co-oc": 0.9994224910753305, "tf-idf": 0.4, "combined": 0.6997112455376653}, "four": {"co-oc": 0.00019250297488983793, "tf-idf": 0.2, "combined": 0.10009625148744493}, "one": {"co-oc": 0.00019250297488983793, "tf-idf": 0.2, "combined": 0.10009625148744493}, "three": {"co-oc": 0.00019250297488983793, "tf-idf": 0.2, "combined": 0.10009625148744493}}}