{"name": "39002034859570", "type": "rank", "number_files": 477, "number_unknown": 252, "formats": ["Q1144005", "Q777561", "Q219983", "Q3807693", "Q61641368", "Q61639409", "Q2119595", "Q28206147", "Q27824032", "Q27824050", "Q28755628", "Q28206325", "Q95994246", "Q28858032", "Q62625561", "Q60000066", "Q28600246", "Q26211874", "Q34737296", "Q48782238", "Q6043826", "Q686498", "Q27824065", "Q27824060", "Q28858039", "Q28858037", "Q10394822", "Q26211840", "Q28858041", "Q28771319", "Q6753724", "Q28858038", "Q382011", "Q28858042", "Q58006953", "Q28205883", "Q51801746", "Q7311459", "Q296496", "Q29000599", "Q3513566", "Q26211940", "Q48782202", "Q28858035", "Q368782", "Q63061396", "Q26211957", "Q26211948", "Q26211927", "Q27824056", "Q1141412", "Q28858044", "Q283579", "Q63061514", "Q26211915", "Q28205580", "Q856364", "Q4746193", "Q1076355", "Q26211905", "Q85621726", "Q26211954", "Q1952708", "Q723030", "Q26211936", "Q47512572", "Q29904539", "Q26211975", "Q28600238", "Q85621806", "Q5532250", "Q27824053", "Q62664770", "Q27824019", "Q1109779", "Q66439286", "Q48915661", "Q3888665", "Q28205626", "Q28757976", "Q26211983", "Q62664735", "Q28344021", "Q729366", "Q48782394", "Q29650305", "Q27824041", "Q29000498", "Q28600250", "Q58103465", "Q26211965", "Q28206771", "Q4045294", "Q48782098", "Q26211931", "Q26211958", "Q26211977", "Q27925705", "Q27824015", "Q26211978", "Q39184097", "Q26211891", "Q27979156", "Q28206138", "Q60628185", "Q99184084"], "environments": {"one": {"co-oc": 0.49999726018597096, "tf-idf": 0.46153846153846156, "combined": 0.48076786086221623}, "two": {"co-oc": 0.49999726018597096, "tf-idf": 0.46153846153846156, "combined": 0.48076786086221623}, "three": {"co-oc": 5.479628058147543e-06, "tf-idf": 0.07692307692307693, "combined": 0.03846427827556754}, "four": {"co-oc": 0.0, "tf-idf": 0.0, "combined": 0.0}}}