{"name": "39002074076804", "type": "rank", "number_files": 54, "number_unknown": 20, "formats": ["Q723030", "Q27979156", "Q194831", "Q58103465", "Q28755628", "Q1076355", "Q4045294", "Q3807693", "Q29904539", "Q58006953", "Q28205883", "Q28205760", "Q95994246", "Q217570"], "environments": {"one": {"co-oc": 0.49992419197871185, "tf-idf": 0.4, "combined": 0.44996209598935594}, "two": {"co-oc": 0.49992419197871185, "tf-idf": 0.4, "combined": 0.44996209598935594}, "three": {"co-oc": 0.00015161604257629956, "tf-idf": 0.2, "combined": 0.10007580802128815}, "four": {"co-oc": 0.0, "tf-idf": 0.0, "combined": 0.0}}}