{"name": "39002084540153", "type": "rank", "number_files": 105, "number_unknown": 0, "formats": ["Q729366", "Q29151645", "Q27826464", "Q28786544", "Q8811", "Q66811836", "Q27826469", "Q28205580", "Q34746472", "Q28206771", "Q28600763", "Q1076355", "Q17073241", "Q4045294", "Q1888930", "Q27826468", "Q27826466", "Q62626012", "Q288405", "Q684554", "Q16996920", "Q28206109", "Q26549229", "Q66134804", "Q1662484", "Q673906", "Q28205626", "Q2053", "Q99184084", "Q166074"], "environments": {"one": {"co-oc": 0.7882473612736897, "tf-idf": 0.5000000000000001, "combined": 0.6441236806368449}, "two": {"co-oc": 0.2116779507590275, "tf-idf": 0.33333333333333337, "combined": 0.27250564204618044}, "three": {"co-oc": 7.468796728279073e-05, "tf-idf": 0.16666666666666669, "combined": 0.08337067731697474}, "four": {"co-oc": 0.0, "tf-idf": 0.0, "combined": 0.0}}}