{"name": "39002012181708", "type": "rank", "number_files": 270, "number_unknown": 20, "formats": ["Q6026738", "Q729366", "Q27578057", "Q28600764", "Q3807693", "Q66811836", "Q28205580", "Q58725633", "Q28206771", "Q28600763", "Q1076355", "Q4045294", "Q58237034", "Q58006953", "Q95994246", "Q723030", "Q28206894", "Q684554", "Q942350", "Q16996920", "Q27979156", "Q26549229", "Q1662484", "Q28205626", "Q1141412"], "environments": {"three": {"co-oc": 0.6392367483199035, "tf-idf": 0.5, "combined": 0.5696183741599518}, "two": {"co-oc": 0.36055381732864455, "tf-idf": 0.3333333333333333, "combined": 0.34694357533098896}, "one": {"co-oc": 0.00020943435145193175, "tf-idf": 0.16666666666666666, "combined": 0.0834380505090593}, "four": {"co-oc": 0.0, "tf-idf": 0.0, "combined": 0.0}}}