{"name": "39002069120559", "type": "rank", "number_files": 68, "number_unknown": 0, "formats": ["Q26211840", "Q3807693", "Q26211915", "Q26211965", "Q1076355", "Q4045294", "Q26211931", "Q58006953", "Q28205883", "Q26211905", "Q48625328", "Q95994246", "Q59714459", "Q26211958", "Q723030", "Q26211936", "Q26211977", "Q26211954", "Q1047541", "Q26211978", "Q26211874", "Q26211940", "Q26211975", "Q26211891", "Q5532250", "Q27979156", "Q26549229", "Q26211957", "Q26211948", "Q26211983", "Q59535034", "Q10394822", "Q66134564", "Q26211927"], "environments": {"one": {"co-oc": 0.3333333333333333, "tf-idf": 0.3333333333333333, "combined": 0.3333333333333333}, "three": {"co-oc": 0.3333333333333333, "tf-idf": 0.3333333333333333, "combined": 0.3333333333333333}, "two": {"co-oc": 0.3333333333333333, "tf-idf": 0.3333333333333333, "combined": 0.3333333333333333}, "four": {"co-oc": 0.0, "tf-idf": 0.0, "combined": 0.0}}}