{"name": "39002056004899", "type": "rank", "number_files": 407, "number_unknown": 7, "formats": ["Q3807693", "Q29946898", "Q29946692", "Q194831", "Q26547266", "Q47455466", "Q47233167", "Q26541013", "Q26085330", "Q29946845", "Q28755628", "Q47498555", "Q26546575", "Q28755606", "Q95994246", "Q26085322", "Q47498565", "Q28009496", "Q5924007", "Q32097899", "Q26549229", "Q47498745", "Q66244789", "Q81526237", "Q34747804", "Q47498538", "Q2043942", "Q25378623", "Q47498749", "Q29946866", "Q81526528", "Q623334", "Q81526664", "Q58006953", "Q6912474", "Q32097740", "Q29946713", "Q27979410", "Q1343830", "Q27526733", "Q29946914", "Q28758002", "Q26085319", "Q29946121", "Q28207108", "Q380319", "Q28758102", "Q47498736", "Q79241659", "Q26085333", "Q1141412", "Q47455565", "Q66439259", "Q28055391", "Q29946883", "Q26085336", "Q28205580", "Q29946829", "Q26547917", "Q28777715", "Q28758112", "Q29946726", "Q1601331", "Q29650304", "Q4042979", "Q1076355", "Q26543628", "Q26085339", "Q28551284", "Q29946810", "Q5533911", "Q723030", "Q27967388", "Q26085317", "Q29904539", "Q26545877", "Q29946134", "Q42332", "Q28756037", "Q28205626", "Q29946141", "Q28049770", "Q729366", "Q26548590", "Q2192", "Q58103465", "Q28206771", "Q47498552", "Q4045294", "Q47498547", "Q1882400", "Q29946771", "Q27526739", "Q29946937", "Q1882110", "Q27979156", "Q55429627", "Q10852293", "Q26085326"], "environments": {"two": {"co-oc": 0.35551263755657714, "tf-idf": 0.3157894736842105, "combined": 0.3356510556203938}, "one": {"co-oc": 0.35395764131080626, "tf-idf": 0.3157894736842105, "combined": 0.33487355749750836}, "four": {"co-oc": 0.2836701900520771, "tf-idf": 0.2631578947368421, "combined": 0.2734140423944596}, "three": {"co-oc": 0.006859531080539496, "tf-idf": 0.10526315789473684, "combined": 0.056061344487638165}}}