{"name": "39002093627579", "type": "rank", "number_files": 359, "number_unknown": 0, "formats": ["Q28206109", "Q26549229", "Q66134804", "Q1662484", "Q28600763", "Q1076355", "Q684554", "Q27826464", "Q16996920", "Q4045294", "Q1676669", "Q27526733", "Q66811836", "Q27826469", "Q99184084", "Q34746472", "Q27826468", "Q27826466"], "environments": {"one": {"co-oc": 0.9999053684096645, "tf-idf": 0.5, "combined": 0.7499526842048323}, "four": {"co-oc": 3.1543863445113835e-05, "tf-idf": 0.16666666666666666, "combined": 0.08334910526505589}, "three": {"co-oc": 3.1543863445113835e-05, "tf-idf": 0.16666666666666666, "combined": 0.08334910526505589}, "two": {"co-oc": 3.1543863445113835e-05, "tf-idf": 0.16666666666666666, "combined": 0.08334910526505589}}}