{"name": "39002089493143", "type": "rank", "number_files": 234, "number_unknown": 0, "formats": ["Q29011569", "Q29011538", "Q29017304", "Q3807693", "Q29011710", "Q29011365", "Q95994246", "Q29012350", "Q29011646", "Q11241282", "Q26211874", "Q29017306", "Q29011357", "Q5924007", "Q29011824", "Q29011358", "Q28206109", "Q26549229", "Q66134804", "Q10287816", "Q29011361", "Q10394822", "Q29011977", "Q27967488", "Q26211840", "Q29011514", "Q27826469", "Q34746472", "Q29011271", "Q29011579", "Q28600763", "Q29017312", "Q29012206", "Q29012224", "Q58006953", "Q16996920", "Q26211940", "Q29012120", "Q1662484", "Q29011223", "Q26211957", "Q1676669", "Q26211948", "Q26211927", "Q1228757", "Q27826464", "Q26211915", "Q28205580", "Q29011549", "Q1076355", "Q29011484", "Q26211905", "Q27826466", "Q26211954", "Q723030", "Q26211936", "Q29011892", "Q29011774", "Q29012285", "Q26211975", "Q29011363", "Q5532250", "Q29012054", "Q29011566", "Q28205626", "Q29011079", "Q26211983", "Q729366", "Q29017314", "Q29011315", "Q66811836", "Q29012190", "Q26211965", "Q28206771", "Q27866052", "Q4045294", "Q29011347", "Q26211931", "Q27826468", "Q26211958", "Q26211977", "Q29017311", "Q684554", "Q26211978", "Q26211891", "Q29017309", "Q27979156", "Q99184084"], "environments": {"one": {"co-oc": 0.9340906291505319, "tf-idf": 0.3333333333333333, "combined": 0.6337119812419326}, "three": {"co-oc": 0.05410424095102707, "tf-idf": 0.3333333333333333, "combined": 0.1937187871421802}, "two": {"co-oc": 0.011782426607327565, "tf-idf": 0.22222222222222224, "combined": 0.1170023244147749}, "four": {"co-oc": 2.2703291113522217e-05, "tf-idf": 0.11111111111111112, "combined": 0.05556690720111232}}}