{"name": "39002068859942", "type": "rank", "number_files": 174, "number_unknown": 106, "formats": ["Q729366", "Q27596243", "Q28344021", "Q3807693", "Q28205580", "Q856364", "Q27824041", "Q28206771", "Q34284437", "Q1076355", "Q2119595", "Q4045294", "Q58006953", "Q28205883", "Q27824032", "Q27824050", "Q28206325", "Q95994246", "Q723030", "Q27824015", "Q7311459", "Q29000614", "Q27824053", "Q27979156", "Q27824019", "Q28205626", "Q27824056"], "environments": {"one": {"co-oc": 0.3333333333333333, "tf-idf": 0.3333333333333333, "combined": 0.3333333333333333}, "three": {"co-oc": 0.3333333333333333, "tf-idf": 0.3333333333333333, "combined": 0.3333333333333333}, "two": {"co-oc": 0.3333333333333333, "tf-idf": 0.3333333333333333, "combined": 0.3333333333333333}, "four": {"co-oc": 0.0, "tf-idf": 0.0, "combined": 0.0}}}