{"name": "39002102991859", "type": "rank", "number_files": 85, "number_unknown": 73, "formats": ["Q1144005", "Q729366", "Q66811836", "Q28205580", "Q61777776", "Q48021763", "Q28018470", "Q28206771", "Q28600763", "Q1076355", "Q4045294", "Q336284", "Q48004607", "Q28018471", "Q48021588", "Q684554", "Q16996920", "Q48005022", "Q1662484", "Q28205626", "Q48004869"], "environments": {"one": {"co-oc": 0.9999914229139133, "tf-idf": 0.7777777777777777, "combined": 0.8888846003458455}, "three": {"co-oc": 4.288543043344755e-06, "tf-idf": 0.1111111111111111, "combined": 0.05555769982707723}, "two": {"co-oc": 4.288543043344755e-06, "tf-idf": 0.1111111111111111, "combined": 0.05555769982707723}, "four": {"co-oc": 0.0, "tf-idf": 0.0, "combined": 0.0}}}