{"name": "39002046086329", "type": "rank", "number_files": 9, "number_unknown": 3, "formats": ["Q66439259", "Q34747804", "Q29650330", "Q28049670", "Q63036182", "Q28758112", "Q1601331", "Q29650304", "Q27349828", "Q47233167", "Q81526528", "Q81526664", "Q6912474", "Q32097740", "Q28755606", "Q723030", "Q28600256", "Q28009496", "Q27967116", "Q32097899", "Q27979156", "Q28207108", "Q62619688", "Q28049770", "Q81526237"], "environments": {"four": {"co-oc": 0.3333333333333333, "tf-idf": 0.3333333333333333, "combined": 0.3333333333333333}, "three": {"co-oc": 0.3333333333333333, "tf-idf": 0.3333333333333333, "combined": 0.3333333333333333}, "two": {"co-oc": 0.3333333333333333, "tf-idf": 0.3333333333333333, "combined": 0.3333333333333333}, "one": {"co-oc": 0.0, "tf-idf": 0.0, "combined": 0.0}}}