{"name": "39002012447414", "type": "rank", "number_files": 265, "number_unknown": 0, "formats": ["Q26211840", "Q26211915", "Q17092932", "Q28205439", "Q28206359", "Q26211965", "Q26211931", "Q26211905", "Q1952321", "Q28858032", "Q26211958", "Q26211977", "Q26385770", "Q26211936", "Q26211954", "Q1047541", "Q26211978", "Q26211874", "Q28206262", "Q26211940", "Q26211975", "Q26211891", "Q939636", "Q5532250", "Q218170", "Q26549229", "Q66134804", "Q28206497", "Q26329648", "Q26211957", "Q1676669", "Q26211948", "Q26211983", "Q10394822", "Q26211927"], "environments": {"one": {"co-oc": 0.626663089754077, "tf-idf": 0.3333333333333333, "combined": 0.47999821154370514}, "three": {"co-oc": 0.37328632925539595, "tf-idf": 0.5, "combined": 0.436643164627698}, "four": {"co-oc": 5.058099052697266e-05, "tf-idf": 0.16666666666666666, "combined": 0.08335862382859681}, "two": {"co-oc": 0.0, "tf-idf": 0.0, "combined": 0.0}}}