{"name": "39002051658004", "type": "rank", "number_files": 470, "number_unknown": 21, "formats": ["Q27863142", "Q27863131", "Q28786544", "Q27863117", "Q8811", "Q3807693", "Q194831", "Q47233167", "Q55089059", "Q1888930", "Q28755606", "Q95994246", "Q59851255", "Q61315973", "Q27863122", "Q27863116", "Q691652", "Q28009496", "Q27863113", "Q32097899", "Q28206109", "Q66134804", "Q27863123", "Q61576485", "Q86914907", "Q2053", "Q81526237", "Q61315572", "Q61315206", "Q34747804", "Q28600764", "Q43975668", "Q61131191", "Q61053371", "Q27863119", "Q28600763", "Q81526528", "Q27863121", "Q27863105", "Q81526664", "Q58006953", "Q6912474", "Q32097740", "Q62626012", "Q27979410", "Q27863136", "Q1343830", "Q16996920", "Q27526733", "Q1063976", "Q43975877", "Q28207108", "Q1662484", "Q28975796", "Q28758102", "Q1676669", "Q27863128", "Q28731049", "Q1141412", "Q178051", "Q28055391", "Q66439259", "Q27863127", "Q43975347", "Q48106551", "Q60886472", "Q28975794", "Q61135623", "Q28758112", "Q61315377", "Q28205439", "Q217570", "Q1601331", "Q27863110", "Q29650304", "Q27863107", "Q1076355", "Q723030", "Q61135953", "Q61315785", "Q27967388", "Q27863132", "Q939636", "Q60887256", "Q28049770", "Q166074", "Q43974596", "Q61053201", "Q27596243", "Q66811836", "Q61692923", "Q4045294", "Q61578345", "Q1882400", "Q27863143", "Q684554", "Q942350", "Q61576757", "Q27863111", "Q27863134", "Q27979156", "Q99184084"], "environments": {"one": {"co-oc": 0.4808548726548074, "tf-idf": 0.31818181818181823, "combined": 0.3995183454183128}, "three": {"co-oc": 0.3051615292100111, "tf-idf": 0.27272727272727276, "combined": 0.28894440096864193}, "four": {"co-oc": 0.12670232740167048, "tf-idf": 0.18181818181818182, "combined": 0.15426025460992615}, "two": {"co-oc": 0.0872812707335111, "tf-idf": 0.22727272727272727, "combined": 0.15727699900311917}}}