{"name": "39002041976367", "type": "rank", "number_files": 614, "number_unknown": 3, "formats": ["Q1144005", "Q777561", "Q28786544", "Q27866059", "Q29209269", "Q3807693", "Q8811", "Q48551893", "Q1888930", "Q95994246", "Q28207384", "Q26211874", "Q1502796", "Q28206109", "Q26549229", "Q51954390", "Q34312151", "Q10287816", "Q2053", "Q10394822", "Q29650301", "Q29151645", "Q26211840", "Q27866063", "Q176061", "Q28600764", "Q336284", "Q58006953", "Q27231651", "Q62626012", "Q51917556", "Q27979410", "Q27866062", "Q1343830", "Q27231654", "Q27526733", "Q26211940", "Q34312361", "Q28205372", "Q27923693", "Q1676669", "Q26211957", "Q26211948", "Q26211927", "Q28055391", "Q27231634", "Q283579", "Q26211915", "Q28205439", "Q17073241", "Q1076355", "Q26211905", "Q26211954", "Q723030", "Q26211936", "Q288405", "Q51954568", "Q28205771", "Q26211975", "Q939636", "Q5532250", "Q51954383", "Q48694183", "Q28206574", "Q673906", "Q26211983", "Q166074", "Q28018470", "Q26211965", "Q4045294", "Q26211931", "Q52426038", "Q26211958", "Q1882400", "Q26211977", "Q28018471", "Q48693254", "Q26211978", "Q942350", "Q27925722", "Q7670377", "Q28207379", "Q26211891", "Q27979156", "Q28758103", "Q99184084", "Q28344823"], "environments": {"one": {"co-oc": 0.9067810020108179, "tf-idf": 0.4545454545454546, "combined": 0.6806632282781362}, "two": {"co-oc": 0.04830048536083055, "tf-idf": 0.27272727272727276, "combined": 0.16051387904405165}, "three": {"co-oc": 0.044901118296404405, "tf-idf": 0.18181818181818182, "combined": 0.11335965005729312}, "four": {"co-oc": 1.7394331947182927e-05, "tf-idf": 0.09090909090909091, "combined": 0.04546324262051905}}}