{"name": "39002076916015", "type": "rank", "number_files": 1486, "number_unknown": 0, "formats": ["Q1144005", "Q28206109", "Q26549229", "Q66134804", "Q27826464", "Q28858032", "Q1676669", "Q27826469", "Q99184084", "Q34746472", "Q27826468", "Q79241659", "Q27826466", "Q28205439"], "environments": {"one": {"co-oc": 0.9998107043022568, "tf-idf": 0.5, "combined": 0.7499053521511284}, "four": {"co-oc": 9.464784887160111e-05, "tf-idf": 0.25, "combined": 0.1250473239244358}, "three": {"co-oc": 9.464784887160111e-05, "tf-idf": 0.25, "combined": 0.1250473239244358}, "two": {"co-oc": 0.0, "tf-idf": 0.0, "combined": 0.0}}}