{"name": "39002077970185", "type": "rank", "number_files": 9875, "number_unknown": 3, "formats": ["Q29011569", "Q29011538", "Q29017314", "Q29011315", "Q777561", "Q935809", "Q29017304", "Q29011514", "Q3807693", "Q66811836", "Q29011579", "Q29011271", "Q29012190", "Q17092932", "Q29011710", "Q29011549", "Q28206359", "Q28344736", "Q28600763", "Q1076355", "Q29017312", "Q4045294", "Q29011484", "Q29012206", "Q29011365", "Q29012224", "Q29011347", "Q58006953", "Q1952321", "Q29012350", "Q95994246", "Q723030", "Q26385770", "Q29017311", "Q29011646", "Q29011892", "Q29011774", "Q684554", "Q29012285", "Q16996920", "Q28206262", "Q29017306", "Q29011363", "Q29011357", "Q29017309", "Q29012120", "Q29011358", "Q29011824", "Q28206109", "Q27979156", "Q66134804", "Q1662484", "Q28206497", "Q29012054", "Q29011223", "Q26329648", "Q29011566", "Q1676669", "Q29011361", "Q29011079", "Q99184084", "Q29011977"], "environments": {"one": {"co-oc": 0.823004023773952, "tf-idf": 0.4, "combined": 0.6115020118869761}, "two": {"co-oc": 0.06996124535108955, "tf-idf": 0.2, "combined": 0.13498062267554478}, "four": {"co-oc": 0.05351736543747914, "tf-idf": 0.2, "combined": 0.12675868271873958}, "three": {"co-oc": 0.05351736543747914, "tf-idf": 0.2, "combined": 0.12675868271873958}}}