{"name": "39002099777394", "type": "rank", "number_files": 1778, "number_unknown": 0, "formats": ["Q28858044", "Q61971919", "Q48782394", "Q1141412", "Q63061514", "Q51954521", "Q28858041", "Q3807693", "Q61641368", "Q51753051", "Q51954585", "Q61971917", "Q60628005", "Q17092932", "Q48021763", "Q27823195", "Q61639409", "Q27487109", "Q51753252", "Q1353763", "Q28206359", "Q60628025", "Q1076355", "Q28858038", "Q28858042", "Q44933672", "Q59999470", "Q4045294", "Q27487424", "Q48782098", "Q58006953", "Q48004607", "Q1952321", "Q85621726", "Q28858032", "Q95994246", "Q51801746", "Q723030", "Q26385770", "Q52834849", "Q27895063", "Q27487343", "Q27486884", "Q24834502", "Q60000066", "Q48021588", "Q29465378", "Q48782238", "Q28206262", "Q48782202", "Q28207085", "Q27487348", "Q686498", "Q85621806", "Q28858035", "Q62664770", "Q63061396", "Q27979156", "Q26549229", "Q48005022", "Q66134804", "Q28858039", "Q28858037", "Q60628185", "Q28206497", "Q26329648", "Q27487130", "Q66439286", "Q48915661", "Q1676669", "Q56827141", "Q99184084", "Q28975875", "Q48004869", "Q62664735"], "environments": {"one": {"co-oc": 0.7867343931201105, "tf-idf": 0.5909090909090909, "combined": 0.6888217420146008}, "two": {"co-oc": 0.21102080227447262, "tf-idf": 0.27272727272727276, "combined": 0.2418740375008727}, "three": {"co-oc": 0.0022425898075428175, "tf-idf": 0.09090909090909091, "combined": 0.04657584035831686}, "four": {"co-oc": 2.2147978740398886e-06, "tf-idf": 0.045454545454545456, "combined": 0.022728380126209747}}}