{"name": "39002060320810", "type": "rank", "number_files": 3463, "number_unknown": 1427, "formats": ["Q61971919", "Q28049670", "Q61641368", "Q61971917", "Q61639409", "Q47233167", "Q85413178", "Q28600412", "Q28755606", "Q28858032", "Q28600256", "Q52834849", "Q60000066", "Q48782238", "Q28009496", "Q686498", "Q61984341", "Q27967116", "Q28600483", "Q32097899", "Q28858039", "Q28858037", "Q28347555", "Q81526237", "Q34747804", "Q28206625", "Q28858041", "Q63036182", "Q81526528", "Q28858038", "Q28858042", "Q81526664", "Q28600482", "Q6912474", "Q32097740", "Q51801746", "Q27979410", "Q1343830", "Q28975874", "Q34745761", "Q48782202", "Q28858035", "Q63061396", "Q28207108", "Q62619688", "Q79241659", "Q28055391", "Q66439259", "Q28858044", "Q2138624", "Q63061514", "Q51954585", "Q28758112", "Q27960082", "Q1601331", "Q29650304", "Q60628025", "Q27349828", "Q44933672", "Q85621726", "Q81192187", "Q723030", "Q85621806", "Q85413270", "Q62664770", "Q27487130", "Q66439286", "Q48915661", "Q28049770", "Q62664735", "Q48782394", "Q29650330", "Q51954521", "Q29650305", "Q60628005", "Q4045294", "Q48782098", "Q28755621", "Q3596396", "Q1882400", "Q28975654", "Q27979156", "Q27966906", "Q60628185", "Q28344823"], "environments": {"two": {"co-oc": 0.5222241618029412, "tf-idf": 0.4666666666666667, "combined": 0.4944454142348039}, "one": {"co-oc": 0.47776568557459637, "tf-idf": 0.4, "combined": 0.43888284278729817}, "four": {"co-oc": 5.076311231185891e-06, "tf-idf": 0.06666666666666668, "combined": 0.03333587148894893}, "three": {"co-oc": 5.076311231185891e-06, "tf-idf": 0.06666666666666668, "combined": 0.03333587148894893}}}