{"name": "39002082349342", "type": "rank", "number_files": 366, "number_unknown": 100, "formats": ["Q729366", "Q27596243", "Q48004869", "Q66811836", "Q28205580", "Q61777776", "Q48021763", "Q28018470", "Q28206771", "Q28600763", "Q1076355", "Q4045294", "Q336284", "Q48004607", "Q28018471", "Q59961105", "Q48021588", "Q684554", "Q16996920", "Q42591", "Q34746769", "Q939636", "Q28207313", "Q48005022", "Q66134804", "Q1662484", "Q28205626", "Q1141412"], "environments": {"one": {"co-oc": 0.9919526992675749, "tf-idf": 0.6428571428571428, "combined": 0.8174049210623588}, "two": {"co-oc": 0.0045627896644050495, "tf-idf": 0.14285714285714285, "combined": 0.07370996626077395}, "three": {"co-oc": 0.0034811606766858003, "tf-idf": 0.14285714285714285, "combined": 0.07316915176691433}, "four": {"co-oc": 3.3503913342316905e-06, "tf-idf": 0.07142857142857142, "combined": 0.035715960909952826}}}