{"name": "39002010608868", "type": "rank", "number_files": 34, "number_unknown": 5, "formats": ["Q729366", "Q3807693", "Q51717333", "Q66811836", "Q28205580", "Q61718355", "Q28206771", "Q28600763", "Q1076355", "Q4045294", "Q28445577", "Q58006953", "Q95994246", "Q723030", "Q24834502", "Q684554", "Q16996920", "Q27979156", "Q26549229", "Q1662484", "Q51334664", "Q28205626"], "environments": {"three": {"co-oc": 0.5384662361494583, "tf-idf": 0.3333333333333333, "combined": 0.4358997847413958}, "two": {"co-oc": 0.4606346936096292, "tf-idf": 0.3333333333333333, "combined": 0.39698401347148127}, "four": {"co-oc": 0.0004495351204562404, "tf-idf": 0.16666666666666666, "combined": 0.08355810089356144}, "one": {"co-oc": 0.0004495351204562404, "tf-idf": 0.16666666666666666, "combined": 0.08355810089356144}}}