{"name": "39002059645052", "type": "rank", "number_files": 410, "number_unknown": 130, "formats": ["Q6026738", "Q87066066", "Q49798508", "Q49243488", "Q27578057", "Q28600764", "Q3807693", "Q66811836", "Q49799747", "Q260180", "Q217570", "Q28206359", "Q58103465", "Q58725633", "Q29000651", "Q85415853", "Q1076355", "Q28600763", "Q49799499", "Q4045294", "Q58237034", "Q336284", "Q34310996", "Q28600412", "Q58006953", "Q28755628", "Q58335773", "Q95994246", "Q29944206", "Q723030", "Q28206894", "Q29435", "Q3509055", "Q87066063", "Q24834502", "Q684554", "Q942350", "Q16996920", "Q4049344", "Q1601835", "Q29904539", "Q42591", "Q49798739", "Q5924007", "Q287315", "Q28206109", "Q27979156", "Q26549229", "Q58335745", "Q1662484", "Q73675958", "Q49243748", "Q28206952", "Q29944575", "Q99184084", "Q29000741"], "environments": {"three": {"co-oc": 0.42791633768164333, "tf-idf": 0.3846153846153846, "combined": 0.40626586114851393}, "two": {"co-oc": 0.4122882813404417, "tf-idf": 0.3076923076923077, "combined": 0.3599902945163747}, "one": {"co-oc": 0.15977965336968594, "tf-idf": 0.23076923076923078, "combined": 0.19527444206945838}, "four": {"co-oc": 1.572760822892084e-05, "tf-idf": 0.07692307692307693, "combined": 0.03846940226565292}}}