{"name": "39002078206670", "type": "rank", "number_files": 1912, "number_unknown": 154, "formats": ["Q28786544", "Q28205507", "Q3807693", "Q8811", "Q28771220", "Q27967123", "Q47233167", "Q2119595", "Q1888930", "Q28600412", "Q28755606", "Q95994246", "Q28858032", "Q62625561", "Q26211874", "Q28009496", "Q5924007", "Q32097899", "Q28206109", "Q26549229", "Q66134804", "Q28205479", "Q28975650", "Q2053", "Q10394822", "Q28770728", "Q81526237", "Q29151645", "Q34747804", "Q26211840", "Q27826469", "Q28205548", "Q34746472", "Q81526528", "Q81526664", "Q58006953", "Q28205883", "Q6912474", "Q32097740", "Q62626012", "Q7311459", "Q1343830", "Q26211940", "Q28207108", "Q26211957", "Q1676669", "Q26211948", "Q26211927", "Q66439259", "Q27826464", "Q26211915", "Q856364", "Q28758112", "Q28205475", "Q1601331", "Q29650304", "Q17073241", "Q1076355", "Q26211905", "Q27826466", "Q26211954", "Q723030", "Q26211936", "Q288405", "Q26211975", "Q5532250", "Q673906", "Q28049770", "Q166074", "Q26211983", "Q28551390", "Q28344021", "Q15955723", "Q28771107", "Q26211965", "Q4045294", "Q26211931", "Q27826468", "Q26211958", "Q26211977", "Q15938816", "Q26211978", "Q26211891", "Q218170", "Q27979156", "Q28771221", "Q99184084"], "environments": {"one": {"co-oc": 0.7054519466042121, "tf-idf": 0.3333333333333333, "combined": 0.5193926399687727}, "two": {"co-oc": 0.17196274844592596, "tf-idf": 0.25, "combined": 0.21098137422296298}, "three": {"co-oc": 0.08597397978810381, "tf-idf": 0.25, "combined": 0.16798698989405192}, "four": {"co-oc": 0.036611325161758176, "tf-idf": 0.16666666666666666, "combined": 0.10163899591421241}}}