{"name": "39002067185000", "type": "rank", "number_files": 21, "number_unknown": 2, "formats": ["Q28055391", "Q27596243", "Q34747804", "Q66439259", "Q48106551", "Q3807693", "Q66811836", "Q28758112", "Q1601331", "Q194831", "Q29650304", "Q28600763", "Q1076355", "Q47233167", "Q81526528", "Q4045294", "Q81526664", "Q58006953", "Q6912474", "Q32097740", "Q28755606", "Q95994246", "Q723030", "Q1882400", "Q27979410", "Q27967388", "Q684554", "Q1343830", "Q16996920", "Q28009496", "Q32097899", "Q27979156", "Q26549229", "Q28207108", "Q1662484", "Q28758102", "Q28049770", "Q1141412", "Q81526237"], "environments": {"two": {"co-oc": 0.9992787540766098, "tf-idf": 0.4, "combined": 0.6996393770383049}, "four": {"co-oc": 0.00024041530779675714, "tf-idf": 0.2, "combined": 0.10012020765389838}, "one": {"co-oc": 0.00024041530779675714, "tf-idf": 0.2, "combined": 0.10012020765389838}, "three": {"co-oc": 0.00024041530779675714, "tf-idf": 0.2, "combined": 0.10012020765389838}}}