{"name": "39002073490956", "type": "rank", "number_files": 418, "number_unknown": 0, "formats": ["Q66439259", "Q34747804", "Q50223812", "Q66811836", "Q28758112", "Q1601331", "Q194831", "Q29650304", "Q28600763", "Q1076355", "Q47233167", "Q81526528", "Q4045294", "Q81526664", "Q6912474", "Q32097740", "Q28755606", "Q29904540", "Q684554", "Q16996920", "Q5448342", "Q28009496", "Q32097899", "Q28206109", "Q5421818", "Q28207108", "Q1662484", "Q1676669", "Q99184084", "Q28049770", "Q1141412", "Q5153426", "Q81526237"], "environments": {"two": {"co-oc": 0.5004118450980253, "tf-idf": 0.25, "combined": 0.37520592254901264}, "one": {"co-oc": 0.2216868203692708, "tf-idf": 0.25, "combined": 0.2358434101846354}, "four": {"co-oc": 0.138950667266352, "tf-idf": 0.25, "combined": 0.19447533363317598}, "three": {"co-oc": 0.138950667266352, "tf-idf": 0.25, "combined": 0.19447533363317598}}}