{"name": "39002067182544", "type": "rank", "number_files": 50, "number_unknown": 7, "formats": ["Q28858044", "Q66439259", "Q48782394", "Q34747804", "Q1144005", "Q49243488", "Q59210786", "Q63061514", "Q28858041", "Q61641368", "Q29167914", "Q27826340", "Q28758112", "Q27979411", "Q61639409", "Q1601331", "Q29650304", "Q79241919", "Q47233167", "Q81526528", "Q28858038", "Q81526237", "Q1076355", "Q28858042", "Q48782098", "Q2276274", "Q81526664", "Q6912474", "Q32097740", "Q28755606", "Q85621726", "Q28858032", "Q28009488", "Q51801746", "Q60000066", "Q48782238", "Q47512572", "Q48782202", "Q28106114", "Q686498", "Q85621806", "Q28858035", "Q28009496", "Q479833", "Q62664770", "Q89029185", "Q63061396", "Q28551319", "Q32097899", "Q27826389", "Q28207108", "Q28858039", "Q28858037", "Q60628185", "Q28771288", "Q66439286", "Q48915661", "Q27473828", "Q28049770", "Q62664735"], "environments": {"two": {"co-oc": 0.5285240636148034, "tf-idf": 0.4615384615384615, "combined": 0.49503126257663244}, "one": {"co-oc": 0.47146445614233556, "tf-idf": 0.3846153846153846, "combined": 0.4280399203788601}, "four": {"co-oc": 5.7401214305157155e-06, "tf-idf": 0.07692307692307693, "combined": 0.038464408522253725}, "three": {"co-oc": 5.7401214305157155e-06, "tf-idf": 0.07692307692307693, "combined": 0.038464408522253725}}}