{"name": "39002104410106", "type": "rank", "number_files": 30, "number_unknown": 0, "formats": ["Q28786544", "Q8811", "Q66811836", "Q28600763", "Q1076355", "Q4045294", "Q28445577", "Q1888930", "Q62626012", "Q684554", "Q16996920", "Q28206109", "Q26549229", "Q1662484", "Q1676669", "Q2053", "Q58959314", "Q99184084", "Q166074"], "environments": {"one": {"co-oc": 0.8261646991780544, "tf-idf": 0.4444444444444445, "combined": 0.6353045718112494}, "two": {"co-oc": 0.173786938610518, "tf-idf": 0.33333333333333337, "combined": 0.25356013597192567}, "four": {"co-oc": 2.4181105713866495e-05, "tf-idf": 0.11111111111111112, "combined": 0.05556764610841249}, "three": {"co-oc": 2.4181105713866495e-05, "tf-idf": 0.11111111111111112, "combined": 0.05556764610841249}}}