{"name": "39002086956928", "type": "rank", "number_files": 647, "number_unknown": 116, "formats": ["Q66439259", "Q34747804", "Q26211840", "Q50223812", "Q3807693", "Q26211915", "Q28758112", "Q1601331", "Q29650304", "Q26211965", "Q47233167", "Q1076355", "Q81526528", "Q4045294", "Q26211931", "Q58006953", "Q26211905", "Q81526664", "Q32097740", "Q28755606", "Q6912474", "Q28600412", "Q95994246", "Q26211954", "Q26211958", "Q26211977", "Q26211936", "Q723030", "Q49243071", "Q29904540", "Q28858032", "Q26211978", "Q26211874", "Q26211940", "Q26211975", "Q26211891", "Q5448342", "Q28009496", "Q5532250", "Q32097899", "Q27979156", "Q5421818", "Q28207108", "Q66134804", "Q26211957", "Q26211948", "Q99184084", "Q26211983", "Q28049770", "Q10394822", "Q26211927", "Q5153426", "Q81526237"], "environments": {"one": {"co-oc": 0.5012901334870442, "tf-idf": 0.3333333333333333, "combined": 0.4173117334101888}, "two": {"co-oc": 0.49836837507900594, "tf-idf": 0.3333333333333333, "combined": 0.41585085420616963}, "four": {"co-oc": 0.0001707457169749281, "tf-idf": 0.16666666666666666, "combined": 0.08341870619182079}, "three": {"co-oc": 0.0001707457169749281, "tf-idf": 0.16666666666666666, "combined": 0.08341870619182079}}}