{"name": "39002089155825", "type": "rank", "number_files": 332, "number_unknown": 2, "formats": ["Q28206109", "Q723030", "Q27979156", "Q26549229", "Q1076355", "Q1676669", "Q4045294", "Q3807693", "Q99184084", "Q58006953", "Q95994246", "Q28858032"], "environments": {"one": {"co-oc": 0.9991001975470696, "tf-idf": 0.4, "combined": 0.6995500987735348}, "four": {"co-oc": 0.0002999341509768525, "tf-idf": 0.2, "combined": 0.10014996707548843}, "three": {"co-oc": 0.0002999341509768525, "tf-idf": 0.2, "combined": 0.10014996707548843}, "two": {"co-oc": 0.0002999341509768525, "tf-idf": 0.2, "combined": 0.10014996707548843}}}