{"name": "39002037652659", "type": "rank", "number_files": 6603, "number_unknown": 1936, "formats": ["Q28055391", "Q7434105", "Q28756168", "Q7671270", "Q9332294", "Q777561", "Q28206328", "Q5322705", "Q29209269", "Q66811836", "Q856364", "Q53756539", "Q51837120", "Q27979378", "Q58103465", "Q28600763", "Q1076355", "Q75717634", "Q75717796", "Q4045294", "Q28206147", "Q51916170", "Q34310996", "Q4545483", "Q28600412", "Q28755628", "Q1882400", "Q53756551", "Q921122", "Q27979410", "Q62625561", "Q684554", "Q1343830", "Q27960138", "Q16996920", "Q27526733", "Q47512572", "Q29904539", "Q1068805", "Q28206390", "Q28205727", "Q2193155", "Q27967131", "Q218170", "Q28206109", "Q279254", "Q58335745", "Q1662484", "Q28206138", "Q28758103", "Q8041715", "Q10287816", "Q99184084", "Q2627217", "Q29650301", "Q29904472", "Q79241659", "Q1141412"], "environments": {"one": {"co-oc": 0.9926837711901156, "tf-idf": 0.39999999999999997, "combined": 0.6963418855950578}, "four": {"co-oc": 0.0024387429366280566, "tf-idf": 0.19999999999999998, "combined": 0.10121937146831401}, "three": {"co-oc": 0.0024387429366280566, "tf-idf": 0.19999999999999998, "combined": 0.10121937146831401}, "two": {"co-oc": 0.0024387429366280566, "tf-idf": 0.19999999999999998, "combined": 0.10121937146831401}}}