{"name": "39002055100086", "type": "rank", "number_files": 1756, "number_unknown": 4, "formats": ["Q729366", "Q27596243", "Q27826464", "Q3807693", "Q66811836", "Q27826469", "Q28205580", "Q34746472", "Q194831", "Q58103465", "Q28206771", "Q28600763", "Q1076355", "Q4045294", "Q58006953", "Q28755628", "Q27826468", "Q27826466", "Q95994246", "Q723030", "Q27967388", "Q684554", "Q16996920", "Q27526733", "Q29904539", "Q28206109", "Q27979156", "Q1662484", "Q28205626", "Q99184084", "Q79241659", "Q1141412"], "environments": {"one": {"co-oc": 0.3333333333333333, "tf-idf": 0.3333333333333333, "combined": 0.3333333333333333}, "three": {"co-oc": 0.3333333333333333, "tf-idf": 0.3333333333333333, "combined": 0.3333333333333333}, "two": {"co-oc": 0.3333333333333333, "tf-idf": 0.3333333333333333, "combined": 0.3333333333333333}, "four": {"co-oc": 0.0, "tf-idf": 0.0, "combined": 0.0}}}