{"name": "39002012163938", "type": "rank", "number_files": 409, "number_unknown": 0, "formats": ["Q723030", "Q27979156", "Q921122", "Q1076355", "Q4045294", "Q1676669", "Q3807693", "Q28445577", "Q99184084", "Q58006953", "Q95994246", "Q178051"], "environments": {"one": {"co-oc": 0.35896376428781157, "tf-idf": 0.375, "combined": 0.3669818821439058}, "four": {"co-oc": 0.3205147771787323, "tf-idf": 0.25, "combined": 0.2852573885893661}, "three": {"co-oc": 0.3205147771787323, "tf-idf": 0.25, "combined": 0.2852573885893661}, "two": {"co-oc": 6.681354723904731e-06, "tf-idf": 0.125, "combined": 0.06250334067736195}}}