{"name": "39002010691633", "type": "rank", "number_files": 8, "number_unknown": 2, "formats": ["Q1662484", "Q28600763", "Q1076355", "Q684554", "Q16996920", "Q4045294", "Q66811836", "Q27229642", "Q61777776", "Q28205824", "Q27229608", "Q27229565", "Q433224", "Q178051"], "environments": {"one": {"co-oc": 0.9986045758098778, "tf-idf": 0.39999999999999997, "combined": 0.6993022879049389}, "four": {"co-oc": 0.0004651413967074481, "tf-idf": 0.19999999999999998, "combined": 0.10023257069835372}, "three": {"co-oc": 0.0004651413967074481, "tf-idf": 0.19999999999999998, "combined": 0.10023257069835372}, "two": {"co-oc": 0.0004651413967074481, "tf-idf": 0.19999999999999998, "combined": 0.10023257069835372}}}