{"name": "39002059644980", "type": "rank", "number_files": 689, "number_unknown": 4, "formats": ["Q28858068", "Q3807693", "Q47019464", "Q28600734", "Q60886160", "Q60806257", "Q60873199", "Q58006953", "Q28205883", "Q48625328", "Q95994246", "Q52834888", "Q59714459", "Q723030", "Q48551303", "Q1047541", "Q60806040", "Q60886323", "Q62664770", "Q61641450", "Q27979156", "Q28206109", "Q1676669", "Q99184084", "Q66134564"], "environments": {"four": {"co-oc": 0.3326903073821641, "tf-idf": 0.31578947368421056, "combined": 0.32423989053318736}, "one": {"co-oc": 0.3326903073821641, "tf-idf": 0.31578947368421056, "combined": 0.32423989053318736}, "two": {"co-oc": 0.3259865867418038, "tf-idf": 0.26315789473684215, "combined": 0.294572240739323}, "three": {"co-oc": 0.008632798493868011, "tf-idf": 0.10526315789473685, "combined": 0.05694797819430243}}}