{"name": "39002081127103", "type": "rank", "number_files": 29, "number_unknown": 0, "formats": ["Q29944783", "Q729366", "Q29944779", "Q27826464", "Q29944777", "Q3807693", "Q66811836", "Q29944773", "Q27826469", "Q28205580", "Q29944782", "Q34746472", "Q29944987", "Q29944780", "Q29944786", "Q28206771", "Q28600763", "Q1076355", "Q4045294", "Q58006953", "Q27826468", "Q27826466", "Q95994246", "Q723030", "Q29944785", "Q29944758", "Q684554", "Q16996920", "Q28206109", "Q27979156", "Q26549229", "Q1662484", "Q29944776", "Q1676669", "Q28205626", "Q99184084", "Q1141412"], "environments": {"one": {"co-oc": 0.5145526103240651, "tf-idf": 0.46428571428571425, "combined": 0.4894191623048897}, "two": {"co-oc": 0.4846058985135351, "tf-idf": 0.42857142857142855, "combined": 0.45658866354248184}, "three": {"co-oc": 0.0008409854535213467, "tf-idf": 0.07142857142857141, "combined": 0.03613477844104638}, "four": {"co-oc": 5.057088784676046e-07, "tf-idf": 0.035714285714285705, "combined": 0.017857395711582087}}}