{"name": "39002012248689", "type": "rank", "number_files": 22, "number_unknown": 1, "formats": ["Q29944783", "Q29944779", "Q29944777", "Q3807693", "Q29944773", "Q29944782", "Q217570", "Q29944987", "Q29944780", "Q29944786", "Q28018470", "Q1076355", "Q4045294", "Q336284", "Q58006953", "Q95994246", "Q723030", "Q921122", "Q28018471", "Q29944785", "Q29944758", "Q47512572", "Q27979156", "Q26549229", "Q29944776"], "environments": {"one": {"co-oc": 0.5193958672253359, "tf-idf": 0.5172413793103448, "combined": 0.5183186232678403}, "two": {"co-oc": 0.4806036968450953, "tf-idf": 0.44827586206896547, "combined": 0.4644397794570304}, "three": {"co-oc": 4.3592956867433705e-07, "tf-idf": 0.03448275862068966, "combined": 0.017241597275129167}, "four": {"co-oc": 0.0, "tf-idf": 0.0, "combined": 0.0}}}