{"name": "39002096929840", "type": "rank", "number_files": 339, "number_unknown": 1, "formats": ["Q26549229", "Q1662484", "Q28600763", "Q1076355", "Q684554", "Q188199", "Q4045294", "Q1676669", "Q16996920", "Q66811836"], "environments": {"one": {"co-oc": 0.3276224181727533, "tf-idf": 0.25, "combined": 0.28881120908637664}, "four": {"co-oc": 0.23138671316952783, "tf-idf": 0.25, "combined": 0.24069335658476393}, "three": {"co-oc": 0.23138671316952783, "tf-idf": 0.25, "combined": 0.24069335658476393}, "two": {"co-oc": 0.20960415548819117, "tf-idf": 0.25, "combined": 0.22980207774409558}}}