{"name": "39002088465605", "type": "rank", "number_files": 19, "number_unknown": 2, "formats": ["Q729366", "Q1662484", "Q28600763", "Q28755730", "Q1076355", "Q684554", "Q28206771", "Q61707607", "Q4045294", "Q88372666", "Q28445577", "Q16996920", "Q66811836", "Q28205580", "Q99184084", "Q28205626", "Q5439272"], "environments": {"one": {"co-oc": 0.9985816192530257, "tf-idf": 0.5, "combined": 0.7492908096265128}, "three": {"co-oc": 0.0007091903734872308, "tf-idf": 0.25, "combined": 0.1253545951867436}, "two": {"co-oc": 0.0007091903734872308, "tf-idf": 0.25, "combined": 0.1253545951867436}, "four": {"co-oc": 0.0, "tf-idf": 0.0, "combined": 0.0}}}