{"name": "39002056160634", "type": "rank", "number_files": 410, "number_unknown": 81, "formats": ["Q28344021", "Q27596243", "Q856364", "Q34284437", "Q1076355", "Q2119595", "Q4045294", "Q28206318", "Q28205883", "Q15938816", "Q7311459", "Q34284450", "Q29000599", "Q39184097", "Q479833", "Q21040945", "Q26549229", "Q1109779", "Q1676669", "Q28975650"], "environments": {"one": {"co-oc": 0.9988320098950232, "tf-idf": 0.4, "combined": 0.6994160049475115}, "four": {"co-oc": 0.0003893300349923253, "tf-idf": 0.2, "combined": 0.10019466501749617}, "three": {"co-oc": 0.0003893300349923253, "tf-idf": 0.2, "combined": 0.10019466501749617}, "two": {"co-oc": 0.0003893300349923253, "tf-idf": 0.2, "combined": 0.10019466501749617}}}