{"name": "39002079517968", "type": "rank", "number_files": 118, "number_unknown": 0, "formats": ["Q29011569", "Q29011538", "Q29017304", "Q100135637", "Q29011710", "Q29011365", "Q34312718", "Q29012350", "Q66759482", "Q49989019", "Q29011646", "Q59851506", "Q29017306", "Q42591", "Q27487531", "Q99976195", "Q29011357", "Q25339304", "Q29011824", "Q29011358", "Q29011361", "Q29011977", "Q641213", "Q29000578", "Q29011514", "Q28600764", "Q29011579", "Q29011271", "Q27967351", "Q28600763", "Q29017312", "Q29012206", "Q29012224", "Q100136218", "Q16996920", "Q59851322", "Q29012120", "Q1662484", "Q29011223", "Q28600760", "Q1141412", "Q34306669", "Q71178742", "Q3551300", "Q99973597", "Q28205580", "Q452197", "Q29011549", "Q28205367", "Q1076355", "Q34312565", "Q29011484", "Q796483", "Q29011892", "Q29011774", "Q29012285", "Q653301", "Q29011363", "Q72273742", "Q2313301", "Q4042481", "Q29012054", "Q29011566", "Q28205626", "Q29011079", "Q166074", "Q28771320", "Q307271", "Q729366", "Q29017314", "Q29011315", "Q50378320", "Q28600421", "Q66811836", "Q29012190", "Q99973606", "Q45432", "Q28206771", "Q4045294", "Q29011347", "Q27910000", "Q28728783", "Q29017311", "Q684554", "Q942350", "Q29017309", "Q100136960", "Q2819247", "Q959950", "Q99184084", "Q100136955"], "environments": {"four": {"co-oc": 0.5800851971680625, "tf-idf": 0.25, "combined": 0.41504259858403125}, "one": {"co-oc": 0.24380124602774683, "tf-idf": 0.25, "combined": 0.24690062301387342}, "two": {"co-oc": 0.09986605177845947, "tf-idf": 0.25, "combined": 0.17493302588922974}, "three": {"co-oc": 0.07624750502573115, "tf-idf": 0.25, "combined": 0.16312375251286557}}}