{"name": "39002055108766", "type": "rank", "number_files": 565, "number_unknown": 421, "formats": ["Q729366", "Q27596243", "Q1144005", "Q28055391", "Q1141412", "Q64858274", "Q28344713", "Q2138624", "Q28600764", "Q3807693", "Q29209269", "Q66811836", "Q28205580", "Q28771319", "Q29000498", "Q50825548", "Q29650311", "Q79241659", "Q58103465", "Q28206771", "Q34284437", "Q1076355", "Q28600763", "Q67377613", "Q4045294", "Q28206147", "Q28755621", "Q58006953", "Q28755628", "Q95994246", "Q723030", "Q1882400", "Q27979410", "Q27967388", "Q684554", "Q19599377", "Q1343830", "Q942350", "Q16996920", "Q47512572", "Q29904539", "Q6043826", "Q27979382", "Q60615282", "Q27979156", "Q26549229", "Q28206138", "Q1662484", "Q28758103", "Q28205626", "Q29650301", "Q27526866", "Q28347555"], "environments": {"two": {"co-oc": 0.6646050911526644, "tf-idf": 0.4, "combined": 0.5323025455763322}, "three": {"co-oc": 0.33487276625118184, "tf-idf": 0.4, "combined": 0.3674363831255909}, "one": {"co-oc": 0.000522142596153744, "tf-idf": 0.2, "combined": 0.10026107129807688}, "four": {"co-oc": 0.0, "tf-idf": 0.0, "combined": 0.0}}}