{"name": "39002067185067", "type": "rank", "number_files": 1589, "number_unknown": 5, "formats": ["Q29151645", "Q27596243", "Q28207469", "Q28206049", "Q28786544", "Q8811", "Q3146723", "Q3807693", "Q17092932", "Q28205439", "Q27355592", "Q28206359", "Q17073241", "Q28205801", "Q1888930", "Q58006953", "Q1952321", "Q62626012", "Q95994246", "Q723030", "Q26385770", "Q288405", "Q28206162", "Q16965621", "Q28205944", "Q27526733", "Q28206373", "Q28206262", "Q28205670", "Q28205965", "Q28206272", "Q28206109", "Q27979156", "Q66134804", "Q28206497", "Q28206883", "Q26329648", "Q673906", "Q1676669", "Q28206306", "Q877050", "Q2053", "Q99184084", "Q166074", "Q79241659", "Q1228757"], "environments": {"one": {"co-oc": 0.9276398122952523, "tf-idf": 0.42857142857142855, "combined": 0.6781056204333404}, "three": {"co-oc": 0.07225575180847138, "tf-idf": 0.2857142857142857, "combined": 0.17898501876137854}, "four": {"co-oc": 5.221794813815236e-05, "tf-idf": 0.14285714285714285, "combined": 0.0714546804026405}, "two": {"co-oc": 5.221794813815236e-05, "tf-idf": 0.14285714285714285, "combined": 0.0714546804026405}}}