{"name": "39002068056770", "type": "rank", "number_files": 2035, "number_unknown": 486, "formats": ["Q61971919", "Q777561", "Q61727602", "Q28786544", "Q27866059", "Q3807693", "Q8811", "Q61971917", "Q47233167", "Q1888930", "Q27487522", "Q28755606", "Q95994246", "Q52834849", "Q27979154", "Q28207384", "Q59999653", "Q50604441", "Q1502796", "Q28207085", "Q28009496", "Q32097899", "Q28206109", "Q34312151", "Q2053", "Q81526237", "Q66663925", "Q34747804", "Q27866063", "Q51753051", "Q47538951", "Q81526528", "Q81526664", "Q58006953", "Q28206057", "Q6912474", "Q32097740", "Q27231651", "Q62626012", "Q27486884", "Q27866062", "Q5616826", "Q27231654", "Q27526733", "Q34312361", "Q61727514", "Q28205372", "Q28207108", "Q27923693", "Q1676669", "Q73514615", "Q46118194", "Q66439259", "Q27231634", "Q283579", "Q67383890", "Q51954585", "Q47012501", "Q28758112", "Q28205439", "Q1601331", "Q29650304", "Q60628025", "Q4746193", "Q61727559", "Q1076355", "Q44933672", "Q723030", "Q28205771", "Q29904450", "Q79242428", "Q27487130", "Q27473828", "Q61727504", "Q28049770", "Q166074", "Q61727569", "Q51954521", "Q60628005", "Q27487109", "Q27960128", "Q51753252", "Q1134089", "Q27487512", "Q4045294", "Q61727114", "Q48814895", "Q27349804", "Q27925722", "Q7670377", "Q28207379", "Q27979156", "Q99184084"], "environments": {"one": {"co-oc": 0.48286996314099095, "tf-idf": 0.3, "combined": 0.3914349815704955}, "two": {"co-oc": 0.36332726033631285, "tf-idf": 0.3, "combined": 0.3316636301681564}, "four": {"co-oc": 0.07690138826134807, "tf-idf": 0.2, "combined": 0.13845069413067404}, "three": {"co-oc": 0.07690138826134807, "tf-idf": 0.2, "combined": 0.13845069413067404}}}