{"name": "39002081438518", "type": "rank", "number_files": 645, "number_unknown": 2, "formats": ["Q729366", "Q27596243", "Q28205488", "Q3807693", "Q66811836", "Q28205580", "Q27596184", "Q217570", "Q28206771", "Q28600763", "Q1076355", "Q4045294", "Q58006953", "Q95994246", "Q723030", "Q684554", "Q16996920", "Q939636", "Q27979156", "Q66134804", "Q1662484", "Q28205626", "Q1141412"], "environments": {"one": {"co-oc": 0.5310443412534742, "tf-idf": 0.42857142857142855, "combined": 0.4798078849124514}, "two": {"co-oc": 0.2545764987358045, "tf-idf": 0.2857142857142857, "combined": 0.2701453922250451}, "three": {"co-oc": 0.21437916001072127, "tf-idf": 0.2857142857142857, "combined": 0.2500467228625035}, "four": {"co-oc": 0.0, "tf-idf": 0.0, "combined": 0.0}}}