{"name": "39002060372118", "type": "rank", "number_files": 5531, "number_unknown": 83, "formats": ["Q6026738", "Q27578057", "Q29209269", "Q3807693", "Q49799747", "Q194831", "Q28206359", "Q58725633", "Q47233167", "Q34310996", "Q28755628", "Q28755606", "Q95994246", "Q27967087", "Q1601835", "Q6043826", "Q49798739", "Q28009496", "Q5924007", "Q32097899", "Q28206109", "Q26549229", "Q47455968", "Q73675958", "Q29944575", "Q29000741", "Q29650301", "Q19599377", "Q81526237", "Q49798508", "Q87066066", "Q34747804", "Q28344713", "Q28771319", "Q85415853", "Q81526528", "Q28600763", "Q81526664", "Q58006953", "Q6912474", "Q32097740", "Q58335773", "Q29944206", "Q29435", "Q27979410", "Q3509055", "Q87066063", "Q1343830", "Q16996920", "Q60615282", "Q287315", "Q28207108", "Q1662484", "Q28758102", "Q28206952", "Q3928271", "Q1141412", "Q28055391", "Q66439259", "Q48106551", "Q49243488", "Q2138624", "Q28205580", "Q28758112", "Q1601331", "Q29650304", "Q1076355", "Q723030", "Q28206894", "Q27967388", "Q29904539", "Q58335745", "Q379741", "Q49243748", "Q28205626", "Q28049770", "Q27526866", "Q729366", "Q27596243", "Q66811836", "Q29000498", "Q58103465", "Q29000651", "Q28206771", "Q49799499", "Q4045294", "Q58237034", "Q1882400", "Q684554", "Q27473691", "Q27979156", "Q28758103", "Q99184084", "Q28206310"], "environments": {"two": {"co-oc": 0.3091107705705209, "tf-idf": 0.25, "combined": 0.27955538528526047}, "three": {"co-oc": 0.2594322708656685, "tf-idf": 0.33333333333333337, "combined": 0.29638280209950096}, "one": {"co-oc": 0.23104185779132738, "tf-idf": 0.25, "combined": 0.24052092889566368}, "four": {"co-oc": 0.20041510077248328, "tf-idf": 0.16666666666666669, "combined": 0.183540883719575}}}