{"name": "39002065943749", "type": "rank", "number_files": 2344, "number_unknown": 12, "formats": ["Q29944783", "Q65533627", "Q29944779", "Q27826464", "Q29944777", "Q3807693", "Q27826469", "Q29944773", "Q29944782", "Q34746472", "Q29944987", "Q29944780", "Q29944786", "Q58006953", "Q27826468", "Q27826466", "Q95994246", "Q921122", "Q723030", "Q29944785", "Q29944758", "Q1343830", "Q50419827", "Q2193155", "Q28206109", "Q27979156", "Q29944776", "Q1676669", "Q99184084", "Q93431491", "Q178051"], "environments": {"one": {"co-oc": 0.5063888515047203, "tf-idf": 0.4642857142857143, "combined": 0.4853372828952173}, "two": {"co-oc": 0.4747277992304386, "tf-idf": 0.39285714285714285, "combined": 0.4337924710437907}, "four": {"co-oc": 0.009441674632420544, "tf-idf": 0.07142857142857142, "combined": 0.040435123030495984}, "three": {"co-oc": 0.009441674632420544, "tf-idf": 0.07142857142857142, "combined": 0.040435123030495984}}}