{"name": "39002099460108", "type": "rank", "number_files": 240, "number_unknown": 79, "formats": ["Q49798508", "Q27596243", "Q28344021", "Q1144005", "Q61971919", "Q751800", "Q50223812", "Q27967181", "Q51954521", "Q3807693", "Q66811836", "Q49799747", "Q29167914", "Q856364", "Q51954585", "Q10397009", "Q61971917", "Q60628005", "Q47012412", "Q217570", "Q66759627", "Q60628025", "Q29000651", "Q28600763", "Q1076355", "Q2119595", "Q44933672", "Q49799499", "Q4045294", "Q34310996", "Q2276274", "Q58006953", "Q71837258", "Q61974843", "Q95994246", "Q58335773", "Q29904540", "Q723030", "Q28009488", "Q28858032", "Q52834849", "Q29905095", "Q5010021", "Q3509055", "Q6457314", "Q7311459", "Q684554", "Q28009498", "Q16996920", "Q85513175", "Q49798739", "Q5448342", "Q51370102", "Q479833", "Q28756608", "Q27979156", "Q26549229", "Q5421818", "Q58335745", "Q1662484", "Q28771288", "Q27487130", "Q66134804", "Q28206952", "Q29000741", "Q47538013", "Q5153426"], "environments": {"one": {"co-oc": 0.7452071388449933, "tf-idf": 0.5000000000000001, "combined": 0.6226035694224967}, "two": {"co-oc": 0.2546693475487644, "tf-idf": 0.33333333333333337, "combined": 0.29400134044104886}, "three": {"co-oc": 0.00012351360624227552, "tf-idf": 0.16666666666666669, "combined": 0.08339509013645448}, "four": {"co-oc": 0.0, "tf-idf": 0.0, "combined": 0.0}}}