{"name": "39002103623410", "type": "rank", "number_files": 1130, "number_unknown": 20, "formats": ["Q28858044", "Q48782394", "Q29650330", "Q28207469", "Q28206049", "Q28049670", "Q63061514", "Q28858041", "Q3146723", "Q61641368", "Q63036182", "Q61639409", "Q27355592", "Q2192", "Q58103465", "Q27349828", "Q73019664", "Q28858038", "Q28858042", "Q28205801", "Q48782098", "Q73019618", "Q28755628", "Q85621726", "Q28858032", "Q51801746", "Q723030", "Q28600256", "Q48551303", "Q28206162", "Q27526739", "Q60000066", "Q16965621", "Q28205944", "Q28206373", "Q48782238", "Q29904539", "Q48782202", "Q27526733", "Q28205670", "Q28205965", "Q28858035", "Q85621806", "Q686498", "Q27967116", "Q218170", "Q28206272", "Q62664770", "Q63061396", "Q27979156", "Q61641450", "Q48694183", "Q66134804", "Q28858039", "Q28206883", "Q28858037", "Q60628185", "Q62619688", "Q66439286", "Q28206306", "Q48915661", "Q877050", "Q99184084", "Q62664735", "Q1228757"], "environments": {"one": {"co-oc": 0.519217526861852, "tf-idf": 0.4375, "combined": 0.478358763430926}, "two": {"co-oc": 0.47253776731750646, "tf-idf": 0.31249999999999994, "combined": 0.3925188836587532}, "three": {"co-oc": 0.008239464917230056, "tf-idf": 0.18749999999999997, "combined": 0.09786973245861501}, "four": {"co-oc": 5.240903411624496e-06, "tf-idf": 0.062499999999999986, "combined": 0.031252620451705806}}}