{"name": "39002010447887", "type": "rank", "number_files": 403, "number_unknown": 1, "formats": ["Q28206109", "Q723030", "Q27979156", "Q1662484", "Q28600763", "Q1076355", "Q684554", "Q16996920", "Q1676669", "Q3807693", "Q66811836", "Q99184084", "Q58006953", "Q95994246"], "environments": {"four": {"co-oc": 0.3333333333333333, "tf-idf": 0.33333333333333337, "combined": 0.33333333333333337}, "one": {"co-oc": 0.3333333333333333, "tf-idf": 0.33333333333333337, "combined": 0.33333333333333337}, "three": {"co-oc": 0.3333333333333333, "tf-idf": 0.33333333333333337, "combined": 0.33333333333333337}, "two": {"co-oc": 0.0, "tf-idf": 0.0, "combined": 0.0}}}