{"name": "39002065932841", "type": "rank", "number_files": 5909, "number_unknown": 29, "formats": ["Q27596243", "Q27826464", "Q28786544", "Q8811", "Q3807693", "Q66811836", "Q27826469", "Q61777776", "Q34746472", "Q28600763", "Q1076355", "Q4045294", "Q1888930", "Q58006953", "Q27826468", "Q62626012", "Q27826466", "Q95994246", "Q723030", "Q684554", "Q16996920", "Q27526733", "Q28206109", "Q27979156", "Q26549229", "Q1662484", "Q1676669", "Q2053", "Q99184084", "Q166074", "Q79241659", "Q307271"], "environments": {"one": {"co-oc": 0.8327103711728341, "tf-idf": 0.42857142857142855, "combined": 0.6306408998721313}, "two": {"co-oc": 0.167056306978827, "tf-idf": 0.2857142857142857, "combined": 0.22638529634655635}, "four": {"co-oc": 0.00011666092416950271, "tf-idf": 0.14285714285714285, "combined": 0.07148690189065618}, "three": {"co-oc": 0.00011666092416950271, "tf-idf": 0.14285714285714285, "combined": 0.07148690189065618}}}