{"name": "39002012181997", "type": "rank", "number_files": 43, "number_unknown": 1, "formats": ["Q28347555", "Q28344713", "Q3807693", "Q28771319", "Q29000498", "Q4045294", "Q28206147", "Q28755621", "Q58006953", "Q95994246", "Q723030", "Q27967388", "Q27967091", "Q47512572", "Q6043826", "Q27979156", "Q66134804", "Q28206138", "Q19599377", "Q1141412"], "environments": {"one": {"co-oc": 0.9997226000417537, "tf-idf": 0.6666666666666666, "combined": 0.8331946333542102}, "two": {"co-oc": 0.000277399958246298, "tf-idf": 0.3333333333333333, "combined": 0.1668053666457898}, "four": {"co-oc": 0.0, "tf-idf": 0.0, "combined": 0.0}, "three": {"co-oc": 0.0, "tf-idf": 0.0, "combined": 0.0}}}