{"name": "39002067758749", "type": "rank", "number_files": 8, "number_unknown": 0, "formats": ["Q723030", "Q27979156", "Q66134804", "Q4045294", "Q3807693", "Q58006953", "Q95994246"], "environments": {"one": {"co-oc": 0.9999203331453163, "tf-idf": 0.6666666666666667, "combined": 0.8332934999059916}, "two": {"co-oc": 7.966685468371626e-05, "tf-idf": 0.33333333333333337, "combined": 0.16670650009400853}, "four": {"co-oc": 0.0, "tf-idf": 0.0, "combined": 0.0}, "three": {"co-oc": 0.0, "tf-idf": 0.0, "combined": 0.0}}}