{"name": "39002041996084", "type": "rank", "number_files": 5258, "number_unknown": 174, "formats": ["Q723030", "Q27979156", "Q28600256", "Q29650330", "Q27349828", "Q28049670", "Q62619688", "Q1676669", "Q27526733", "Q3807693", "Q27967116", "Q99184084", "Q58006953", "Q63036182", "Q95994246", "Q218170"], "environments": {"three": {"co-oc": 0.9988506764795433, "tf-idf": 0.5, "combined": 0.7494253382397716}, "four": {"co-oc": 0.0005746617602284414, "tf-idf": 0.25, "combined": 0.12528733088011423}, "one": {"co-oc": 0.0005746617602284414, "tf-idf": 0.25, "combined": 0.12528733088011423}, "two": {"co-oc": 0.0, "tf-idf": 0.0, "combined": 0.0}}}