{"name": "39002038476751", "type": "rank", "number_files": 146, "number_unknown": 47, "formats": ["Q1144005", "Q1141412", "Q64858274", "Q3807693", "Q29167914", "Q66811836", "Q48021763", "Q58103465", "Q28600763", "Q67377613", "Q4045294", "Q2276274", "Q58006953", "Q28755628", "Q48004607", "Q95994246", "Q28009488", "Q723030", "Q48021588", "Q684554", "Q16996920", "Q29904539", "Q66689327", "Q939636", "Q27979156", "Q48005022", "Q1662484", "Q28771288", "Q48004869"], "environments": {"one": {"co-oc": 0.9999939498899666, "tf-idf": 0.8333333333333333, "combined": 0.9166636416116499}, "two": {"co-oc": 6.050110033450294e-06, "tf-idf": 0.16666666666666666, "combined": 0.08333635838835006}, "four": {"co-oc": 0.0, "tf-idf": 0.0, "combined": 0.0}, "three": {"co-oc": 0.0, "tf-idf": 0.0, "combined": 0.0}}}