{"name": "39002046431913", "type": "rank", "number_files": 973, "number_unknown": 43, "formats": ["Q3807693", "Q27967123", "Q194831", "Q47233167", "Q34310996", "Q2276274", "Q28755606", "Q95994246", "Q26211874", "Q28009496", "Q32097899", "Q28206109", "Q47455968", "Q10394822", "Q81526237", "Q34747804", "Q26211840", "Q61707607", "Q28600763", "Q81526528", "Q81526664", "Q58006953", "Q28205883", "Q6912474", "Q32097740", "Q27979410", "Q1343830", "Q16996920", "Q27526733", "Q26211940", "Q479833", "Q28207108", "Q1662484", "Q28758102", "Q26211957", "Q26211948", "Q3928271", "Q26211927", "Q1141412", "Q28055391", "Q66439259", "Q48106551", "Q49243488", "Q26211915", "Q29167914", "Q28205580", "Q28758112", "Q217570", "Q1601331", "Q29650304", "Q1076355", "Q26211905", "Q26211954", "Q723030", "Q26211936", "Q27967388", "Q26211975", "Q939636", "Q5532250", "Q58335745", "Q28771288", "Q28205626", "Q26211983", "Q28049770", "Q729366", "Q27596243", "Q66811836", "Q26211965", "Q28206771", "Q4045294", "Q26211931", "Q28009488", "Q26211977", "Q26211958", "Q1882400", "Q684554", "Q26211978", "Q27473691", "Q26211891", "Q947746", "Q28009476", "Q27979156", "Q99184084", "Q28206310"], "environments": {"two": {"co-oc": 0.3576567267354628, "tf-idf": 0.27272727272727276, "combined": 0.3151919997313678}, "one": {"co-oc": 0.28033248321374055, "tf-idf": 0.27272727272727276, "combined": 0.27652987797050665}, "three": {"co-oc": 0.2316332334686457, "tf-idf": 0.27272727272727276, "combined": 0.2521802530979592}, "four": {"co-oc": 0.13037755658215094, "tf-idf": 0.18181818181818182, "combined": 0.15609786920016638}}}