{"name": "39002104462628", "type": "rank", "number_files": 900, "number_unknown": 487, "formats": ["Q3807693", "Q61641368", "Q61639409", "Q475488", "Q47233167", "Q28755606", "Q95994246", "Q28858032", "Q60000066", "Q26211874", "Q48782238", "Q28009496", "Q686498", "Q32097899", "Q28858039", "Q28858037", "Q34312151", "Q10394822", "Q81526237", "Q34747804", "Q26211840", "Q28858041", "Q81526528", "Q28858038", "Q28858042", "Q81526664", "Q58006953", "Q28205883", "Q6912474", "Q32097740", "Q51801746", "Q26211940", "Q48782202", "Q34312361", "Q28858035", "Q63061396", "Q28207108", "Q27923693", "Q26211957", "Q26211948", "Q26211927", "Q28858044", "Q66439259", "Q63061514", "Q26211915", "Q28758112", "Q1601331", "Q29650304", "Q1076355", "Q26211905", "Q85621726", "Q26211954", "Q723030", "Q26211936", "Q26211975", "Q85621806", "Q5532250", "Q62664770", "Q66439286", "Q48915661", "Q26211983", "Q28049770", "Q62664735", "Q48782394", "Q26211965", "Q4045294", "Q48782098", "Q26211931", "Q26211958", "Q26211977", "Q26211978", "Q27925722", "Q87765717", "Q26211891", "Q27979156", "Q60628185", "Q99184084"], "environments": {"two": {"co-oc": 0.5211143774883172, "tf-idf": 0.4117647058823529, "combined": 0.4664395416853351}, "one": {"co-oc": 0.47720278311170755, "tf-idf": 0.4117647058823529, "combined": 0.4444837444970302}, "three": {"co-oc": 0.0016776757869696463, "tf-idf": 0.11764705882352942, "combined": 0.059662367305249535}, "four": {"co-oc": 5.1636130055118676e-06, "tf-idf": 0.05882352941176471, "combined": 0.02941434651238511}}}