{"name": "39002010247980", "type": "rank", "number_files": 11, "number_unknown": 0, "formats": ["Q28206109", "Q1353763", "Q27895063", "Q1662484", "Q28600763", "Q1076355", "Q684554", "Q16996920", "Q1676669", "Q28445577", "Q4045294", "Q66811836", "Q99184084"], "environments": {"one": {"co-oc": 0.9998551680517698, "tf-idf": 0.5, "combined": 0.7499275840258849}, "four": {"co-oc": 4.82773160766443e-05, "tf-idf": 0.16666666666666669, "combined": 0.08335747199137167}, "three": {"co-oc": 4.82773160766443e-05, "tf-idf": 0.16666666666666669, "combined": 0.08335747199137167}, "two": {"co-oc": 4.82773160766443e-05, "tf-idf": 0.16666666666666669, "combined": 0.08335747199137167}}}