{"name": "39002104183133", "type": "rank", "number_files": 8671, "number_unknown": 16, "formats": ["Q729366", "Q29151645", "Q27826464", "Q28786544", "Q3807693", "Q8811", "Q66811836", "Q28205580", "Q27826469", "Q34746472", "Q17092932", "Q2192", "Q28206359", "Q28206771", "Q28600763", "Q17073241", "Q1888930", "Q58006953", "Q27826468", "Q1952321", "Q27826466", "Q95994246", "Q62626012", "Q723030", "Q26385770", "Q288405", "Q684554", "Q16996920", "Q27526733", "Q28206262", "Q27526739", "Q479833", "Q28206109", "Q27979156", "Q1662484", "Q28206497", "Q26329648", "Q673906", "Q1676669", "Q10287816", "Q28205626", "Q2053", "Q99184084", "Q166074"], "environments": {"one": {"co-oc": 0.47054768784861684, "tf-idf": 0.33333333333333337, "combined": 0.40194051059097513}, "three": {"co-oc": 0.3113039129976864, "tf-idf": 0.33333333333333337, "combined": 0.32231862316550985}, "four": {"co-oc": 0.21810688244918444, "tf-idf": 0.22222222222222224, "combined": 0.22016455233570334}, "two": {"co-oc": 4.151670451215889e-05, "tf-idf": 0.11111111111111112, "combined": 0.05557631390781164}}}