{"name": "39002010607274", "type": "rank", "number_files": 5, "number_unknown": 0, "formats": ["Q729366", "Q27231634", "Q27866063", "Q27866059", "Q66811836", "Q28205580", "Q58103465", "Q28206771", "Q28600763", "Q1076355", "Q4045294", "Q28755628", "Q27231651", "Q27866062", "Q28205771", "Q28207384", "Q684554", "Q16996920", "Q27231654", "Q1502796", "Q29904539", "Q7670377", "Q28207379", "Q28205372", "Q1662484", "Q28205626"], "environments": {"one": {"co-oc": 0.3333333333333333, "tf-idf": 0.33333333333333337, "combined": 0.33333333333333337}, "three": {"co-oc": 0.3333333333333333, "tf-idf": 0.33333333333333337, "combined": 0.33333333333333337}, "two": {"co-oc": 0.3333333333333333, "tf-idf": 0.33333333333333337, "combined": 0.33333333333333337}, "four": {"co-oc": 0.0, "tf-idf": 0.0, "combined": 0.0}}}