{"name": "39002081129554", "type": "rank", "number_files": 25, "number_unknown": 0, "formats": ["Q29944783", "Q29944779", "Q29944777", "Q66811836", "Q29944773", "Q29944782", "Q29944987", "Q29944780", "Q29944786", "Q28600763", "Q1076355", "Q4045294", "Q29944785", "Q29944758", "Q684554", "Q16996920", "Q26549229", "Q66134804", "Q1662484", "Q29944776"], "environments": {"one": {"co-oc": 0.5101901028953305, "tf-idf": 0.52, "combined": 0.5150950514476653}, "two": {"co-oc": 0.48980989710466943, "tf-idf": 0.48, "combined": 0.4849049485523347}, "four": {"co-oc": 0.0, "tf-idf": 0.0, "combined": 0.0}, "three": {"co-oc": 0.0, "tf-idf": 0.0, "combined": 0.0}}}