{"name": "39002097740279", "type": "rank", "number_files": 47, "number_unknown": 0, "formats": ["Q28206109", "Q26549229", "Q66134804", "Q1662484", "Q28600763", "Q1076355", "Q684554", "Q27826464", "Q16996920", "Q1676669", "Q4045294", "Q66811836", "Q27826469", "Q99184084", "Q34746472", "Q27826468", "Q27826466"], "environments": {"one": {"co-oc": 0.9999069836866028, "tf-idf": 0.5000000000000001, "combined": 0.7499534918433015}, "four": {"co-oc": 3.100543779898755e-05, "tf-idf": 0.16666666666666669, "combined": 0.08334883605223284}, "three": {"co-oc": 3.100543779898755e-05, "tf-idf": 0.16666666666666669, "combined": 0.08334883605223284}, "two": {"co-oc": 3.100543779898755e-05, "tf-idf": 0.16666666666666669, "combined": 0.08334883605223284}}}