{"name": "39002067758459", "type": "rank", "number_files": 382, "number_unknown": 107, "formats": ["Q729366", "Q66439259", "Q34747804", "Q1144005", "Q52005965", "Q49243488", "Q3807693", "Q66811836", "Q28205580", "Q28758112", "Q28205439", "Q1601331", "Q29650304", "Q89101317", "Q58103465", "Q6753724", "Q47233167", "Q81526528", "Q1072083", "Q28600763", "Q28206771", "Q4045294", "Q81526664", "Q58006953", "Q28755628", "Q6912474", "Q32097740", "Q28755606", "Q95994246", "Q52006189", "Q723030", "Q52059869", "Q684554", "Q16996920", "Q3513566", "Q29904539", "Q28009496", "Q28771316", "Q60615282", "Q29000614", "Q89029185", "Q32097899", "Q27979156", "Q28207108", "Q1662484", "Q28205626", "Q28049770", "Q27526866", "Q1141412", "Q81526237"], "environments": {"three": {"co-oc": 0.5722038627773349, "tf-idf": 0.42857142857142855, "combined": 0.5003876456743818}, "two": {"co-oc": 0.4275055467431205, "tf-idf": 0.2857142857142857, "combined": 0.3566099162287031}, "four": {"co-oc": 0.0001452952397722678, "tf-idf": 0.14285714285714285, "combined": 0.07150121904845756}, "one": {"co-oc": 0.0001452952397722678, "tf-idf": 0.14285714285714285, "combined": 0.07150121904845756}}}