{"name": "39002081438492", "type": "rank", "number_files": 21059, "number_unknown": 19682, "formats": ["Q729366", "Q27596243", "Q28205488", "Q3807693", "Q66811836", "Q28205580", "Q27596184", "Q217570", "Q28206771", "Q28600763", "Q1076355", "Q4045294", "Q336284", "Q28600412", "Q58006953", "Q95994246", "Q723030", "Q66439261", "Q684554", "Q59653966", "Q16996920", "Q42591", "Q27979156", "Q28206381", "Q66134804", "Q1662484", "Q28205626", "Q99184084", "Q1141412"], "environments": {"one": {"co-oc": 0.3851616059607251, "tf-idf": 0.3636363636363636, "combined": 0.37439898479854433}, "two": {"co-oc": 0.3125620663186538, "tf-idf": 0.2727272727272727, "combined": 0.29264466952296325}, "three": {"co-oc": 0.30226413255251044, "tf-idf": 0.2727272727272727, "combined": 0.28749570263989155}, "four": {"co-oc": 1.2195168110718821e-05, "tf-idf": 0.0909090909090909, "combined": 0.045460643038600805}}}