{"name": "39002077135136", "type": "rank", "number_files": 8951, "number_unknown": 0, "formats": ["Q27596243", "Q50223812", "Q48004869", "Q27826464", "Q28786544", "Q3807693", "Q8811", "Q27826469", "Q34746472", "Q48021763", "Q194831", "Q1888930", "Q58006953", "Q48004607", "Q27826468", "Q62626012", "Q95994246", "Q29904540", "Q27826466", "Q723030", "Q48021588", "Q5448342", "Q28206109", "Q27979156", "Q26549229", "Q48005022", "Q66134804", "Q5421818", "Q1676669", "Q2053", "Q99184084", "Q166074", "Q1141412", "Q5153426", "Q178051"], "environments": {"one": {"co-oc": 0.9232759256446196, "tf-idf": 0.6153846153846153, "combined": 0.7693302705146174}, "four": {"co-oc": 0.03836025158116015, "tf-idf": 0.15384615384615383, "combined": 0.096103202713657}, "three": {"co-oc": 0.03836025158116015, "tf-idf": 0.15384615384615383, "combined": 0.096103202713657}, "two": {"co-oc": 3.5711930601556538e-06, "tf-idf": 0.07692307692307691, "combined": 0.038463324058068536}}}