{"name": "39002078941987", "type": "rank", "number_files": 231, "number_unknown": 12, "formats": ["Q729366", "Q66439259", "Q34747804", "Q27826464", "Q66811836", "Q28205580", "Q27826469", "Q28758112", "Q34746472", "Q1601331", "Q29650304", "Q28206771", "Q28600763", "Q1076355", "Q47233167", "Q81526528", "Q4045294", "Q28445577", "Q81526664", "Q6912474", "Q32097740", "Q28755606", "Q27826468", "Q27826466", "Q684554", "Q16996920", "Q28009496", "Q5924007", "Q32097899", "Q28206109", "Q26549229", "Q28207108", "Q1662484", "Q66134804", "Q1676669", "Q10287816", "Q28205626", "Q99184084", "Q28049770", "Q1141412", "Q81526237"], "environments": {"one": {"co-oc": 0.7690518829340068, "tf-idf": 0.3, "combined": 0.5345259414670034}, "three": {"co-oc": 0.10330412395595752, "tf-idf": 0.3, "combined": 0.20165206197797875}, "two": {"co-oc": 0.0974923812025097, "tf-idf": 0.19999999999999998, "combined": 0.14874619060125485}, "four": {"co-oc": 0.030151611907525952, "tf-idf": 0.19999999999999998, "combined": 0.11507580595376296}}}