{"name": "39002085858521", "type": "rank", "number_files": 27, "number_unknown": 0, "formats": ["Q26549229", "Q66134804", "Q1676669"], "environments": {"one": {"co-oc": 0.9999655827057122, "tf-idf": 0.5, "combined": 0.7499827913528561}, "four": {"co-oc": 1.7208647143931133e-05, "tf-idf": 0.25, "combined": 0.12500860432357197}, "three": {"co-oc": 1.7208647143931133e-05, "tf-idf": 0.25, "combined": 0.12500860432357197}, "two": {"co-oc": 0.0, "tf-idf": 0.0, "combined": 0.0}}}