{"name": "39002103098662", "type": "rank", "number_files": 177, "number_unknown": 19, "formats": ["Q6026738", "Q87066066", "Q729366", "Q49798508", "Q49243488", "Q27578057", "Q3807693", "Q66811836", "Q28205580", "Q49799747", "Q28206359", "Q58103465", "Q58725633", "Q28206771", "Q28600763", "Q1076355", "Q85415853", "Q29000651", "Q49799499", "Q4045294", "Q58237034", "Q34310996", "Q58006953", "Q28755628", "Q95994246", "Q58335773", "Q29944206", "Q723030", "Q28206894", "Q29435", "Q3509055", "Q87066063", "Q684554", "Q16996920", "Q1601835", "Q29904539", "Q49798739", "Q5924007", "Q287315", "Q28206109", "Q27979156", "Q26549229", "Q58335745", "Q1662484", "Q73675958", "Q49243748", "Q28205626", "Q28206952", "Q29944575", "Q99184084", "Q29000741"], "environments": {"three": {"co-oc": 0.996759759701689, "tf-idf": 0.5, "combined": 0.7483798798508445}, "one": {"co-oc": 0.0016201201491554554, "tf-idf": 0.25, "combined": 0.12581006007457773}, "two": {"co-oc": 0.0016201201491554554, "tf-idf": 0.25, "combined": 0.12581006007457773}, "four": {"co-oc": 0.0, "tf-idf": 0.0, "combined": 0.0}}}