{"name": "39002068052571", "type": "rank", "number_files": 1054, "number_unknown": 14, "formats": ["Q61971919", "Q29209269", "Q3807693", "Q49799747", "Q61971917", "Q28206359", "Q34310996", "Q95994246", "Q52834849", "Q28207085", "Q1601835", "Q6043826", "Q49798739", "Q60886323", "Q26549229", "Q29944776", "Q73675958", "Q29944575", "Q45347222", "Q29000741", "Q29650301", "Q19599377", "Q49798508", "Q87066066", "Q28344713", "Q28919071", "Q51753051", "Q28771319", "Q85415853", "Q28600763", "Q60873199", "Q58006953", "Q58335773", "Q29944206", "Q27486884", "Q29435", "Q3509055", "Q87066063", "Q16996920", "Q60615282", "Q287315", "Q1662484", "Q28206952", "Q1141412", "Q49243488", "Q29944777", "Q28858068", "Q51954585", "Q29944773", "Q28205580", "Q29944782", "Q29944987", "Q60628025", "Q29944786", "Q1076355", "Q44933672", "Q60806257", "Q723030", "Q27967388", "Q58335745", "Q27487130", "Q49243748", "Q28205626", "Q27526866", "Q29944783", "Q729366", "Q29944779", "Q51954521", "Q66811836", "Q29000498", "Q60628005", "Q27487109", "Q51753252", "Q29944780", "Q29000651", "Q28206771", "Q60886160", "Q49799499", "Q4045294", "Q52834888", "Q29944785", "Q29944758", "Q684554", "Q60806040", "Q27979156", "Q28758103"], "environments": {"one": {"co-oc": 0.4546458505572748, "tf-idf": 0.42499999999999993, "combined": 0.43982292527863737}, "two": {"co-oc": 0.4546458505572748, "tf-idf": 0.42499999999999993, "combined": 0.43982292527863737}, "four": {"co-oc": 0.09070793177369522, "tf-idf": 0.12500000000000003, "combined": 0.10785396588684762}, "three": {"co-oc": 3.671117553258865e-07, "tf-idf": 0.025, "combined": 0.012500183555877663}}}