{"name": "39002063926027", "type": "rank", "number_files": 72, "number_unknown": 8, "formats": ["Q1144005", "Q729366", "Q3807693", "Q66811836", "Q28205580", "Q58103465", "Q28206771", "Q28600763", "Q1076355", "Q4045294", "Q58006953", "Q28755628", "Q95994246", "Q723030", "Q28205771", "Q28207384", "Q684554", "Q16996920", "Q27925722", "Q29904539", "Q7670377", "Q28207379", "Q34312361", "Q5924007", "Q28206109", "Q27979156", "Q26549229", "Q66134804", "Q1662484", "Q34312151", "Q27923693", "Q1676669", "Q28205626", "Q99184084", "Q1141412"], "environments": {"one": {"co-oc": 0.8446022841330517, "tf-idf": 0.4285714285714286, "combined": 0.6365868563522401}, "three": {"co-oc": 0.15530533626900148, "tf-idf": 0.2857142857142857, "combined": 0.22050981099164357}, "four": {"co-oc": 4.618979897330138e-05, "tf-idf": 0.14285714285714285, "combined": 0.07145166632805808}, "two": {"co-oc": 4.618979897330138e-05, "tf-idf": 0.14285714285714285, "combined": 0.07145166632805808}}}