{"name": "39002053930781", "type": "rank", "number_files": 4445, "number_unknown": 131, "formats": ["Q66439259", "Q34747804", "Q50223812", "Q27826464", "Q28786544", "Q3807693", "Q8811", "Q66811836", "Q27826469", "Q28758112", "Q34746472", "Q1601331", "Q194831", "Q29650304", "Q34284525", "Q66310989", "Q47233167", "Q81526528", "Q28600763", "Q1076355", "Q4045294", "Q1888930", "Q28600412", "Q81526664", "Q28205883", "Q6912474", "Q32097740", "Q1165116", "Q28755606", "Q58006953", "Q95994246", "Q29904540", "Q62626012", "Q723030", "Q48625328", "Q62625561", "Q59714459", "Q27826466", "Q684554", "Q1047541", "Q28919168", "Q16996920", "Q27526733", "Q28207044", "Q5448342", "Q28009496", "Q2193155", "Q32097899", "Q28206109", "Q27979156", "Q5421818", "Q28207108", "Q1662484", "Q1817318", "Q2053", "Q99184084", "Q28049770", "Q166074", "Q66134564", "Q27826468", "Q5153426", "Q81526237"], "environments": {"two": {"co-oc": 0.6506283444427227, "tf-idf": 0.3333333333333333, "combined": 0.491980838888028}, "three": {"co-oc": 0.1961183222342414, "tf-idf": 0.3333333333333333, "combined": 0.26472582778378734}, "one": {"co-oc": 0.1531159712990982, "tf-idf": 0.2222222222222222, "combined": 0.1876690967606602}, "four": {"co-oc": 0.00013736202393782387, "tf-idf": 0.1111111111111111, "combined": 0.055624236567524465}}}