{"name": "39002079540275", "type": "rank", "number_files": 3370, "number_unknown": 0, "formats": ["Q27826464", "Q3807693", "Q66811836", "Q27826469", "Q34746472", "Q28600763", "Q1076355", "Q4045294", "Q28600412", "Q58006953", "Q27826468", "Q27826466", "Q95994246", "Q921122", "Q723030", "Q684554", "Q16996920", "Q27526733", "Q5924007", "Q28206109", "Q27979156", "Q26549229", "Q1662484", "Q1676669", "Q99184084"], "environments": {"one": {"co-oc": 0.9987229785805685, "tf-idf": 0.39999999999999997, "combined": 0.6993614892902842}, "four": {"co-oc": 0.0004256738064772134, "tf-idf": 0.19999999999999998, "combined": 0.1002128369032386}, "three": {"co-oc": 0.0004256738064772134, "tf-idf": 0.19999999999999998, "combined": 0.1002128369032386}, "two": {"co-oc": 0.0004256738064772134, "tf-idf": 0.19999999999999998, "combined": 0.1002128369032386}}}