{"name": "39002067759598", "type": "rank", "number_files": 65, "number_unknown": 0, "formats": ["Q729366", "Q66811836", "Q28205580", "Q194831", "Q58103465", "Q28206771", "Q28600763", "Q1076355", "Q4045294", "Q28755628", "Q28205883", "Q15938816", "Q684554", "Q16996920", "Q29904539", "Q66134804", "Q1662484", "Q28975650", "Q28205626"], "environments": {"one": {"co-oc": 0.9994542054854529, "tf-idf": 0.5, "combined": 0.7497271027427265}, "three": {"co-oc": 0.0002728972572735418, "tf-idf": 0.25, "combined": 0.12513644862863676}, "two": {"co-oc": 0.0002728972572735418, "tf-idf": 0.25, "combined": 0.12513644862863676}, "four": {"co-oc": 0.0, "tf-idf": 0.0, "combined": 0.0}}}