{"name": "39002083034984", "type": "rank", "number_files": 6623, "number_unknown": 1, "formats": ["Q729366", "Q27596243", "Q34747804", "Q66439259", "Q751800", "Q3807693", "Q66811836", "Q28205580", "Q28758112", "Q10397009", "Q217570", "Q1601331", "Q194831", "Q29650304", "Q28206771", "Q47233167", "Q81526528", "Q81526237", "Q1076355", "Q28600763", "Q4045294", "Q81526664", "Q58006953", "Q6912474", "Q32097740", "Q28755606", "Q95994246", "Q921122", "Q723030", "Q684554", "Q16996920", "Q27925722", "Q34312361", "Q28009496", "Q2193155", "Q32097899", "Q28206109", "Q27979156", "Q28207108", "Q1662484", "Q34312151", "Q27923693", "Q1676669", "Q28205626", "Q99184084", "Q28049770", "Q1141412", "Q178051"], "environments": {"three": {"co-oc": 0.44251904012390997, "tf-idf": 0.3333333333333333, "combined": 0.38792618672862167}, "one": {"co-oc": 0.3850296198533105, "tf-idf": 0.26666666666666666, "combined": 0.32584814325998857}, "four": {"co-oc": 0.09201427497868882, "tf-idf": 0.19999999999999998, "combined": 0.1460071374893444}, "two": {"co-oc": 0.08043706504409076, "tf-idf": 0.19999999999999998, "combined": 0.14021853252204536}}}