{"name": "39002053940129", "type": "rank", "number_files": 1648, "number_unknown": 15, "formats": ["Q1144005", "Q27596243", "Q34747804", "Q66439259", "Q28055391", "Q48106551", "Q751800", "Q27231634", "Q28206625", "Q27866063", "Q27866059", "Q3807693", "Q260180", "Q28758112", "Q53756539", "Q28205846", "Q28205439", "Q27979378", "Q1601331", "Q194831", "Q29650304", "Q47233167", "Q1076355", "Q81526528", "Q5301", "Q4045294", "Q4545483", "Q81526664", "Q58006953", "Q6912474", "Q32097740", "Q28755606", "Q27231651", "Q95994246", "Q58335773", "Q723030", "Q53756551", "Q1882400", "Q27979410", "Q27866062", "Q3509055", "Q1381134", "Q28205771", "Q28207384", "Q27967388", "Q1343830", "Q27231654", "Q28771302", "Q1502796", "Q4049344", "Q7670377", "Q28207379", "Q28009496", "Q28205727", "Q28756261", "Q32097899", "Q27979156", "Q28205372", "Q28207108", "Q85415606", "Q28758102", "Q1676669", "Q99184084", "Q28049770", "Q28757904", "Q1141412", "Q81526237"], "environments": {"two": {"co-oc": 0.4763373313700273, "tf-idf": 0.25, "combined": 0.36316866568501366}, "one": {"co-oc": 0.24686723575239275, "tf-idf": 0.25, "combined": 0.2484336178761964}, "four": {"co-oc": 0.13839771643879004, "tf-idf": 0.25, "combined": 0.19419885821939503}, "three": {"co-oc": 0.13839771643879004, "tf-idf": 0.25, "combined": 0.19419885821939503}}}