{"name": "39002078010312", "type": "rank", "number_files": 1104, "number_unknown": 369, "formats": ["Q61971919", "Q66439259", "Q34747804", "Q51954521", "Q3807693", "Q51954585", "Q27826340", "Q28758112", "Q61971917", "Q60628005", "Q1601331", "Q29650304", "Q60628025", "Q4746193", "Q47233167", "Q1076355", "Q81526528", "Q44933672", "Q4045294", "Q28445577", "Q81526664", "Q58006953", "Q6912474", "Q32097740", "Q28755606", "Q95994246", "Q28858032", "Q723030", "Q52834849", "Q27979154", "Q79242428", "Q50604441", "Q27349804", "Q27925722", "Q34312361", "Q28009496", "Q32097899", "Q27979156", "Q27826346", "Q26549229", "Q27826389", "Q66134804", "Q28207108", "Q27487130", "Q34312151", "Q27923693", "Q99184084", "Q28049770", "Q81526237"], "environments": {"one": {"co-oc": 0.5012761655510194, "tf-idf": 0.33333333333333337, "combined": 0.4173047494421764}, "two": {"co-oc": 0.4983860402529913, "tf-idf": 0.33333333333333337, "combined": 0.4158596867931623}, "four": {"co-oc": 0.00016889709799466627, "tf-idf": 0.16666666666666669, "combined": 0.08341778188233068}, "three": {"co-oc": 0.00016889709799466627, "tf-idf": 0.16666666666666669, "combined": 0.08341778188233068}}}