{"name": "39002073625890", "type": "rank", "number_files": 1728, "number_unknown": 962, "formats": ["Q28207447", "Q7671270", "Q50223812", "Q28786544", "Q3807693", "Q61641368", "Q8811", "Q61639409", "Q47233167", "Q2119595", "Q1888930", "Q28755628", "Q28755606", "Q95994246", "Q28858032", "Q27979278", "Q60000066", "Q26211874", "Q48782238", "Q686498", "Q28009496", "Q5924007", "Q32097899", "Q28206109", "Q26549229", "Q66134804", "Q28858039", "Q28858037", "Q2053", "Q10394822", "Q81526237", "Q29151645", "Q34747804", "Q26211840", "Q28858041", "Q28205846", "Q81526528", "Q28858038", "Q28858042", "Q51916170", "Q81526664", "Q58006953", "Q6912474", "Q32097740", "Q62626012", "Q29904540", "Q51801746", "Q7311459", "Q26211940", "Q48782202", "Q5448342", "Q28858035", "Q63061396", "Q5421818", "Q28207108", "Q26211957", "Q26211948", "Q34748575", "Q26211927", "Q1141412", "Q28858044", "Q66439259", "Q27966930", "Q63061514", "Q26211915", "Q856364", "Q28758112", "Q1601331", "Q29650304", "Q17073241", "Q1076355", "Q26211905", "Q85621726", "Q26211954", "Q723030", "Q26211936", "Q288405", "Q66689208", "Q26211975", "Q29904539", "Q85621806", "Q5532250", "Q62664770", "Q673906", "Q66439286", "Q48915661", "Q26211983", "Q166074", "Q28049770", "Q5153426", "Q62664735", "Q375296", "Q28344021", "Q48782394", "Q58103465", "Q1353763", "Q26211965", "Q48782098", "Q26211931", "Q26211958", "Q26211977", "Q27895063", "Q1381134", "Q26211978", "Q26211891", "Q28207499", "Q28207452", "Q27979156", "Q60628185", "Q1326659", "Q99184084", "Q10852293"], "environments": {"one": {"co-oc": 0.5206039092328052, "tf-idf": 0.47058823529411764, "combined": 0.4955960722634614}, "two": {"co-oc": 0.47938553242243254, "tf-idf": 0.4117647058823529, "combined": 0.44557511915239273}, "four": {"co-oc": 5.2791723811298415e-06, "tf-idf": 0.05882352941176471, "combined": 0.02941440429207292}, "three": {"co-oc": 5.2791723811298415e-06, "tf-idf": 0.05882352941176471, "combined": 0.02941440429207292}}}