{"name": "39002086975555", "type": "rank", "number_files": 15, "number_unknown": 8, "formats": ["Q28206109", "Q66134804", "Q1076355", "Q4045294", "Q1141412", "Q1952708"], "environments": {"one": {"co-oc": 0.999931282206288, "tf-idf": 0.6666666666666666, "combined": 0.8332989744364774}, "two": {"co-oc": 6.871779371203215e-05, "tf-idf": 0.3333333333333333, "combined": 0.16670102556352268}, "four": {"co-oc": 0.0, "tf-idf": 0.0, "combined": 0.0}, "three": {"co-oc": 0.0, "tf-idf": 0.0, "combined": 0.0}}}