{"name": "39002079388949", "type": "rank", "number_files": 347, "number_unknown": 1, "formats": ["Q28055391", "Q27596243", "Q27967216", "Q58335687", "Q3807693", "Q194831", "Q1076355", "Q4045294", "Q58006953", "Q95994246", "Q723030", "Q1882400", "Q27979410", "Q59961105", "Q27473691", "Q1343830", "Q939636", "Q27979156", "Q47455968", "Q28758102", "Q28206310", "Q3928271", "Q1141412"], "environments": {"one": {"co-oc": 0.9995375246091206, "tf-idf": 0.5, "combined": 0.7497687623045604}, "four": {"co-oc": 0.0002312376954397378, "tf-idf": 0.25, "combined": 0.12511561884771988}, "two": {"co-oc": 0.0002312376954397378, "tf-idf": 0.25, "combined": 0.12511561884771988}, "three": {"co-oc": 0.0, "tf-idf": 0.0, "combined": 0.0}}}