{"name": "39002059641226", "type": "rank", "number_files": 429, "number_unknown": 77, "formats": ["Q61971919", "Q27866059", "Q3807693", "Q61971917", "Q194831", "Q47233167", "Q59999470", "Q55089059", "Q27487522", "Q28755606", "Q95994246", "Q52834849", "Q59851255", "Q27979154", "Q28207384", "Q27473250", "Q61315973", "Q59999653", "Q50604441", "Q1502796", "Q28207085", "Q691652", "Q28009496", "Q32097899", "Q47455968", "Q61576485", "Q34312151", "Q28205807", "Q28205955", "Q81526237", "Q61315572", "Q34747804", "Q61315206", "Q27866063", "Q51753051", "Q43975668", "Q61131191", "Q61053371", "Q28206284", "Q81526528", "Q81526664", "Q58006953", "Q6912474", "Q32097740", "Q27231651", "Q27486884", "Q27979410", "Q27866062", "Q1343830", "Q27231654", "Q27526733", "Q34312361", "Q43975877", "Q28205372", "Q28207108", "Q28975796", "Q28758102", "Q27923693", "Q3928271", "Q28731049", "Q1141412", "Q28055391", "Q66439259", "Q46118194", "Q43975347", "Q27231634", "Q48106551", "Q283579", "Q67383890", "Q60886472", "Q29651082", "Q28975794", "Q51954585", "Q61135623", "Q28758112", "Q61315377", "Q1601331", "Q60628025", "Q29650304", "Q4746193", "Q44933672", "Q74021144", "Q27979508", "Q723030", "Q61135953", "Q61315785", "Q28205771", "Q27967388", "Q79242428", "Q27487348", "Q27487130", "Q51093528", "Q60887256", "Q28206851", "Q28049770", "Q61053201", "Q43974596", "Q27473615", "Q51954521", "Q60628005", "Q27487109", "Q61692923", "Q27960128", "Q51753252", "Q27996219", "Q1134089", "Q27487512", "Q61578345", "Q4045294", "Q48814895", "Q28206185", "Q1882400", "Q27487343", "Q27967381", "Q27473691", "Q27349804", "Q27925722", "Q61576757", "Q7670377", "Q28207379", "Q27979156", "Q56827141", "Q28206310", "Q28206053"], "environments": {"two": {"co-oc": 0.4980153723009537, "tf-idf": 0.25, "combined": 0.37400768615047686}, "one": {"co-oc": 0.24039793663602313, "tf-idf": 0.25, "combined": 0.24519896831801158}, "four": {"co-oc": 0.22739271797526212, "tf-idf": 0.25, "combined": 0.23869635898763106}, "three": {"co-oc": 0.03419397308776098, "tf-idf": 0.25, "combined": 0.14209698654388048}}}