{"name": "39002110496172", "type": "rank", "number_files": 377, "number_unknown": 2, "formats": ["Q729366", "Q3807693", "Q66811836", "Q28205580", "Q17092932", "Q28205439", "Q28206359", "Q28206771", "Q28600763", "Q1076355", "Q336284", "Q4045294", "Q58006953", "Q1952321", "Q95994246", "Q723030", "Q26385770", "Q684554", "Q16996920", "Q28206262", "Q42591", "Q939636", "Q28206109", "Q27979156", "Q1662484", "Q28206497", "Q26329648", "Q1676669", "Q28205626", "Q99184084"], "environments": {"one": {"co-oc": 0.41156504235131985, "tf-idf": 0.3, "combined": 0.3557825211756599}, "three": {"co-oc": 0.3531850895039255, "tf-idf": 0.3, "combined": 0.32659254475196275}, "four": {"co-oc": 0.13017747433595128, "tf-idf": 0.19999999999999998, "combined": 0.16508873716797562}, "two": {"co-oc": 0.1050723938088034, "tf-idf": 0.19999999999999998, "combined": 0.15253619690440168}}}