{"name": "39002087704897", "type": "rank", "number_files": 429, "number_unknown": 1, "formats": ["Q26211840", "Q26211915", "Q66811836", "Q26211965", "Q28600763", "Q1076355", "Q4045294", "Q26211931", "Q26211905", "Q26211954", "Q26211958", "Q26211977", "Q26211936", "Q684554", "Q26211978", "Q26211874", "Q188199", "Q16996920", "Q26211940", "Q26211975", "Q26211891", "Q5532250", "Q28206109", "Q26549229", "Q66134804", "Q1662484", "Q26211957", "Q26211948", "Q1676669", "Q99184084", "Q26211983", "Q10394822", "Q26211927", "Q178051"], "environments": {"one": {"co-oc": 0.5246738136186226, "tf-idf": 0.33333333333333337, "combined": 0.429003573475978}, "four": {"co-oc": 0.23411947593737778, "tf-idf": 0.25000000000000006, "combined": 0.2420597379686889}, "three": {"co-oc": 0.23411947593737778, "tf-idf": 0.25000000000000006, "combined": 0.2420597379686889}, "two": {"co-oc": 0.0070872345066217875, "tf-idf": 0.16666666666666669, "combined": 0.08687695058664424}}}