{"name": "39002053133360", "type": "rank", "number_files": 470, "number_unknown": 100, "formats": ["Q1144005", "Q27596243", "Q34747804", "Q66439259", "Q28344713", "Q3807693", "Q28771319", "Q28758112", "Q29000498", "Q1601331", "Q29650304", "Q58103465", "Q47233167", "Q81526528", "Q1076355", "Q4045294", "Q81526664", "Q58006953", "Q28755628", "Q6912474", "Q32097740", "Q28755606", "Q95994246", "Q723030", "Q27967388", "Q29904539", "Q6043826", "Q28009496", "Q32097899", "Q27979156", "Q28207108", "Q28049770", "Q19599377", "Q1141412", "Q81526237"], "environments": {"two": {"co-oc": 0.9990401213818402, "tf-idf": 0.4, "combined": 0.6995200606909201}, "four": {"co-oc": 0.00031995953938663, "tf-idf": 0.2, "combined": 0.10015997976969332}, "one": {"co-oc": 0.00031995953938663, "tf-idf": 0.2, "combined": 0.10015997976969332}, "three": {"co-oc": 0.00031995953938663, "tf-idf": 0.2, "combined": 0.10015997976969332}}}