{"name": "39002067754094", "type": "rank", "number_files": 3813, "number_unknown": 8, "formats": ["Q29011569", "Q29011538", "Q29017304", "Q28786544", "Q8811", "Q3807693", "Q29011710", "Q194831", "Q47233167", "Q29011365", "Q1888930", "Q28755606", "Q29012350", "Q95994246", "Q29011646", "Q26211874", "Q29017306", "Q29011357", "Q28009496", "Q29011824", "Q29011358", "Q32097899", "Q28206109", "Q66134804", "Q29011361", "Q2053", "Q10394822", "Q29011977", "Q81526237", "Q34747804", "Q26211840", "Q29011514", "Q28600764", "Q29011579", "Q29011271", "Q81526528", "Q29017312", "Q29012206", "Q29012224", "Q81526664", "Q58006953", "Q6912474", "Q32097740", "Q62626012", "Q27526733", "Q26211940", "Q29012120", "Q28207108", "Q29011223", "Q26211957", "Q26211948", "Q1676669", "Q26211927", "Q1141412", "Q66439259", "Q26211915", "Q28758112", "Q1601331", "Q29011549", "Q29650304", "Q1076355", "Q29011484", "Q26211905", "Q26211954", "Q723030", "Q26211936", "Q29011892", "Q29011774", "Q29012285", "Q26211975", "Q29011363", "Q5532250", "Q29012054", "Q29011566", "Q29011079", "Q28049770", "Q26211983", "Q166074", "Q29017314", "Q29011315", "Q29012190", "Q26211965", "Q4045294", "Q29011347", "Q26211931", "Q26211958", "Q26211977", "Q29017311", "Q26211978", "Q942350", "Q26211891", "Q29017309", "Q27979156", "Q99184084"], "environments": {"one": {"co-oc": 0.658373341750676, "tf-idf": 0.30769230769230765, "combined": 0.4830328247214918}, "two": {"co-oc": 0.21430839472027363, "tf-idf": 0.30769230769230765, "combined": 0.2610003512062906}, "three": {"co-oc": 0.10343753067029701, "tf-idf": 0.23076923076923075, "combined": 0.16710338071976388}, "four": {"co-oc": 0.023880732858753372, "tf-idf": 0.15384615384615383, "combined": 0.0888634433524536}}}