{"name": "39002046084597", "type": "rank", "number_files": 9, "number_unknown": 3, "formats": ["Q47455565", "Q66439259", "Q34747804", "Q3807693", "Q28758112", "Q28777715", "Q1601331", "Q29650304", "Q4042979", "Q47455466", "Q47233167", "Q1076355", "Q81526528", "Q623334", "Q4045294", "Q81526664", "Q58006953", "Q6912474", "Q32097740", "Q28755606", "Q95994246", "Q723030", "Q1343830", "Q28009496", "Q28758002", "Q1882110", "Q32097899", "Q27979156", "Q28207108", "Q28049770", "Q66244789", "Q81526237"], "environments": {"two": {"co-oc": 0.5777948094853602, "tf-idf": 0.4444444444444445, "combined": 0.5111196269649023}, "one": {"co-oc": 0.4221719378482623, "tf-idf": 0.33333333333333337, "combined": 0.37775263559079786}, "four": {"co-oc": 1.6626333188794575e-05, "tf-idf": 0.11111111111111112, "combined": 0.05556386872214995}, "three": {"co-oc": 1.6626333188794575e-05, "tf-idf": 0.11111111111111112, "combined": 0.05556386872214995}}}