{"name": "39002072160865", "type": "rank", "number_files": 298, "number_unknown": 11, "formats": ["Q55758993", "Q3807693", "Q61641368", "Q48021763", "Q61639409", "Q28207363", "Q48004607", "Q95994246", "Q28858032", "Q58799889", "Q60000066", "Q51789671", "Q26211874", "Q48782238", "Q6043826", "Q686498", "Q28206109", "Q66134804", "Q28858039", "Q28858037", "Q10394822", "Q26211840", "Q55758988", "Q28858041", "Q27826469", "Q28771319", "Q34746472", "Q28858038", "Q50809751", "Q28858042", "Q98815369", "Q58006953", "Q51801746", "Q76142694", "Q26211940", "Q48782202", "Q28858035", "Q63061396", "Q26211957", "Q26211948", "Q26211927", "Q28858044", "Q2138624", "Q29650793", "Q63061514", "Q27826464", "Q26211915", "Q87816075", "Q50809753", "Q1076355", "Q26211905", "Q27826466", "Q85621726", "Q26211954", "Q723030", "Q26211936", "Q28206843", "Q26211975", "Q85621806", "Q5532250", "Q62664770", "Q58007215", "Q48005022", "Q66439286", "Q48915661", "Q26211983", "Q48004869", "Q62664735", "Q27596243", "Q48782394", "Q29000498", "Q28207256", "Q26211965", "Q28445577", "Q48782098", "Q3406936", "Q26211931", "Q27826468", "Q26211958", "Q26211977", "Q62625630", "Q48021588", "Q26211978", "Q26211891", "Q27979156", "Q50809785", "Q60628185", "Q7395247", "Q99184084"], "environments": {"one": {"co-oc": 0.7748981354623043, "tf-idf": 0.6875, "combined": 0.7311990677311522}, "two": {"co-oc": 0.2251018645376956, "tf-idf": 0.3125, "combined": 0.2688009322688478}, "four": {"co-oc": 0.0, "tf-idf": 0.0, "combined": 0.0}, "three": {"co-oc": 0.0, "tf-idf": 0.0, "combined": 0.0}}}