{"name": "39002037721264", "type": "rank", "number_files": 76, "number_unknown": 7, "formats": ["Q1144005", "Q27596243", "Q34747804", "Q66439259", "Q47455565", "Q48106551", "Q28055391", "Q777561", "Q26211840", "Q283579", "Q29209269", "Q3807693", "Q26211915", "Q28758112", "Q28777715", "Q10394822", "Q1601331", "Q194831", "Q29650304", "Q4042979", "Q47455466", "Q47233167", "Q1076355", "Q81526528", "Q26211965", "Q4045294", "Q623334", "Q81526664", "Q58006953", "Q26211905", "Q6912474", "Q32097740", "Q28755606", "Q26211931", "Q95994246", "Q26211954", "Q26211958", "Q723030", "Q1882400", "Q62625561", "Q27979410", "Q26211936", "Q26211977", "Q27967388", "Q28206528", "Q1343830", "Q26211874", "Q26211978", "Q26211940", "Q26211975", "Q28600476", "Q26211891", "Q28009496", "Q5532250", "Q28758002", "Q1882110", "Q32097899", "Q27979156", "Q26549229", "Q28207108", "Q28758102", "Q28758103", "Q26211957", "Q10287816", "Q26211948", "Q28049770", "Q59535034", "Q29650301", "Q26211983", "Q26211927", "Q1141412", "Q66244789", "Q81526237"], "environments": {"two": {"co-oc": 0.5435419743365889, "tf-idf": 0.4444444444444445, "combined": 0.4939932093905167}, "one": {"co-oc": 0.45642653381986614, "tf-idf": 0.33333333333333337, "combined": 0.3948799335765998}, "four": {"co-oc": 1.574592177257365e-05, "tf-idf": 0.11111111111111112, "combined": 0.055563428516441846}, "three": {"co-oc": 1.574592177257365e-05, "tf-idf": 0.11111111111111112, "combined": 0.055563428516441846}}}