{"name": "39002090068066", "type": "rank", "number_files": 174, "number_unknown": 30, "formats": ["Q49798508", "Q87066066", "Q6026738", "Q27231634", "Q50223812", "Q49243488", "Q27578057", "Q27866063", "Q27866059", "Q3807693", "Q66811836", "Q49799747", "Q28206359", "Q58103465", "Q58725633", "Q29000651", "Q28600763", "Q1076355", "Q85415853", "Q49799499", "Q4045294", "Q58237034", "Q34310996", "Q58006953", "Q28755628", "Q27231651", "Q58335773", "Q29904540", "Q95994246", "Q723030", "Q29944206", "Q29435", "Q28206894", "Q27866062", "Q3509055", "Q87066063", "Q28205771", "Q28207384", "Q684554", "Q16996920", "Q27231654", "Q1502796", "Q1601835", "Q29904539", "Q28207379", "Q7670377", "Q49798739", "Q5448342", "Q5924007", "Q287315", "Q28206109", "Q27979156", "Q28205372", "Q26549229", "Q5421818", "Q58335745", "Q1662484", "Q73675958", "Q28206952", "Q49243748", "Q29944575", "Q99184084", "Q29000741", "Q5153426"], "environments": {"one": {"co-oc": 0.3333333333333333, "tf-idf": 0.3333333333333333, "combined": 0.3333333333333333}, "three": {"co-oc": 0.3333333333333333, "tf-idf": 0.3333333333333333, "combined": 0.3333333333333333}, "two": {"co-oc": 0.3333333333333333, "tf-idf": 0.3333333333333333, "combined": 0.3333333333333333}, "four": {"co-oc": 0.0, "tf-idf": 0.0, "combined": 0.0}}}