{"name": "39002085600923", "type": "rank", "number_files": 6825, "number_unknown": 2, "formats": ["Q47455565", "Q27826464", "Q28786544", "Q8811", "Q27826469", "Q34746472", "Q28777715", "Q17092932", "Q28206359", "Q4042979", "Q47455466", "Q1076355", "Q623334", "Q4045294", "Q1888930", "Q27826468", "Q1952321", "Q62626012", "Q27826466", "Q26385770", "Q62625561", "Q1343830", "Q28206262", "Q28758002", "Q1882110", "Q28206497", "Q26329648", "Q1676669", "Q2053", "Q99184084", "Q166074", "Q66244789"], "environments": {"one": {"co-oc": 0.554193540493676, "tf-idf": 0.45454545454545464, "combined": 0.5043694975195653}, "two": {"co-oc": 0.44578250925521545, "tf-idf": 0.3636363636363637, "combined": 0.4047094364457896}, "four": {"co-oc": 1.1975125554327155e-05, "tf-idf": 0.09090909090909093, "combined": 0.04546053301732263}, "three": {"co-oc": 1.1975125554327155e-05, "tf-idf": 0.09090909090909093, "combined": 0.04546053301732263}}}