{"name": "39002079542198", "type": "rank", "number_files": 2906, "number_unknown": 7, "formats": ["Q751800", "Q28786544", "Q8811", "Q3807693", "Q29946898", "Q29946692", "Q48805099", "Q61752300", "Q28206359", "Q26547266", "Q47455466", "Q26541013", "Q26085330", "Q1888930", "Q29946845", "Q47498555", "Q26546575", "Q95994246", "Q26085322", "Q47498565", "Q5924007", "Q28206109", "Q26549229", "Q66134804", "Q47498745", "Q2053", "Q66244789", "Q47498538", "Q2043942", "Q27826469", "Q34746472", "Q17092932", "Q47498749", "Q29946866", "Q28600763", "Q623334", "Q58006953", "Q29946713", "Q62626012", "Q26385770", "Q1343830", "Q51333820", "Q16996920", "Q27526733", "Q4049344", "Q28206262", "Q29946914", "Q28758002", "Q26085319", "Q29946121", "Q1662484", "Q26329648", "Q1676669", "Q47498736", "Q26085333", "Q61963304", "Q47455565", "Q27826464", "Q29946883", "Q26085336", "Q28205580", "Q29946829", "Q260180", "Q26547917", "Q28777715", "Q29946726", "Q4042979", "Q1076355", "Q26543628", "Q26085339", "Q29946810", "Q5533911", "Q27826466", "Q723030", "Q26085317", "Q26545877", "Q29946134", "Q42332", "Q59999786", "Q28206497", "Q28205626", "Q29946141", "Q166074", "Q729366", "Q66811836", "Q26548590", "Q2192", "Q28206771", "Q47498552", "Q4045294", "Q47498547", "Q27826468", "Q1952321", "Q24834502", "Q684554", "Q29946771", "Q27526739", "Q2193155", "Q29946937", "Q1882110", "Q27979156", "Q55429627", "Q99184084", "Q26085326"], "environments": {"one": {"co-oc": 0.3792808878099418, "tf-idf": 0.3409090909090909, "combined": 0.36009498935951634}, "two": {"co-oc": 0.3309064540038057, "tf-idf": 0.2954545454545454, "combined": 0.31318049972917555}, "four": {"co-oc": 0.2784932270769954, "tf-idf": 0.24999999999999997, "combined": 0.2642466135384977}, "three": {"co-oc": 0.011319431109257086, "tf-idf": 0.11363636363636365, "combined": 0.06247789737281036}}}