{"name": "39002086038545", "type": "rank", "number_files": 1019, "number_unknown": 0, "formats": ["Q29011569", "Q29011538", "Q29017314", "Q29011315", "Q29017304", "Q28786544", "Q29011514", "Q8811", "Q29011579", "Q29011271", "Q29012190", "Q29011710", "Q29011549", "Q1076355", "Q29017312", "Q4045294", "Q29011484", "Q29012206", "Q29011365", "Q29012224", "Q1888930", "Q29011347", "Q62626012", "Q29012350", "Q28858032", "Q29017311", "Q29011646", "Q29011892", "Q29011774", "Q29012285", "Q29017306", "Q29011363", "Q29011357", "Q29017309", "Q29012120", "Q29011358", "Q29011824", "Q28206109", "Q26549229", "Q66134804", "Q28600288", "Q29012054", "Q29011223", "Q29011566", "Q29011361", "Q2053", "Q29011079", "Q99184084", "Q166074", "Q29011977", "Q178051", "Q1228757"], "environments": {"one": {"co-oc": 0.8996132500886167, "tf-idf": 0.5, "combined": 0.6998066250443084}, "two": {"co-oc": 0.10021674367438714, "tf-idf": 0.25, "combined": 0.17510837183719358}, "four": {"co-oc": 8.500311849809262e-05, "tf-idf": 0.125, "combined": 0.06254250155924905}, "three": {"co-oc": 8.500311849809262e-05, "tf-idf": 0.125, "combined": 0.06254250155924905}}}