{"name": "39002100528232", "type": "rank", "number_files": 462, "number_unknown": 0, "formats": ["Q729366", "Q27596243", "Q27826464", "Q3807693", "Q66811836", "Q28205580", "Q27826469", "Q34746472", "Q28206771", "Q28600763", "Q1076355", "Q4045294", "Q58006953", "Q27826468", "Q27826466", "Q95994246", "Q723030", "Q684554", "Q16996920", "Q28206109", "Q27979156", "Q1662484", "Q1676669", "Q28205626", "Q99184084"], "environments": {"one": {"co-oc": 0.5470339947962768, "tf-idf": 0.33333333333333326, "combined": 0.440183664064805}, "three": {"co-oc": 0.45249969362817843, "tf-idf": 0.33333333333333326, "combined": 0.39291651348075585}, "four": {"co-oc": 0.0002331557877724171, "tf-idf": 0.16666666666666663, "combined": 0.08344991122721952}, "two": {"co-oc": 0.0002331557877724171, "tf-idf": 0.16666666666666663, "combined": 0.08344991122721952}}}