{"name": "39002119043215", "type": "rank", "number_files": 23, "number_unknown": 0, "formats": ["Q42591", "Q27979388"], "environments": {"four": {"co-oc": 0.9999503177560725, "tf-idf": 0.4, "combined": 0.6999751588780363}, "one": {"co-oc": 1.656074797587926e-05, "tf-idf": 0.2, "combined": 0.10000828037398794}, "three": {"co-oc": 1.656074797587926e-05, "tf-idf": 0.2, "combined": 0.10000828037398794}, "two": {"co-oc": 1.656074797587926e-05, "tf-idf": 0.2, "combined": 0.10000828037398794}}}