{"name": "39002012195211", "type": "rank", "number_files": 957, "number_unknown": 14, "formats": ["Q1076355", "Q942350", "Q4045294", "Q28600764", "Q1569639", "Q61777776"], "environments": {"two": {"co-oc": 0.5134251894401927, "tf-idf": 0.3333333333333333, "combined": 0.42337926138676296}, "one": {"co-oc": 0.48636474453103795, "tf-idf": 0.3333333333333333, "combined": 0.4098490389321856}, "four": {"co-oc": 0.00010503301438470055, "tf-idf": 0.16666666666666666, "combined": 0.08338584984052567}, "three": {"co-oc": 0.00010503301438470055, "tf-idf": 0.16666666666666666, "combined": 0.08338584984052567}}}