{"name": "39002079254992", "type": "rank", "number_files": 842, "number_unknown": 0, "formats": ["Q28206109", "Q66134804", "Q1076355", "Q27826464", "Q4045294", "Q27526733", "Q1676669", "Q27826469", "Q99184084", "Q34746472", "Q27826468", "Q5924007", "Q27826466", "Q79241659"], "environments": {"one": {"co-oc": 0.9998212994392726, "tf-idf": 0.5, "combined": 0.7499106497196363}, "four": {"co-oc": 5.9566853575830574e-05, "tf-idf": 0.16666666666666666, "combined": 0.08336311676012124}, "three": {"co-oc": 5.9566853575830574e-05, "tf-idf": 0.16666666666666666, "combined": 0.08336311676012124}, "two": {"co-oc": 5.9566853575830574e-05, "tf-idf": 0.16666666666666666, "combined": 0.08336311676012124}}}