{"name": "39002082349425", "type": "rank", "number_files": 844, "number_unknown": 269, "formats": ["Q729366", "Q27596243", "Q28205488", "Q751800", "Q48004869", "Q28205580", "Q48021763", "Q217570", "Q28206493", "Q58103465", "Q28206771", "Q1076355", "Q4045294", "Q28755628", "Q48004607", "Q48021588", "Q29904539", "Q939636", "Q48005022", "Q66134804", "Q28205626", "Q99184084", "Q1141412"], "environments": {"one": {"co-oc": 0.9761629790067825, "tf-idf": 0.6363636363636365, "combined": 0.8062633076852095}, "two": {"co-oc": 0.013209791851538335, "tf-idf": 0.18181818181818182, "combined": 0.09751398683486008}, "three": {"co-oc": 0.010627229141679274, "tf-idf": 0.18181818181818182, "combined": 0.09622270547993055}, "four": {"co-oc": 0.0, "tf-idf": 0.0, "combined": 0.0}}}