{"name": "39002068867713", "type": "rank", "number_files": 2577, "number_unknown": 311, "formats": ["Q751800", "Q3807693", "Q48021763", "Q2119595", "Q28206147", "Q28600412", "Q48004607", "Q95994246", "Q49243071", "Q62625561", "Q27979388", "Q26211874", "Q10610388", "Q66689327", "Q6043826", "Q28206109", "Q26549229", "Q34312151", "Q10394822", "Q26211840", "Q27861359", "Q50375236", "Q5322705", "Q96054624", "Q28771319", "Q27826469", "Q28975873", "Q34746472", "Q27861342", "Q28600763", "Q58006953", "Q28205883", "Q27979410", "Q7311459", "Q1343830", "Q16996920", "Q27526733", "Q26211940", "Q1068805", "Q34312361", "Q279254", "Q1662484", "Q672985", "Q27861323", "Q26211957", "Q26211948", "Q27923693", "Q1676669", "Q1250383", "Q26211927", "Q178051", "Q28055391", "Q27826464", "Q26211915", "Q28205580", "Q856364", "Q28205439", "Q217570", "Q1076355", "Q26211905", "Q27826466", "Q26211954", "Q723030", "Q26211936", "Q26211975", "Q47512572", "Q7323389", "Q5532250", "Q48005022", "Q62522682", "Q27861300", "Q28205626", "Q1569639", "Q26211983", "Q48004869", "Q28344021", "Q729366", "Q66811836", "Q29000498", "Q26211965", "Q28206771", "Q4045294", "Q26211931", "Q27826468", "Q26211958", "Q26211977", "Q1882400", "Q921122", "Q48021588", "Q684554", "Q26211978", "Q2858737", "Q27925722", "Q34285652", "Q26211891", "Q2193155", "Q47524710", "Q27979156", "Q28206138", "Q99184084"], "environments": {"one": {"co-oc": 0.7983474582360022, "tf-idf": 0.4782608695652174, "combined": 0.6383041639006097}, "three": {"co-oc": 0.10930335317811828, "tf-idf": 0.2173913043478261, "combined": 0.1633473287629722}, "four": {"co-oc": 0.051782576502520924, "tf-idf": 0.17391304347826086, "combined": 0.1128478099903909}, "two": {"co-oc": 0.04056661208335874, "tf-idf": 0.13043478260869565, "combined": 0.0855006973460272}}}