{"name": "39002101974328", "type": "rank", "number_files": 531, "number_unknown": 0, "formats": ["Q87574044", "Q29011569", "Q29011538", "Q29017314", "Q29011315", "Q29017304", "Q87648411", "Q29011514", "Q66811836", "Q28975658", "Q29011271", "Q29012190", "Q17092932", "Q29011710", "Q29011579", "Q29011549", "Q28206359", "Q87654419", "Q28600763", "Q1076355", "Q29017312", "Q87481940", "Q4045294", "Q29011484", "Q29012206", "Q29011365", "Q29012224", "Q29011977", "Q87476957", "Q29011347", "Q1952321", "Q87485941", "Q87572405", "Q29012350", "Q26385770", "Q29017311", "Q29011646", "Q29011892", "Q87476961", "Q684554", "Q29012285", "Q29011774", "Q87657455", "Q16996920", "Q28206262", "Q42591", "Q29017306", "Q29011363", "Q29011357", "Q29017309", "Q29012120", "Q29011358", "Q29011824", "Q87566099", "Q1662484", "Q28206497", "Q29012054", "Q29011223", "Q26329648", "Q87657661", "Q29011566", "Q1676669", "Q29011361", "Q87568714", "Q87647627", "Q87481529", "Q99184084", "Q29011079", "Q87572414"], "environments": {"one": {"co-oc": 0.5393160186959896, "tf-idf": 0.33333333333333326, "combined": 0.4363246760146614}, "four": {"co-oc": 0.1678234427267747, "tf-idf": 0.22222222222222218, "combined": 0.19502283247449845}, "three": {"co-oc": 0.1678234427267747, "tf-idf": 0.22222222222222218, "combined": 0.19502283247449845}, "two": {"co-oc": 0.12503709585046097, "tf-idf": 0.22222222222222218, "combined": 0.1736296590363416}}}