{"name": "39002073438997", "type": "rank", "number_files": 1707, "number_unknown": 1311, "formats": ["Q53756551", "Q217570", "Q27967445", "Q1076355", "Q29650305", "Q61707607", "Q4045294", "Q53756539", "Q27979378"], "environments": {"one": {"co-oc": 0.49997554340226147, "tf-idf": 0.4, "combined": 0.44998777170113075}, "two": {"co-oc": 0.49997554340226147, "tf-idf": 0.4, "combined": 0.44998777170113075}, "three": {"co-oc": 4.8913195476984586e-05, "tf-idf": 0.2, "combined": 0.1000244565977385}, "four": {"co-oc": 0.0, "tf-idf": 0.0, "combined": 0.0}}}