{"name": "39002078672897", "type": "rank", "number_files": 33, "number_unknown": 0, "formats": ["Q66134804", "Q1662484", "Q28600763", "Q28600288", "Q684554", "Q1076355", "Q27826464", "Q16996920", "Q1676669", "Q4045294", "Q66811836", "Q27826469", "Q99184084", "Q34746472", "Q27826468", "Q27826466", "Q28858032"], "environments": {"one": {"co-oc": 0.9998566135248732, "tf-idf": 0.5, "combined": 0.7499283067624366}, "four": {"co-oc": 4.7795491708830274e-05, "tf-idf": 0.16666666666666666, "combined": 0.08335723107918774}, "three": {"co-oc": 4.7795491708830274e-05, "tf-idf": 0.16666666666666666, "combined": 0.08335723107918774}, "two": {"co-oc": 4.7795491708830274e-05, "tf-idf": 0.16666666666666666, "combined": 0.08335723107918774}}}