{"name": "39002100905216", "type": "rank", "number_files": 3167, "number_unknown": 3, "formats": ["Q29011569", "Q29011538", "Q29017314", "Q29011315", "Q29017304", "Q29011514", "Q28600764", "Q29011579", "Q29011271", "Q29012190", "Q17092932", "Q29011710", "Q29011549", "Q28206359", "Q29017312", "Q29012206", "Q29011484", "Q29011365", "Q29012224", "Q29011347", "Q1952321", "Q29012350", "Q26385770", "Q29017311", "Q29011646", "Q29011892", "Q29011774", "Q29012285", "Q942350", "Q2858737", "Q27526733", "Q28206262", "Q29017306", "Q29011363", "Q29011357", "Q29017309", "Q29012120", "Q29011358", "Q29011824", "Q28206109", "Q26549229", "Q28206497", "Q29012054", "Q29011223", "Q26329648", "Q29011566", "Q1676669", "Q29011361", "Q29011079", "Q99184084", "Q29011977", "Q1056154"], "environments": {"three": {"co-oc": 0.9995212078790342, "tf-idf": 0.39999999999999997, "combined": 0.6997606039395171}, "four": {"co-oc": 0.0001595973736552735, "tf-idf": 0.19999999999999998, "combined": 0.10007979868682763}, "one": {"co-oc": 0.0001595973736552735, "tf-idf": 0.19999999999999998, "combined": 0.10007979868682763}, "two": {"co-oc": 0.0001595973736552735, "tf-idf": 0.19999999999999998, "combined": 0.10007979868682763}}}