{"name": "39002105334362", "type": "rank", "number_files": 46, "number_unknown": 2, "formats": ["Q29011569", "Q29011538", "Q29017314", "Q29011315", "Q34747804", "Q66439259", "Q29017304", "Q29011514", "Q3807693", "Q28758112", "Q29011579", "Q29011271", "Q29012190", "Q29011710", "Q29011549", "Q1601331", "Q29650304", "Q28344736", "Q47233167", "Q29017312", "Q81526237", "Q81526528", "Q29012206", "Q29011484", "Q29011365", "Q29012224", "Q29011347", "Q28445577", "Q7555481", "Q58006953", "Q81526664", "Q6912474", "Q32097740", "Q28755606", "Q29012350", "Q95994246", "Q723030", "Q29017311", "Q29011646", "Q27979388", "Q29011892", "Q29011774", "Q29012285", "Q2858737", "Q29017306", "Q29011363", "Q29011357", "Q29017309", "Q28009496", "Q29012120", "Q29011358", "Q29011824", "Q32097899", "Q47524710", "Q27979156", "Q28207108", "Q29012054", "Q29011223", "Q29011566", "Q29011361", "Q29011079", "Q99184084", "Q28049770", "Q29011977", "Q27967488"], "environments": {"four": {"co-oc": 0.6279893541257869, "tf-idf": 0.3333333333333333, "combined": 0.48066134372956015}, "three": {"co-oc": 0.18600532293710656, "tf-idf": 0.3333333333333333, "combined": 0.2596693281352199}, "two": {"co-oc": 0.18600532293710656, "tf-idf": 0.3333333333333333, "combined": 0.2596693281352199}, "one": {"co-oc": 0.0, "tf-idf": 0.0, "combined": 0.0}}}