{"name": "39002086950038", "type": "rank", "number_files": 76, "number_unknown": 0, "formats": ["Q1144005", "Q194831", "Q58103465", "Q29644119", "Q26549229", "Q66134804", "Q1076355", "Q4045294", "Q29904539", "Q28600412", "Q28755628", "Q95994804"], "environments": {"one": {"co-oc": 0.9998548666816098, "tf-idf": 0.6666666666666666, "combined": 0.8332607666741383}, "two": {"co-oc": 0.00014513331839014878, "tf-idf": 0.3333333333333333, "combined": 0.16673923332586174}, "four": {"co-oc": 0.0, "tf-idf": 0.0, "combined": 0.0}, "three": {"co-oc": 0.0, "tf-idf": 0.0, "combined": 0.0}}}