{"name": "39002087356854_D2", "type": "rank", "number_files": 61, "number_unknown": 0, "formats": ["Q66439259", "Q34747804", "Q29904535", "Q28758112", "Q1601331", "Q29650304", "Q27979407", "Q47233167", "Q81526528", "Q34290760", "Q81526664", "Q6912474", "Q32097740", "Q28755606", "Q27978800", "Q28009496", "Q32097899", "Q26549229", "Q28207108", "Q28049770", "Q81526237"], "environments": {"four": {"co-oc": 0.3333333333333333, "tf-idf": 0.3333333333333333, "combined": 0.3333333333333333}, "three": {"co-oc": 0.3333333333333333, "tf-idf": 0.3333333333333333, "combined": 0.3333333333333333}, "two": {"co-oc": 0.3333333333333333, "tf-idf": 0.3333333333333333, "combined": 0.3333333333333333}, "one": {"co-oc": 0.0, "tf-idf": 0.0, "combined": 0.0}}}