{"name": "39002065944697", "type": "rank", "number_files": 318, "number_unknown": 12, "formats": ["Q1144005", "Q27596243", "Q87066066", "Q27979332", "Q49243488", "Q29650305", "Q27826464", "Q28786544", "Q3807693", "Q8811", "Q66811836", "Q27826469", "Q34746472", "Q66759627", "Q58103465", "Q28206359", "Q28600763", "Q1076355", "Q85415853", "Q5301", "Q4045294", "Q1888930", "Q58006953", "Q28755628", "Q27826468", "Q27826466", "Q95994246", "Q58335773", "Q29944206", "Q723030", "Q62626012", "Q29435", "Q3509055", "Q87066063", "Q684554", "Q29000599", "Q28009498", "Q16996920", "Q27526733", "Q27925722", "Q29904539", "Q1601835", "Q34312361", "Q51370102", "Q5924007", "Q287315", "Q28206109", "Q27979156", "Q26549229", "Q1662484", "Q34312151", "Q73675958", "Q27923693", "Q1676669", "Q49243748", "Q2053", "Q29944575", "Q99184084", "Q166074", "Q307271", "Q178051"], "environments": {"one": {"co-oc": 0.5120829155389093, "tf-idf": 0.4, "combined": 0.45604145776945465}, "four": {"co-oc": 0.22993536878704618, "tf-idf": 0.2, "combined": 0.2149676843935231}, "three": {"co-oc": 0.22993536878704618, "tf-idf": 0.2, "combined": 0.2149676843935231}, "two": {"co-oc": 0.02804634688699843, "tf-idf": 0.2, "combined": 0.11402317344349922}}}