{"name": "39002070658217", "type": "rank", "number_files": 965, "number_unknown": 14, "formats": ["Q49798508", "Q50223812", "Q27826464", "Q66811836", "Q27826469", "Q49799747", "Q34746472", "Q29000651", "Q28600763", "Q1076355", "Q49799499", "Q4045294", "Q34310996", "Q28600412", "Q27826468", "Q27826466", "Q58335773", "Q29904540", "Q3509055", "Q684554", "Q16996920", "Q27526733", "Q49798739", "Q5448342", "Q28206109", "Q26549229", "Q5421818", "Q58335745", "Q1662484", "Q1676669", "Q28206952", "Q99184084", "Q29000741", "Q5153426"], "environments": {"one": {"co-oc": 0.9994301605472266, "tf-idf": 0.4, "combined": 0.6997150802736133}, "four": {"co-oc": 0.0001899464842578234, "tf-idf": 0.2, "combined": 0.10009497324212892}, "three": {"co-oc": 0.0001899464842578234, "tf-idf": 0.2, "combined": 0.10009497324212892}, "two": {"co-oc": 0.0001899464842578234, "tf-idf": 0.2, "combined": 0.10009497324212892}}}