{"name": "39002083133562", "type": "rank", "number_files": 2246, "number_unknown": 0, "formats": ["Q66439259", "Q34747804", "Q27826464", "Q66811836", "Q27826469", "Q28758112", "Q34746472", "Q1601331", "Q194831", "Q29650304", "Q28018470", "Q28600763", "Q1076355", "Q47233167", "Q81526528", "Q4045294", "Q336284", "Q81526664", "Q6912474", "Q27826468", "Q28755606", "Q32097740", "Q27826466", "Q28018471", "Q684554", "Q16996920", "Q27925722", "Q42591", "Q34312361", "Q28009496", "Q5924007", "Q32097899", "Q28206109", "Q28207108", "Q1662484", "Q34312151", "Q27923693", "Q1676669", "Q99184084", "Q28049770", "Q1141412", "Q81526237"], "environments": {"one": {"co-oc": 0.8389444603017711, "tf-idf": 0.3571428571428571, "combined": 0.5980436587223141}, "two": {"co-oc": 0.08001003144494884, "tf-idf": 0.21428571428571427, "combined": 0.14714787286533154}, "four": {"co-oc": 0.040522754126640075, "tf-idf": 0.21428571428571427, "combined": 0.12740423420617716}, "three": {"co-oc": 0.040522754126640075, "tf-idf": 0.21428571428571427, "combined": 0.12740423420617716}}}