{"name": "39002074773004", "type": "rank", "number_files": 80, "number_unknown": 3, "formats": ["Q729366", "Q6026738", "Q27578057", "Q3807693", "Q66811836", "Q28205580", "Q58103465", "Q58725633", "Q28206771", "Q28600763", "Q1076355", "Q4045294", "Q58237034", "Q58006953", "Q28755628", "Q95994246", "Q723030", "Q28206894", "Q684554", "Q16996920", "Q29904539", "Q5924007", "Q27979156", "Q26549229", "Q1662484", "Q28205626"], "environments": {"three": {"co-oc": 0.9980338921068994, "tf-idf": 0.5, "combined": 0.7490169460534497}, "one": {"co-oc": 0.0009830539465502895, "tf-idf": 0.25, "combined": 0.12549152697327515}, "two": {"co-oc": 0.0009830539465502895, "tf-idf": 0.25, "combined": 0.12549152697327515}, "four": {"co-oc": 0.0, "tf-idf": 0.0, "combined": 0.0}}}