{"name": "39002074073181", "type": "rank", "number_files": 155, "number_unknown": 6, "formats": ["Q66439259", "Q34747804", "Q3807693", "Q28771220", "Q28758112", "Q1601331", "Q29650304", "Q28771107", "Q47233167", "Q81526528", "Q29905267", "Q81526664", "Q58006953", "Q28205883", "Q6912474", "Q32097740", "Q28755606", "Q95994246", "Q723030", "Q15938816", "Q28009496", "Q32097899", "Q27979156", "Q28207108", "Q28975650", "Q28771221", "Q28049770", "Q28770728", "Q81526237"], "environments": {"four": {"co-oc": 0.3333333333333333, "tf-idf": 0.3333333333333333, "combined": 0.3333333333333333}, "three": {"co-oc": 0.3333333333333333, "tf-idf": 0.3333333333333333, "combined": 0.3333333333333333}, "two": {"co-oc": 0.3333333333333333, "tf-idf": 0.3333333333333333, "combined": 0.3333333333333333}, "one": {"co-oc": 0.0, "tf-idf": 0.0, "combined": 0.0}}}