{"name": "39002030829403", "type": "rank", "number_files": 144, "number_unknown": 9, "formats": ["Q28858044", "Q66439259", "Q34747804", "Q48782394", "Q1144005", "Q27596243", "Q28955450", "Q50223812", "Q27350220", "Q63061514", "Q28858041", "Q61641368", "Q27925718", "Q28758112", "Q61639409", "Q1601331", "Q29650304", "Q28206359", "Q47233167", "Q81526528", "Q28858038", "Q1076355", "Q28858042", "Q4045294", "Q34273353", "Q29650343", "Q48782098", "Q81526664", "Q6912474", "Q32097740", "Q28755606", "Q85621726", "Q28858032", "Q47538629", "Q51801746", "Q29904540", "Q59537335", "Q51839184", "Q60000066", "Q48782238", "Q48782202", "Q28445581", "Q5448342", "Q28009496", "Q28858035", "Q85621806", "Q686498", "Q32097899", "Q62664770", "Q63061396", "Q62664735", "Q28206109", "Q5421818", "Q28207108", "Q28858039", "Q28858037", "Q60628185", "Q28600470", "Q1676669", "Q48915661", "Q66439286", "Q28049770", "Q66663022", "Q5153426", "Q81526237"], "environments": {"one": {"co-oc": 0.5019241151118099, "tf-idf": 0.38888888888888884, "combined": 0.44540650200034937}, "two": {"co-oc": 0.4886650157204897, "tf-idf": 0.38888888888888884, "combined": 0.43877695230468927}, "four": {"co-oc": 0.004705434583850092, "tf-idf": 0.1111111111111111, "combined": 0.057908272847480596}, "three": {"co-oc": 0.004705434583850092, "tf-idf": 0.1111111111111111, "combined": 0.057908272847480596}}}