{"name": "39002069058064", "type": "rank", "number_files": 130, "number_unknown": 79, "formats": ["Q1144005", "Q1141412", "Q3807693", "Q217570", "Q58103465", "Q1076355", "Q4045294", "Q28755621", "Q58006953", "Q28755628", "Q95994246", "Q723030", "Q27925722", "Q29904539", "Q34312361", "Q27979156", "Q34312151", "Q27923693", "Q99184084", "Q28347555"], "environments": {"one": {"co-oc": 0.4999704799778885, "tf-idf": 0.39999999999999997, "combined": 0.44998523998894424}, "two": {"co-oc": 0.4999704799778885, "tf-idf": 0.39999999999999997, "combined": 0.44998523998894424}, "three": {"co-oc": 5.90400442229813e-05, "tf-idf": 0.19999999999999998, "combined": 0.10002952002211148}, "four": {"co-oc": 0.0, "tf-idf": 0.0, "combined": 0.0}}}