{"name": "39002067184276", "type": "rank", "number_files": 73, "number_unknown": 24, "formats": ["Q1144005", "Q28858044", "Q48782394", "Q34747804", "Q66439259", "Q63061514", "Q28858041", "Q3807693", "Q61641368", "Q28758112", "Q61639409", "Q1601331", "Q29650304", "Q47233167", "Q1076355", "Q28858038", "Q81526237", "Q81526528", "Q28858042", "Q4045294", "Q48782098", "Q81526664", "Q58006953", "Q28600412", "Q6912474", "Q32097740", "Q28755606", "Q85621726", "Q95994246", "Q28858032", "Q723030", "Q51801746", "Q60000066", "Q48782238", "Q48782202", "Q686498", "Q85621806", "Q28858035", "Q28009496", "Q62664770", "Q32097899", "Q27979156", "Q63061396", "Q89029185", "Q28207108", "Q28858039", "Q28858037", "Q60628185", "Q28206883", "Q66439286", "Q48915661", "Q72198666", "Q67124083", "Q28049770", "Q79241659", "Q62664735"], "environments": {"two": {"co-oc": 0.5254471464110253, "tf-idf": 0.4666666666666668, "combined": 0.49605690653884604}, "one": {"co-oc": 0.4745431956114315, "tf-idf": 0.4000000000000001, "combined": 0.4372715978057158}, "four": {"co-oc": 4.828988771654527e-06, "tf-idf": 0.06666666666666668, "combined": 0.03333574782771917}, "three": {"co-oc": 4.828988771654527e-06, "tf-idf": 0.06666666666666668, "combined": 0.03333574782771917}}}