{"name": "39002074624603", "type": "rank", "number_files": 333, "number_unknown": 1, "formats": ["Q29944783", "Q29944779", "Q28600764", "Q29944777", "Q66811836", "Q29944773", "Q61777776", "Q29944782", "Q29944987", "Q29944780", "Q29944786", "Q28600763", "Q29944785", "Q29944758", "Q684554", "Q942350", "Q16996920", "Q1662484", "Q29944776", "Q1676669"], "environments": {"one": {"co-oc": 0.5047921730318212, "tf-idf": 0.4444444444444444, "combined": 0.4746183087381328}, "two": {"co-oc": 0.4936645820109411, "tf-idf": 0.4444444444444444, "combined": 0.46905451322769276}, "three": {"co-oc": 0.0015427913869466142, "tf-idf": 0.07407407407407408, "combined": 0.03780843273051035}, "four": {"co-oc": 4.535702911235824e-07, "tf-idf": 0.03703703703703704, "combined": 0.018518745303664083}}}