{"name": "39002079169729", "type": "rank", "number_files": 3, "number_unknown": 0, "formats": ["Q723030", "Q27979156", "Q1662484", "Q28600763", "Q684554", "Q16996920", "Q3807693", "Q28919035", "Q66811836", "Q28919037", "Q58006953", "Q27595621", "Q95994246", "Q209054"], "environments": {"one": {"co-oc": 0.3333333333333333, "tf-idf": 0.3333333333333333, "combined": 0.3333333333333333}, "three": {"co-oc": 0.3333333333333333, "tf-idf": 0.3333333333333333, "combined": 0.3333333333333333}, "two": {"co-oc": 0.3333333333333333, "tf-idf": 0.3333333333333333, "combined": 0.3333333333333333}, "four": {"co-oc": 0.0, "tf-idf": 0.0, "combined": 0.0}}}