{"name": "39002067187147", "type": "rank", "number_files": 15755, "number_unknown": 7287, "formats": ["Q61971919", "Q28207503", "Q3807693", "Q61641368", "Q61971917", "Q61639409", "Q2119595", "Q28106149", "Q2276274", "Q28755628", "Q95994246", "Q28858032", "Q52834849", "Q6457314", "Q60000066", "Q48782238", "Q28205760", "Q686498", "Q28770336", "Q28858039", "Q28858037", "Q4836515", "Q28858041", "Q2044200", "Q28858038", "Q28858042", "Q58006953", "Q51801746", "Q27979410", "Q7311459", "Q28206528", "Q1343830", "Q27596100", "Q28205773", "Q48782202", "Q28858035", "Q28756196", "Q479833", "Q63061396", "Q3928271", "Q79241659", "Q2389386", "Q28055391", "Q28858044", "Q63061514", "Q29167914", "Q51954585", "Q856364", "Q28207016", "Q60628025", "Q7119344", "Q1076355", "Q44933672", "Q85621726", "Q723030", "Q29904539", "Q85621806", "Q62664770", "Q28771288", "Q27487130", "Q66439286", "Q48915661", "Q28206638", "Q28206876", "Q62664735", "Q28344021", "Q48782394", "Q51954521", "Q60628005", "Q28207293", "Q58103465", "Q4045294", "Q48782098", "Q28009488", "Q1882400", "Q29905095", "Q28106166", "Q27979156", "Q60628185"], "environments": {"one": {"co-oc": 0.5431830970635259, "tf-idf": 0.5, "combined": 0.5215915485317629}, "two": {"co-oc": 0.33732708611541373, "tf-idf": 0.3333333333333333, "combined": 0.33533020972437355}, "four": {"co-oc": 0.1194898168210604, "tf-idf": 0.16666666666666666, "combined": 0.14307824174386352}, "three": {"co-oc": 0.0, "tf-idf": 0.0, "combined": 0.0}}}