{"name": "39002076024521", "type": "rank", "number_files": 645, "number_unknown": 0, "formats": ["Q27596243", "Q27826464", "Q66811836", "Q27826469", "Q34746472", "Q28600763", "Q1076355", "Q4045294", "Q28445577", "Q27826468", "Q27826466", "Q684554", "Q16996920", "Q5924007", "Q28206109", "Q66134804", "Q1662484", "Q1676669", "Q99184084"], "environments": {"one": {"co-oc": 0.9999155067830825, "tf-idf": 0.5, "combined": 0.7499577533915412}, "four": {"co-oc": 2.8164405639120106e-05, "tf-idf": 0.16666666666666666, "combined": 0.0833474155361529}, "three": {"co-oc": 2.8164405639120106e-05, "tf-idf": 0.16666666666666666, "combined": 0.0833474155361529}, "two": {"co-oc": 2.8164405639120106e-05, "tf-idf": 0.16666666666666666, "combined": 0.0833474155361529}}}