{"name": "39002056320121", "type": "rank", "number_files": 258, "number_unknown": 204, "formats": ["Q29151645", "Q777561", "Q28786544", "Q8811", "Q17073241", "Q29905267", "Q85413178", "Q1888930", "Q28975860", "Q62626012", "Q28975654", "Q288405", "Q85413270", "Q218170", "Q28206109", "Q26549229", "Q673906", "Q10287816", "Q166074", "Q1676669", "Q2053", "Q99184084", "Q59535034"], "environments": {"one": {"co-oc": 0.7435211939803856, "tf-idf": 0.3333333333333333, "combined": 0.5384272636568594}, "three": {"co-oc": 0.2560889944282913, "tf-idf": 0.3333333333333333, "combined": 0.2947111638808123}, "four": {"co-oc": 0.00019490579566156226, "tf-idf": 0.16666666666666666, "combined": 0.08343078623116411}, "two": {"co-oc": 0.00019490579566156226, "tf-idf": 0.16666666666666666, "combined": 0.08343078623116411}}}