{"name": "39002086036697", "type": "rank", "number_files": 8, "number_unknown": 0, "formats": ["Q29944783", "Q29944987", "Q29944780", "Q29944786", "Q29944785", "Q29944758", "Q29944779", "Q29944776", "Q24834502", "Q29944777", "Q29944773", "Q29944782", "Q28858032"], "environments": {"one": {"co-oc": 0.4999997664807129, "tf-idf": 0.4782608695652174, "combined": 0.48913031802296514}, "two": {"co-oc": 0.4999997664807129, "tf-idf": 0.4782608695652174, "combined": 0.48913031802296514}, "three": {"co-oc": 4.6703857416066346e-07, "tf-idf": 0.04347826086956521, "combined": 0.021739363954069685}, "four": {"co-oc": 0.0, "tf-idf": 0.0, "combined": 0.0}}}