{"name": "39002074070864", "type": "rank", "number_files": 1213, "number_unknown": 486, "formats": ["Q729366", "Q27596243", "Q61727569", "Q29944783", "Q29944779", "Q55721640", "Q61727602", "Q29650305", "Q27826464", "Q29944777", "Q3807693", "Q28205580", "Q27826469", "Q27967123", "Q29944782", "Q34746472", "Q29944773", "Q27925718", "Q47012486", "Q29944987", "Q29944780", "Q29944786", "Q15955723", "Q28206771", "Q61727559", "Q1076355", "Q4045294", "Q28206147", "Q61727114", "Q28445577", "Q98815369", "Q34273353", "Q29650343", "Q58006953", "Q27826468", "Q27826466", "Q95994246", "Q28858032", "Q55721708", "Q723030", "Q49243071", "Q62625561", "Q921122", "Q3563777", "Q55721671", "Q29944785", "Q29944758", "Q59537335", "Q28206822", "Q5616826", "Q47512572", "Q1068805", "Q61727514", "Q2193155", "Q479833", "Q28206109", "Q27979156", "Q58007215", "Q26549229", "Q55721702", "Q27979377", "Q55721705", "Q28206138", "Q66134804", "Q29944776", "Q7395247", "Q28600470", "Q1676669", "Q28757986", "Q28205626", "Q61727504", "Q99184084", "Q73514615"], "environments": {"one": {"co-oc": 0.5266293650918784, "tf-idf": 0.4838709677419355, "combined": 0.5052501664169069}, "two": {"co-oc": 0.4720803825613518, "tf-idf": 0.3870967741935484, "combined": 0.4295885783774501}, "three": {"co-oc": 0.0012897660742098838, "tf-idf": 0.0967741935483871, "combined": 0.04903197981129849}, "four": {"co-oc": 4.862725598657994e-07, "tf-idf": 0.03225806451612903, "combined": 0.016129275394344448}}}