{"name": "39002065944663", "type": "rank", "number_files": 125, "number_unknown": 8, "formats": ["Q6026738", "Q87066066", "Q49243488", "Q27578057", "Q3807693", "Q28206359", "Q58103465", "Q58725633", "Q85415853", "Q1076355", "Q4045294", "Q58237034", "Q58006953", "Q28755628", "Q58335773", "Q95994246", "Q29944206", "Q723030", "Q28206894", "Q29435", "Q3509055", "Q87066063", "Q1601835", "Q29904539", "Q5924007", "Q287315", "Q28206109", "Q27979156", "Q26549229", "Q73675958", "Q49243748", "Q29944575", "Q99184084"], "environments": {"one": {"co-oc": 0.3333333333333333, "tf-idf": 0.3333333333333333, "combined": 0.3333333333333333}, "three": {"co-oc": 0.3333333333333333, "tf-idf": 0.3333333333333333, "combined": 0.3333333333333333}, "two": {"co-oc": 0.3333333333333333, "tf-idf": 0.3333333333333333, "combined": 0.3333333333333333}, "four": {"co-oc": 0.0, "tf-idf": 0.0, "combined": 0.0}}}