{"name": "39002068057240", "type": "rank", "number_files": 3008, "number_unknown": 2930, "formats": ["Q4836515", "Q66439259", "Q34747804", "Q1144005", "Q28207503", "Q28055391", "Q3807693", "Q28758112", "Q53756539", "Q2044200", "Q28207293", "Q1601331", "Q27979378", "Q28207016", "Q29650304", "Q7119344", "Q47233167", "Q81526528", "Q1076355", "Q28106149", "Q4045294", "Q81526664", "Q58006953", "Q6912474", "Q32097740", "Q28755606", "Q95994246", "Q2389386", "Q1882400", "Q53756551", "Q723030", "Q27979410", "Q28206528", "Q1343830", "Q28205773", "Q28106166", "Q28205760", "Q28009496", "Q28770336", "Q479833", "Q32097899", "Q27979156", "Q28207108", "Q28049770", "Q3928271", "Q27967218", "Q28206638", "Q28206876", "Q81526237"], "environments": {"one": {"co-oc": 0.4808600180597745, "tf-idf": 0.36363636363636365, "combined": 0.4222481908480691}, "four": {"co-oc": 0.4741355878548621, "tf-idf": 0.36363636363636365, "combined": 0.41888597574561287}, "two": {"co-oc": 0.04499251352052561, "tf-idf": 0.18181818181818182, "combined": 0.11340534766935371}, "three": {"co-oc": 1.1880564837628331e-05, "tf-idf": 0.09090909090909091, "combined": 0.04546048573696427}}}