{"name": "39002074544793", "type": "rank", "number_files": 14, "number_unknown": 8, "formats": ["Q29944783", "Q66439259", "Q34747804", "Q29944779", "Q29944777", "Q66811836", "Q29944773", "Q29944782", "Q25378623", "Q28758112", "Q1601331", "Q29944987", "Q29650304", "Q29944780", "Q29944786", "Q28600763", "Q47233167", "Q81526528", "Q1076355", "Q4045294", "Q81526664", "Q28757747", "Q6912474", "Q32097740", "Q28755606", "Q29944785", "Q29944758", "Q684554", "Q16996920", "Q28106114", "Q28009496", "Q32097899", "Q28207108", "Q1662484", "Q29944776", "Q28049770", "Q81526237"], "environments": {"two": {"co-oc": 0.5041888301068421, "tf-idf": 0.48148148148148145, "combined": 0.4928351557941618}, "one": {"co-oc": 0.49581018975198876, "tf-idf": 0.4444444444444444, "combined": 0.4701273170982166}, "four": {"co-oc": 4.900705845321103e-07, "tf-idf": 0.03703703703703703, "combined": 0.01851876355381078}, "three": {"co-oc": 4.900705845321103e-07, "tf-idf": 0.03703703703703703, "combined": 0.01851876355381078}}}