{"name": "39002053134533", "type": "rank", "number_files": 112, "number_unknown": 0, "formats": ["Q28206109", "Q52060012", "Q26549229", "Q28206822", "Q48623521", "Q48623760", "Q66134804", "Q28600763", "Q1662484", "Q52060199", "Q684554", "Q1076355", "Q16996920", "Q4045294", "Q66811836", "Q99184084", "Q28858032", "Q52834540"], "environments": {"one": {"co-oc": 0.999463769911622, "tf-idf": 0.5, "combined": 0.749731884955811}, "three": {"co-oc": 0.00026811504418903446, "tf-idf": 0.25, "combined": 0.12513405752209453}, "two": {"co-oc": 0.00026811504418903446, "tf-idf": 0.25, "combined": 0.12513405752209453}, "four": {"co-oc": 0.0, "tf-idf": 0.0, "combined": 0.0}}}