{"name": "39002081045800", "type": "rank", "number_files": 242, "number_unknown": 0, "formats": ["Q28206109", "Q66134804", "Q1676669"], "environments": {"one": {"co-oc": 0.9999475207771406, "tf-idf": 0.5, "combined": 0.7499737603885703}, "four": {"co-oc": 2.6239611429673345e-05, "tf-idf": 0.25, "combined": 0.12501311980571483}, "three": {"co-oc": 2.6239611429673345e-05, "tf-idf": 0.25, "combined": 0.12501311980571483}, "two": {"co-oc": 0.0, "tf-idf": 0.0, "combined": 0.0}}}