{"name": "39002065939960", "type": "rank", "number_files": 43, "number_unknown": 0, "formats": ["Q28858044", "Q48782394", "Q63061514", "Q28786544", "Q28858041", "Q3807693", "Q8811", "Q61641368", "Q66811836", "Q61639409", "Q28600763", "Q1076355", "Q28858038", "Q28858042", "Q4045294", "Q48782098", "Q1888930", "Q58006953", "Q62626012", "Q95994246", "Q85621726", "Q28858032", "Q723030", "Q51801746", "Q60000066", "Q684554", "Q16996920", "Q27526733", "Q48782238", "Q48782202", "Q60615282", "Q28858035", "Q85621806", "Q686498", "Q62664770", "Q27979156", "Q63061396", "Q26549229", "Q66134804", "Q1662484", "Q28858039", "Q28858037", "Q60628185", "Q66439286", "Q1676669", "Q48915661", "Q2053", "Q99184084", "Q166074", "Q27526866", "Q62664735"], "environments": {"one": {"co-oc": 0.5669212166665262, "tf-idf": 0.5000000000000001, "combined": 0.5334606083332631}, "two": {"co-oc": 0.43307073633831017, "tf-idf": 0.38888888888888895, "combined": 0.41097981261359956}, "four": {"co-oc": 4.023497581819827e-06, "tf-idf": 0.055555555555555566, "combined": 0.027779789526568694}, "three": {"co-oc": 4.023497581819827e-06, "tf-idf": 0.055555555555555566, "combined": 0.027779789526568694}}}