{"name": "39002074624512", "type": "rank", "number_files": 26, "number_unknown": 2, "formats": ["Q28018471", "Q27473250", "Q336284", "Q27996219", "Q217570"], "environments": {"one": {"co-oc": 0.9998776057411445, "tf-idf": 0.5, "combined": 0.7499388028705722}, "three": {"co-oc": 6.119712942778146e-05, "tf-idf": 0.25, "combined": 0.12503059856471388}, "two": {"co-oc": 6.119712942778146e-05, "tf-idf": 0.25, "combined": 0.12503059856471388}, "four": {"co-oc": 0.0, "tf-idf": 0.0, "combined": 0.0}}}