{"name": "39002079430188", "type": "rank", "number_files": 36, "number_unknown": 2, "formats": ["Q26385770", "Q28018471", "Q28206359", "Q28018470", "Q24834502", "Q28206497", "Q26329648", "Q1676669", "Q28206262", "Q336284", "Q1952321", "Q17092932", "Q28205439"], "environments": {"one": {"co-oc": 0.8195279336781213, "tf-idf": 0.5, "combined": 0.6597639668390607}, "three": {"co-oc": 0.18045913569839936, "tf-idf": 0.33333333333333337, "combined": 0.25689623451586635}, "four": {"co-oc": 1.2930623479383012e-05, "tf-idf": 0.16666666666666669, "combined": 0.08333979864507303}, "two": {"co-oc": 0.0, "tf-idf": 0.0, "combined": 0.0}}}