{"name": "39002073620164", "type": "rank", "number_files": 458, "number_unknown": 0, "formats": ["Q66811836", "Q28018470", "Q28600763", "Q1076355", "Q336284", "Q28205883", "Q48625328", "Q59714459", "Q28018471", "Q684554", "Q1047541", "Q16996920", "Q27526733", "Q28206109", "Q1662484", "Q1676669", "Q99184084", "Q66134564", "Q178051"], "environments": {"one": {"co-oc": 0.7602372999437487, "tf-idf": 0.44444444444444436, "combined": 0.6023408721940965}, "three": {"co-oc": 0.1485453210732127, "tf-idf": 0.3333333333333333, "combined": 0.240939327203273}, "four": {"co-oc": 0.0912173789830386, "tf-idf": 0.22222222222222218, "combined": 0.15671980060263038}, "two": {"co-oc": 0.0, "tf-idf": 0.0, "combined": 0.0}}}