{"name": "39002085225333", "type": "rank", "number_files": 1527, "number_unknown": 0, "formats": ["Q729366", "Q1144005", "Q34306669", "Q641213", "Q71178742", "Q3551300", "Q29000578", "Q99973597", "Q100135637", "Q50378320", "Q3807693", "Q28600421", "Q66811836", "Q28205580", "Q17092932", "Q452197", "Q99973606", "Q217570", "Q27967351", "Q45432", "Q28206359", "Q28206771", "Q28600763", "Q1076355", "Q4045294", "Q58006953", "Q796483", "Q27910000", "Q28728783", "Q1952321", "Q100136218", "Q95994246", "Q66759482", "Q723030", "Q26385770", "Q59851506", "Q684554", "Q16996920", "Q28206262", "Q27526733", "Q653301", "Q27487531", "Q59851322", "Q99976195", "Q25339304", "Q72273742", "Q28206109", "Q27979156", "Q2313301", "Q4042481", "Q1662484", "Q28206497", "Q26329648", "Q1676669", "Q100136960", "Q28205626", "Q2819247", "Q959950", "Q99184084", "Q100136955", "Q166074", "Q28600760", "Q28771320"], "environments": {"four": {"co-oc": 0.5068702929774939, "tf-idf": 0.25, "combined": 0.37843514648874693}, "one": {"co-oc": 0.3197572889823301, "tf-idf": 0.3125, "combined": 0.31612864449116507}, "three": {"co-oc": 0.11563688898572778, "tf-idf": 0.25, "combined": 0.18281844449286389}, "two": {"co-oc": 0.05773552905444832, "tf-idf": 0.1875, "combined": 0.12261776452722416}}}