{"name": "39002067184870", "type": "rank", "number_files": 113, "number_unknown": 32, "formats": ["Q28858044", "Q66439259", "Q34747804", "Q48782394", "Q27231634", "Q63061514", "Q27866063", "Q27866059", "Q28858041", "Q3807693", "Q61641368", "Q28758112", "Q28205439", "Q1601331", "Q61639409", "Q1134089", "Q29650304", "Q47233167", "Q81526528", "Q28858038", "Q1076355", "Q28858042", "Q4045294", "Q48782098", "Q28600412", "Q58006953", "Q81526664", "Q6912474", "Q32097740", "Q28755606", "Q27231651", "Q95994246", "Q85621726", "Q28858032", "Q723030", "Q51801746", "Q27866062", "Q28205771", "Q28207384", "Q60000066", "Q27231654", "Q1502796", "Q48782238", "Q48782202", "Q7670377", "Q28207379", "Q28009496", "Q28858035", "Q85621806", "Q686498", "Q218170", "Q32097899", "Q62664770", "Q27979156", "Q28205372", "Q63061396", "Q26549229", "Q62664735", "Q28207108", "Q28858039", "Q28858037", "Q60628185", "Q66439286", "Q48915661", "Q28049770", "Q81526237"], "environments": {"two": {"co-oc": 0.5337370621564272, "tf-idf": 0.4375, "combined": 0.4856185310782136}, "one": {"co-oc": 0.46276818786092294, "tf-idf": 0.375, "combined": 0.41888409393046144}, "three": {"co-oc": 0.003489891693351303, "tf-idf": 0.125, "combined": 0.06424494584667566}, "four": {"co-oc": 4.858289298545813e-06, "tf-idf": 0.0625, "combined": 0.03125242914464927}}}