{"name": "39002079548807", "type": "rank", "number_files": 33, "number_unknown": 0, "formats": ["Q29944783", "Q29944779", "Q29944777", "Q29944773", "Q29944782", "Q17092932", "Q29944987", "Q28206359", "Q29944780", "Q29944786", "Q1952321", "Q26385770", "Q29944785", "Q29944758", "Q28206262", "Q26549229", "Q28206497", "Q29944776", "Q26329648", "Q1676669", "Q99184084"], "environments": {"one": {"co-oc": 0.5090839344632859, "tf-idf": 0.48, "combined": 0.49454196723164295}, "two": {"co-oc": 0.49091513097195466, "tf-idf": 0.43999999999999995, "combined": 0.4654575654859773}, "four": {"co-oc": 4.672823796987664e-07, "tf-idf": 0.04, "combined": 0.02000023364118985}, "three": {"co-oc": 4.672823796987664e-07, "tf-idf": 0.04, "combined": 0.02000023364118985}}}