{"name": "39002056626147", "type": "rank", "number_files": 246, "number_unknown": 96, "formats": ["Q6026738", "Q49798508", "Q1144005", "Q283579", "Q27578057", "Q28600764", "Q3807693", "Q66811836", "Q49799747", "Q61777776", "Q58725633", "Q29000651", "Q4746193", "Q28600763", "Q1076355", "Q49799499", "Q4045294", "Q58237034", "Q34310996", "Q58006953", "Q28600482", "Q95994246", "Q58335773", "Q723030", "Q28206894", "Q27925705", "Q27979154", "Q3509055", "Q684554", "Q942350", "Q79242428", "Q50604441", "Q27349804", "Q16996920", "Q49798739", "Q28600483", "Q27979156", "Q26549229", "Q58335745", "Q1662484", "Q28206952", "Q29000741", "Q1141412"], "environments": {"two": {"co-oc": 0.9087428491704411, "tf-idf": 0.39999999999999997, "combined": 0.6543714245852206}, "three": {"co-oc": 0.09109431666669209, "tf-idf": 0.39999999999999997, "combined": 0.24554715833334603}, "one": {"co-oc": 0.00016283416286672566, "tf-idf": 0.19999999999999998, "combined": 0.10008141708143335}, "four": {"co-oc": 0.0, "tf-idf": 0.0, "combined": 0.0}}}