{"name": "39002069056092", "type": "rank", "number_files": 1165, "number_unknown": 0, "formats": ["Q27596243", "Q27826464", "Q28786544", "Q8811", "Q66811836", "Q27826469", "Q34746472", "Q28600763", "Q1888930", "Q27826468", "Q27826466", "Q62626012", "Q684554", "Q16996920", "Q28206109", "Q26549229", "Q66134804", "Q1662484", "Q1676669", "Q2053", "Q99184084", "Q166074"], "environments": {"one": {"co-oc": 0.999866694588821, "tf-idf": 0.5, "combined": 0.7499333472944105}, "four": {"co-oc": 4.443513705955081e-05, "tf-idf": 0.16666666666666666, "combined": 0.0833555509018631}, "three": {"co-oc": 4.443513705955081e-05, "tf-idf": 0.16666666666666666, "combined": 0.0833555509018631}, "two": {"co-oc": 4.443513705955081e-05, "tf-idf": 0.16666666666666666, "combined": 0.0833555509018631}}}