{"name": "39002056627160", "type": "rank", "number_files": 1509, "number_unknown": 7, "formats": ["Q26549229", "Q66134804", "Q1662484", "Q28600763", "Q1076355", "Q684554", "Q942350", "Q4045294", "Q28600764", "Q16996920", "Q66811836", "Q61777776", "Q1141412"], "environments": {"one": {"co-oc": 0.6226812950517584, "tf-idf": 0.39999999999999997, "combined": 0.5113406475258792}, "two": {"co-oc": 0.3771710780151131, "tf-idf": 0.39999999999999997, "combined": 0.38858553900755655}, "three": {"co-oc": 0.00014762693312852937, "tf-idf": 0.19999999999999998, "combined": 0.10007381346656426}, "four": {"co-oc": 0.0, "tf-idf": 0.0, "combined": 0.0}}}