{"name": "39002103623089", "type": "rank", "number_files": 1126, "number_unknown": 207, "formats": ["Q66439259", "Q34747804", "Q3807693", "Q28758112", "Q27960128", "Q1601331", "Q29650304", "Q4746193", "Q47233167", "Q81526528", "Q81526664", "Q58006953", "Q28205883", "Q6912474", "Q48625328", "Q28755606", "Q32097740", "Q28600412", "Q95994246", "Q59714459", "Q723030", "Q27979154", "Q1047541", "Q79242428", "Q50604441", "Q27349804", "Q27925722", "Q34312361", "Q28009496", "Q28756196", "Q32097899", "Q27979156", "Q66134804", "Q28207108", "Q34312151", "Q27923693", "Q28049770", "Q66134564", "Q81526237"], "environments": {"three": {"co-oc": 0.9953252647518956, "tf-idf": 0.39999999999999997, "combined": 0.6976626323759478}, "four": {"co-oc": 0.0015582450827013989, "tf-idf": 0.19999999999999998, "combined": 0.10077912254135069}, "one": {"co-oc": 0.0015582450827013989, "tf-idf": 0.19999999999999998, "combined": 0.10077912254135069}, "two": {"co-oc": 0.0015582450827013989, "tf-idf": 0.19999999999999998, "combined": 0.10077912254135069}}}