{"name": "39002075869496", "type": "rank", "number_files": 43, "number_unknown": 7, "formats": ["Q729366", "Q27596243", "Q1662484", "Q28600763", "Q1076355", "Q684554", "Q28206771", "Q16996920", "Q4045294", "Q28205626", "Q66811836", "Q28205580", "Q61777776", "Q1141412"], "environments": {"one": {"co-oc": 0.3333333333333333, "tf-idf": 0.3333333333333333, "combined": 0.3333333333333333}, "three": {"co-oc": 0.3333333333333333, "tf-idf": 0.3333333333333333, "combined": 0.3333333333333333}, "two": {"co-oc": 0.3333333333333333, "tf-idf": 0.3333333333333333, "combined": 0.3333333333333333}, "four": {"co-oc": 0.0, "tf-idf": 0.0, "combined": 0.0}}}