{"name": "39002089148754", "type": "rank", "number_files": 182, "number_unknown": 111, "formats": ["Q1144005", "Q66439259", "Q34747804", "Q27596243", "Q729366", "Q48106551", "Q28055391", "Q3807693", "Q66811836", "Q28205580", "Q28758112", "Q53756539", "Q1601331", "Q27979378", "Q194831", "Q29650304", "Q58103465", "Q28206771", "Q47233167", "Q1076355", "Q81526528", "Q28600763", "Q4045294", "Q81526664", "Q58006953", "Q28755628", "Q6912474", "Q32097740", "Q28755606", "Q95994246", "Q723030", "Q53756551", "Q1882400", "Q27979410", "Q27967388", "Q684554", "Q27473691", "Q1343830", "Q16996920", "Q29904539", "Q28009496", "Q939636", "Q32097899", "Q27979156", "Q28207108", "Q47455968", "Q1662484", "Q28758102", "Q28205626", "Q28206310", "Q28049770", "Q3928271", "Q1141412", "Q81526237"], "environments": {"two": {"co-oc": 0.3610180752248965, "tf-idf": 0.25, "combined": 0.30550903761244824}, "one": {"co-oc": 0.23901102624033335, "tf-idf": 0.25, "combined": 0.24450551312016666}, "four": {"co-oc": 0.2270640531424286, "tf-idf": 0.25, "combined": 0.2385320265712143}, "three": {"co-oc": 0.17290684539234163, "tf-idf": 0.25, "combined": 0.21145342269617082}}}