{"name": "39002104462636", "type": "rank", "number_files": 849, "number_unknown": 584, "formats": ["Q28858044", "Q48782394", "Q26211840", "Q63061514", "Q28858041", "Q3807693", "Q26211915", "Q28771220", "Q61641368", "Q61639409", "Q17138473", "Q28771107", "Q26211965", "Q1076355", "Q28858038", "Q28858042", "Q4045294", "Q7555481", "Q48782098", "Q26211931", "Q58006953", "Q26211905", "Q28600412", "Q95994246", "Q26211954", "Q26211958", "Q723030", "Q26211936", "Q26211977", "Q51801746", "Q85621726", "Q28858032", "Q60000066", "Q26211978", "Q26211874", "Q48782238", "Q27925722", "Q26211940", "Q26211975", "Q48782202", "Q34312361", "Q26211891", "Q686498", "Q28858035", "Q5532250", "Q85621806", "Q62664770", "Q27979156", "Q63061396", "Q28858039", "Q28858037", "Q34312151", "Q60628185", "Q27923693", "Q26211957", "Q26211948", "Q48915661", "Q28771221", "Q66439286", "Q10287816", "Q99184084", "Q26211983", "Q10394822", "Q26211927", "Q28770728", "Q62664735"], "environments": {"one": {"co-oc": 0.49999730769447326, "tf-idf": 0.46153846153846156, "combined": 0.4807678846164674}, "two": {"co-oc": 0.49999730769447326, "tf-idf": 0.46153846153846156, "combined": 0.4807678846164674}, "three": {"co-oc": 5.384611053446527e-06, "tf-idf": 0.07692307692307691, "combined": 0.03846423076706518}, "four": {"co-oc": 0.0, "tf-idf": 0.0, "combined": 0.0}}}