{"name": "39002041993503", "type": "rank", "number_files": 26, "number_unknown": 3, "formats": ["Q28055391", "Q27596243", "Q34747804", "Q66439259", "Q48106551", "Q48004869", "Q3807693", "Q28758112", "Q48021763", "Q1601331", "Q194831", "Q29650304", "Q47233167", "Q81526528", "Q4045294", "Q81526664", "Q58006953", "Q48004607", "Q32097740", "Q28755606", "Q6912474", "Q95994246", "Q1882400", "Q723030", "Q27979410", "Q48021588", "Q27967388", "Q1343830", "Q28009496", "Q32097899", "Q27979156", "Q48005022", "Q66134804", "Q28207108", "Q28758102", "Q28049770", "Q1141412", "Q81526237"], "environments": {"one": {"co-oc": 0.9758591501574375, "tf-idf": 0.6000000000000001, "combined": 0.7879295750787187}, "two": {"co-oc": 0.024129237471956187, "tf-idf": 0.2, "combined": 0.1120646187359781}, "four": {"co-oc": 5.8061853031013044e-06, "tf-idf": 0.1, "combined": 0.050002903092651554}, "three": {"co-oc": 5.8061853031013044e-06, "tf-idf": 0.1, "combined": 0.050002903092651554}}}