{"name": "39002067182387", "type": "rank", "number_files": 161, "number_unknown": 48, "formats": ["Q1192568", "Q3807693", "Q61641368", "Q61639409", "Q47455466", "Q47233167", "Q28755606", "Q95994246", "Q28858032", "Q60000066", "Q26211874", "Q48782238", "Q28009496", "Q686498", "Q32097899", "Q28858039", "Q28858037", "Q28205807", "Q10394822", "Q28205955", "Q81526237", "Q34747804", "Q26211840", "Q28858041", "Q28206284", "Q81526528", "Q28858038", "Q28858042", "Q81526664", "Q58006953", "Q28205883", "Q6912474", "Q32097740", "Q51801746", "Q26211940", "Q48782202", "Q28858035", "Q479833", "Q63061396", "Q28207108", "Q26211957", "Q26211948", "Q26211927", "Q28858044", "Q66439259", "Q47455565", "Q2138624", "Q63061514", "Q26211915", "Q28758112", "Q1601331", "Q29650304", "Q4042979", "Q1076355", "Q27979508", "Q26211905", "Q85621726", "Q26211954", "Q723030", "Q26211936", "Q48551303", "Q26211975", "Q28600476", "Q85621806", "Q5532250", "Q62664770", "Q66439286", "Q48915661", "Q26211983", "Q28049770", "Q62664735", "Q48782394", "Q26211965", "Q4045294", "Q48782098", "Q26211931", "Q26211958", "Q26211977", "Q26211978", "Q26211891", "Q61641450", "Q27979156", "Q60628185"], "environments": {"two": {"co-oc": 0.5255371712161012, "tf-idf": 0.4736842105263158, "combined": 0.4996106908712085}, "one": {"co-oc": 0.47445565405831003, "tf-idf": 0.4210526315789474, "combined": 0.4477541428186287}, "four": {"co-oc": 3.5873627943204576e-06, "tf-idf": 0.052631578947368425, "combined": 0.026317583155081373}, "three": {"co-oc": 3.5873627943204576e-06, "tf-idf": 0.052631578947368425, "combined": 0.026317583155081373}}}