{"name": "39002067187279", "type": "rank", "number_files": 48, "number_unknown": 2, "formats": ["Q1144005", "Q729366", "Q1141412", "Q2138624", "Q3807693", "Q66811836", "Q28205580", "Q48021763", "Q58103465", "Q28206771", "Q28600763", "Q1076355", "Q4045294", "Q58006953", "Q28755628", "Q48004607", "Q95994246", "Q723030", "Q28206565", "Q48021588", "Q684554", "Q16996920", "Q29904539", "Q66689327", "Q66134814", "Q27979156", "Q48005022", "Q1662484", "Q28205626", "Q48004869"], "environments": {"one": {"co-oc": 0.9999889400226202, "tf-idf": 0.75, "combined": 0.8749944700113101}, "three": {"co-oc": 5.529988689909371e-06, "tf-idf": 0.12500000000000003, "combined": 0.06250276499434497}, "two": {"co-oc": 5.529988689909371e-06, "tf-idf": 0.12500000000000003, "combined": 0.06250276499434497}, "four": {"co-oc": 0.0, "tf-idf": 0.0, "combined": 0.0}}}