{"name": "39002104462537", "type": "rank", "number_files": 11, "number_unknown": 0, "formats": ["Q723030", "Q27979156", "Q194831", "Q58103465", "Q48005022", "Q66134804", "Q1076355", "Q48021588", "Q48021763", "Q4045294", "Q3807693", "Q29904539", "Q58006953", "Q28755628", "Q48004607", "Q48004869", "Q95994246", "Q28858032"], "environments": {"one": {"co-oc": 0.9999956152416872, "tf-idf": 0.8571428571428571, "combined": 0.9285692361922722}, "two": {"co-oc": 4.384758312757804e-06, "tf-idf": 0.14285714285714285, "combined": 0.07143076380772781}, "four": {"co-oc": 0.0, "tf-idf": 0.0, "combined": 0.0}, "three": {"co-oc": 0.0, "tf-idf": 0.0, "combined": 0.0}}}