{"name": "39002073041239", "type": "rank", "number_files": 244, "number_unknown": 42, "formats": ["Q6026738", "Q50223812", "Q27578057", "Q28786544", "Q3807693", "Q8811", "Q49799747", "Q194831", "Q28206359", "Q58725633", "Q47233167", "Q34310996", "Q1888930", "Q28755628", "Q28755606", "Q95994246", "Q26211874", "Q1601835", "Q49798739", "Q28009496", "Q5924007", "Q32097899", "Q28206109", "Q26549229", "Q47455968", "Q73675958", "Q10287816", "Q2053", "Q29944575", "Q29000741", "Q10394822", "Q81526237", "Q29151645", "Q87066066", "Q34747804", "Q26211840", "Q49798508", "Q85415853", "Q81526528", "Q28600763", "Q81526664", "Q58006953", "Q6912474", "Q32097740", "Q62626012", "Q58335773", "Q29904540", "Q29944206", "Q29435", "Q27979410", "Q3509055", "Q87066063", "Q1343830", "Q16996920", "Q26211940", "Q5448342", "Q287315", "Q5421818", "Q28207108", "Q1662484", "Q28758102", "Q26211957", "Q26211948", "Q28206952", "Q3928271", "Q26211927", "Q1141412", "Q28055391", "Q66439259", "Q48106551", "Q49243488", "Q26211915", "Q28758112", "Q1601331", "Q29650304", "Q17073241", "Q1076355", "Q26211905", "Q26211954", "Q723030", "Q28206894", "Q26211936", "Q288405", "Q27967388", "Q26211975", "Q29904539", "Q5532250", "Q58335745", "Q673906", "Q49243748", "Q28049770", "Q166074", "Q26211983", "Q5153426", "Q66811836", "Q58103465", "Q28344736", "Q26211965", "Q29000651", "Q49799499", "Q4045294", "Q58237034", "Q26211931", "Q26211958", "Q1882400", "Q26211977", "Q684554", "Q27473691", "Q26211978", "Q26211891", "Q27979156", "Q28206310", "Q99184084", "Q59535034"], "environments": {"two": {"co-oc": 0.4285049533624947, "tf-idf": 0.30000000000000004, "combined": 0.3642524766812474}, "one": {"co-oc": 0.332220809396196, "tf-idf": 0.30000000000000004, "combined": 0.31611040469809804}, "four": {"co-oc": 0.21364526454683658, "tf-idf": 0.2, "combined": 0.2068226322734183}, "three": {"co-oc": 0.02562897269447265, "tf-idf": 0.2, "combined": 0.11281448634723633}}}