{"name": "39002055102983", "type": "rank", "number_files": 631, "number_unknown": 114, "formats": ["Q1144005", "Q66439259", "Q34747804", "Q28600764", "Q28758112", "Q1601331", "Q29650304", "Q58103465", "Q47233167", "Q81526528", "Q4045294", "Q81526664", "Q28755628", "Q6912474", "Q32097740", "Q28755606", "Q942350", "Q29904539", "Q28009496", "Q32097899", "Q28207108", "Q28049770", "Q81526237"], "environments": {"two": {"co-oc": 0.8398517491065585, "tf-idf": 0.42857142857142855, "combined": 0.6342115888389935}, "three": {"co-oc": 0.15988860248794867, "tf-idf": 0.2857142857142857, "combined": 0.22280144410111719}, "four": {"co-oc": 0.00012982420274641258, "tf-idf": 0.14285714285714285, "combined": 0.07149348352994463}, "one": {"co-oc": 0.00012982420274641258, "tf-idf": 0.14285714285714285, "combined": 0.07149348352994463}}}