{"name": "39002119594753", "type": "rank", "number_files": 1395, "number_unknown": 59, "formats": ["Q28786544", "Q1192568", "Q3807693", "Q29209269", "Q8811", "Q47455466", "Q66310989", "Q1888930", "Q28600412", "Q95994246", "Q62625561", "Q28600435", "Q51035227", "Q26211874", "Q59653966", "Q6043826", "Q27229642", "Q27229608", "Q5924007", "Q930281", "Q28206109", "Q26549229", "Q66134804", "Q2053", "Q29650301", "Q10394822", "Q433224", "Q29151645", "Q26211840", "Q27826469", "Q28771319", "Q34746472", "Q51034969", "Q28600763", "Q58006953", "Q62626012", "Q51837224", "Q66439261", "Q16996920", "Q27526733", "Q26211940", "Q28205824", "Q51839192", "Q479833", "Q1662484", "Q26211957", "Q26211948", "Q51035340", "Q26211927", "Q27229565", "Q1141412", "Q178051", "Q47455565", "Q2138624", "Q27826464", "Q26211915", "Q28205580", "Q4042979", "Q17073241", "Q1076355", "Q28600453", "Q26211905", "Q27826466", "Q26211954", "Q723030", "Q26211936", "Q288405", "Q26211975", "Q28600476", "Q5532250", "Q673906", "Q28205626", "Q26211983", "Q166074", "Q729366", "Q27596243", "Q28206957", "Q66811836", "Q29000498", "Q34284525", "Q26211965", "Q28206771", "Q4045294", "Q28445577", "Q28600454", "Q26211931", "Q27826468", "Q26211958", "Q26211977", "Q62625630", "Q684554", "Q26211978", "Q26211891", "Q89029185", "Q27979156", "Q28206381", "Q28758103", "Q99184084"], "environments": {"one": {"co-oc": 0.5279926339735307, "tf-idf": 0.4285714285714286, "combined": 0.47828203127247965}, "two": {"co-oc": 0.39015520414140514, "tf-idf": 0.2857142857142857, "combined": 0.3379347449278454}, "three": {"co-oc": 0.08183748990201806, "tf-idf": 0.2142857142857143, "combined": 0.14806160209386618}, "four": {"co-oc": 1.467198304605751e-05, "tf-idf": 0.07142857142857142, "combined": 0.03572162170580874}}}