{"name": "39002103624285", "type": "rank", "number_files": 116, "number_unknown": 0, "formats": ["Q26549229", "Q1662484", "Q28600763", "Q1076355", "Q684554", "Q1676669", "Q4045294", "Q16996920", "Q66811836", "Q99184084"], "environments": {"one": {"co-oc": 0.9996333661266186, "tf-idf": 0.4, "combined": 0.6998166830633092}, "four": {"co-oc": 0.00012221129112713905, "tf-idf": 0.2, "combined": 0.10006110564556357}, "three": {"co-oc": 0.00012221129112713905, "tf-idf": 0.2, "combined": 0.10006110564556357}, "two": {"co-oc": 0.00012221129112713905, "tf-idf": 0.2, "combined": 0.10006110564556357}}}