{"name": "39002087698206", "type": "rank", "number_files": 5221, "number_unknown": 4, "formats": ["Q29011569", "Q29011538", "Q29017304", "Q28786544", "Q3807693", "Q8811", "Q29011710", "Q194831", "Q28206359", "Q47455466", "Q29011365", "Q1888930", "Q28755628", "Q95994246", "Q29012350", "Q29011646", "Q29017306", "Q29011357", "Q29011824", "Q29011358", "Q28206109", "Q66134804", "Q29011361", "Q2053", "Q29011977", "Q29151645", "Q29011514", "Q27826469", "Q29011579", "Q29011271", "Q34746472", "Q17092932", "Q28600763", "Q29017312", "Q29012206", "Q29012224", "Q58006953", "Q62626012", "Q26385770", "Q16996920", "Q28206262", "Q27526733", "Q29012120", "Q1662484", "Q380319", "Q29011223", "Q26329648", "Q1676669", "Q47455565", "Q27826464", "Q28205580", "Q29011549", "Q217570", "Q4042979", "Q17073241", "Q1076355", "Q29011484", "Q27826466", "Q723030", "Q288405", "Q29011892", "Q29011774", "Q29012285", "Q29904539", "Q29011363", "Q29012054", "Q28206497", "Q29011566", "Q673906", "Q28205626", "Q29011079", "Q166074", "Q729366", "Q27596243", "Q29017314", "Q29011315", "Q29650305", "Q66811836", "Q29012190", "Q58103465", "Q28206771", "Q4045294", "Q29011347", "Q27826468", "Q1952321", "Q29017311", "Q684554", "Q29017309", "Q1882110", "Q27979156", "Q99184084"], "environments": {"one": {"co-oc": 0.6153579384333409, "tf-idf": 0.4375, "combined": 0.5264289692166704}, "two": {"co-oc": 0.34086896650312576, "tf-idf": 0.3125, "combined": 0.32668448325156285}, "three": {"co-oc": 0.043762518814182826, "tf-idf": 0.1875, "combined": 0.11563125940709142}, "four": {"co-oc": 1.0576249350673618e-05, "tf-idf": 0.0625, "combined": 0.03125528812467534}}}