{"name": "39002073438054", "type": "rank", "number_files": 36, "number_unknown": 0, "formats": ["Q66134804", "Q1076355", "Q942350", "Q4045294", "Q28600764", "Q1569639", "Q2044200", "Q28206756"], "environments": {"one": {"co-oc": 0.7772047054623611, "tf-idf": 0.4444444444444444, "combined": 0.6108245749534027}, "four": {"co-oc": 0.18013193437143551, "tf-idf": 0.2222222222222222, "combined": 0.20117707829682885}, "two": {"co-oc": 0.042651972245426786, "tf-idf": 0.2222222222222222, "combined": 0.1324370972338245}, "three": {"co-oc": 1.1387920776695021e-05, "tf-idf": 0.1111111111111111, "combined": 0.0555612495159439}}}