{"name": "39002100801696", "type": "rank", "number_files": 669, "number_unknown": 1, "formats": ["Q29151645", "Q28786544", "Q8811", "Q3807693", "Q66811836", "Q17073241", "Q28600763", "Q1076355", "Q1888930", "Q58006953", "Q62626012", "Q95994246", "Q723030", "Q288405", "Q684554", "Q16996920", "Q27979156", "Q1662484", "Q673906", "Q1676669", "Q2053", "Q99184084", "Q166074"], "environments": {"one": {"co-oc": 0.9992142013951882, "tf-idf": 0.4, "combined": 0.6996071006975941}, "four": {"co-oc": 0.0002619328682705975, "tf-idf": 0.2, "combined": 0.1001309664341353}, "three": {"co-oc": 0.0002619328682705975, "tf-idf": 0.2, "combined": 0.1001309664341353}, "two": {"co-oc": 0.0002619328682705975, "tf-idf": 0.2, "combined": 0.1001309664341353}}}