{"name": "39002012380581", "type": "rank", "number_files": 989, "number_unknown": 567, "formats": ["Q61971919", "Q28049670", "Q50223812", "Q3807693", "Q96143857", "Q27826340", "Q61971917", "Q28206359", "Q47233167", "Q59999470", "Q28600412", "Q28755606", "Q95994246", "Q28600256", "Q52834849", "Q27979154", "Q59999653", "Q50604441", "Q28207085", "Q28009496", "Q27967116", "Q32097899", "Q28206109", "Q27826389", "Q26549229", "Q34312151", "Q81526237", "Q34747804", "Q28052884", "Q51753051", "Q63036182", "Q28975873", "Q81526528", "Q81526664", "Q58006953", "Q6912474", "Q32097740", "Q29904540", "Q27486884", "Q27526733", "Q34312361", "Q5448342", "Q287315", "Q479833", "Q5421818", "Q28207108", "Q62619688", "Q27923693", "Q1141412", "Q46118194", "Q66439259", "Q51954585", "Q28758112", "Q28205439", "Q1601331", "Q60628025", "Q29650304", "Q27349828", "Q4746193", "Q1076355", "Q44933672", "Q723030", "Q79242428", "Q27487348", "Q27487130", "Q28049770", "Q5153426", "Q27596243", "Q29650330", "Q51954521", "Q60628005", "Q27487109", "Q51753252", "Q4045294", "Q48814895", "Q27487343", "Q27349804", "Q27925722", "Q27979156", "Q99184084", "Q56827141"], "environments": {"two": {"co-oc": 0.999130324436222, "tf-idf": 0.4, "combined": 0.6995651622181109}, "four": {"co-oc": 0.0002898918545927144, "tf-idf": 0.2, "combined": 0.10014494592729636}, "one": {"co-oc": 0.0002898918545927144, "tf-idf": 0.2, "combined": 0.10014494592729636}, "three": {"co-oc": 0.0002898918545927144, "tf-idf": 0.2, "combined": 0.10014494592729636}}}