{"name": "39002082002669", "type": "rank", "number_files": 587, "number_unknown": 66, "formats": ["Q28786544", "Q3807693", "Q8811", "Q27979378", "Q61752300", "Q27979542", "Q28206359", "Q47233167", "Q1888930", "Q29905159", "Q1165116", "Q28755606", "Q95994246", "Q28919168", "Q1601835", "Q28009496", "Q5924007", "Q61984341", "Q32097899", "Q28206109", "Q26549229", "Q66134804", "Q1422885", "Q73675958", "Q2053", "Q27967217", "Q29000741", "Q27966933", "Q27474094", "Q81526237", "Q29151645", "Q87066066", "Q34747804", "Q50308790", "Q28206625", "Q61707607", "Q27826469", "Q27988044", "Q34746472", "Q28205846", "Q61777964", "Q28600763", "Q81526528", "Q85415853", "Q66662117", "Q81526664", "Q58006953", "Q6912474", "Q32097740", "Q62626012", "Q58335773", "Q29944206", "Q29435", "Q3509055", "Q87066063", "Q16996920", "Q287315", "Q28207108", "Q1662484", "Q1676669", "Q28206952", "Q79241659", "Q1141412", "Q66439259", "Q49243488", "Q27826464", "Q28205580", "Q28758112", "Q27960082", "Q1601331", "Q29650304", "Q17073241", "Q1076355", "Q27826466", "Q723030", "Q53756551", "Q288405", "Q28207044", "Q59999786", "Q673906", "Q49243748", "Q28205626", "Q28049770", "Q166074", "Q729366", "Q27596243", "Q66811836", "Q59962003", "Q53756539", "Q29000651", "Q28206771", "Q4045294", "Q28445577", "Q27826468", "Q684554", "Q34285652", "Q27959896", "Q27979156", "Q85415606", "Q99184084"], "environments": {"one": {"co-oc": 0.6080117804462153, "tf-idf": 0.3333333333333333, "combined": 0.4706725568897743}, "two": {"co-oc": 0.17442881927655512, "tf-idf": 0.24999999999999994, "combined": 0.21221440963827753}, "three": {"co-oc": 0.16643764406155778, "tf-idf": 0.24999999999999994, "combined": 0.20821882203077885}, "four": {"co-oc": 0.05112175621567189, "tf-idf": 0.16666666666666666, "combined": 0.10889421144116927}}}