{"name": "39002053814100", "type": "rank", "number_files": 331, "number_unknown": 113, "formats": ["Q6026738", "Q87066066", "Q49243488", "Q27578057", "Q3807693", "Q66811836", "Q58103465", "Q28206359", "Q58725633", "Q28600763", "Q1076355", "Q85415853", "Q4045294", "Q58237034", "Q58006953", "Q28755628", "Q95994246", "Q58335773", "Q29944206", "Q723030", "Q28206894", "Q29435", "Q58007288", "Q3509055", "Q87066063", "Q684554", "Q16996920", "Q29904539", "Q1601835", "Q5924007", "Q287315", "Q28206109", "Q27979156", "Q26549229", "Q1662484", "Q73675958", "Q49243748", "Q29944575", "Q99184084"], "environments": {"one": {"co-oc": 0.3333333333333333, "tf-idf": 0.33333333333333337, "combined": 0.33333333333333337}, "three": {"co-oc": 0.3333333333333333, "tf-idf": 0.33333333333333337, "combined": 0.33333333333333337}, "two": {"co-oc": 0.3333333333333333, "tf-idf": 0.33333333333333337, "combined": 0.33333333333333337}, "four": {"co-oc": 0.0, "tf-idf": 0.0, "combined": 0.0}}}