{"name": "39002111294048", "type": "rank", "number_files": 1561, "number_unknown": 1, "formats": ["Q729366", "Q27826464", "Q66811836", "Q27826469", "Q28205580", "Q34746472", "Q28206771", "Q28600763", "Q27826468", "Q27826466", "Q684554", "Q16996920", "Q5924007", "Q28206109", "Q1662484", "Q1676669", "Q28205626", "Q99184084", "Q178051"], "environments": {"three": {"co-oc": 0.4117070328775059, "tf-idf": 0.4285714285714286, "combined": 0.42013923072446724}, "four": {"co-oc": 0.29414648356124706, "tf-idf": 0.2857142857142857, "combined": 0.2899303846377664}, "one": {"co-oc": 0.29414648356124706, "tf-idf": 0.2857142857142857, "combined": 0.2899303846377664}, "two": {"co-oc": 0.0, "tf-idf": 0.0, "combined": 0.0}}}