{"name": "39002012261518", "type": "rank", "number_files": 784, "number_unknown": 206, "formats": ["Q28858044", "Q66439259", "Q48782394", "Q34747804", "Q63061514", "Q28858041", "Q3807693", "Q61641368", "Q28758112", "Q51751573", "Q28205846", "Q61639409", "Q29650311", "Q17138473", "Q1601331", "Q29650304", "Q28207252", "Q34284437", "Q1076355", "Q28858038", "Q47233167", "Q81526237", "Q28858042", "Q81526528", "Q4045294", "Q382011", "Q48782098", "Q81526664", "Q58006953", "Q6912474", "Q32097740", "Q28755606", "Q85621726", "Q28858032", "Q95994246", "Q51801746", "Q723030", "Q60000066", "Q34747168", "Q48782238", "Q48782202", "Q686498", "Q85621806", "Q28858035", "Q28009496", "Q62664770", "Q28206109", "Q63061396", "Q32097899", "Q27979156", "Q28207108", "Q28858039", "Q28858037", "Q60628185", "Q66439286", "Q1676669", "Q48915661", "Q3888665", "Q99184084", "Q28049770", "Q28207516", "Q62664735"], "environments": {"two": {"co-oc": 0.501457432803348, "tf-idf": 0.368421052631579, "combined": 0.4349392427174635}, "one": {"co-oc": 0.47874936633830406, "tf-idf": 0.368421052631579, "combined": 0.4235852094849415}, "three": {"co-oc": 0.01485645349441414, "tf-idf": 0.1578947368421053, "combined": 0.08637559516825973}, "four": {"co-oc": 0.004936747363933765, "tf-idf": 0.10526315789473686, "combined": 0.055099952629335314}}}