{"name": "39002105329677", "type": "rank", "number_files": 1629, "number_unknown": 34, "formats": ["Q723030", "Q27979156", "Q27596243", "Q58103465", "Q729366", "Q28206771", "Q1076355", "Q4045294", "Q3807693", "Q29904539", "Q28205626", "Q28205580", "Q58006953", "Q28755628", "Q1141412", "Q95994246"], "environments": {"one": {"co-oc": 0.3333333333333333, "tf-idf": 0.33333333333333337, "combined": 0.33333333333333337}, "three": {"co-oc": 0.3333333333333333, "tf-idf": 0.33333333333333337, "combined": 0.33333333333333337}, "two": {"co-oc": 0.3333333333333333, "tf-idf": 0.33333333333333337, "combined": 0.33333333333333337}, "four": {"co-oc": 0.0, "tf-idf": 0.0, "combined": 0.0}}}