{"name": "39002046436227", "type": "rank", "number_files": 2, "number_unknown": 0, "formats": ["Q66134804", "Q60886160", "Q28858068", "Q60806257", "Q60806040", "Q60873199", "Q60886323", "Q52834888"], "environments": {"one": {"co-oc": 0.37066663054199817, "tf-idf": 0.375, "combined": 0.37283331527099906}, "four": {"co-oc": 0.3146666847290009, "tf-idf": 0.3125, "combined": 0.3135833423645005}, "two": {"co-oc": 0.3146666847290009, "tf-idf": 0.3125, "combined": 0.3135833423645005}, "three": {"co-oc": 0.0, "tf-idf": 0.0, "combined": 0.0}}}