{"name": "39002069909522", "type": "rank", "number_files": 4508, "number_unknown": 1, "formats": ["Q27979513", "Q1662484", "Q28600763", "Q1076355", "Q684554", "Q34312151", "Q27923693", "Q16996920", "Q1676669", "Q27925722", "Q4045294", "Q66811836", "Q34312361", "Q1141412"], "environments": {"one": {"co-oc": 0.9990177926437156, "tf-idf": 0.39999999999999997, "combined": 0.6995088963218578}, "four": {"co-oc": 0.00032740245209484, "tf-idf": 0.19999999999999998, "combined": 0.10016370122604741}, "three": {"co-oc": 0.00032740245209484, "tf-idf": 0.19999999999999998, "combined": 0.10016370122604741}, "two": {"co-oc": 0.00032740245209484, "tf-idf": 0.19999999999999998, "combined": 0.10016370122604741}}}