{"name": "39002082759656", "type": "rank", "number_files": 479, "number_unknown": 107, "formats": ["Q1144005", "Q27596243", "Q34747804", "Q66439259", "Q751800", "Q48004869", "Q2138624", "Q3807693", "Q66811836", "Q28758112", "Q48021763", "Q1601331", "Q194831", "Q29650304", "Q58103465", "Q28600763", "Q1076355", "Q1072083", "Q47233167", "Q81526528", "Q4045294", "Q28206343", "Q81526664", "Q58006953", "Q28755628", "Q59820886", "Q32097740", "Q28755606", "Q6912474", "Q28600412", "Q95994246", "Q48004607", "Q723030", "Q28206565", "Q62625630", "Q48021588", "Q684554", "Q55394748", "Q16996920", "Q27526733", "Q29904539", "Q66134814", "Q28009496", "Q479833", "Q32097899", "Q1023647", "Q27979156", "Q28206109", "Q29644119", "Q48005022", "Q66134804", "Q1662484", "Q28207108", "Q99184084", "Q28049770", "Q83964875", "Q95994804", "Q1141412", "Q81526237"], "environments": {"one": {"co-oc": 0.9791803759245473, "tf-idf": 0.5833333333333334, "combined": 0.7812568546289403}, "two": {"co-oc": 0.018120292328851078, "tf-idf": 0.16666666666666666, "combined": 0.09239347949775886}, "three": {"co-oc": 0.0026942465954212756, "tf-idf": 0.16666666666666666, "combined": 0.08468045663104397}, "four": {"co-oc": 5.085151180222357e-06, "tf-idf": 0.08333333333333333, "combined": 0.041669209242256776}}}