{"name": "39002092706408", "type": "rank", "number_files": 426, "number_unknown": 0, "formats": ["Q3807693", "Q66811836", "Q17092932", "Q28206359", "Q28600763", "Q1076355", "Q4045294", "Q58006953", "Q1952321", "Q95994246", "Q723030", "Q26385770", "Q684554", "Q16996920", "Q28206262", "Q27979156", "Q26549229", "Q66134804", "Q1662484", "Q28206497", "Q26329648", "Q1676669", "Q99184084"], "environments": {"one": {"co-oc": 0.9998529896413714, "tf-idf": 0.5, "combined": 0.7499264948206856}, "four": {"co-oc": 4.9003452876113474e-05, "tf-idf": 0.16666666666666666, "combined": 0.08335783505977139}, "three": {"co-oc": 4.9003452876113474e-05, "tf-idf": 0.16666666666666666, "combined": 0.08335783505977139}, "two": {"co-oc": 4.9003452876113474e-05, "tf-idf": 0.16666666666666666, "combined": 0.08335783505977139}}}