{"name": "39002076300327", "type": "rank", "number_files": 1542, "number_unknown": 0, "formats": ["Q729366", "Q27596243", "Q66811836", "Q28205580", "Q17092932", "Q28206359", "Q28206771", "Q28600763", "Q1076355", "Q4045294", "Q1952321", "Q26385770", "Q684554", "Q16996920", "Q28206262", "Q1662484", "Q28206497", "Q26329648", "Q1676669", "Q28205626"], "environments": {"one": {"co-oc": 0.542670457859106, "tf-idf": 0.3333333333333333, "combined": 0.4380018955962196}, "three": {"co-oc": 0.45690649220606117, "tf-idf": 0.3333333333333333, "combined": 0.39511991276969727}, "four": {"co-oc": 0.00021152496741648488, "tf-idf": 0.16666666666666666, "combined": 0.08343909581704158}, "two": {"co-oc": 0.00021152496741648488, "tf-idf": 0.16666666666666666, "combined": 0.08343909581704158}}}