{"name": "39002072323786", "type": "rank", "number_files": 156, "number_unknown": 3, "formats": ["Q729366", "Q66439259", "Q34747804", "Q3807693", "Q66811836", "Q96054624", "Q28205580", "Q28758112", "Q1601331", "Q29650304", "Q178051", "Q28206771", "Q28600763", "Q47233167", "Q81526528", "Q1076355", "Q4045294", "Q81526664", "Q58006953", "Q6912474", "Q32097740", "Q28755606", "Q95994246", "Q723030", "Q1887604", "Q684554", "Q16996920", "Q28009496", "Q32097899", "Q27979156", "Q26549229", "Q28207108", "Q1662484", "Q1676669", "Q28205626", "Q99184084", "Q28049770", "Q1141412", "Q81526237"], "environments": {"three": {"co-oc": 0.6522362214319143, "tf-idf": 0.3846153846153847, "combined": 0.5184258030236495}, "one": {"co-oc": 0.15935366307547982, "tf-idf": 0.23076923076923078, "combined": 0.1950614469223553}, "four": {"co-oc": 0.1389006257513415, "tf-idf": 0.23076923076923078, "combined": 0.18483492826028614}, "two": {"co-oc": 0.04950948974126446, "tf-idf": 0.15384615384615385, "combined": 0.10167782179370916}}}