{"name": "39002074057499", "type": "rank", "number_files": 2319, "number_unknown": 1456, "formats": ["Q28205488", "Q777561", "Q83489235", "Q61727602", "Q3807693", "Q61641368", "Q61639409", "Q47233167", "Q28206147", "Q28600412", "Q28755606", "Q28205736", "Q95994246", "Q28858032", "Q60000066", "Q48782238", "Q28009496", "Q686498", "Q32097899", "Q28206109", "Q26549229", "Q28858039", "Q28858037", "Q81526237", "Q34747804", "Q61707607", "Q28858041", "Q28206708", "Q28600763", "Q81526528", "Q28858038", "Q28858042", "Q81526664", "Q58006953", "Q28205883", "Q6912474", "Q32097740", "Q59714459", "Q51801746", "Q1887604", "Q1047541", "Q5616826", "Q16996920", "Q27596100", "Q27526733", "Q48782202", "Q61727514", "Q28858035", "Q63061396", "Q28207108", "Q1662484", "Q1676669", "Q73514615", "Q66134564", "Q28206700", "Q28858044", "Q66439259", "Q63061514", "Q28205580", "Q28758112", "Q27596184", "Q1601331", "Q29650304", "Q1076355", "Q61727559", "Q28206788", "Q85621726", "Q723030", "Q27596325", "Q47512572", "Q63061679", "Q85621806", "Q67123937", "Q62664770", "Q1817318", "Q66439286", "Q48915661", "Q28205626", "Q61727504", "Q28049770", "Q62664735", "Q729366", "Q61727569", "Q48782394", "Q27596243", "Q27596417", "Q28206328", "Q66811836", "Q28206771", "Q28205674", "Q4045294", "Q61727114", "Q28445577", "Q48782098", "Q48625328", "Q684554", "Q2858737", "Q28207499", "Q218170", "Q28205733", "Q27979156", "Q28206138", "Q60628185", "Q99184084", "Q28205595"], "environments": {"two": {"co-oc": 0.34366849278477635, "tf-idf": 0.28, "combined": 0.3118342463923882}, "one": {"co-oc": 0.3276370028058084, "tf-idf": 0.28, "combined": 0.30381850140290423}, "three": {"co-oc": 0.3256622926767315, "tf-idf": 0.36000000000000004, "combined": 0.34283114633836576}, "four": {"co-oc": 0.003032211732683686, "tf-idf": 0.08, "combined": 0.04151610586634184}}}