{"name": "39002110493310", "type": "rank", "number_files": 22, "number_unknown": 0, "formats": ["Q29011569", "Q29011538", "Q29017314", "Q29011315", "Q29017304", "Q29011514", "Q29011579", "Q29011271", "Q29012190", "Q29011710", "Q29011549", "Q58103465", "Q1076355", "Q29017312", "Q4045294", "Q29011484", "Q29012206", "Q29011365", "Q29012224", "Q29011347", "Q28755628", "Q29012350", "Q29017311", "Q29011646", "Q29011892", "Q29011774", "Q29012285", "Q29017306", "Q42591", "Q29904539", "Q29011363", "Q29011357", "Q29017309", "Q29012120", "Q29011358", "Q479833", "Q29011824", "Q29644119", "Q26549229", "Q29012054", "Q29011223", "Q29011566", "Q29011361", "Q29011079", "Q95994804", "Q29011977"], "environments": {"one": {"co-oc": 0.4997443057229556, "tf-idf": 0.3333333333333333, "combined": 0.4165388195281444}, "two": {"co-oc": 0.4997443057229556, "tf-idf": 0.3333333333333333, "combined": 0.4165388195281444}, "four": {"co-oc": 0.0002556942770444449, "tf-idf": 0.16666666666666666, "combined": 0.08346118047185555}, "three": {"co-oc": 0.0002556942770444449, "tf-idf": 0.16666666666666666, "combined": 0.08346118047185555}}}