{"name": "39002077973866", "type": "rank", "number_files": 8, "number_unknown": 0, "formats": ["Q66439259", "Q34747804", "Q28758112", "Q1601331", "Q29650304", "Q2693033", "Q47233167", "Q1076355", "Q81526528", "Q4045294", "Q81526664", "Q6912474", "Q32097740", "Q28755606", "Q28009496", "Q479833", "Q32097899", "Q28207108", "Q28049770", "Q81526237"], "environments": {"two": {"co-oc": 0.9994951817312776, "tf-idf": 0.39999999999999997, "combined": 0.6997475908656388}, "four": {"co-oc": 0.00016827275624081516, "tf-idf": 0.19999999999999998, "combined": 0.1000841363781204}, "one": {"co-oc": 0.00016827275624081516, "tf-idf": 0.19999999999999998, "combined": 0.1000841363781204}, "three": {"co-oc": 0.00016827275624081516, "tf-idf": 0.19999999999999998, "combined": 0.1000841363781204}}}