{"name": "39002079514882", "type": "rank", "number_files": 41, "number_unknown": 0, "formats": ["Q29944783", "Q29944987", "Q29944780", "Q29944786", "Q29944785", "Q29944758", "Q29944779", "Q29944776", "Q66134804", "Q29944777", "Q29944773", "Q29944782"], "environments": {"one": {"co-oc": 0.5155459411832798, "tf-idf": 0.5217391304347826, "combined": 0.5186425358090312}, "two": {"co-oc": 0.4844540588167203, "tf-idf": 0.4782608695652174, "combined": 0.48135746419096886}, "four": {"co-oc": 0.0, "tf-idf": 0.0, "combined": 0.0}, "three": {"co-oc": 0.0, "tf-idf": 0.0, "combined": 0.0}}}