{"name": "39002078278109", "type": "rank", "number_files": 1135, "number_unknown": 0, "formats": ["Q26385770", "Q28206359", "Q66134804", "Q28206497", "Q26329648", "Q1676669", "Q28206262", "Q1952321", "Q17092932"], "environments": {"one": {"co-oc": 0.9998824243196249, "tf-idf": 0.5, "combined": 0.7499412121598125}, "four": {"co-oc": 5.8787840187519626e-05, "tf-idf": 0.25, "combined": 0.12502939392009377}, "three": {"co-oc": 5.8787840187519626e-05, "tf-idf": 0.25, "combined": 0.12502939392009377}, "two": {"co-oc": 0.0, "tf-idf": 0.0, "combined": 0.0}}}