{"name": "39002011819852", "type": "rank", "number_files": 759, "number_unknown": 18, "formats": ["Q723030", "Q27979156", "Q66134804", "Q1076355", "Q942350", "Q4045294", "Q28600764", "Q3807693", "Q1569639", "Q58006953", "Q61777776", "Q95994246"], "environments": {"one": {"co-oc": 0.8950295417290173, "tf-idf": 0.42857142857142855, "combined": 0.6618004851502229}, "two": {"co-oc": 0.10489294377784951, "tf-idf": 0.2857142857142857, "combined": 0.1953036147460676}, "four": {"co-oc": 3.8757246566528854e-05, "tf-idf": 0.14285714285714285, "combined": 0.07144795005185468}, "three": {"co-oc": 3.8757246566528854e-05, "tf-idf": 0.14285714285714285, "combined": 0.07144795005185468}}}