{"name": "39002098131734", "type": "rank", "number_files": 3961, "number_unknown": 49, "formats": ["Q29011569", "Q29011538", "Q29017304", "Q3807693", "Q29209269", "Q29011710", "Q66310989", "Q29011365", "Q95994246", "Q29012350", "Q62625561", "Q29011646", "Q28600435", "Q51035227", "Q59653966", "Q29017306", "Q29011357", "Q5924007", "Q29011824", "Q29011358", "Q930281", "Q28206109", "Q26549229", "Q66134804", "Q29011361", "Q29650301", "Q29011977", "Q29011514", "Q27826469", "Q34746472", "Q29011271", "Q29011579", "Q51034969", "Q28600763", "Q29017312", "Q29012206", "Q29012224", "Q58006953", "Q66439261", "Q51837224", "Q16996920", "Q51839192", "Q29012120", "Q1662484", "Q29011223", "Q1676669", "Q51035340", "Q178051", "Q27826464", "Q28205580", "Q29011549", "Q1076355", "Q28600453", "Q29011484", "Q27826466", "Q723030", "Q29011892", "Q29011774", "Q29012285", "Q29011363", "Q29012054", "Q29011566", "Q28205626", "Q29011079", "Q729366", "Q29017314", "Q28206957", "Q29011315", "Q66811836", "Q29012190", "Q34284525", "Q28206771", "Q4045294", "Q28600454", "Q29011347", "Q27826468", "Q29017311", "Q62625630", "Q684554", "Q29017309", "Q89029185", "Q27979156", "Q28206381", "Q28758103", "Q99184084"], "environments": {"one": {"co-oc": 0.633541270796032, "tf-idf": 0.36363636363636365, "combined": 0.4985888172161978}, "three": {"co-oc": 0.24046220766106577, "tf-idf": 0.36363636363636365, "combined": 0.3020492856487147}, "four": {"co-oc": 0.12597681129974547, "tf-idf": 0.18181818181818182, "combined": 0.15389749655896365}, "two": {"co-oc": 1.9710243156895805e-05, "tf-idf": 0.09090909090909091, "combined": 0.0454644005761239}}}