{"name": "39002067758111", "type": "rank", "number_files": 408, "number_unknown": 2, "formats": ["Q729366", "Q1144005", "Q27596243", "Q29944783", "Q61971919", "Q29944779", "Q51954521", "Q29944777", "Q3807693", "Q28858068", "Q66811836", "Q28205580", "Q29944773", "Q51954585", "Q29944782", "Q61971917", "Q47539061", "Q60628005", "Q2043681", "Q29944987", "Q60628025", "Q29944780", "Q29944786", "Q28206771", "Q28600763", "Q1076355", "Q1072083", "Q44933672", "Q60886160", "Q4045294", "Q60806257", "Q60873199", "Q58006953", "Q28600482", "Q3596396", "Q95994246", "Q52834888", "Q723030", "Q52834849", "Q29944785", "Q29944758", "Q684554", "Q16996920", "Q60806040", "Q60886323", "Q28756196", "Q28600483", "Q27979156", "Q29151494", "Q1662484", "Q27487130", "Q29944776", "Q27966906", "Q28205626", "Q1141412", "Q48809727"], "environments": {"one": {"co-oc": 0.4557935246376666, "tf-idf": 0.41463414634146345, "combined": 0.43521383548956505}, "two": {"co-oc": 0.4557935246376666, "tf-idf": 0.41463414634146345, "combined": 0.43521383548956505}, "four": {"co-oc": 0.08823831380215555, "tf-idf": 0.1219512195121951, "combined": 0.10509476665717532}, "three": {"co-oc": 0.00017463692251136364, "tf-idf": 0.04878048780487804, "combined": 0.0244775623636947}}}