{"name": "390020910000902", "type": "rank", "number_files": 2162, "number_unknown": 10, "formats": ["Q729366", "Q777561", "Q27826464", "Q3807693", "Q66811836", "Q27826469", "Q28205580", "Q34746472", "Q48021763", "Q28206771", "Q28600763", "Q1076355", "Q4045294", "Q28445577", "Q58006953", "Q48004607", "Q27826468", "Q27826466", "Q95994246", "Q723030", "Q48021588", "Q684554", "Q16996920", "Q5924007", "Q28206109", "Q27979156", "Q48005022", "Q66134804", "Q1662484", "Q1676669", "Q10287816", "Q28205626", "Q99184084", "Q48004869"], "environments": {"one": {"co-oc": 0.9926008574032829, "tf-idf": 0.6363636363636364, "combined": 0.8144822468834596}, "three": {"co-oc": 0.007390516315687803, "tf-idf": 0.18181818181818185, "combined": 0.09460434906693482}, "four": {"co-oc": 4.313140514669882e-06, "tf-idf": 0.09090909090909093, "combined": 0.0454567020248028}, "two": {"co-oc": 4.313140514669882e-06, "tf-idf": 0.09090909090909093, "combined": 0.0454567020248028}}}