{"name": "39002046380912", "type": "rank", "number_files": 49, "number_unknown": 20, "formats": ["Q47455565", "Q7671270", "Q28207469", "Q28206049", "Q1192568", "Q61707607", "Q3146723", "Q27355592", "Q4042979", "Q47455466", "Q1076355", "Q51916170", "Q28205801", "Q28206162", "Q16965621", "Q28205944", "Q28206373", "Q28600476", "Q28205670", "Q28205965", "Q28206272", "Q28206109", "Q28206883", "Q10287816", "Q28206306", "Q877050", "Q1676669", "Q1228757"], "environments": {"one": {"co-oc": 0.5171120512537021, "tf-idf": 0.37499999999999994, "combined": 0.446056025626851}, "two": {"co-oc": 0.4592739327159631, "tf-idf": 0.25, "combined": 0.3546369663579816}, "three": {"co-oc": 0.023586369234068694, "tf-idf": 0.25, "combined": 0.13679318461703435}, "four": {"co-oc": 2.764679626595587e-05, "tf-idf": 0.125, "combined": 0.06251382339813298}}}