{"name": "39002085267079", "type": "rank", "number_files": 1148, "number_unknown": 0, "formats": ["Q27596243", "Q27826464", "Q3807693", "Q66811836", "Q27826469", "Q34746472", "Q28600763", "Q1076355", "Q4045294", "Q58006953", "Q27826468", "Q27826466", "Q95994246", "Q723030", "Q684554", "Q16996920", "Q5924007", "Q28206109", "Q27979156", "Q1662484", "Q1676669", "Q99184084", "Q178051"], "environments": {"one": {"co-oc": 0.36415856829815746, "tf-idf": 0.375, "combined": 0.3695792841490787}, "four": {"co-oc": 0.3179148421213535, "tf-idf": 0.25, "combined": 0.2839574210606768}, "three": {"co-oc": 0.3179148421213535, "tf-idf": 0.25, "combined": 0.2839574210606768}, "two": {"co-oc": 1.1747459135585679e-05, "tf-idf": 0.125, "combined": 0.0625058737295678}}}