{"name": "39002057736622", "type": "rank", "number_files": 88, "number_unknown": 0, "formats": ["Q729366", "Q751800", "Q3807693", "Q66811836", "Q28205580", "Q10397009", "Q217570", "Q28206771", "Q28600763", "Q1076355", "Q4045294", "Q58006953", "Q95994246", "Q723030", "Q684554", "Q16996920", "Q27979156", "Q26549229", "Q1662484", "Q28205626", "Q178051"], "environments": {"one": {"co-oc": 0.5222820915996721, "tf-idf": 0.33333333333333337, "combined": 0.42780771246650273}, "three": {"co-oc": 0.3282118976792069, "tf-idf": 0.33333333333333337, "combined": 0.33077261550627013}, "two": {"co-oc": 0.14948533781517828, "tf-idf": 0.22222222222222224, "combined": 0.18585378001870026}, "four": {"co-oc": 2.0672905942825462e-05, "tf-idf": 0.11111111111111112, "combined": 0.05556589200852697}}}