{"name": "39002055101043", "type": "rank", "number_files": 207, "number_unknown": 96, "formats": ["Q4836515", "Q28207503", "Q3807693", "Q2044200", "Q28207293", "Q28207016", "Q7119344", "Q1076355", "Q28106149", "Q4045294", "Q58006953", "Q28600482", "Q95994246", "Q723030", "Q28206528", "Q28205773", "Q28106166", "Q28770336", "Q28600483", "Q27979156", "Q3928271", "Q28206638", "Q28206876", "Q2389386"], "environments": {"one": {"co-oc": 0.5293992252643618, "tf-idf": 0.5, "combined": 0.5146996126321809}, "four": {"co-oc": 0.4705891513377255, "tf-idf": 0.375, "combined": 0.42279457566886275}, "two": {"co-oc": 1.1623397912844325e-05, "tf-idf": 0.125, "combined": 0.06250581169895643}, "three": {"co-oc": 0.0, "tf-idf": 0.0, "combined": 0.0}}}