{"name": "39002082349300", "type": "rank", "number_files": 699, "number_unknown": 313, "formats": ["Q29944783", "Q27596243", "Q47455565", "Q34747804", "Q66439259", "Q751800", "Q29944779", "Q64858274", "Q1192568", "Q29944777", "Q66811836", "Q29944773", "Q29944782", "Q28758112", "Q1601331", "Q217570", "Q29944987", "Q29650304", "Q29944780", "Q29944786", "Q4042979", "Q47455466", "Q47233167", "Q1076355", "Q81526528", "Q28205796", "Q28600763", "Q4045294", "Q27967105", "Q81526664", "Q28755628", "Q6912474", "Q32097740", "Q28755606", "Q29944785", "Q59961105", "Q29944758", "Q684554", "Q28207194", "Q58103465", "Q16996920", "Q29904539", "Q28600476", "Q939636", "Q28009496", "Q32097899", "Q28207108", "Q1662484", "Q66134804", "Q29944776", "Q28205588", "Q28049770", "Q28206493", "Q79241659", "Q1141412", "Q81526237"], "environments": {"one": {"co-oc": 0.5040421326444182, "tf-idf": 0.45714285714285713, "combined": 0.48059249489363765}, "two": {"co-oc": 0.49551106202638173, "tf-idf": 0.45714285714285713, "combined": 0.47632695958461946}, "three": {"co-oc": 0.0004463539883625431, "tf-idf": 0.05714285714285713, "combined": 0.028794605565609834}, "four": {"co-oc": 4.513408375348341e-07, "tf-idf": 0.028571428571428564, "combined": 0.014285939956133049}}}