{"name": "39002079348844", "type": "rank", "number_files": 336, "number_unknown": 2, "formats": ["Q29011569", "Q29011538", "Q29017314", "Q29011315", "Q1141412", "Q27596243", "Q28344713", "Q29017304", "Q29011514", "Q28600764", "Q29209269", "Q3807693", "Q27526866", "Q28771319", "Q29011579", "Q29011271", "Q29012190", "Q29011710", "Q29000498", "Q29011549", "Q29017312", "Q1076355", "Q29012206", "Q29011484", "Q29011365", "Q29012224", "Q29011347", "Q4045294", "Q58006953", "Q29012350", "Q95994246", "Q723030", "Q29017311", "Q29011646", "Q29011892", "Q29011774", "Q29012285", "Q27967388", "Q942350", "Q29017306", "Q27526733", "Q6043826", "Q29011363", "Q29011357", "Q29017309", "Q60615282", "Q29012120", "Q29011358", "Q29011824", "Q28206109", "Q27979156", "Q29012054", "Q29011223", "Q29011566", "Q28758103", "Q1676669", "Q29011361", "Q29011079", "Q99184084", "Q29650301", "Q19599377", "Q29011977"], "environments": {"three": {"co-oc": 0.4667651419489034, "tf-idf": 0.2857142857142857, "combined": 0.37623971383159455}, "one": {"co-oc": 0.32099479813468007, "tf-idf": 0.2857142857142857, "combined": 0.30335454192448286}, "two": {"co-oc": 0.21206567750855354, "tf-idf": 0.2857142857142857, "combined": 0.24888998161141962}, "four": {"co-oc": 0.0001743824078630876, "tf-idf": 0.14285714285714285, "combined": 0.07151576263250296}}}