{"name": "39002090071722", "type": "rank", "number_files": 874, "number_unknown": 218, "formats": ["Q6026738", "Q66439259", "Q34747804", "Q729366", "Q27578057", "Q61707607", "Q3807693", "Q66811836", "Q28205580", "Q260180", "Q28758112", "Q1601331", "Q58103465", "Q58725633", "Q29650304", "Q28206771", "Q47233167", "Q1076355", "Q81526528", "Q28755730", "Q28600763", "Q4045294", "Q58237034", "Q28445577", "Q88372666", "Q81526664", "Q58006953", "Q28755628", "Q6912474", "Q32097740", "Q28755606", "Q95994246", "Q26085322", "Q723030", "Q28206894", "Q28205797", "Q62625630", "Q684554", "Q16996920", "Q4049344", "Q29904539", "Q28009496", "Q5439272", "Q32097899", "Q27979156", "Q26549229", "Q28207108", "Q1662484", "Q28205626", "Q99184084", "Q28049770", "Q307271", "Q81526237"], "environments": {"one": {"co-oc": 0.4063048255382259, "tf-idf": 0.2727272727272727, "combined": 0.3395160491327493}, "two": {"co-oc": 0.34978297235355693, "tf-idf": 0.2727272727272727, "combined": 0.3112551225404148}, "three": {"co-oc": 0.20166801855658292, "tf-idf": 0.2727272727272727, "combined": 0.2371976456419278}, "four": {"co-oc": 0.042244183551634236, "tf-idf": 0.18181818181818182, "combined": 0.11203118268490803}}}