{"name": "39002067754938", "type": "rank", "number_files": 58, "number_unknown": 8, "formats": ["Q1144005", "Q1141412", "Q751800", "Q3807693", "Q66811836", "Q48021763", "Q58103465", "Q28600763", "Q1076355", "Q4045294", "Q58006953", "Q28755628", "Q48004607", "Q95994246", "Q723030", "Q28206565", "Q27979278", "Q48021588", "Q684554", "Q16996920", "Q29904539", "Q66134814", "Q27979156", "Q48005022", "Q1662484", "Q48004869"], "environments": {"one": {"co-oc": 0.9999944439850103, "tf-idf": 0.8571428571428571, "combined": 0.9285686505639337}, "two": {"co-oc": 5.5560149897113415e-06, "tf-idf": 0.14285714285714285, "combined": 0.07143134943606629}, "four": {"co-oc": 0.0, "tf-idf": 0.0, "combined": 0.0}, "three": {"co-oc": 0.0, "tf-idf": 0.0, "combined": 0.0}}}