{"name": "39002057208937", "type": "rank", "number_files": 124, "number_unknown": 0, "formats": ["Q28206109", "Q723030", "Q27979156", "Q27826464", "Q942350", "Q1676669", "Q3807693", "Q27826469", "Q99184084", "Q58006953", "Q34746472", "Q27826468", "Q27826466", "Q95994246"], "environments": {"three": {"co-oc": 0.9992288449654346, "tf-idf": 0.4, "combined": 0.6996144224827173}, "four": {"co-oc": 0.0002570516781884817, "tf-idf": 0.2, "combined": 0.10012852583909425}, "one": {"co-oc": 0.0002570516781884817, "tf-idf": 0.2, "combined": 0.10012852583909425}, "two": {"co-oc": 0.0002570516781884817, "tf-idf": 0.2, "combined": 0.10012852583909425}}}