{"name": "39002090930299", "type": "rank", "number_files": 199, "number_unknown": 6, "formats": ["Q27863142", "Q27863131", "Q27863117", "Q27866059", "Q3807693", "Q61777776", "Q55089059", "Q95994246", "Q59851255", "Q28207384", "Q61315973", "Q1502796", "Q27863122", "Q691652", "Q27863116", "Q27863113", "Q26549229", "Q66134804", "Q61576485", "Q27863123", "Q29944776", "Q61315572", "Q61315206", "Q27866063", "Q43975668", "Q4545331", "Q61131191", "Q61053371", "Q27863119", "Q28600763", "Q27863121", "Q27863105", "Q58006953", "Q50308743", "Q27231651", "Q27866062", "Q27863136", "Q16996920", "Q27231654", "Q1063976", "Q43975877", "Q28205372", "Q28975796", "Q1662484", "Q1676669", "Q27863128", "Q28731049", "Q27863127", "Q43975347", "Q27231634", "Q60886472", "Q29944777", "Q28975794", "Q61135623", "Q29944773", "Q29944782", "Q61315377", "Q28205439", "Q27863110", "Q29944987", "Q29944786", "Q27863107", "Q1076355", "Q723030", "Q48551303", "Q61135953", "Q61315785", "Q28205771", "Q27863132", "Q939636", "Q62664770", "Q51913488", "Q60887256", "Q61053201", "Q43974596", "Q29944783", "Q29944779", "Q66811836", "Q61692923", "Q29944780", "Q61578345", "Q4045294", "Q29944785", "Q27863143", "Q29944758", "Q684554", "Q61576757", "Q7670377", "Q28207379", "Q27863111", "Q27863134", "Q61641450", "Q27979156"], "environments": {"one": {"co-oc": 0.5228862405629591, "tf-idf": 0.4838709677419355, "combined": 0.5033786041524473}, "two": {"co-oc": 0.4756203741319687, "tf-idf": 0.3870967741935484, "combined": 0.4313585741627586}, "four": {"co-oc": 0.000746692652536137, "tf-idf": 0.06451612903225805, "combined": 0.032631410842397096}, "three": {"co-oc": 0.000746692652536137, "tf-idf": 0.06451612903225805, "combined": 0.032631410842397096}}}