{"name": "39002106109276", "type": "rank", "number_files": 230, "number_unknown": 25, "formats": ["Q61971919", "Q66439259", "Q34747804", "Q29944783", "Q46118194", "Q29944779", "Q51954521", "Q28919071", "Q29944777", "Q3807693", "Q51753051", "Q51954585", "Q29944773", "Q28758112", "Q61971917", "Q29944782", "Q60628005", "Q27487109", "Q1601331", "Q51753252", "Q29944987", "Q60628025", "Q29650304", "Q29944780", "Q29944786", "Q4746193", "Q47233167", "Q1076355", "Q81526528", "Q44933672", "Q4045294", "Q59999470", "Q81526664", "Q58006953", "Q48814895", "Q6912474", "Q32097740", "Q28755606", "Q95994246", "Q723030", "Q27486884", "Q52834849", "Q29944785", "Q27979154", "Q27487343", "Q29944758", "Q59999653", "Q79242428", "Q50604441", "Q27349804", "Q28207085", "Q27925722", "Q34312361", "Q27487348", "Q28009496", "Q32097899", "Q27979156", "Q28207108", "Q66134804", "Q27487130", "Q29944776", "Q34312151", "Q27923693", "Q56827141", "Q28049770", "Q81526237"], "environments": {"one": {"co-oc": 0.5048741965996141, "tf-idf": 0.4642857142857143, "combined": 0.4845799554426642}, "two": {"co-oc": 0.49512480001767034, "tf-idf": 0.4642857142857143, "combined": 0.4797052571516923}, "four": {"co-oc": 5.01691357781924e-07, "tf-idf": 0.035714285714285705, "combined": 0.017857393702821744}, "three": {"co-oc": 5.01691357781924e-07, "tf-idf": 0.035714285714285705, "combined": 0.017857393702821744}}}