{"name": "39002053715026", "type": "rank", "number_files": 112, "number_unknown": 10, "formats": ["Q29011569", "Q29011538", "Q29017314", "Q29011315", "Q1141412", "Q29017304", "Q29011514", "Q28600764", "Q3807693", "Q29167914", "Q29011579", "Q29011271", "Q29012190", "Q29011710", "Q29011549", "Q29017312", "Q1076355", "Q29012206", "Q29011484", "Q29011365", "Q29012224", "Q29011347", "Q4045294", "Q2276274", "Q58006953", "Q29012350", "Q95994246", "Q28009488", "Q723030", "Q29017311", "Q29011646", "Q29011892", "Q29011774", "Q29012285", "Q942350", "Q29017306", "Q27925722", "Q34312361", "Q29011363", "Q29011357", "Q29017309", "Q29012120", "Q29011358", "Q29011824", "Q27979156", "Q29012054", "Q28771288", "Q29011223", "Q34312151", "Q29011566", "Q27923693", "Q29011361", "Q29011079", "Q29011977"], "environments": {"two": {"co-oc": 0.9984221968253949, "tf-idf": 0.5, "combined": 0.7492110984126974}, "one": {"co-oc": 0.0007889015873026363, "tf-idf": 0.25, "combined": 0.12539445079365133}, "three": {"co-oc": 0.0007889015873026363, "tf-idf": 0.25, "combined": 0.12539445079365133}, "four": {"co-oc": 0.0, "tf-idf": 0.0, "combined": 0.0}}}