{"name": "39002063923370", "type": "rank", "number_files": 87, "number_unknown": 0, "formats": ["Q28055391", "Q27826464", "Q28786544", "Q8811", "Q66811836", "Q27826469", "Q34746472", "Q28600763", "Q1076355", "Q4045294", "Q1888930", "Q27826468", "Q27826466", "Q62626012", "Q1882400", "Q27979410", "Q684554", "Q1343830", "Q16996920", "Q27526733", "Q28206109", "Q26549229", "Q1662484", "Q1676669", "Q2053", "Q99184084", "Q166074", "Q1141412"], "environments": {"one": {"co-oc": 0.8291788709538889, "tf-idf": 0.4285714285714285, "combined": 0.6288751497626587}, "two": {"co-oc": 0.1705977693844582, "tf-idf": 0.2857142857142857, "combined": 0.22815602754937195}, "four": {"co-oc": 0.00011167983082649204, "tf-idf": 0.14285714285714285, "combined": 0.07148441134398467}, "three": {"co-oc": 0.00011167983082649204, "tf-idf": 0.14285714285714285, "combined": 0.07148441134398467}}}