{"name": "39002067757865", "type": "rank", "number_files": 1683, "number_unknown": 9, "formats": ["Q50223812", "Q28786544", "Q8811", "Q3807693", "Q29946898", "Q29946692", "Q48805099", "Q61752300", "Q194831", "Q28206359", "Q26547266", "Q47455466", "Q47233167", "Q26541013", "Q26085330", "Q1888930", "Q29946845", "Q47498555", "Q26546575", "Q28755606", "Q26085322", "Q95994246", "Q26211874", "Q47498565", "Q28009496", "Q60886323", "Q32097899", "Q28206109", "Q26549229", "Q66134804", "Q47498745", "Q34312151", "Q2053", "Q10394822", "Q66244789", "Q81526237", "Q34747804", "Q26211840", "Q47498538", "Q2043942", "Q17092932", "Q47498749", "Q29946866", "Q81526528", "Q623334", "Q60873199", "Q81526664", "Q58006953", "Q6912474", "Q32097740", "Q29946713", "Q62626012", "Q29904540", "Q26385770", "Q1343830", "Q28206262", "Q27526733", "Q26211940", "Q34312361", "Q5448342", "Q29946914", "Q28758002", "Q26085319", "Q29946121", "Q5421818", "Q28207108", "Q28758102", "Q26329648", "Q26211957", "Q1676669", "Q26211948", "Q27923693", "Q47498736", "Q26211927", "Q26085333", "Q61963304", "Q1141412", "Q47455565", "Q66439259", "Q29946883", "Q28858068", "Q26211915", "Q26085336", "Q29946829", "Q26547917", "Q28777715", "Q28758112", "Q29946726", "Q1601331", "Q29650304", "Q4042979", "Q1076355", "Q26543628", "Q26085339", "Q60806257", "Q26211905", "Q29946810", "Q5533911", "Q26211954", "Q723030", "Q26211936", "Q26085317", "Q26211975", "Q26545877", "Q5532250", "Q29946134", "Q42332", "Q59999786", "Q28206497", "Q29946141", "Q26211983", "Q166074", "Q28049770", "Q5153426", "Q26548590", "Q2192", "Q26211965", "Q47498552", "Q60886160", "Q4045294", "Q26211931", "Q47498547", "Q1952321", "Q52834888", "Q26211958", "Q26211977", "Q26211978", "Q29946771", "Q27925722", "Q60806040", "Q26211891", "Q27526739", "Q29946937", "Q1882110", "Q27979156", "Q55429627", "Q99184084", "Q26085326"], "environments": {"one": {"co-oc": 0.36226602866149754, "tf-idf": 0.3448275862068965, "combined": 0.35354680743419703}, "two": {"co-oc": 0.33479542191792716, "tf-idf": 0.3103448275862069, "combined": 0.32257012475206703}, "four": {"co-oc": 0.2993962558464883, "tf-idf": 0.27586206896551724, "combined": 0.2876291624060028}, "three": {"co-oc": 0.003542293574086946, "tf-idf": 0.0689655172413793, "combined": 0.03625390540773312}}}