{"name": "39002053920071", "type": "rank", "number_files": 612, "number_unknown": 10, "formats": ["Q27826464", "Q3807693", "Q28206708", "Q27826469", "Q34746472", "Q99844768", "Q28206683", "Q28600412", "Q58006953", "Q28206695", "Q27826468", "Q27826466", "Q95994246", "Q49243071", "Q921122", "Q62625561", "Q723030", "Q27526733", "Q2193155", "Q28206109", "Q27979156", "Q1676669", "Q99184084", "Q178051", "Q28206700"], "environments": {"three": {"co-oc": 0.8733392271863539, "tf-idf": 0.6, "combined": 0.736669613593177}, "four": {"co-oc": 0.06333038640682309, "tf-idf": 0.2, "combined": 0.13166519320341155}, "one": {"co-oc": 0.06333038640682309, "tf-idf": 0.2, "combined": 0.13166519320341155}, "two": {"co-oc": 0.0, "tf-idf": 0.0, "combined": 0.0}}}