{"name": "39002124826273", "type": "rank", "number_files": 3978, "number_unknown": 12, "formats": ["Q29151645", "Q26211840", "Q27826464", "Q28786544", "Q8811", "Q26211915", "Q66811836", "Q27826469", "Q34746472", "Q26211965", "Q17073241", "Q28600763", "Q1888930", "Q26211931", "Q26211905", "Q27826468", "Q62626012", "Q27826466", "Q26211954", "Q26211958", "Q26211977", "Q26211936", "Q288405", "Q684554", "Q26211978", "Q26211874", "Q16996920", "Q26211940", "Q26211975", "Q27229642", "Q26211891", "Q5924007", "Q5532250", "Q26549229", "Q1662484", "Q261907", "Q673906", "Q26211957", "Q1676669", "Q26211948", "Q2053", "Q99184084", "Q26211983", "Q166074", "Q10394822", "Q26211927", "Q178051"], "environments": {"three": {"co-oc": 0.5399783314595671, "tf-idf": 0.3333333333333333, "combined": 0.4366558323964502}, "one": {"co-oc": 0.26492880110198547, "tf-idf": 0.3333333333333333, "combined": 0.29913106721765936}, "four": {"co-oc": 0.19507679205867365, "tf-idf": 0.2222222222222222, "combined": 0.20864950714044794}, "two": {"co-oc": 1.6075379773829603e-05, "tf-idf": 0.1111111111111111, "combined": 0.055563593245442466}}}