{"name": "39002081879398", "type": "rank", "number_files": 222, "number_unknown": 0, "formats": ["Q27596243", "Q27231634", "Q27866063", "Q27866059", "Q17092932", "Q28205439", "Q28206359", "Q1952321", "Q27231651", "Q26385770", "Q27866062", "Q28205771", "Q28207384", "Q27231654", "Q28206262", "Q1502796", "Q7670377", "Q28207379", "Q28206109", "Q28205372", "Q66134804", "Q28206497", "Q26329648", "Q1676669"], "environments": {"one": {"co-oc": 0.9998463960186988, "tf-idf": 0.5, "combined": 0.7499231980093495}, "four": {"co-oc": 7.680199065060393e-05, "tf-idf": 0.25, "combined": 0.1250384009953253}, "three": {"co-oc": 7.680199065060393e-05, "tf-idf": 0.25, "combined": 0.1250384009953253}, "two": {"co-oc": 0.0, "tf-idf": 0.0, "combined": 0.0}}}