{"name": "39002016332919", "type": "rank", "number_files": 54, "number_unknown": 0, "formats": ["Q28858044", "Q66439259", "Q34747804", "Q48782394", "Q29904535", "Q63061514", "Q28858041", "Q3807693", "Q61641368", "Q28758112", "Q61639409", "Q1601331", "Q29650304", "Q47233167", "Q81526528", "Q28858038", "Q28858042", "Q48782098", "Q81526664", "Q58006953", "Q6912474", "Q32097740", "Q28755606", "Q85621726", "Q28858032", "Q95994246", "Q51801746", "Q723030", "Q60000066", "Q48782238", "Q48782202", "Q28009496", "Q28858035", "Q85621806", "Q686498", "Q32097899", "Q62664770", "Q63061396", "Q62664735", "Q27979156", "Q28207108", "Q28858039", "Q28858037", "Q60628185", "Q66439286", "Q48915661", "Q28049770", "Q81526237"], "environments": {"two": {"co-oc": 0.5319355862372988, "tf-idf": 0.4615384615384615, "combined": 0.4967370238878801}, "one": {"co-oc": 0.4680534814680058, "tf-idf": 0.3846153846153846, "combined": 0.42633443304169516}, "four": {"co-oc": 5.4661473476783616e-06, "tf-idf": 0.07692307692307691, "combined": 0.0384642715352123}, "three": {"co-oc": 5.4661473476783616e-06, "tf-idf": 0.07692307692307691, "combined": 0.0384642715352123}}}