{"name": "39002038474780", "type": "rank", "number_files": 2485, "number_unknown": 0, "formats": ["Q729366", "Q4836515", "Q28207503", "Q28600764", "Q28205580", "Q2044200", "Q28207293", "Q28207016", "Q7119344", "Q28206771", "Q1076355", "Q28106149", "Q4045294", "Q28206876", "Q28206528", "Q942350", "Q28205773", "Q28106166", "Q62561203", "Q48902661", "Q28770336", "Q28205626", "Q62561230", "Q3928271", "Q28206638", "Q1141412", "Q2389386"], "environments": {"one": {"co-oc": 0.5118160984296957, "tf-idf": 0.36363636363636365, "combined": 0.43772623103302966}, "four": {"co-oc": 0.45762551631939563, "tf-idf": 0.27272727272727276, "combined": 0.36517639452333417}, "two": {"co-oc": 0.018874903273315664, "tf-idf": 0.18181818181818182, "combined": 0.10034654254574875}, "three": {"co-oc": 0.011683481977592971, "tf-idf": 0.18181818181818182, "combined": 0.0967508318978874}}}