{"name": "39002071852439", "type": "rank", "number_files": 328, "number_unknown": 0, "formats": ["Q729366", "Q29011569", "Q29011538", "Q29017314", "Q29011315", "Q29017304", "Q27826464", "Q29011514", "Q66811836", "Q27826469", "Q28205580", "Q29011579", "Q29011271", "Q29012190", "Q29011710", "Q34746472", "Q29011549", "Q28206771", "Q28600763", "Q1076355", "Q29017312", "Q4045294", "Q29011484", "Q29012206", "Q29011365", "Q29012224", "Q29011347", "Q27826468", "Q27826466", "Q29012350", "Q29017311", "Q29011646", "Q29011892", "Q29011774", "Q684554", "Q29012285", "Q16996920", "Q29017306", "Q29011363", "Q29011357", "Q29017309", "Q29012120", "Q29011358", "Q29011824", "Q28206109", "Q66134804", "Q1662484", "Q29012054", "Q29011223", "Q29011566", "Q1676669", "Q29011361", "Q28205626", "Q29011079", "Q99184084", "Q29011977"], "environments": {"one": {"co-oc": 0.9575894640070876, "tf-idf": 0.4285714285714286, "combined": 0.6930804462892581}, "three": {"co-oc": 0.04235295461023324, "tf-idf": 0.2857142857142857, "combined": 0.16403362016225947}, "four": {"co-oc": 2.8790691339512314e-05, "tf-idf": 0.14285714285714285, "combined": 0.07144296677424118}, "two": {"co-oc": 2.8790691339512314e-05, "tf-idf": 0.14285714285714285, "combined": 0.07144296677424118}}}