{"name": "39002080354757", "type": "rank", "number_files": 441, "number_unknown": 0, "formats": ["Q28206109", "Q26549229", "Q99184084", "Q1676669"], "environments": {"four": {"co-oc": 0.3333333333333333, "tf-idf": 0.33333333333333337, "combined": 0.33333333333333337}, "one": {"co-oc": 0.3333333333333333, "tf-idf": 0.33333333333333337, "combined": 0.33333333333333337}, "three": {"co-oc": 0.3333333333333333, "tf-idf": 0.33333333333333337, "combined": 0.33333333333333337}, "two": {"co-oc": 0.0, "tf-idf": 0.0, "combined": 0.0}}}