{"name": "39002053566437", "type": "rank", "number_files": 366, "number_unknown": 1, "formats": ["Q1144005", "Q29944783", "Q29944779", "Q29944777", "Q3807693", "Q29944773", "Q29944782", "Q217570", "Q29944987", "Q29944780", "Q29944786", "Q1076355", "Q4045294", "Q58006953", "Q95994246", "Q723030", "Q921122", "Q29944785", "Q29944758", "Q47512572", "Q939636", "Q27979156", "Q26549229", "Q66134804", "Q29944776"], "environments": {"one": {"co-oc": 0.5110138226430828, "tf-idf": 0.5000000000000001, "combined": 0.5055069113215415}, "two": {"co-oc": 0.48898573245035787, "tf-idf": 0.4642857142857143, "combined": 0.47663572336803606}, "three": {"co-oc": 4.449065593713708e-07, "tf-idf": 0.03571428571428571, "combined": 0.017857365310422542}, "four": {"co-oc": 0.0, "tf-idf": 0.0, "combined": 0.0}}}