{"name": "39002080495386", "type": "rank", "number_files": 196, "number_unknown": 0, "formats": ["Q29011569", "Q29011538", "Q29017304", "Q100135637", "Q3807693", "Q29011710", "Q29011365", "Q95994246", "Q28858032", "Q66759482", "Q29012350", "Q29011646", "Q59851506", "Q29017306", "Q99976195", "Q27487531", "Q29011357", "Q25339304", "Q29011824", "Q29011358", "Q28206109", "Q26549229", "Q29011361", "Q29011977", "Q641213", "Q29000578", "Q29011514", "Q29011579", "Q29011271", "Q27967351", "Q28600763", "Q29017312", "Q29012206", "Q29012224", "Q58006953", "Q100136218", "Q16996920", "Q59851322", "Q27526733", "Q29012120", "Q1662484", "Q29011223", "Q28600760", "Q34306669", "Q71178742", "Q3551300", "Q99973597", "Q28205580", "Q452197", "Q29011549", "Q1076355", "Q29011484", "Q796483", "Q723030", "Q29011892", "Q29011774", "Q29012285", "Q653301", "Q29011363", "Q72273742", "Q2313301", "Q4042481", "Q29012054", "Q29011566", "Q28205626", "Q29011079", "Q166074", "Q28771320", "Q729366", "Q29017314", "Q29011315", "Q50378320", "Q28600421", "Q66811836", "Q29012190", "Q99973606", "Q45432", "Q28206771", "Q4045294", "Q29011347", "Q27910000", "Q28728783", "Q29017311", "Q684554", "Q29017309", "Q27979156", "Q100136960", "Q2819247", "Q959950", "Q99184084", "Q100136955"], "environments": {"four": {"co-oc": 0.6693473724810363, "tf-idf": 0.30000000000000004, "combined": 0.48467368624051815}, "one": {"co-oc": 0.2767173239642964, "tf-idf": 0.30000000000000004, "combined": 0.2883586619821482}, "three": {"co-oc": 0.02710390716954801, "tf-idf": 0.2, "combined": 0.11355195358477402}, "two": {"co-oc": 0.026831396385119333, "tf-idf": 0.2, "combined": 0.11341569819255967}}}