{"name": "39002067753526", "type": "rank", "number_files": 9718, "number_unknown": 39, "formats": ["Q729366", "Q66439259", "Q34747804", "Q27596243", "Q29944783", "Q29944779", "Q29944777", "Q3807693", "Q66811836", "Q28205580", "Q29944773", "Q28758112", "Q29944782", "Q48021763", "Q1601331", "Q29944987", "Q29650304", "Q58103465", "Q29944780", "Q29944786", "Q28206771", "Q28600763", "Q47233167", "Q81526528", "Q1076355", "Q4045294", "Q81526664", "Q58006953", "Q28755628", "Q48004607", "Q32097740", "Q28755606", "Q6912474", "Q95994246", "Q723030", "Q29944785", "Q29944758", "Q48021588", "Q684554", "Q16996920", "Q29904539", "Q28009496", "Q32097899", "Q27979156", "Q48005022", "Q28207108", "Q1662484", "Q29944776", "Q1676669", "Q28205626", "Q28049770", "Q48004869", "Q81526237"], "environments": {"one": {"co-oc": 0.5490499704359693, "tf-idf": 0.4857142857142857, "combined": 0.5173821280751275}, "two": {"co-oc": 0.4484167706319631, "tf-idf": 0.3714285714285715, "combined": 0.4099226710302673}, "three": {"co-oc": 0.0020624176581328013, "tf-idf": 0.08571428571428572, "combined": 0.043888351686209255}, "four": {"co-oc": 0.0004708412739347392, "tf-idf": 0.05714285714285715, "combined": 0.028806849208395945}}}