{"name": "39002074261216", "type": "rank", "number_files": 236, "number_unknown": 3, "formats": ["Q61971919", "Q27863142", "Q27863131", "Q27863117", "Q61641368", "Q61971917", "Q61639409", "Q59999470", "Q28858032", "Q52834849", "Q60000066", "Q26211874", "Q48782238", "Q28207085", "Q27863122", "Q27863116", "Q686498", "Q27863113", "Q66134804", "Q28858039", "Q28858037", "Q27863123", "Q10394822", "Q26211840", "Q28858041", "Q51753051", "Q27863119", "Q28858038", "Q28858042", "Q27863121", "Q27863105", "Q51801746", "Q27486884", "Q27863136", "Q27526733", "Q26211940", "Q48782202", "Q28858035", "Q63061396", "Q26211957", "Q26211948", "Q1676669", "Q27863128", "Q26211927", "Q1141412", "Q28858044", "Q27863127", "Q63061514", "Q26211915", "Q51954585", "Q27863110", "Q60628025", "Q27863107", "Q1076355", "Q44933672", "Q26211905", "Q85621726", "Q26211954", "Q26211936", "Q26211975", "Q27487348", "Q27863132", "Q85621806", "Q5532250", "Q62664770", "Q27487130", "Q66439286", "Q48915661", "Q26211983", "Q62664735", "Q48782394", "Q51954521", "Q60628005", "Q27487109", "Q51753252", "Q26211965", "Q4045294", "Q48782098", "Q26211931", "Q26211958", "Q26211977", "Q27487343", "Q27863143", "Q26211978", "Q26211891", "Q27863111", "Q27863134", "Q60628185", "Q56827141"], "environments": {"one": {"co-oc": 0.5465275792956379, "tf-idf": 0.5, "combined": 0.5232637896478189}, "two": {"co-oc": 0.4534630554654629, "tf-idf": 0.375, "combined": 0.4142315277327314}, "four": {"co-oc": 4.6826194495622135e-06, "tf-idf": 0.06250000000000001, "combined": 0.03125234130972479}, "three": {"co-oc": 4.6826194495622135e-06, "tf-idf": 0.06250000000000001, "combined": 0.03125234130972479}}}