{"name": "39002104182812", "type": "rank", "number_files": 430, "number_unknown": 1, "formats": ["Q27231634", "Q27866063", "Q27866059", "Q28858068", "Q27823195", "Q28205439", "Q60886160", "Q27487424", "Q60806257", "Q60873199", "Q27231651", "Q52834888", "Q27866062", "Q28205771", "Q28207384", "Q6457314", "Q29465378", "Q27473691", "Q27231654", "Q1502796", "Q7670377", "Q28207379", "Q60806040", "Q60886323", "Q28205372", "Q66134804", "Q47455968", "Q28758102", "Q27473828", "Q28206310", "Q3928271", "Q28975875"], "environments": {"one": {"co-oc": 0.3485974774686469, "tf-idf": 0.3888888888888889, "combined": 0.36874318317876786}, "four": {"co-oc": 0.33178188037665896, "tf-idf": 0.3333333333333333, "combined": 0.33255760685499614}, "two": {"co-oc": 0.31962064215469405, "tf-idf": 0.27777777777777773, "combined": 0.2986992099662359}, "three": {"co-oc": 0.0, "tf-idf": 0.0, "combined": 0.0}}}