{"name": "39002036090208", "type": "rank", "number_files": 2790, "number_unknown": 55, "formats": ["Q66439259", "Q34747804", "Q48106551", "Q28600764", "Q3807693", "Q27960135", "Q29209269", "Q28758112", "Q28205439", "Q1601331", "Q217570", "Q29650304", "Q58103465", "Q47233167", "Q81526528", "Q1076355", "Q4045294", "Q4545483", "Q81526664", "Q58006953", "Q28755628", "Q6912474", "Q32097740", "Q28755606", "Q28600412", "Q95994246", "Q723030", "Q1343830", "Q942350", "Q47512572", "Q29904539", "Q28009496", "Q28205727", "Q218170", "Q32097899", "Q27979156", "Q28207108", "Q28758103", "Q99184084", "Q28049770", "Q29650301", "Q79241659", "Q81526237"], "environments": {"two": {"co-oc": 0.5621447658769196, "tf-idf": 0.36363636363636365, "combined": 0.46289056475664164}, "three": {"co-oc": 0.3151028163704096, "tf-idf": 0.36363636363636365, "combined": 0.3393695900033866}, "one": {"co-oc": 0.12269752034366296, "tf-idf": 0.18181818181818182, "combined": 0.15225785108092238}, "four": {"co-oc": 5.489740900777354e-05, "tf-idf": 0.09090909090909091, "combined": 0.04548199415904934}}}