{"name": "39002067758723", "type": "rank", "number_files": 4, "number_unknown": 0, "formats": ["Q723030", "Q27979156", "Q66134804", "Q1076355", "Q4045294", "Q3807693", "Q58006953", "Q95994246"], "environments": {"one": {"co-oc": 0.999910101856237, "tf-idf": 0.6666666666666666, "combined": 0.8332883842614518}, "two": {"co-oc": 8.989814376300668e-05, "tf-idf": 0.3333333333333333, "combined": 0.16671161573854817}, "four": {"co-oc": 0.0, "tf-idf": 0.0, "combined": 0.0}, "three": {"co-oc": 0.0, "tf-idf": 0.0, "combined": 0.0}}}