{"name": "39002077970177", "type": "rank", "number_files": 496, "number_unknown": 0, "formats": ["Q28206109", "Q723030", "Q27979156", "Q26549229", "Q27826464", "Q1676669", "Q27526733", "Q3807693", "Q27826469", "Q99184084", "Q58006953", "Q34746472", "Q27826468", "Q5924007", "Q27826466", "Q95994246", "Q28858032", "Q217570"], "environments": {"one": {"co-oc": 0.49978326222192115, "tf-idf": 0.3333333333333333, "combined": 0.4165582977776272}, "three": {"co-oc": 0.49978326222192115, "tf-idf": 0.3333333333333333, "combined": 0.4165582977776272}, "four": {"co-oc": 0.00021673777807886864, "tf-idf": 0.16666666666666666, "combined": 0.08344170222237277}, "two": {"co-oc": 0.00021673777807886864, "tf-idf": 0.16666666666666666, "combined": 0.08344170222237277}}}