{"name": "39002081866650", "type": "rank", "number_files": 205, "number_unknown": 5, "formats": ["Q29011569", "Q29011538", "Q29017314", "Q29011315", "Q29017304", "Q48004869", "Q29011514", "Q3807693", "Q66811836", "Q61777776", "Q29011579", "Q29011271", "Q29012190", "Q29011710", "Q48021763", "Q29011549", "Q28600763", "Q1076355", "Q29017312", "Q4045294", "Q29011484", "Q29012206", "Q29011365", "Q29012224", "Q29011347", "Q58006953", "Q48004607", "Q29012350", "Q95994246", "Q723030", "Q29017311", "Q29011646", "Q29011892", "Q29011774", "Q684554", "Q29012285", "Q48021588", "Q16996920", "Q29017306", "Q29011363", "Q29011357", "Q29017309", "Q29012120", "Q29011358", "Q29011824", "Q27979156", "Q48005022", "Q66134804", "Q1662484", "Q29012054", "Q29011223", "Q29011566", "Q1676669", "Q29011361", "Q29011079", "Q29011977", "Q178051"], "environments": {"one": {"co-oc": 0.9309681091247396, "tf-idf": 0.6153846153846154, "combined": 0.7731763622546775}, "four": {"co-oc": 0.03451365555757075, "tf-idf": 0.15384615384615383, "combined": 0.09417990470186229}, "three": {"co-oc": 0.03451365555757075, "tf-idf": 0.15384615384615383, "combined": 0.09417990470186229}, "two": {"co-oc": 4.579760118951825e-06, "tf-idf": 0.07692307692307691, "combined": 0.038463828341597936}}}