{"name": "39002033100695", "type": "rank", "number_files": 1697, "number_unknown": 149, "formats": ["Q66439259", "Q34747804", "Q27596243", "Q64858274", "Q3807693", "Q66811836", "Q28758112", "Q1601331", "Q28205796", "Q29650304", "Q58103465", "Q28206493", "Q28600763", "Q47233167", "Q81526528", "Q67377613", "Q4045294", "Q27967105", "Q81526664", "Q58006953", "Q28755628", "Q6912474", "Q32097740", "Q28755606", "Q95994246", "Q723030", "Q59961105", "Q684554", "Q28207194", "Q16996920", "Q29904539", "Q939636", "Q28009496", "Q32097899", "Q27979156", "Q28207108", "Q1662484", "Q28205588", "Q28049770", "Q1141412", "Q81526237"], "environments": {"two": {"co-oc": 0.9992621467030753, "tf-idf": 0.39999999999999997, "combined": 0.6996310733515376}, "four": {"co-oc": 0.0002459510989749074, "tf-idf": 0.19999999999999998, "combined": 0.10012297554948744}, "one": {"co-oc": 0.0002459510989749074, "tf-idf": 0.19999999999999998, "combined": 0.10012297554948744}, "three": {"co-oc": 0.0002459510989749074, "tf-idf": 0.19999999999999998, "combined": 0.10012297554948744}}}