{"name": "39002063920350", "type": "rank", "number_files": 40, "number_unknown": 1, "formats": ["Q28055391", "Q27596243", "Q34747804", "Q66439259", "Q28758112", "Q1601331", "Q194831", "Q29650304", "Q47233167", "Q1076355", "Q81526528", "Q4045294", "Q81526664", "Q6912474", "Q32097740", "Q28755606", "Q1882400", "Q27979410", "Q59961105", "Q27473691", "Q1343830", "Q28009496", "Q32097899", "Q26549229", "Q28207108", "Q47455968", "Q28758102", "Q28206310", "Q28049770", "Q3928271", "Q1141412", "Q81526237"], "environments": {"two": {"co-oc": 0.3966459009762413, "tf-idf": 0.28571428571428575, "combined": 0.34118009334526356}, "one": {"co-oc": 0.3056445058580729, "tf-idf": 0.28571428571428575, "combined": 0.2956793957861793}, "four": {"co-oc": 0.2976208509922236, "tf-idf": 0.28571428571428575, "combined": 0.2916675683532547}, "three": {"co-oc": 8.874217346222787e-05, "tf-idf": 0.14285714285714288, "combined": 0.07147294251530255}}}