{"name": "39002082349458", "type": "rank", "number_files": 840, "number_unknown": 205, "formats": ["Q729366", "Q27596243", "Q28205488", "Q751800", "Q48004869", "Q28205580", "Q48021763", "Q217570", "Q28206493", "Q28206771", "Q1076355", "Q4045294", "Q48004607", "Q48021588", "Q939636", "Q48005022", "Q66134804", "Q28205626", "Q1141412"], "environments": {"one": {"co-oc": 0.9751008685470035, "tf-idf": 0.6363636363636364, "combined": 0.8057322524553199}, "two": {"co-oc": 0.013693947599684004, "tf-idf": 0.18181818181818182, "combined": 0.09775606470893292}, "three": {"co-oc": 0.011205183853312562, "tf-idf": 0.18181818181818182, "combined": 0.0965116828357472}, "four": {"co-oc": 0.0, "tf-idf": 0.0, "combined": 0.0}}}