{"name": "39002068851295", "type": "rank", "number_files": 272, "number_unknown": 73, "formats": ["Q1144005", "Q935809", "Q50223812", "Q28975647", "Q3807693", "Q28600661", "Q48021763", "Q194831", "Q47455466", "Q47233167", "Q27967532", "Q28755628", "Q48004607", "Q28755606", "Q95994246", "Q28858032", "Q28009496", "Q32097899", "Q28206109", "Q26549229", "Q59608340", "Q66134804", "Q47455968", "Q81526237", "Q34747804", "Q28600763", "Q81526528", "Q81526664", "Q58006953", "Q6912474", "Q32097740", "Q29904540", "Q27979410", "Q59961105", "Q13454995", "Q28207194", "Q1343830", "Q16996920", "Q85513175", "Q5448342", "Q5421818", "Q28207108", "Q1662484", "Q380319", "Q28758102", "Q29650303", "Q3928271", "Q1141412", "Q28055391", "Q66439259", "Q47455565", "Q48106551", "Q29000588", "Q28205580", "Q28758112", "Q59608283", "Q217570", "Q1601331", "Q29650304", "Q4042979", "Q1076355", "Q27967212", "Q723030", "Q27967388", "Q29904539", "Q939636", "Q48005022", "Q28205626", "Q28049770", "Q48004869", "Q5153426", "Q28205418", "Q27596243", "Q729366", "Q67123986", "Q66811836", "Q28206265", "Q29000561", "Q58103465", "Q28206771", "Q4045294", "Q1882400", "Q48021588", "Q684554", "Q27473691", "Q1882110", "Q89029185", "Q27979156", "Q28206310"], "environments": {"one": {"co-oc": 0.787783762596803, "tf-idf": 0.4230769230769232, "combined": 0.6054303428368631}, "two": {"co-oc": 0.1576352526518516, "tf-idf": 0.2692307692307692, "combined": 0.2134330109413104}, "three": {"co-oc": 0.04068892987300166, "tf-idf": 0.1923076923076923, "combined": 0.11649831109034697}, "four": {"co-oc": 0.013892054878343696, "tf-idf": 0.11538461538461539, "combined": 0.06463833513147954}}}