{"name": "39002079517919", "type": "rank", "number_files": 84, "number_unknown": 0, "formats": ["Q729366", "Q66439259", "Q34747804", "Q1141412", "Q66811836", "Q28205580", "Q28758112", "Q1601331", "Q194831", "Q29650304", "Q28206771", "Q28600763", "Q1076355", "Q47233167", "Q81526528", "Q4045294", "Q28755621", "Q81526664", "Q6912474", "Q32097740", "Q28755606", "Q684554", "Q16996920", "Q28009496", "Q32097899", "Q28207108", "Q1662484", "Q28205626", "Q28049770", "Q28347555", "Q81526237"], "environments": {"two": {"co-oc": 0.7666238232501073, "tf-idf": 0.33333333333333337, "combined": 0.5499785782917204}, "three": {"co-oc": 0.2330674817885438, "tf-idf": 0.33333333333333337, "combined": 0.28320040756093856}, "four": {"co-oc": 0.00015434748067450692, "tf-idf": 0.16666666666666669, "combined": 0.08341050707367059}, "one": {"co-oc": 0.00015434748067450692, "tf-idf": 0.16666666666666669, "combined": 0.08341050707367059}}}