{"name": "39002055104005", "type": "rank", "number_files": 13, "number_unknown": 0, "formats": ["Q26549229", "Q751800", "Q1662484", "Q28600763", "Q1076355", "Q684554", "Q4045294", "Q16996920", "Q66811836", "Q10397009", "Q178051", "Q217570"], "environments": {"one": {"co-oc": 0.5219732889502984, "tf-idf": 0.375, "combined": 0.4484866444751492}, "three": {"co-oc": 0.4131205549100679, "tf-idf": 0.25, "combined": 0.3315602774550339}, "two": {"co-oc": 0.06488801591752548, "tf-idf": 0.25, "combined": 0.15744400795876273}, "four": {"co-oc": 1.814022210836777e-05, "tf-idf": 0.125, "combined": 0.06250907011105418}}}