{"name": "39002041993644", "type": "rank", "number_files": 3145, "number_unknown": 181, "formats": ["Q1144005", "Q383305", "Q55758993", "Q50223812", "Q28786544", "Q27866059", "Q3807693", "Q8811", "Q1035647", "Q27979378", "Q194831", "Q28206359", "Q47233167", "Q28207363", "Q1888930", "Q28600412", "Q28755628", "Q28755606", "Q95994246", "Q58799889", "Q28207384", "Q27823194", "Q26211874", "Q1502796", "Q1601835", "Q28009496", "Q43870269", "Q28206109", "Q32097899", "Q26549229", "Q1422885", "Q27967076", "Q29944776", "Q73675958", "Q2053", "Q29944575", "Q29000741", "Q10394822", "Q27966933", "Q81526237", "Q87066066", "Q34747804", "Q26211840", "Q27967083", "Q27826417", "Q27866063", "Q55758988", "Q28600764", "Q28205645", "Q61777964", "Q28600763", "Q81526528", "Q85415853", "Q50809751", "Q81526664", "Q58006953", "Q6912474", "Q32097740", "Q27231651", "Q62626012", "Q29904540", "Q58335773", "Q29944206", "Q27823201", "Q28106155", "Q29435", "Q27866062", "Q3509055", "Q87066063", "Q27231654", "Q16996920", "Q27526733", "Q26211940", "Q5448342", "Q479833", "Q287315", "Q28207539", "Q28205372", "Q5765552", "Q5421818", "Q28207108", "Q1662484", "Q672985", "Q26211957", "Q26211948", "Q1676669", "Q28206952", "Q1250383", "Q26211927", "Q1141412", "Q66439259", "Q27231634", "Q49243488", "Q29650793", "Q283579", "Q27959943", "Q29944777", "Q26211915", "Q87816075", "Q29944773", "Q28205580", "Q50809753", "Q29944782", "Q28758112", "Q217570", "Q1601331", "Q29944987", "Q29650304", "Q28205796", "Q29944786", "Q1076355", "Q43869672", "Q5301", "Q26211905", "Q43866871", "Q26211954", "Q723030", "Q26211936", "Q53756551", "Q28205771", "Q27967388", "Q28206843", "Q26211975", "Q29904539", "Q28106114", "Q28234649", "Q5532250", "Q62522682", "Q49243748", "Q28205626", "Q26211983", "Q166074", "Q28049770", "Q5153426", "Q29944783", "Q27596243", "Q729366", "Q29944779", "Q66811836", "Q59962003", "Q53756539", "Q28207256", "Q58103465", "Q27967187", "Q29944780", "Q26211965", "Q29000651", "Q27823191", "Q15955723", "Q28206771", "Q535473", "Q4045294", "Q3406936", "Q26211931", "Q27823193", "Q26211958", "Q26211977", "Q27925705", "Q29944785", "Q29944758", "Q684554", "Q26211978", "Q942350", "Q43870624", "Q7670377", "Q28207379", "Q26211891", "Q947746", "Q2193155", "Q27979156", "Q50809785", "Q51923000", "Q25345915", "Q99184084", "Q29000485"], "environments": {"one": {"co-oc": 0.5029963205004678, "tf-idf": 0.3953488372093024, "combined": 0.44917257885488515}, "two": {"co-oc": 0.48613422443111, "tf-idf": 0.37209302325581406, "combined": 0.429113623843462}, "three": {"co-oc": 0.010124550486416, "tf-idf": 0.1627906976744186, "combined": 0.0864576240804173}, "four": {"co-oc": 0.000744904582006122, "tf-idf": 0.06976744186046513, "combined": 0.03525617322123563}}}