{"name": "39002057516420", "type": "rank", "number_files": 87, "number_unknown": 0, "formats": ["Q28858044", "Q48782394", "Q935809", "Q63061514", "Q28858041", "Q3807693", "Q61641368", "Q61639409", "Q28858038", "Q28858042", "Q48782098", "Q58006953", "Q85621726", "Q28858032", "Q95994246", "Q51801746", "Q723030", "Q60000066", "Q48782238", "Q48782202", "Q686498", "Q85621806", "Q28858035", "Q62664770", "Q63061396", "Q27979156", "Q26549229", "Q66134804", "Q28858039", "Q28858037", "Q60628185", "Q66439286", "Q48915661", "Q62664735"], "environments": {"one": {"co-oc": 0.5790497654535812, "tf-idf": 0.4666666666666668, "combined": 0.5228582160601241}, "two": {"co-oc": 0.4209412985730496, "tf-idf": 0.4000000000000001, "combined": 0.4104706492865249}, "four": {"co-oc": 4.467986684621022e-06, "tf-idf": 0.06666666666666668, "combined": 0.03333556732667565}, "three": {"co-oc": 4.467986684621022e-06, "tf-idf": 0.06666666666666668, "combined": 0.03333556732667565}}}