{"name": "39002073494933", "type": "rank", "number_files": 337, "number_unknown": 1, "formats": ["Q729366", "Q27596243", "Q58335687", "Q3807693", "Q28205580", "Q27487109", "Q217570", "Q51753252", "Q28206771", "Q1076355", "Q47538977", "Q4045294", "Q58006953", "Q95994246", "Q723030", "Q27967388", "Q28206795", "Q27979156", "Q65533032", "Q28205626", "Q1141412"], "environments": {"one": {"co-oc": 0.3457126833844217, "tf-idf": 0.3333333333333333, "combined": 0.3395230083588775}, "two": {"co-oc": 0.3457126833844217, "tf-idf": 0.3333333333333333, "combined": 0.3395230083588775}, "three": {"co-oc": 0.30857463323115664, "tf-idf": 0.3333333333333333, "combined": 0.320953983282245}, "four": {"co-oc": 0.0, "tf-idf": 0.0, "combined": 0.0}}}