{"name": "39002012182557", "type": "rank", "number_files": 107, "number_unknown": 0, "formats": ["Q29151645", "Q26211840", "Q28786544", "Q28600764", "Q8811", "Q26211915", "Q26211965", "Q17073241", "Q1888930", "Q26211931", "Q26211905", "Q62626012", "Q26211954", "Q26211958", "Q26211977", "Q26211936", "Q288405", "Q26211978", "Q26211874", "Q942350", "Q26211940", "Q26211975", "Q26211891", "Q5532250", "Q28206109", "Q673906", "Q26211957", "Q10287816", "Q26211948", "Q2053", "Q99184084", "Q26211983", "Q166074", "Q10394822", "Q26211927"], "environments": {"two": {"co-oc": 0.9979946019579629, "tf-idf": 0.5, "combined": 0.7489973009789814}, "one": {"co-oc": 0.0010026990210185301, "tf-idf": 0.25, "combined": 0.12550134951050926}, "three": {"co-oc": 0.0010026990210185301, "tf-idf": 0.25, "combined": 0.12550134951050926}, "four": {"co-oc": 0.0, "tf-idf": 0.0, "combined": 0.0}}}