{"name": "39002064085534", "type": "rank", "number_files": 217, "number_unknown": 1, "formats": ["Q34306669", "Q641213", "Q71178742", "Q3551300", "Q27826464", "Q29000578", "Q100135637", "Q99973597", "Q50378320", "Q28600421", "Q66811836", "Q27826469", "Q34746472", "Q452197", "Q99973606", "Q217570", "Q27967351", "Q45432", "Q1353763", "Q28600763", "Q1076355", "Q4045294", "Q28445577", "Q27910000", "Q796483", "Q28728783", "Q27826468", "Q100136218", "Q27826466", "Q66759482", "Q27895063", "Q59851506", "Q684554", "Q59851322", "Q27526733", "Q653301", "Q27487531", "Q99976195", "Q16996920", "Q25339304", "Q72273742", "Q28206109", "Q2313301", "Q201093", "Q4042481", "Q66134804", "Q1662484", "Q1676669", "Q10287816", "Q100136960", "Q2819247", "Q959950", "Q99184084", "Q100136955", "Q166074", "Q28600760", "Q28771320", "Q178051"], "environments": {"one": {"co-oc": 0.5071961286463446, "tf-idf": 0.39999999999999997, "combined": 0.4535980643231723}, "four": {"co-oc": 0.32830666863791247, "tf-idf": 0.25, "combined": 0.28915333431895623}, "three": {"co-oc": 0.14034051699484104, "tf-idf": 0.19999999999999998, "combined": 0.1701702584974205}, "two": {"co-oc": 0.02415668572090195, "tf-idf": 0.15, "combined": 0.08707834286045098}}}