{"name": "39002082683641", "type": "rank", "number_files": 32, "number_unknown": 0, "formats": ["Q66439259", "Q34747804", "Q3807693", "Q28758112", "Q1601331", "Q194831", "Q29650304", "Q58103465", "Q47233167", "Q1076355", "Q81526528", "Q4045294", "Q81526664", "Q28600412", "Q28755628", "Q6912474", "Q32097740", "Q28755606", "Q58006953", "Q95994246", "Q723030", "Q29904539", "Q28009496", "Q32097899", "Q27979156", "Q26549229", "Q29644119", "Q28207108", "Q28049770", "Q95994804", "Q81526237"], "environments": {"two": {"co-oc": 0.9990636197193529, "tf-idf": 0.39999999999999997, "combined": 0.6995318098596764}, "four": {"co-oc": 0.00031212676021573837, "tf-idf": 0.19999999999999998, "combined": 0.10015606338010787}, "one": {"co-oc": 0.00031212676021573837, "tf-idf": 0.19999999999999998, "combined": 0.10015606338010787}, "three": {"co-oc": 0.00031212676021573837, "tf-idf": 0.19999999999999998, "combined": 0.10015606338010787}}}