{"name": "39002055105937", "type": "rank", "number_files": 153, "number_unknown": 0, "formats": ["Q29151645", "Q28786544", "Q28600764", "Q8811", "Q66811836", "Q17073241", "Q28600763", "Q1076355", "Q4045294", "Q1888930", "Q62626012", "Q288405", "Q684554", "Q942350", "Q16996920", "Q27526733", "Q2193155", "Q1662484", "Q673906", "Q1676669", "Q2053", "Q99184084", "Q166074"], "environments": {"three": {"co-oc": 0.64017393361033, "tf-idf": 0.2222222222222222, "combined": 0.4311980779162761}, "one": {"co-oc": 0.22401556227964192, "tf-idf": 0.3333333333333333, "combined": 0.27867444780648765}, "two": {"co-oc": 0.13578225376532208, "tf-idf": 0.3333333333333333, "combined": 0.2345577935493277}, "four": {"co-oc": 2.8250344706033583e-05, "tf-idf": 0.1111111111111111, "combined": 0.05556968072790857}}}