{"name": "39002012446903", "type": "rank", "number_files": 132, "number_unknown": 23, "formats": ["Q50223812", "Q3807693", "Q29209269", "Q49799747", "Q194831", "Q28206359", "Q47233167", "Q34310996", "Q28755606", "Q95994246", "Q1601835", "Q6043826", "Q49798739", "Q28009496", "Q32097899", "Q26549229", "Q73675958", "Q29944575", "Q29000741", "Q29650301", "Q19599377", "Q81526237", "Q49798508", "Q87066066", "Q34747804", "Q28344713", "Q28771319", "Q85415853", "Q81526528", "Q81526664", "Q58006953", "Q6912474", "Q32097740", "Q58335773", "Q29904540", "Q29944206", "Q29435", "Q27979410", "Q87066063", "Q3509055", "Q1343830", "Q5448342", "Q60615282", "Q287315", "Q5421818", "Q28207108", "Q28758102", "Q28206952", "Q1141412", "Q28055391", "Q66439259", "Q48106551", "Q49243488", "Q283579", "Q28205580", "Q28758112", "Q1601331", "Q29650304", "Q1076355", "Q723030", "Q27967388", "Q58335745", "Q49243748", "Q28205626", "Q28049770", "Q27526866", "Q5153426", "Q729366", "Q29000498", "Q28206771", "Q29000651", "Q49799499", "Q4045294", "Q1882400", "Q27925705", "Q27979156", "Q28758103"], "environments": {"two": {"co-oc": 0.621022068647446, "tf-idf": 0.3333333333333333, "combined": 0.4771777009903897}, "three": {"co-oc": 0.3786364514011154, "tf-idf": 0.3333333333333333, "combined": 0.35598489236722436}, "four": {"co-oc": 0.0001707399757192445, "tf-idf": 0.16666666666666666, "combined": 0.08341870332119294}, "one": {"co-oc": 0.0001707399757192445, "tf-idf": 0.16666666666666666, "combined": 0.08341870332119294}}}