{"name": "39002086952240", "type": "rank", "number_files": 240, "number_unknown": 0, "formats": ["Q66439259", "Q34747804", "Q3807693", "Q28758112", "Q1601331", "Q194831", "Q29650304", "Q58103465", "Q6753724", "Q47233167", "Q1076355", "Q81526528", "Q4045294", "Q81526664", "Q58006953", "Q28755628", "Q6912474", "Q32097740", "Q28755606", "Q95994246", "Q723030", "Q3513566", "Q29904539", "Q28009496", "Q32097899", "Q27979156", "Q26549229", "Q28207108", "Q66134804", "Q99184084", "Q28049770", "Q12071934", "Q81526237"], "environments": {"one": {"co-oc": 0.5011922615837113, "tf-idf": 0.33333333333333337, "combined": 0.41726279745852235}, "two": {"co-oc": 0.498492153151699, "tf-idf": 0.33333333333333337, "combined": 0.41591274324251615}, "four": {"co-oc": 0.00015779263229485758, "tf-idf": 0.16666666666666669, "combined": 0.08341222964948077}, "three": {"co-oc": 0.00015779263229485758, "tf-idf": 0.16666666666666669, "combined": 0.08341222964948077}}}