{"name": "39002081326622", "type": "rank", "number_files": 84, "number_unknown": 0, "formats": ["Q729366", "Q28206109", "Q28018471", "Q26549229", "Q28018470", "Q1662484", "Q28600763", "Q28206771", "Q684554", "Q16996920", "Q336284", "Q28205626", "Q66811836", "Q28205580", "Q99184084", "Q178051", "Q217570"], "environments": {"one": {"co-oc": 0.9248064646820284, "tf-idf": 0.4444444444444445, "combined": 0.6846254545632364}, "three": {"co-oc": 0.07517084712158427, "tf-idf": 0.33333333333333337, "combined": 0.20425209022745883}, "four": {"co-oc": 1.1344098193666748e-05, "tf-idf": 0.11111111111111112, "combined": 0.055561227604652395}, "two": {"co-oc": 1.1344098193666748e-05, "tf-idf": 0.11111111111111112, "combined": 0.055561227604652395}}}