{"name": "39002037720456", "type": "rank", "number_files": 5972, "number_unknown": 262, "formats": ["Q34743436", "Q61727602", "Q28786544", "Q3807693", "Q8811", "Q61641368", "Q61639409", "Q28206359", "Q475488", "Q47233167", "Q1888930", "Q28600412", "Q2276274", "Q28755606", "Q61974843", "Q95994246", "Q28858032", "Q60000066", "Q26211874", "Q48782238", "Q6043826", "Q28205760", "Q28009496", "Q686498", "Q32097899", "Q28206109", "Q26549229", "Q66134804", "Q28858039", "Q28858037", "Q28975650", "Q2053", "Q28205588", "Q10394822", "Q47538013", "Q81526237", "Q34747804", "Q26211840", "Q28858041", "Q28600764", "Q28771319", "Q17092932", "Q28600763", "Q81526528", "Q28858038", "Q28858042", "Q81526664", "Q58006953", "Q28205883", "Q28206695", "Q32097740", "Q6912474", "Q62626012", "Q51801746", "Q26385770", "Q27979410", "Q1343830", "Q5616826", "Q16996920", "Q27526733", "Q26211940", "Q48782202", "Q28206262", "Q85513175", "Q28858035", "Q61727514", "Q479833", "Q63061396", "Q6666791", "Q28207108", "Q1662484", "Q26329648", "Q26211957", "Q1676669", "Q28206579", "Q26211948", "Q73514615", "Q51756571", "Q79241659", "Q26211927", "Q1141412", "Q28858044", "Q66439259", "Q28055391", "Q63061514", "Q26211915", "Q29167914", "Q28758112", "Q1601331", "Q29650304", "Q1076355", "Q61727559", "Q817650", "Q26211905", "Q85621726", "Q61990483", "Q26211954", "Q723030", "Q26211936", "Q380665", "Q47538988", "Q26211975", "Q85621806", "Q5532250", "Q62664770", "Q28600494", "Q28206497", "Q28771288", "Q51093528", "Q66439286", "Q48915661", "Q61727504", "Q28049770", "Q166074", "Q26211983", "Q62664735", "Q61727569", "Q48782394", "Q28206504", "Q66811836", "Q29000498", "Q2192", "Q28206683", "Q26211965", "Q4045294", "Q61727114", "Q48782098", "Q26211931", "Q71837258", "Q28206185", "Q1952321", "Q26211958", "Q26211977", "Q1882400", "Q28009488", "Q5010021", "Q15938816", "Q27967381", "Q684554", "Q26211978", "Q942350", "Q26211891", "Q27526739", "Q27979156", "Q60628185", "Q99184084", "Q61990487"], "environments": {"one": {"co-oc": 0.4642956196355223, "tf-idf": 0.3548387096774194, "combined": 0.4095671646564708}, "two": {"co-oc": 0.3794458203799212, "tf-idf": 0.2903225806451613, "combined": 0.33488420051254125}, "three": {"co-oc": 0.13923346239329815, "tf-idf": 0.25806451612903225, "combined": 0.1986489892611652}, "four": {"co-oc": 0.017025097591258313, "tf-idf": 0.0967741935483871, "combined": 0.0568996455698227}}}