{"name": "39002080782015", "type": "rank", "number_files": 171, "number_unknown": 43, "formats": ["Q28055391", "Q66439259", "Q34747804", "Q27596243", "Q1144005", "Q48106551", "Q729366", "Q64858274", "Q2138624", "Q27967216", "Q58335687", "Q3807693", "Q66811836", "Q28205580", "Q28758112", "Q1601331", "Q29650311", "Q194831", "Q29650304", "Q58103465", "Q28206771", "Q47233167", "Q81526528", "Q28600763", "Q1076355", "Q34284437", "Q4045294", "Q81526664", "Q58006953", "Q28755628", "Q6912474", "Q32097740", "Q28755606", "Q95994246", "Q1882400", "Q723030", "Q27979410", "Q27967388", "Q684554", "Q1343830", "Q16996920", "Q29904539", "Q28009496", "Q939636", "Q32097899", "Q27979156", "Q28207108", "Q1662484", "Q28758102", "Q28205626", "Q28049770", "Q1141412", "Q81526237"], "environments": {"two": {"co-oc": 0.7605004121122595, "tf-idf": 0.3333333333333333, "combined": 0.5469168727227964}, "three": {"co-oc": 0.2391101471416468, "tf-idf": 0.3333333333333333, "combined": 0.28622174023749003}, "four": {"co-oc": 0.00019472037304688703, "tf-idf": 0.16666666666666666, "combined": 0.08343069351985677}, "one": {"co-oc": 0.00019472037304688703, "tf-idf": 0.16666666666666666, "combined": 0.08343069351985677}}}