{"name": "39002069053297", "type": "rank", "number_files": 377, "number_unknown": 0, "formats": ["Q729366", "Q27596243", "Q27596417", "Q3807693", "Q66811836", "Q28205580", "Q27596184", "Q28206771", "Q28600763", "Q1076355", "Q28205674", "Q28206788", "Q4045294", "Q58006953", "Q28205736", "Q95994246", "Q723030", "Q684554", "Q27596100", "Q16996920", "Q27596325", "Q63061679", "Q28207499", "Q28205733", "Q27979156", "Q26549229", "Q1662484", "Q28205626"], "environments": {"one": {"co-oc": 0.3333333333333333, "tf-idf": 0.3333333333333333, "combined": 0.3333333333333333}, "three": {"co-oc": 0.3333333333333333, "tf-idf": 0.3333333333333333, "combined": 0.3333333333333333}, "two": {"co-oc": 0.3333333333333333, "tf-idf": 0.3333333333333333, "combined": 0.3333333333333333}, "four": {"co-oc": 0.0, "tf-idf": 0.0, "combined": 0.0}}}