{"name": "39002073493463", "type": "rank", "number_files": 1528, "number_unknown": 7, "formats": ["Q729366", "Q66439259", "Q34747804", "Q27596243", "Q26211840", "Q27826464", "Q28786544", "Q28600764", "Q3807693", "Q8811", "Q66811836", "Q28205580", "Q27826469", "Q26211915", "Q28758112", "Q34746472", "Q1601331", "Q194831", "Q29650304", "Q26211965", "Q28206771", "Q28600763", "Q1076355", "Q47233167", "Q81526528", "Q4045294", "Q1888930", "Q81526664", "Q58006953", "Q26211905", "Q6912474", "Q27826468", "Q28755606", "Q32097740", "Q27826466", "Q95994246", "Q62626012", "Q26211958", "Q723030", "Q26211936", "Q26211977", "Q26211954", "Q27967388", "Q684554", "Q26211978", "Q942350", "Q26211874", "Q16996920", "Q27526733", "Q26211940", "Q26211975", "Q26211891", "Q28009496", "Q5924007", "Q5532250", "Q32097899", "Q28206109", "Q27979156", "Q28207108", "Q1662484", "Q26211957", "Q1676669", "Q26211948", "Q28205626", "Q2053", "Q26211931", "Q99184084", "Q28049770", "Q166074", "Q10394822", "Q26211983", "Q26211927", "Q1141412", "Q81526237"], "environments": {"two": {"co-oc": 0.3652105143321982, "tf-idf": 0.30769230769230765, "combined": 0.33645141101225295}, "three": {"co-oc": 0.32221622326149113, "tf-idf": 0.30769230769230765, "combined": 0.3149542654768994}, "one": {"co-oc": 0.2684959449075389, "tf-idf": 0.23076923076923075, "combined": 0.24963258783838482}, "four": {"co-oc": 0.04407731749877166, "tf-idf": 0.15384615384615383, "combined": 0.09896173567246275}}}