{"name": "39002088951364", "type": "rank", "number_files": 156, "number_unknown": 4, "formats": ["Q729366", "Q29011569", "Q29011538", "Q29017314", "Q29011315", "Q29017304", "Q29011514", "Q66811836", "Q28205580", "Q29011579", "Q29011271", "Q29012190", "Q29011710", "Q29011549", "Q28344736", "Q28206771", "Q28600763", "Q29017312", "Q1076355", "Q29012206", "Q29011484", "Q29011365", "Q29012224", "Q29011347", "Q4045294", "Q29012350", "Q28858032", "Q29017311", "Q29011646", "Q27979388", "Q29011892", "Q29011774", "Q29012285", "Q684554", "Q2858737", "Q16996920", "Q29017306", "Q29011363", "Q29011357", "Q29017309", "Q29012120", "Q29011358", "Q29011824", "Q26549229", "Q66134804", "Q1662484", "Q29012054", "Q29011223", "Q29011566", "Q1676669", "Q29011361", "Q28205626", "Q29011079", "Q99184084", "Q29011977"], "environments": {"one": {"co-oc": 0.7133054487015646, "tf-idf": 0.375, "combined": 0.5441527243507823}, "four": {"co-oc": 0.1712466015175151, "tf-idf": 0.25, "combined": 0.21062330075875757}, "three": {"co-oc": 0.11539729156864532, "tf-idf": 0.25, "combined": 0.18269864578432266}, "two": {"co-oc": 5.065821227488061e-05, "tf-idf": 0.125, "combined": 0.06252532910613744}}}