{"name": "39002081563802", "type": "rank", "number_files": 101, "number_unknown": 0, "formats": ["Q26549229", "Q66134804", "Q24834502", "Q60886160", "Q28858068", "Q60806257", "Q60806040", "Q60873199", "Q60886323", "Q307271", "Q52834888", "Q28858032"], "environments": {"one": {"co-oc": 0.36010699943172897, "tf-idf": 0.3529411764705882, "combined": 0.3565240879511586}, "four": {"co-oc": 0.31994587868880886, "tf-idf": 0.29411764705882354, "combined": 0.30703176287381617}, "two": {"co-oc": 0.31994587868880886, "tf-idf": 0.29411764705882354, "combined": 0.30703176287381617}, "three": {"co-oc": 1.2431906532384136e-06, "tf-idf": 0.058823529411764705, "combined": 0.029412386301208973}}}