{"name": "39002119063221", "type": "rank", "number_files": 5, "number_unknown": 0, "formats": ["Q217570"], "environments": {"one": {"co-oc": 0.3333333333333333, "tf-idf": 0.33333333333333337, "combined": 0.33333333333333337}, "three": {"co-oc": 0.3333333333333333, "tf-idf": 0.33333333333333337, "combined": 0.33333333333333337}, "two": {"co-oc": 0.3333333333333333, "tf-idf": 0.33333333333333337, "combined": 0.33333333333333337}, "four": {"co-oc": 0.0, "tf-idf": 0.0, "combined": 0.0}}}