{"name": "39002117626854", "type": "rank", "number_files": 145, "number_unknown": 0, "formats": ["Q28206109", "Q26549229", "Q1662484", "Q28600763", "Q1076355", "Q684554", "Q16996920", "Q1676669", "Q4045294", "Q66811836", "Q99184084"], "environments": {"one": {"co-oc": 0.9991467293658353, "tf-idf": 0.4, "combined": 0.6995733646829176}, "four": {"co-oc": 0.0002844235447215981, "tf-idf": 0.2, "combined": 0.10014221177236081}, "three": {"co-oc": 0.0002844235447215981, "tf-idf": 0.2, "combined": 0.10014221177236081}, "two": {"co-oc": 0.0002844235447215981, "tf-idf": 0.2, "combined": 0.10014221177236081}}}