{"name": "39002078264711", "type": "rank", "number_files": 42, "number_unknown": 7, "formats": ["Q729366", "Q27596243", "Q66134804", "Q1662484", "Q28600763", "Q1076355", "Q684554", "Q28206771", "Q16996920", "Q4045294", "Q28205626", "Q66811836", "Q28205580", "Q61777776", "Q1141412"], "environments": {"one": {"co-oc": 0.9997339497528058, "tf-idf": 0.5, "combined": 0.7498669748764029}, "three": {"co-oc": 0.00013302512359711298, "tf-idf": 0.25, "combined": 0.12506651256179854}, "two": {"co-oc": 0.00013302512359711298, "tf-idf": 0.25, "combined": 0.12506651256179854}, "four": {"co-oc": 0.0, "tf-idf": 0.0, "combined": 0.0}}}