{"name": "39002012325115", "type": "rank", "number_files": 77, "number_unknown": 1, "formats": ["Q729366", "Q66439259", "Q34747804", "Q3807693", "Q66811836", "Q28205580", "Q28758112", "Q1601331", "Q29650304", "Q28206771", "Q28600763", "Q1076355", "Q47233167", "Q81526528", "Q4045294", "Q81526664", "Q58006953", "Q28205883", "Q6912474", "Q32097740", "Q28755606", "Q95994246", "Q723030", "Q684554", "Q55394748", "Q16996920", "Q28009496", "Q32097899", "Q1023647", "Q27979156", "Q28207108", "Q1662484", "Q28205626", "Q99184084", "Q28049770", "Q81526237"], "environments": {"two": {"co-oc": 0.7844273253283783, "tf-idf": 0.33333333333333337, "combined": 0.5588803293308559}, "three": {"co-oc": 0.21526836111333197, "tf-idf": 0.33333333333333337, "combined": 0.2743008472233327}, "four": {"co-oc": 0.00015215677914486665, "tf-idf": 0.16666666666666669, "combined": 0.08340941172290578}, "one": {"co-oc": 0.00015215677914486665, "tf-idf": 0.16666666666666669, "combined": 0.08340941172290578}}}