{"name": "39002012321908", "type": "rank", "number_files": 651, "number_unknown": 0, "formats": ["Q729366", "Q3807693", "Q66811836", "Q28205580", "Q17092932", "Q28206359", "Q28206771", "Q28600763", "Q1076355", "Q4045294", "Q58006953", "Q1952321", "Q95994246", "Q723030", "Q26385770", "Q684554", "Q16996920", "Q28206262", "Q27979156", "Q66134804", "Q1662484", "Q28206497", "Q26329648", "Q1676669", "Q28205626", "Q99184084", "Q307271"], "environments": {"one": {"co-oc": 0.9409076435131053, "tf-idf": 0.4285714285714286, "combined": 0.684739536042267}, "three": {"co-oc": 0.0590294473909158, "tf-idf": 0.2857142857142857, "combined": 0.17237186655260076}, "four": {"co-oc": 3.145454798941611e-05, "tf-idf": 0.14285714285714285, "combined": 0.07144429870256613}, "two": {"co-oc": 3.145454798941611e-05, "tf-idf": 0.14285714285714285, "combined": 0.07144429870256613}}}