{"name": "39002076844613", "type": "rank", "number_files": 101, "number_unknown": 3, "formats": ["Q6026738", "Q27578057", "Q3807693", "Q66811836", "Q58103465", "Q58725633", "Q28600763", "Q1076355", "Q4045294", "Q58237034", "Q58006953", "Q28755628", "Q95994246", "Q723030", "Q28206894", "Q684554", "Q16996920", "Q29904539", "Q5924007", "Q28206109", "Q27979156", "Q26549229", "Q1662484", "Q99184084"], "environments": {"one": {"co-oc": 0.3333333333333333, "tf-idf": 0.3333333333333333, "combined": 0.3333333333333333}, "three": {"co-oc": 0.3333333333333333, "tf-idf": 0.3333333333333333, "combined": 0.3333333333333333}, "two": {"co-oc": 0.3333333333333333, "tf-idf": 0.3333333333333333, "combined": 0.3333333333333333}, "four": {"co-oc": 0.0, "tf-idf": 0.0, "combined": 0.0}}}