{"name": "39002079499266", "type": "rank", "number_files": 1255, "number_unknown": 0, "formats": ["Q27826464", "Q3807693", "Q27826469", "Q34746472", "Q1076355", "Q4045294", "Q28600412", "Q58006953", "Q27826468", "Q27826466", "Q95994246", "Q921122", "Q723030", "Q24834502", "Q27526733", "Q5924007", "Q28206109", "Q27979156", "Q1676669", "Q99184084"], "environments": {"one": {"co-oc": 0.5880938233160008, "tf-idf": 0.3333333333333333, "combined": 0.4607135783246671}, "three": {"co-oc": 0.41144771602886976, "tf-idf": 0.3333333333333333, "combined": 0.37239052468110156}, "four": {"co-oc": 0.00022923032756474516, "tf-idf": 0.16666666666666666, "combined": 0.0834479484971157}, "two": {"co-oc": 0.00022923032756474516, "tf-idf": 0.16666666666666666, "combined": 0.0834479484971157}}}