{"name": "39002076100479", "type": "rank", "number_files": 214, "number_unknown": 1, "formats": ["Q29151645", "Q288405", "Q17073241", "Q28786544", "Q673906", "Q8811", "Q2053", "Q1888930", "Q99184084", "Q166074", "Q62626012", "Q178051"], "environments": {"one": {"co-oc": 0.9994031063667201, "tf-idf": 0.4, "combined": 0.6997015531833601}, "four": {"co-oc": 0.00019896454442665704, "tf-idf": 0.2, "combined": 0.10009948227221334}, "three": {"co-oc": 0.00019896454442665704, "tf-idf": 0.2, "combined": 0.10009948227221334}, "two": {"co-oc": 0.00019896454442665704, "tf-idf": 0.2, "combined": 0.10009948227221334}}}