{"name": "39002072167456", "type": "rank", "number_files": 317, "number_unknown": 11, "formats": ["Q49798508", "Q729366", "Q27596243", "Q27231634", "Q50223812", "Q27866063", "Q27826464", "Q27866059", "Q3807693", "Q66811836", "Q49799747", "Q28205580", "Q27826469", "Q34746472", "Q17092932", "Q28206359", "Q29000651", "Q28600763", "Q1076355", "Q28206771", "Q49799499", "Q4045294", "Q34310996", "Q58006953", "Q27826468", "Q1952321", "Q27231651", "Q58335773", "Q29904540", "Q95994246", "Q723030", "Q26385770", "Q27826466", "Q27866062", "Q3509055", "Q28205771", "Q28207384", "Q684554", "Q16996920", "Q28206262", "Q27231654", "Q1502796", "Q7670377", "Q28207379", "Q49798739", "Q5448342", "Q28206109", "Q27979156", "Q28205372", "Q26549229", "Q5421818", "Q58335745", "Q1662484", "Q28206497", "Q26329648", "Q10287816", "Q28206952", "Q28205626", "Q1676669", "Q99184084", "Q29000741", "Q1141412", "Q5153426", "Q178051", "Q1228757"], "environments": {"one": {"co-oc": 0.37499757613276014, "tf-idf": 0.3333333333333333, "combined": 0.3541654547330467}, "three": {"co-oc": 0.36167183980472495, "tf-idf": 0.3333333333333333, "combined": 0.3475025865690291}, "four": {"co-oc": 0.2632898639515692, "tf-idf": 0.2222222222222222, "combined": 0.24275604308689572}, "two": {"co-oc": 4.0720110945418166e-05, "tf-idf": 0.1111111111111111, "combined": 0.05557591561102826}}}