{"name": "39002078162352", "type": "rank", "number_files": 25, "number_unknown": 1, "formats": ["Q729366", "Q27596243", "Q29944783", "Q29944779", "Q29944777", "Q66811836", "Q28205580", "Q29944773", "Q29944782", "Q29944987", "Q29944780", "Q29944786", "Q28206771", "Q28600763", "Q1076355", "Q4045294", "Q28858032", "Q29944785", "Q29944758", "Q684554", "Q16996920", "Q26549229", "Q66134804", "Q1662484", "Q29944776", "Q28205626", "Q1141412"], "environments": {"one": {"co-oc": 0.5099551098288522, "tf-idf": 0.5, "combined": 0.5049775549144261}, "two": {"co-oc": 0.49004438086669994, "tf-idf": 0.4615384615384615, "combined": 0.4757914212025807}, "three": {"co-oc": 5.093044477852695e-07, "tf-idf": 0.03846153846153845, "combined": 0.019231023882993116}, "four": {"co-oc": 0.0, "tf-idf": 0.0, "combined": 0.0}}}