{"name": "39002056164701", "type": "rank", "number_files": 2936, "number_unknown": 2550, "formats": ["Q28786544", "Q8811", "Q47493628", "Q58103465", "Q1888930", "Q28755628", "Q28205883", "Q62626012", "Q47493619", "Q47493614", "Q29904539", "Q61752184", "Q218170", "Q47493509", "Q26549229", "Q47493633", "Q2053", "Q99184084", "Q166074"], "environments": {"one": {"co-oc": 0.3333333333333333, "tf-idf": 0.3333333333333333, "combined": 0.3333333333333333}, "three": {"co-oc": 0.3333333333333333, "tf-idf": 0.3333333333333333, "combined": 0.3333333333333333}, "two": {"co-oc": 0.3333333333333333, "tf-idf": 0.3333333333333333, "combined": 0.3333333333333333}, "four": {"co-oc": 0.0, "tf-idf": 0.0, "combined": 0.0}}}