{"name": "39002087698149", "type": "rank", "number_files": 4155, "number_unknown": 0, "formats": ["Q29011569", "Q29011538", "Q29017304", "Q3807693", "Q29011710", "Q194831", "Q29011365", "Q28755628", "Q95994246", "Q29012350", "Q29011646", "Q29017306", "Q29011357", "Q5924007", "Q29011824", "Q29011358", "Q28206109", "Q29944776", "Q29011361", "Q29011977", "Q29011514", "Q27826469", "Q34746472", "Q29011271", "Q29011579", "Q28600763", "Q29017312", "Q29012206", "Q29012224", "Q58006953", "Q16996920", "Q27526733", "Q29012120", "Q1662484", "Q29011223", "Q1676669", "Q27826464", "Q29944777", "Q29944773", "Q28205580", "Q29944782", "Q217570", "Q29011549", "Q29944987", "Q29944786", "Q1076355", "Q29011484", "Q27826466", "Q723030", "Q29011892", "Q29011774", "Q29012285", "Q29904539", "Q29011363", "Q939636", "Q29012054", "Q29011566", "Q28205626", "Q29011079", "Q29944783", "Q729366", "Q29017314", "Q29011315", "Q29944779", "Q29650305", "Q66811836", "Q29012190", "Q58103465", "Q29944780", "Q28206771", "Q4045294", "Q29011347", "Q27826468", "Q29017311", "Q29944785", "Q29944758", "Q684554", "Q29017309", "Q27979156", "Q99184084"], "environments": {"one": {"co-oc": 0.5060122283153707, "tf-idf": 0.4516129032258065, "combined": 0.4788125657705886}, "two": {"co-oc": 0.4902817884839157, "tf-idf": 0.41935483870967744, "combined": 0.4548183135967966}, "three": {"co-oc": 0.0037055179591387907, "tf-idf": 0.0967741935483871, "combined": 0.05023985575376294}, "four": {"co-oc": 4.6524157475088263e-07, "tf-idf": 0.03225806451612903, "combined": 0.01612926487885189}}}