{"name": "39002065949688", "type": "rank", "number_files": 1086, "number_unknown": 0, "formats": ["Q921122", "Q51837224", "Q28600435", "Q28600453", "Q51035227", "Q1676669", "Q28600454", "Q51035340", "Q99184084", "Q51034969", "Q178051", "Q930281"], "environments": {"three": {"co-oc": 0.5450447863961788, "tf-idf": 0.42857142857142866, "combined": 0.48680810748380376}, "four": {"co-oc": 0.22747760680191056, "tf-idf": 0.28571428571428575, "combined": 0.2565959462580982}, "one": {"co-oc": 0.22747760680191056, "tf-idf": 0.28571428571428575, "combined": 0.2565959462580982}, "two": {"co-oc": 0.0, "tf-idf": 0.0, "combined": 0.0}}}