{"name": "39002081492937", "type": "rank", "number_files": 399, "number_unknown": 93, "formats": ["Q1141412", "Q27826464", "Q3807693", "Q27826469", "Q34746472", "Q217570", "Q58103465", "Q1076355", "Q4045294", "Q28755621", "Q58006953", "Q28755628", "Q27826468", "Q27826466", "Q95994246", "Q723030", "Q55394748", "Q28206135", "Q27925722", "Q29904539", "Q34312361", "Q1023647", "Q27979156", "Q28206109", "Q26549229", "Q34312151", "Q27923693", "Q99184084", "Q28347555"], "environments": {"one": {"co-oc": 0.4999688303794111, "tf-idf": 0.4, "combined": 0.44998441518970556}, "two": {"co-oc": 0.4999688303794111, "tf-idf": 0.4, "combined": 0.44998441518970556}, "three": {"co-oc": 6.233924117785681e-05, "tf-idf": 0.2, "combined": 0.10003116962058893}, "four": {"co-oc": 0.0, "tf-idf": 0.0, "combined": 0.0}}}