{"name": "39002087225497", "type": "rank", "number_files": 2086, "number_unknown": 2, "formats": ["Q29011569", "Q29011538", "Q935809", "Q29017304", "Q27866059", "Q29011710", "Q28206359", "Q29011365", "Q29012350", "Q29011646", "Q28207384", "Q29017306", "Q1502796", "Q29011357", "Q29011824", "Q29011358", "Q26549229", "Q29011361", "Q29011977", "Q27866063", "Q29011514", "Q29011579", "Q29011271", "Q17092932", "Q28600763", "Q29017312", "Q29012206", "Q29012224", "Q28205883", "Q27231651", "Q59714459", "Q26385770", "Q27866062", "Q1047541", "Q16996920", "Q28206262", "Q27231654", "Q29012120", "Q479833", "Q28205372", "Q1662484", "Q29011223", "Q26329648", "Q45315877", "Q1676669", "Q66134564", "Q79241659", "Q27231634", "Q28205580", "Q29011549", "Q1076355", "Q29011484", "Q29011892", "Q28205771", "Q29011774", "Q29012285", "Q29011363", "Q29012054", "Q28206497", "Q29011566", "Q28205626", "Q29011079", "Q307271", "Q729366", "Q29017314", "Q29011315", "Q66811836", "Q29012190", "Q28206771", "Q4045294", "Q28445577", "Q29011347", "Q48625328", "Q1952321", "Q29017311", "Q684554", "Q7670377", "Q28207379", "Q29017309"], "environments": {"three": {"co-oc": 0.5584080536163315, "tf-idf": 0.36363636363636365, "combined": 0.4610222086263476}, "one": {"co-oc": 0.31163461794566116, "tf-idf": 0.27272727272727276, "combined": 0.292180945336467}, "two": {"co-oc": 0.0731215019662755, "tf-idf": 0.18181818181818182, "combined": 0.12746984189222865}, "four": {"co-oc": 0.05683582647173193, "tf-idf": 0.18181818181818182, "combined": 0.11932700414495688}}}