{"name": "39002050455782", "type": "rank", "number_files": 223, "number_unknown": 69, "formats": ["Q1144005", "Q66439259", "Q34747804", "Q27596243", "Q751800", "Q3807693", "Q66811836", "Q28758112", "Q1601331", "Q217570", "Q29650304", "Q28206359", "Q28018470", "Q28600763", "Q1076355", "Q47233167", "Q81526528", "Q4045294", "Q336284", "Q81526664", "Q58006953", "Q6912474", "Q32097740", "Q28755606", "Q28206523", "Q95994246", "Q723030", "Q28018471", "Q66689208", "Q684554", "Q16996920", "Q28009496", "Q32097899", "Q27979156", "Q28207108", "Q1662484", "Q28049770", "Q1141412", "Q81526237"], "environments": {"one": {"co-oc": 0.8689948566632261, "tf-idf": 0.39999999999999997, "combined": 0.634497428331613}, "two": {"co-oc": 0.11399862141805331, "tf-idf": 0.3, "combined": 0.20699931070902666}, "three": {"co-oc": 0.01699176738767339, "tf-idf": 0.19999999999999998, "combined": 0.10849588369383668}, "four": {"co-oc": 1.4754531047335127e-05, "tf-idf": 0.09999999999999999, "combined": 0.050007377265523664}}}