{"name": "39002088864146", "type": "rank", "number_files": 5, "number_unknown": 0, "formats": ["Q1353763", "Q27895063", "Q1662484", "Q28600763", "Q1076355", "Q684554", "Q16996920", "Q4045294", "Q66811836", "Q99184084"], "environments": {"one": {"co-oc": 0.9996329824326087, "tf-idf": 0.6666666666666667, "combined": 0.8331498245496377}, "two": {"co-oc": 0.00036701756739131056, "tf-idf": 0.33333333333333337, "combined": 0.16685017545036235}, "four": {"co-oc": 0.0, "tf-idf": 0.0, "combined": 0.0}, "three": {"co-oc": 0.0, "tf-idf": 0.0, "combined": 0.0}}}