{"name": "39002082286510", "type": "rank", "number_files": 333, "number_unknown": 1, "formats": ["Q66811836", "Q17092932", "Q217570", "Q1353763", "Q28206359", "Q28600763", "Q1952321", "Q28858032", "Q26385770", "Q27895063", "Q24834502", "Q684554", "Q16996920", "Q27526733", "Q42591", "Q28206262", "Q28206109", "Q1662484", "Q28206497", "Q26329648", "Q1676669", "Q99184084"], "environments": {"one": {"co-oc": 0.43600294041502324, "tf-idf": 0.3333333333333333, "combined": 0.3846681368741783}, "three": {"co-oc": 0.4198641522483488, "tf-idf": 0.3333333333333333, "combined": 0.37659874279084105}, "two": {"co-oc": 0.11851712474905089, "tf-idf": 0.16666666666666666, "combined": 0.14259189570785877}, "four": {"co-oc": 0.02561578258757709, "tf-idf": 0.16666666666666666, "combined": 0.09614122462712188}}}