{"name": "39002073568579", "type": "rank", "number_files": 34, "number_unknown": 0, "formats": ["Q26385770", "Q28206359", "Q28206497", "Q13454995", "Q26329648", "Q1676669", "Q28206262", "Q27967532", "Q1884715", "Q1952321", "Q17092932"], "environments": {"three": {"co-oc": 0.5095645739514976, "tf-idf": 0.4285714285714286, "combined": 0.4690680012614631}, "two": {"co-oc": 0.4904263161627634, "tf-idf": 0.28571428571428575, "combined": 0.38807030093852457}, "four": {"co-oc": 4.5549428695597064e-06, "tf-idf": 0.14285714285714288, "combined": 0.07143084890000621}, "one": {"co-oc": 4.5549428695597064e-06, "tf-idf": 0.14285714285714288, "combined": 0.07143084890000621}}}