{"name": "39002104187084", "type": "rank", "number_files": 196, "number_unknown": 1, "formats": ["Q27826464", "Q28786544", "Q8811", "Q66811836", "Q27826469", "Q34746472", "Q28600763", "Q1076355", "Q4045294", "Q98815369", "Q1888930", "Q27826468", "Q27826466", "Q62626012", "Q921122", "Q684554", "Q16996920", "Q5924007", "Q28206109", "Q26549229", "Q66134804", "Q1662484", "Q74550562", "Q1676669", "Q2053", "Q99184084", "Q166074", "Q79241659", "Q1141412"], "environments": {"one": {"co-oc": 0.9520683308891882, "tf-idf": 0.5555555555555555, "combined": 0.7538119432223718}, "two": {"co-oc": 0.047867892283923914, "tf-idf": 0.2222222222222222, "combined": 0.13504505725307306}, "four": {"co-oc": 3.1888413443861304e-05, "tf-idf": 0.1111111111111111, "combined": 0.05557149976227748}, "three": {"co-oc": 3.1888413443861304e-05, "tf-idf": 0.1111111111111111, "combined": 0.05557149976227748}}}