{"name": "39002053714839", "type": "rank", "number_files": 92, "number_unknown": 0, "formats": ["Q66134804", "Q4045294"], "environments": {"one": {"co-oc": 0.9999840133703554, "tf-idf": 0.6666666666666666, "combined": 0.833325340018511}, "two": {"co-oc": 1.598662964463599e-05, "tf-idf": 0.3333333333333333, "combined": 0.16667465998148898}, "four": {"co-oc": 0.0, "tf-idf": 0.0, "combined": 0.0}, "three": {"co-oc": 0.0, "tf-idf": 0.0, "combined": 0.0}}}