{"name": "39002085337088", "type": "rank", "number_files": 9, "number_unknown": 0, "formats": ["Q1144005", "Q66134804", "Q1662484", "Q28600763", "Q1076355", "Q684554", "Q16996920", "Q4045294", "Q66811836", "Q1141412"], "environments": {"one": {"co-oc": 0.9999169933057988, "tf-idf": 0.6666666666666666, "combined": 0.8332918299862326}, "two": {"co-oc": 8.300669420124466e-05, "tf-idf": 0.3333333333333333, "combined": 0.16670817001376728}, "four": {"co-oc": 0.0, "tf-idf": 0.0, "combined": 0.0}, "three": {"co-oc": 0.0, "tf-idf": 0.0, "combined": 0.0}}}