{"name": "39002111135019", "type": "rank", "number_files": 52, "number_unknown": 9, "formats": ["Q1144005", "Q66439259", "Q34747804", "Q29151645", "Q27596243", "Q751800", "Q1093556", "Q28786544", "Q3807693", "Q8811", "Q66811836", "Q28758112", "Q1601331", "Q29650304", "Q17073241", "Q28600763", "Q1076355", "Q47233167", "Q81526528", "Q4045294", "Q1888930", "Q81526664", "Q58006953", "Q6912474", "Q32097740", "Q28755606", "Q29000616", "Q62626012", "Q95994246", "Q28858032", "Q723030", "Q288405", "Q684554", "Q16996920", "Q28009496", "Q32097899", "Q27979156", "Q29644119", "Q28207108", "Q1662484", "Q673906", "Q1546911", "Q49243748", "Q2053", "Q28049770", "Q166074", "Q95994804", "Q81526237"], "environments": {"two": {"co-oc": 0.8055149640897858, "tf-idf": 0.42857142857142855, "combined": 0.6170431963306072}, "one": {"co-oc": 0.19416472518311284, "tf-idf": 0.2857142857142857, "combined": 0.23993950544869927}, "four": {"co-oc": 0.0001601553635506364, "tf-idf": 0.14285714285714285, "combined": 0.07150864911034674}, "three": {"co-oc": 0.0001601553635506364, "tf-idf": 0.14285714285714285, "combined": 0.07150864911034674}}}