{"name": "39002012220811", "type": "rank", "number_files": 80, "number_unknown": 2, "formats": ["Q66439259", "Q34747804", "Q3807693", "Q66811836", "Q28758112", "Q1601331", "Q29650304", "Q47233167", "Q1076355", "Q81526528", "Q28600763", "Q4045294", "Q81526664", "Q58006953", "Q954199", "Q6912474", "Q32097740", "Q28755606", "Q95994246", "Q28858032", "Q723030", "Q684554", "Q16996920", "Q28009496", "Q32097899", "Q27979156", "Q66134804", "Q28207108", "Q1662484", "Q28049770", "Q1141412", "Q81526237"], "environments": {"one": {"co-oc": 0.5324453316865461, "tf-idf": 0.33333333333333337, "combined": 0.4328893325099397}, "two": {"co-oc": 0.4673594676071064, "tf-idf": 0.33333333333333337, "combined": 0.40034640047021985}, "four": {"co-oc": 9.760035317380394e-05, "tf-idf": 0.16666666666666669, "combined": 0.08338213350992024}, "three": {"co-oc": 9.760035317380394e-05, "tf-idf": 0.16666666666666669, "combined": 0.08338213350992024}}}