{"name": "39002079511656", "type": "rank", "number_files": 87, "number_unknown": 1, "formats": ["Q27596243", "Q751800", "Q3807693", "Q66811836", "Q10397009", "Q217570", "Q194831", "Q58103465", "Q28600763", "Q1076355", "Q4045294", "Q58006953", "Q28755628", "Q95994246", "Q723030", "Q27979278", "Q684554", "Q16996920", "Q29904539", "Q27979156", "Q66134804", "Q1662484", "Q99184084", "Q1141412", "Q178051"], "environments": {"one": {"co-oc": 0.6042971102874378, "tf-idf": 0.4444444444444444, "combined": 0.5243707773659412}, "three": {"co-oc": 0.3377799748473859, "tf-idf": 0.2222222222222222, "combined": 0.28000109853480404}, "two": {"co-oc": 0.05790057819453761, "tf-idf": 0.2222222222222222, "combined": 0.1400614002083799}, "four": {"co-oc": 2.2336670638701996e-05, "tf-idf": 0.1111111111111111, "combined": 0.0555667238908749}}}