{"name": "39002059644972", "type": "rank", "number_files": 149, "number_unknown": 1, "formats": ["Q66439259", "Q34747804", "Q28600764", "Q61777776", "Q28758112", "Q1601331", "Q217570", "Q29650304", "Q47233167", "Q1076355", "Q81526528", "Q4045294", "Q81526664", "Q6912474", "Q32097740", "Q28755606", "Q942350", "Q28009496", "Q32097899", "Q28207108", "Q1569639", "Q28049770", "Q81526237"], "environments": {"two": {"co-oc": 0.4538127816643056, "tf-idf": 0.3333333333333333, "combined": 0.39357305749881943}, "three": {"co-oc": 0.2558534103042065, "tf-idf": 0.24999999999999997, "combined": 0.25292670515210325}, "one": {"co-oc": 0.22619438594519092, "tf-idf": 0.24999999999999997, "combined": 0.23809719297259546}, "four": {"co-oc": 0.06413942208629696, "tf-idf": 0.16666666666666666, "combined": 0.1154030443764818}}}