{"name": "39002056321434", "type": "rank", "number_files": 1040, "number_unknown": 1, "formats": ["Q3807693", "Q66811836", "Q28205367", "Q28600763", "Q1076355", "Q34312565", "Q4045294", "Q34312718", "Q58006953", "Q95994246", "Q723030", "Q49989019", "Q684554", "Q81413909", "Q16996920", "Q27979156", "Q26549229", "Q66134804", "Q1662484", "Q1141412"], "environments": {"one": {"co-oc": 0.9997226000417537, "tf-idf": 0.6666666666666666, "combined": 0.8331946333542102}, "two": {"co-oc": 0.000277399958246298, "tf-idf": 0.3333333333333333, "combined": 0.1668053666457898}, "four": {"co-oc": 0.0, "tf-idf": 0.0, "combined": 0.0}, "three": {"co-oc": 0.0, "tf-idf": 0.0, "combined": 0.0}}}