{"name": "39002068056929", "type": "rank", "number_files": 25, "number_unknown": 0, "formats": ["Q1144005", "Q27596243", "Q729366", "Q47455565", "Q1192568", "Q3807693", "Q66811836", "Q28205580", "Q4042979", "Q28206771", "Q28600763", "Q1076355", "Q47455466", "Q4045294", "Q58006953", "Q95994246", "Q723030", "Q684554", "Q16996920", "Q28600476", "Q27979156", "Q1662484", "Q28205626"], "environments": {"one": {"co-oc": 0.49999099671128494, "tf-idf": 0.42857142857142855, "combined": 0.46428121264135674}, "two": {"co-oc": 0.49999099671128494, "tf-idf": 0.42857142857142855, "combined": 0.46428121264135674}, "three": {"co-oc": 1.8006577430194066e-05, "tf-idf": 0.14285714285714285, "combined": 0.07143757471728653}, "four": {"co-oc": 0.0, "tf-idf": 0.0, "combined": 0.0}}}