{"name": "39002072048821", "type": "rank", "number_files": 1692, "number_unknown": 538, "formats": ["Q61971919", "Q66439259", "Q34747804", "Q51954521", "Q3807693", "Q51954585", "Q28758112", "Q61971917", "Q60628005", "Q1601331", "Q60628025", "Q29650304", "Q4746193", "Q47233167", "Q1076355", "Q81526528", "Q44933672", "Q4045294", "Q28445577", "Q81526664", "Q58006953", "Q6912474", "Q32097740", "Q28755606", "Q95994246", "Q28858032", "Q723030", "Q52834849", "Q27979154", "Q79242428", "Q50604441", "Q27349804", "Q27925722", "Q34312361", "Q28009496", "Q32097899", "Q27979156", "Q26549229", "Q66134804", "Q28207108", "Q27487130", "Q34312151", "Q27923693", "Q99184084", "Q28049770", "Q81526237"], "environments": {"one": {"co-oc": 0.5012643023841488, "tf-idf": 0.33333333333333337, "combined": 0.41729881785874107}, "two": {"co-oc": 0.4984010435366843, "tf-idf": 0.33333333333333337, "combined": 0.4158671884350088}, "four": {"co-oc": 0.00016732703958346156, "tf-idf": 0.16666666666666669, "combined": 0.08341699685312508}, "three": {"co-oc": 0.00016732703958346156, "tf-idf": 0.16666666666666669, "combined": 0.08341699685312508}}}