{"name": "39002116114381", "type": "rank", "number_files": 11, "number_unknown": 0, "formats": ["Q29151645", "Q729366", "Q28786544", "Q8811", "Q66811836", "Q28205580", "Q17073241", "Q28600763", "Q1076355", "Q28206771", "Q4045294", "Q1888930", "Q62626012", "Q288405", "Q684554", "Q16996920", "Q42591", "Q1662484", "Q673906", "Q1676669", "Q28205626", "Q2053", "Q166074", "Q1141412"], "environments": {"one": {"co-oc": 0.4453787960603281, "tf-idf": 0.33333333333333337, "combined": 0.3893560646968307}, "three": {"co-oc": 0.28470700167899465, "tf-idf": 0.25, "combined": 0.2673535008394973}, "two": {"co-oc": 0.1715963870979236, "tf-idf": 0.25, "combined": 0.2107981935489618}, "four": {"co-oc": 0.09831781516275372, "tf-idf": 0.16666666666666669, "combined": 0.1324922409147102}}}