{"name": "39002085585181", "type": "rank", "number_files": 4175, "number_unknown": 0, "formats": ["Q729366", "Q66811836", "Q28205580", "Q17092932", "Q28206359", "Q28206771", "Q28600763", "Q28445577", "Q28600412", "Q1952321", "Q26385770", "Q684554", "Q16996920", "Q28206262", "Q27526733", "Q28206109", "Q1662484", "Q28206497", "Q26329648", "Q1676669", "Q10287816", "Q28205626", "Q58959314", "Q99184084", "Q178051"], "environments": {"one": {"co-oc": 0.5916481761414473, "tf-idf": 0.3333333333333333, "combined": 0.4624907547373903}, "three": {"co-oc": 0.23703838689032253, "tf-idf": 0.3333333333333333, "combined": 0.2851858601118279}, "four": {"co-oc": 0.17129442329561045, "tf-idf": 0.2222222222222222, "combined": 0.19675832275891633}, "two": {"co-oc": 1.9013672619865356e-05, "tf-idf": 0.1111111111111111, "combined": 0.05556506239186548}}}