{"name": "39002053940079", "type": "rank", "number_files": 1706, "number_unknown": 10, "formats": ["Q28055391", "Q27596243", "Q34747804", "Q66439259", "Q1144005", "Q48106551", "Q28206625", "Q3807693", "Q28758112", "Q53756539", "Q28205846", "Q28205439", "Q27979378", "Q1601331", "Q194831", "Q29650304", "Q47233167", "Q81526528", "Q4045294", "Q4545483", "Q81526664", "Q58006953", "Q6912474", "Q32097740", "Q28755606", "Q95994246", "Q723030", "Q53756551", "Q1882400", "Q27979410", "Q1381134", "Q27967388", "Q1343830", "Q28009496", "Q28205727", "Q32097899", "Q27979156", "Q28207108", "Q85415606", "Q28758102", "Q1676669", "Q99184084", "Q28049770", "Q1141412", "Q81526237"], "environments": {"two": {"co-oc": 0.47167968464724136, "tf-idf": 0.25, "combined": 0.36083984232362065}, "one": {"co-oc": 0.2413625670337401, "tf-idf": 0.25, "combined": 0.24568128351687005}, "four": {"co-oc": 0.14347887415950933, "tf-idf": 0.25, "combined": 0.19673943707975466}, "three": {"co-oc": 0.14347887415950933, "tf-idf": 0.25, "combined": 0.19673943707975466}}}