{"name": "39002104184289", "type": "rank", "number_files": 444, "number_unknown": 193, "formats": ["Q28858044", "Q1144005", "Q48782394", "Q28055391", "Q47455565", "Q63061514", "Q1361922", "Q1192568", "Q28858041", "Q3807693", "Q61641368", "Q29209269", "Q7514956", "Q28771319", "Q68480995", "Q1116060", "Q29000498", "Q61639409", "Q29650311", "Q17138473", "Q95985299", "Q4042979", "Q47455466", "Q34284437", "Q1076355", "Q28858038", "Q5301", "Q28858042", "Q4045294", "Q48782098", "Q28600412", "Q58006953", "Q28205883", "Q85621726", "Q95994246", "Q28858032", "Q723030", "Q51801746", "Q62625561", "Q1882400", "Q27979410", "Q60000066", "Q1343830", "Q48782238", "Q28975670", "Q48782202", "Q6043826", "Q28600476", "Q28205908", "Q686498", "Q28858035", "Q85621806", "Q1122075", "Q62664770", "Q218170", "Q27979156", "Q63061396", "Q368782", "Q479833", "Q50374896", "Q28858039", "Q28858037", "Q60628185", "Q28758103", "Q51802172", "Q66439286", "Q48915661", "Q99184084", "Q29650301", "Q62664735"], "environments": {"one": {"co-oc": 0.4976471876192584, "tf-idf": 0.4090909090909091, "combined": 0.45336904835508374}, "two": {"co-oc": 0.4827470952003291, "tf-idf": 0.3636363636363636, "combined": 0.4231917294183464}, "three": {"co-oc": 0.01960208928686791, "tf-idf": 0.18181818181818182, "combined": 0.10071013555252487}, "four": {"co-oc": 3.627893544668979e-06, "tf-idf": 0.045454545454545456, "combined": 0.022729086674045062}}}