{"name": "A128", "type": "rank", "number_files": 249, "number_unknown": 0, "formats": ["Q100135637", "Q3807693", "Q61641368", "Q61639409", "Q95994246", "Q28858032", "Q66759482", "Q59851506", "Q60000066", "Q48782238", "Q99976195", "Q27487531", "Q686498", "Q25339304", "Q66134804", "Q28858039", "Q29944776", "Q28858037", "Q641213", "Q29000578", "Q28858041", "Q27967351", "Q28858038", "Q28858042", "Q58006953", "Q100136218", "Q51801746", "Q59851322", "Q48782202", "Q28858035", "Q63061396", "Q28600760", "Q28858044", "Q34306669", "Q71178742", "Q3551300", "Q63061514", "Q99973597", "Q29944777", "Q29944773", "Q29944782", "Q452197", "Q28205439", "Q29944987", "Q29944786", "Q796483", "Q85621726", "Q723030", "Q653301", "Q85621806", "Q72273742", "Q62664770", "Q2313301", "Q4042481", "Q66439286", "Q48915661", "Q166074", "Q28771320", "Q62664735", "Q29944783", "Q48782394", "Q29944779", "Q50378320", "Q28600421", "Q99973606", "Q45432", "Q29944780", "Q48782098", "Q27910000", "Q28728783", "Q29944785", "Q29944758", "Q27979156", "Q60628185", "Q100136960", "Q2819247", "Q959950", "Q99184084", "Q100136955"], "environments": {"one": {"co-oc": 0.5081885584196414, "tf-idf": 0.4749999999999999, "combined": 0.4915942792098207}, "two": {"co-oc": 0.4812208474434931, "tf-idf": 0.42499999999999993, "combined": 0.4531104237217465}, "four": {"co-oc": 0.01059014464042954, "tf-idf": 0.07500000000000002, "combined": 0.04279507232021478}, "three": {"co-oc": 4.494964360281576e-07, "tf-idf": 0.02500000000000001, "combined": 0.012500224748218018}}}