{"name": "A214", "type": "rank", "number_files": 69, "number_unknown": 20, "formats": ["Q7671270", "Q27959996", "Q3807693", "Q61752300", "Q194831", "Q1076355", "Q28755730", "Q4045294", "Q88372666", "Q51916170", "Q58006953", "Q95994246", "Q723030", "Q5134985", "Q1258721", "Q5439272", "Q27979156", "Q59999786", "Q27967143", "Q99184084", "Q79241659", "Q1141412"], "environments": {"one": {"co-oc": 0.9991002659757366, "tf-idf": 0.6666666666666666, "combined": 0.8328834663212017}, "two": {"co-oc": 0.0008997340242633453, "tf-idf": 0.3333333333333333, "combined": 0.16711653367879833}, "four": {"co-oc": 0.0, "tf-idf": 0.0, "combined": 0.0}, "three": {"co-oc": 0.0, "tf-idf": 0.0, "combined": 0.0}}}