{"name": "A216", "type": "rank", "number_files": 472, "number_unknown": 120, "formats": ["Q27959996", "Q28786544", "Q8811", "Q61641368", "Q29946898", "Q29946692", "Q61639409", "Q194831", "Q28206359", "Q26547266", "Q47455466", "Q47233167", "Q26541013", "Q26085330", "Q1888930", "Q29946845", "Q47498555", "Q26546575", "Q28755606", "Q26085322", "Q28858032", "Q27967223", "Q60000066", "Q48782238", "Q47498565", "Q686498", "Q28009496", "Q5924007", "Q32097899", "Q26549229", "Q66134804", "Q28858039", "Q28858037", "Q47498745", "Q2053", "Q66244789", "Q81526237", "Q27967203", "Q34747804", "Q47498538", "Q2043942", "Q28858041", "Q27826469", "Q34746472", "Q17092932", "Q47498749", "Q29946866", "Q81526528", "Q28858038", "Q28858042", "Q623334", "Q81526664", "Q6912474", "Q32097740", "Q29946713", "Q62626012", "Q51801746", "Q26385770", "Q1343830", "Q27526733", "Q85513175", "Q48782202", "Q28206262", "Q28858035", "Q29946914", "Q28758002", "Q5439272", "Q29000614", "Q26085319", "Q63061396", "Q29946121", "Q28207108", "Q380319", "Q27967143", "Q26329648", "Q1676669", "Q47498736", "Q1141412", "Q26085333", "Q28858044", "Q47455565", "Q27967213", "Q66439259", "Q63061514", "Q27826464", "Q29946883", "Q26085336", "Q28205580", "Q29946829", "Q51718267", "Q28777715", "Q26547917", "Q28758112", "Q27979411", "Q29946726", "Q1601331", "Q29650304", "Q4042979", "Q28755730", "Q1076355", "Q26543628", "Q88372666", "Q26085339", "Q29946810", "Q27826466", "Q85621726", "Q5533911", "Q1370814", "Q26085317", "Q26545877", "Q85621806", "Q62664770", "Q29946134", "Q42332", "Q62664835", "Q28206497", "Q66439286", "Q48915661", "Q28205626", "Q29946141", "Q32061", "Q166074", "Q28049770", "Q62664735", "Q729366", "Q27596243", "Q48782394", "Q26548590", "Q2192", "Q28206771", "Q47498552", "Q4045294", "Q48782098", "Q47498547", "Q27826468", "Q1952321", "Q5134985", "Q1258721", "Q29946771", "Q96635159", "Q27526739", "Q29946937", "Q1882110", "Q49414097", "Q60628185", "Q17484151", "Q55429627", "Q26085326"], "environments": {"one": {"co-oc": 0.415079451032848, "tf-idf": 0.3818181818181817, "combined": 0.3984488164255149}, "two": {"co-oc": 0.36534234552875483, "tf-idf": 0.32727272727272727, "combined": 0.3463075364007411}, "four": {"co-oc": 0.20801792309649697, "tf-idf": 0.19999999999999998, "combined": 0.2040089615482485}, "three": {"co-oc": 0.011560280341900086, "tf-idf": 0.0909090909090909, "combined": 0.05123468562549549}}}