{"name": "A4", "type": "rank", "number_files": 552, "number_unknown": 18, "formats": ["Q3807693", "Q61641368", "Q61639409", "Q194831", "Q47233167", "Q28755606", "Q95994246", "Q28858032", "Q60000066", "Q48782238", "Q28009496", "Q686498", "Q5924007", "Q32097899", "Q28206109", "Q29644119", "Q28858039", "Q28858037", "Q47493633", "Q81526237", "Q34747804", "Q28858041", "Q27826469", "Q34746472", "Q81526528", "Q28858038", "Q28858042", "Q81526664", "Q58006953", "Q6912474", "Q32097740", "Q51801746", "Q29435", "Q27979410", "Q47493619", "Q1343830", "Q27526733", "Q48782202", "Q28858035", "Q29000614", "Q63061396", "Q28207108", "Q28758102", "Q1676669", "Q79241659", "Q1141412", "Q28055391", "Q66439259", "Q28858044", "Q48106551", "Q29904449", "Q63061514", "Q27826464", "Q28205580", "Q28758112", "Q47493628", "Q1601331", "Q29650304", "Q1076355", "Q27826466", "Q85621726", "Q723030", "Q27967388", "Q61752184", "Q85621806", "Q62664770", "Q66439286", "Q48915661", "Q28205626", "Q28049770", "Q62664735", "Q729366", "Q48782394", "Q29650305", "Q28206771", "Q4045294", "Q48782098", "Q27826468", "Q27925714", "Q1882400", "Q47493614", "Q47493509", "Q27979156", "Q60628185", "Q99184084", "Q95994804"], "environments": {"two": {"co-oc": 0.5042964641099345, "tf-idf": 0.3684210526315789, "combined": 0.43635875837075666}, "one": {"co-oc": 0.4745037380262474, "tf-idf": 0.3684210526315789, "combined": 0.42146239532891316}, "three": {"co-oc": 0.01653523460145718, "tf-idf": 0.15789473684210525, "combined": 0.08721498572178121}, "four": {"co-oc": 0.004664563262360791, "tf-idf": 0.10526315789473682, "combined": 0.05496386057854881}}}