{"name": "A7_D2", "type": "rank", "number_files": 721, "number_unknown": 8, "formats": ["Q66439259", "Q34747804", "Q48106551", "Q3807693", "Q28758112", "Q53756539", "Q28205439", "Q1601331", "Q27979378", "Q29650304", "Q47233167", "Q81526528", "Q81526664", "Q58006953", "Q6912474", "Q32097740", "Q28755606", "Q95994246", "Q723030", "Q53756551", "Q28009496", "Q32097899", "Q27979156", "Q28207108", "Q99184084", "Q28049770", "Q81526237"], "environments": {"four": {"co-oc": 0.3333333333333333, "tf-idf": 0.3333333333333333, "combined": 0.3333333333333333}, "three": {"co-oc": 0.3333333333333333, "tf-idf": 0.3333333333333333, "combined": 0.3333333333333333}, "two": {"co-oc": 0.3333333333333333, "tf-idf": 0.3333333333333333, "combined": 0.3333333333333333}, "one": {"co-oc": 0.0, "tf-idf": 0.0, "combined": 0.0}}}