{"name": "A83_Duplicate", "type": "rank", "number_files": 298, "number_unknown": 2, "formats": ["Q29011569", "Q29011538", "Q29017304", "Q28786544", "Q8811", "Q29011710", "Q28206359", "Q29011365", "Q1888930", "Q29012350", "Q29011646", "Q28600435", "Q51035227", "Q29017306", "Q27229642", "Q29011357", "Q27229608", "Q5924007", "Q29011824", "Q29011358", "Q930281", "Q29011361", "Q2053", "Q433224", "Q29011977", "Q29151645", "Q29011514", "Q27826469", "Q29011579", "Q29011271", "Q51034969", "Q17092932", "Q34746472", "Q29017312", "Q29012206", "Q29012224", "Q98815369", "Q62626012", "Q26385770", "Q51837224", "Q28206262", "Q27526733", "Q28205824", "Q29012120", "Q29011223", "Q26329648", "Q1676669", "Q51035340", "Q27229565", "Q178051", "Q27826464", "Q28205580", "Q29011549", "Q17073241", "Q28600453", "Q29011484", "Q27826466", "Q288405", "Q29011892", "Q29011774", "Q29012285", "Q29011363", "Q29012054", "Q28206497", "Q29011566", "Q673906", "Q28205626", "Q29011079", "Q166074", "Q729366", "Q29017314", "Q29011315", "Q29012190", "Q2192", "Q28206771", "Q28600454", "Q29011347", "Q27826468", "Q1952321", "Q29017311", "Q27526739", "Q29017309", "Q99184084"], "environments": {"three": {"co-oc": 0.424225346654845, "tf-idf": 0.35714285714285715, "combined": 0.39068410189885105}, "one": {"co-oc": 0.3590509313083982, "tf-idf": 0.35714285714285715, "combined": 0.3580968942256277}, "four": {"co-oc": 0.21670722900816827, "tf-idf": 0.21428571428571433, "combined": 0.2154964716469413}, "two": {"co-oc": 1.649302858851981e-05, "tf-idf": 0.07142857142857144, "combined": 0.035722532228579976}}}