{"name": "AU5", "type": "rank", "number_files": 5570, "number_unknown": 1, "formats": ["Q723030", "Q27979156", "Q935809", "Q3807693", "Q27229642", "Q58006953", "Q28205824", "Q27229608", "Q27229565", "Q433224", "Q95994246", "Q178051"], "environments": {"four": {"co-oc": 0.3332801190901051, "tf-idf": 0.28571428571428575, "combined": 0.3094972024021954}, "one": {"co-oc": 0.3332801190901051, "tf-idf": 0.28571428571428575, "combined": 0.3094972024021954}, "three": {"co-oc": 0.3332801190901051, "tf-idf": 0.28571428571428575, "combined": 0.3094972024021954}, "two": {"co-oc": 0.0001596427296847112, "tf-idf": 0.14285714285714288, "combined": 0.0715083927934138}}}