{"name": "SW_DVD5_SA_Win_Ent_7w_SP1_64BIT_English_MLF_X17-27625", "type": "rank", "number_files": 462, "number_unknown": 8, "formats": ["Q28055391", "Q27596243", "Q29944783", "Q34306669", "Q641213", "Q751800", "Q29944779", "Q71178742", "Q3551300", "Q29000578", "Q99973597", "Q100135637", "Q29944777", "Q3807693", "Q28600421", "Q66811836", "Q29944773", "Q50378320", "Q29944782", "Q452197", "Q99973606", "Q29944987", "Q27967351", "Q45432", "Q29944780", "Q29944786", "Q28600763", "Q1076355", "Q817650", "Q4045294", "Q28445577", "Q98815369", "Q58006953", "Q796483", "Q27910000", "Q28728783", "Q100136218", "Q95994246", "Q66759482", "Q1882400", "Q723030", "Q27979410", "Q2304584", "Q29944785", "Q58007288", "Q29944758", "Q59851506", "Q684554", "Q1343830", "Q16996920", "Q653301", "Q47512572", "Q27487531", "Q59851322", "Q99976195", "Q25339304", "Q72273742", "Q28206109", "Q27979156", "Q2313301", "Q4042481", "Q1662484", "Q74550562", "Q29944776", "Q100136960", "Q2819247", "Q959950", "Q99184084", "Q100136955", "Q166074", "Q28600760", "Q28771320", "Q1141412"], "environments": {"one": {"co-oc": 0.4988893722952076, "tf-idf": 0.46875000000000006, "combined": 0.48381968614760384}, "two": {"co-oc": 0.4893786903723403, "tf-idf": 0.40625000000000006, "combined": 0.44781434518617014}, "four": {"co-oc": 0.011731432381537395, "tf-idf": 0.09374999999999997, "combined": 0.052740716190768686}, "three": {"co-oc": 5.049509147714318e-07, "tf-idf": 0.031249999999999993, "combined": 0.01562525247545738}}}