{"name": "Q1056154", "Q99184084": {"object": 0.005125303628911084, "dictionary": 0.01678956848962749, "combined": 0.010650188566204486}, "Q79241659": {"object": 0.002242012760371126, "dictionary": 0.0, "combined": 0.001180063063848785}, "Q28600412": {"object": 0.0016809059647810928, "dictionary": 0.0, "combined": 0.000884729595612528}, "Q4045294": {"object": 0.002858868801502984, "dictionary": 0.0, "combined": 0.0015047396413947558}, "Q28205439": {"object": 0.0022875695656708805, "dictionary": 0.0, "combined": 0.001204041474762152}, "Q1144005": {"object": 0.0015065387530515278, "dictionary": 0.0, "combined": 0.000792952996591611}, "Q28018471": {"object": 0.005435794990714695, "dictionary": 0.050720997981139215, "combined": 0.026885542477733233}, "Q336284": {"object": 0.004746133160325484, "dictionary": 0.040602227707494214, "combined": 0.021729697837512805}, "Q28018470": {"object": 0.005564060765697187, "dictionary": 0.05245366179362347, "combined": 0.027773745947603783}, "Q1076355": {"object": 0.002808832524801921, "dictionary": 0.0, "combined": 0.001478403501373114}, "Q28858032": {"object": 0.0011820479447571324, "dictionary": 0.0, "combined": 0.0006221602053127302}, "Q3807693": {"object": 0.003173161658862884, "dictionary": 0.0, "combined": 0.0016701648337743564}, "Q95994246": {"object": 0.0031736340898817104, "dictionary": 0.0, "combined": 0.001670413493552475}, "Q58006953": {"object": 0.0031736340898817104, "dictionary": 0.0, "combined": 0.001670413493552475}, "Q723030": {"object": 0.0030283574183497808, "dictionary": 0.0, "combined": 0.0015939484362861}, "Q27979156": {"object": 0.0030283574183497808, "dictionary": 0.0, "combined": 0.0015939484362861}, "Q26549229": {"object": 0.00549860140143102, "dictionary": 0.010716371206030003, "combined": 0.007970045435317845}, "Q16996920": {"object": 0.0035329810961404035, "dictionary": 0.0, "combined": 0.0018595525282118174}, "Q66811836": {"object": 0.0035329810961404035, "dictionary": 0.0, "combined": 0.0018595525282118174}, "Q28600763": {"object": 0.0035329810961404035, "dictionary": 0.0, "combined": 0.0018595525282118174}, "Q1662484": {"object": 0.0035329810961404035, "dictionary": 0.0, "combined": 0.0018595525282118174}, "Q684554": {"object": 0.0035329810961404035, "dictionary": 0.0, "combined": 0.0018595525282118174}, "Q28206109": {"object": 0.004921126117727955, "dictionary": 0.0, "combined": 0.002590190059003518}, "Q1676669": {"object": 0.007318336943430704, "dictionary": 0.013486954321721395, "combined": 0.010240158562213065}, "Q28445577": {"object": 0.0022950385229974727, "dictionary": 0.0, "combined": 0.0012079726926492057}, "Q27895063": {"object": 0.005155196839359987, "dictionary": 0.06117018289160541, "combined": 0.03168720347657405}, "Q1353763": {"object": 0.005225470037207029, "dictionary": 0.06117018289160541, "combined": 0.0317241911363339}, "Q47512572": {"object": 0.0020691360220221762, "dictionary": 0.0, "combined": 0.001089070961961516}, "Q28600764": {"object": 0.010273461608343085, "dictionary": 0.07888006306223228, "combined": 0.042769601184875584}, "Q942350": {"object": 0.009965921421074256, "dictionary": 0.07866962232339858, "combined": 0.04250805303280869}, "Q34312361": {"object": 0.004477155145218337, "dictionary": 0.0, "combined": 0.002356509967908541}, "Q27923693": {"object": 0.004477155145218337, "dictionary": 0.0, "combined": 0.002356509967908541}, "Q34312151": {"object": 0.004477155145218337, "dictionary": 0.0, "combined": 0.002356509967908541}, "Q27925722": {"object": 0.004477155145218337, "dictionary": 0.0, "combined": 0.002356509967908541}, "Q28055391": {"object": 0.0013828643848528884, "dictionary": 0.0, "combined": 0.0007278581155830431}, "Q27979513": {"object": 0.00622793892096712, "dictionary": 0.0, "combined": 0.0032780191149862133}, "Q1141412": {"object": 0.0011139240831670133, "dictionary": 0.0, "combined": 0.0005863038291804467}, "Q307271": {"object": 0.007984723707951245, "dictionary": 0.030443029965848273, "combined": 0.018622304339308463}, "Q28206359": {"object": 0.0029074905473617653, "dictionary": 0.01467588216639274, "combined": 0.0084816960689741}, "Q28206497": {"object": 0.003714003889500047, "dictionary": 0.015541118710368555, "combined": 0.009316024188740973}, "Q26385770": {"object": 0.003714003889500047, "dictionary": 0.015541118710368555, "combined": 0.009316024188740973}, "Q17092932": {"object": 0.003714003889500047, "dictionary": 0.015541118710368555, "combined": 0.009316024188740973}, "Q1952321": {"object": 0.003714003889500047, "dictionary": 0.015541118710368555, "combined": 0.009316024188740973}, "Q26329648": {"object": 0.003714003889500047, "dictionary": 0.015541118710368555, "combined": 0.009316024188740973}, "Q28206262": {"object": 0.003714003889500047, "dictionary": 0.015541118710368555, "combined": 0.009316024188740973}, "Q28205580": {"object": 0.0010899429555151796, "dictionary": 0.0, "combined": 0.000573681580337096}, "Q28206771": {"object": 0.001064986035104046, "dictionary": 0.0, "combined": 0.0005605457318329522}, "Q28205626": {"object": 0.0010899429555151796, "dictionary": 0.0, "combined": 0.000573681580337096}, "Q729366": {"object": 0.0010899429555151796, "dictionary": 0.0, "combined": 0.000573681580337096}, "Q66134804": {"object": 0.003252284335584863, "dictionary": 0.006389616098727608, "combined": 0.004738310005308461}, "Q29944987": {"object": 0.003933185224863571, "dictionary": 0.0, "combined": 0.0020701963383870188}, "Q29944777": {"object": 0.003933185224863571, "dictionary": 0.0, "combined": 0.0020701963383870188}, "Q29944782": {"object": 0.003933185224863571, "dictionary": 0.0, "combined": 0.0020701963383870188}, "Q29944783": {"object": 0.003933185224863571, "dictionary": 0.0, "combined": 0.0020701963383870188}, "Q29944780": {"object": 0.003933185224863571, "dictionary": 0.0, "combined": 0.0020701963383870188}, "Q29944776": {"object": 0.003933185224863571, "dictionary": 0.0, "combined": 0.0020701963383870188}, "Q29944786": {"object": 0.003933185224863571, "dictionary": 0.0, "combined": 0.0020701963383870188}, "Q29944773": {"object": 0.003933185224863571, "dictionary": 0.0, "combined": 0.0020701963383870188}, "Q29944785": {"object": 0.003933185224863571, "dictionary": 0.0, "combined": 0.0020701963383870188}, "Q29944758": {"object": 0.003933185224863571, "dictionary": 0.0, "combined": 0.0020701963383870188}, "Q29944779": {"object": 0.003933185224863571, "dictionary": 0.0, "combined": 0.0020701963383870188}, "Q178051": {"object": 0.00641109168845606, "dictionary": 0.0, "combined": 0.003374419911527445}, "Q29012120": {"object": 0.005174659875711581, "dictionary": 0.004773988631401904, "combined": 0.004984878303625681}, "Q29011315": {"object": 0.005174659875711581, "dictionary": 0.004773988631401904, "combined": 0.004984878303625681}, "Q29011363": {"object": 0.005174659875711581, "dictionary": 0.004773988631401904, "combined": 0.004984878303625681}, "Q29012190": {"object": 0.005174659875711581, "dictionary": 0.004773988631401904, "combined": 0.004984878303625681}, "Q29011569": {"object": 0.005174659875711581, "dictionary": 0.004773988631401904, "combined": 0.004984878303625681}, "Q29011484": {"object": 0.005174659875711581, "dictionary": 0.004773988631401904, "combined": 0.004984878303625681}, "Q29011271": {"object": 0.005174659875711581, "dictionary": 0.004773988631401904, "combined": 0.004984878303625681}, "Q29017311": {"object": 0.005174659875711581, "dictionary": 0.004773988631401904, "combined": 0.004984878303625681}, "Q29011357": {"object": 0.005174659875711581, "dictionary": 0.004773988631401904, "combined": 0.004984878303625681}, "Q29012206": {"object": 0.005174659875711581, "dictionary": 0.004773988631401904, "combined": 0.004984878303625681}, "Q29011646": {"object": 0.005174659875711581, "dictionary": 0.004773988631401904, "combined": 0.004984878303625681}, "Q29017312": {"object": 0.005174659875711581, "dictionary": 0.004773988631401904, "combined": 0.004984878303625681}, "Q29012350": {"object": 0.005174659875711581,