{"name": "Q1069215", "Q99184084": {"object": 0.002924240027259555, "dictionary": 0.0, "combined": 0.0005852102169830295}, "Q4045294": {"object": 0.002446689753621895, "dictionary": 0.0, "combined": 0.0004896410104026441}, "Q28858032": {"object": 0.004046502019549325, "dictionary": 0.00974743683111757, "combined": 0.008606543721460457}, "Q3807693": {"object": 0.00271566925814996, "dictionary": 0.0, "combined": 0.0005434702285042692}, "Q95994246": {"object": 0.0027160735761558954, "dictionary": 0.0, "combined": 0.0005435511421863807}, "Q58006953": {"object": 0.0027160735761558954, "dictionary": 0.0, "combined": 0.0005435511421863807}, "Q723030": {"object": 0.0025917422520004823, "dictionary": 0.0, "combined": 0.0005186694770328661}, "Q27979156": {"object": 0.0025917422520004823, "dictionary": 0.0, "combined": 0.0005186694770328661}, "Q26549229": {"object": 0.0031372249287455875, "dictionary": 0.0, "combined": 0.0006278335786943992}, "Q16996920": {"object": 0.003023611521844632, "dictionary": 0.0, "combined": 0.0006050968245685767}, "Q66811836": {"object": 0.003023611521844632, "dictionary": 0.0, "combined": 0.0006050968245685767}, "Q28600763": {"object": 0.003023611521844632, "dictionary": 0.0, "combined": 0.0006050968245685767}, "Q1662484": {"object": 0.003023611521844632, "dictionary": 0.0, "combined": 0.0006050968245685767}, "Q684554": {"object": 0.003023611521844632, "dictionary": 0.0, "combined": 0.0006050968245685767}, "Q29650301": {"object": 0.007858640101171672, "dictionary": 0.0, "combined": 0.0015727014321420501}, "Q28758103": {"object": 0.007858640101171672, "dictionary": 0.0, "combined": 0.0015727014321420501}, "Q29209269": {"object": 0.007858640101171672, "dictionary": 0.0, "combined": 0.0015727014321420501}, "Q28600764": {"object": 0.008792279393215346, "dictionary": 0.0, "combined": 0.0017595449359541486}, "Q942350": {"object": 0.008529078988698003, "dictionary": 0.0, "combined": 0.0017068722536839579}, "Q1141412": {"object": 0.003813293760335648, "dictionary": 0.0, "combined": 0.0007631310864031142}, "Q28205580": {"object": 0.0037311992210196866, "dictionary": 0.0, "combined": 0.0007467020098846457}, "Q28206771": {"object": 0.003645764252587731, "dictionary": 0.0, "combined": 0.0007296044337801089}, "Q28205626": {"object": 0.0037311992210196866, "dictionary": 0.0, "combined": 0.0007467020098846457}, "Q729366": {"object": 0.0037311992210196866, "dictionary": 0.0, "combined": 0.0007467020098846457}, "Q29904539": {"object": 0.005590388208854053, "dictionary": 0.0, "combined": 0.0011187700962389114}, "Q28755628": {"object": 0.005590388208854053, "dictionary": 0.0, "combined": 0.0011187700962389114}, "Q58103465": {"object": 0.005590388208854053, "dictionary": 0.0, "combined": 0.0011187700962389114}, "Q66134804": {"object": 0.003711179170146875, "dictionary": 0.0, "combined": 0.0007426955199227843}, "Q939636": {"object": 0.007403858087643677, "dictionary": 0.0, "combined": 0.001481688697778342}, "Q28206528": {"object": 0.010512396866217735, "dictionary": 0.0, "combined": 0.002103781493223146}, "Q777561": {"object": 0.010560598817064237, "dictionary": 0.0, "combined": 0.002113427853935991}, "Q479833": {"object": 0.0048973752511070395, "dictionary": 0.0, "combined": 0.0009800816645114897}, "Q218170": {"object": 0.00889819325606429, "dictionary": 0.0, "combined": 0.0017807408275641225}, "Q66134564": {"object": 0.015171575506556536, "dictionary": 0.0, "combined": 0.0030361943313137974}, "Q48625328": {"object": 0.015171575506556536, "dictionary": 0.0, "combined": 0.0030361943313137974}, "Q28205883": {"object": 0.006408901542496731, "dictionary": 0.0, "combined": 0.001282574148272708}, "Q1047541": {"object": 0.01381541262231726, "dictionary": 0.0, "combined": 0.0027647937730997858}, "Q59714459": {"object": 0.015171575506556536, "dictionary": 0.0, "combined": 0.0030361943313137974}, "Q28206272": {"object": 0.014551050039405801, "dictionary": 0.03766559608427525, "combined": 0.03303982378778599}, "Q28858035": {"object": 0.004913456672528499, "dictionary": 0.01054007410773707, "combined": 0.009414053678687442}, "Q61641368": {"object": 0.004913456672528499, "dictionary": 0.01054007410773707, "combined": 0.009414053678687442}, "Q51801746": {"object": 0.004913456672528499, "dictionary": 0.01054007410773707, "combined": 0.009414053678687442}, "Q85621726": {"object": 0.004913456672528499, "dictionary": 0.01054007410773707, "combined": 0.009414053678687442}, "Q28858042": {"object": 0.004913456672528499, "dictionary": 0.01054007410773707, "combined": 0.009414053678687442}, "Q48915661": {"object": 0.004913456672528499, "dictionary": 0.01054007410773707, "combined": 0.009414053678687442}, "Q48782098": {"object": 0.004913456672528499, "dictionary": 0.01054007410773707, "combined": 0.009414053678687442}, "Q61639409": {"object": 0.004913456672528499, "dictionary": 0.01054007410773707, "combined": 0.009414053678687442}, "Q85621806": {"object": 0.004913456672528499, "dictionary": 0.01054007410773707, "combined": 0.009414053678687442}, "Q28858037": {"object": 0.004913456672528499, "dictionary": 0.01054007410773707, "combined": 0.009414053678687442}, "Q28858038": {"object": 0.004913456672528499, "dictionary": 0.01054007410773707, "combined": 0.009414053678687442}, "Q28858039": {"object": 0.004913456672528499, "dictionary": 0.01054007410773707, "combined": 0.009414053678687442}, "Q28858044": {"object": 0.004913456672528499, "dictionary": 0.01054007410773707, "combined": 0.009414053678687442}, "Q48782394": {"object": 0.004913456672528499, "dictionary": 0.01054007410773707, "combined": 0.009414053678687442}, "Q60628185": {"object": 0.004913456672528499, "dictionary": 0.01054007410773707, "combined": 0.009414053678687442}, "Q62664770": {"object": 0.004772701934707173, "dictionary": 0.010390312146385658, "combined": 0.009266094277723453}, "Q48782202": {"object": 0.004913456672528499, "dictionary": 0.01054007410773707, "combined": 0.009414053678687442}, "Q66439286": {"object": 0.004913456672528499, "dictionary": 0.01054007410773707, "combined": 0.009414053678687442}, "Q63061396": {"object": 0.004913456672528499, "dictionary": 0.01054007410773707, "combined": 0.009414053678687442}, "Q28858041": {"object": 0.004913456672528499, "dictionary": 0.01054007410773707, "combined": 0.009414053678687442}, "Q686498": {"object": 0.004913456672528499, "dictionary": 0.01054007410773707, "combined": 0.009414053678687442}, "Q48782238": {"object": 0.004913456672528499, "dictionary": 0.01054007410773707, "combined": 0.009414053678687442}, "Q62664735": {"object": 0.004913456672528499, "dictionary": 0.01054007410773707, "combined": 0.009414053678687442}, "Q63061514": {"object": 0.004913456672528499, "dictionary": 0.01054007410773707, "combined": 0.009414053678687442}, "Q60000066": {"object": 0.004913456672528499, "dictionary": 0.01054007410773707, "combined": 0.009414053678687442}, "Q64858274": {"object": 0.01424732069779776, "dictionary": 0.0, "combined": 0.0028512288865694345}, "Q1228757": {"object": 0.011956344659981938, "dictionary": 0.04239821733217573, "combined": 0.03630607210955547}, "Q89029185": {"object": 0.01082687850935399, "dictionary": 0.0, "combined": 0.0021667167751772123}, "Q34284525": {"object": 0.010417940482225992, "dictionary": 0.0, "combined": 0.0020848785165673467}, "Q66310989": {"object": 0.010417940482225992, "dictionary": 0.0, "combined": 0.0020848785165673467}, "Q28206284": {"object": 0.014663759127118783, "dictionary": 0.0047571929816989655, "combined": 0.006739733289428394}, "Q28205955": {"object": 0.014663759127118783, "dictionary": 0.0047571929816989655, "combined": 0.006739733289428394}, "Q27979508": {"object": 0.014663759127118783, "dictionary": 0.0047571929816989655, "combined": 0.006739733289428394}, "Q28205807": {"object": 0.014663759127118783, "dictionary": 0.0047571929816989655, "combined": 0.006739733289428394}, "Q27824053": {"object": 0.018469034492540167, "dictionary": 0.0, "combined": 0.0036960945688769018},