{"name": "Q10846539", "Q4045294": {"object": 0.001004966218264827, "dictionary": 0.0, "combined": 0.000671520759947205}, "Q1144005": {"object": 0.002118349121201561, "dictionary": 0.0, "combined": 0.0014154858002678728}, "Q1076355": {"object": 0.000987377174743178, "dictionary": 0.0, "combined": 0.0006597677202352874}, "Q723030": {"object": 0.001064545844381952, "dictionary": 0.013736735740103747, "combined": 0.005269149034887796}, "Q27979156": {"object": 0.001064545844381952, "dictionary": 0.01374235944913119, "combined": 0.005271014968488369}, "Q47233167": {"object": 0.0014748380699618213, "dictionary": 0.0, "combined": 0.000985490221999529}, "Q29650304": {"object": 0.0014748380699618213, "dictionary": 0.0, "combined": 0.000985490221999529}, "Q1601331": {"object": 0.0014748380699618213, "dictionary": 0.0, "combined": 0.000985490221999529}, "Q81526237": {"object": 0.0014748380699618213, "dictionary": 0.0, "combined": 0.000985490221999529}, "Q28009496": {"object": 0.0014748380699618213, "dictionary": 0.0, "combined": 0.000985490221999529}, "Q34747804": {"object": 0.0014748380699618213, "dictionary": 0.0, "combined": 0.000985490221999529}, "Q28049770": {"object": 0.0014748380699618213, "dictionary": 0.0, "combined": 0.000985490221999529}, "Q28755606": {"object": 0.0014748380699618213, "dictionary": 0.0, "combined": 0.000985490221999529}, "Q81526528": {"object": 0.0014748380699618213, "dictionary": 0.0, "combined": 0.000985490221999529}, "Q81526664": {"object": 0.0014748380699618213, "dictionary": 0.0, "combined": 0.000985490221999529}, "Q28758112": {"object": 0.0014748380699618213, "dictionary": 0.0, "combined": 0.000985490221999529}, "Q32097899": {"object": 0.0014748380699618213, "dictionary": 0.0, "combined": 0.000985490221999529}, "Q66439259": {"object": 0.0014748380699618213, "dictionary": 0.0, "combined": 0.000985490221999529}, "Q28207108": {"object": 0.0014748380699618213, "dictionary": 0.0, "combined": 0.000985490221999529}, "Q32097740": {"object": 0.0014748380699618213, "dictionary": 0.0, "combined": 0.000985490221999529}, "Q6912474": {"object": 0.0014748380699618213, "dictionary": 0.0, "combined": 0.000985490221999529}, "Q34312361": {"object": 0.003147671325462389, "dictionary": 0.0, "combined": 0.002103281286596963}, "Q27923693": {"object": 0.003147671325462389, "dictionary": 0.0, "combined": 0.002103281286596963}, "Q34312151": {"object": 0.003147671325462389, "dictionary": 0.0, "combined": 0.002103281286596963}, "Q27925722": {"object": 0.003147671325462389, "dictionary": 0.0, "combined": 0.002103281286596963}, "Q28206359": {"object": 0.0020441160353261035, "dictionary": 0.0, "combined": 0.0013658830799631219}, "Q28205580": {"object": 0.0015325723930424795, "dictionary": 0.0, "combined": 0.0010240684307049927}, "Q28206771": {"object": 0.0014974803847461527, "dictionary": 0.0, "combined": 0.0010006198692997044}, "Q28205626": {"object": 0.0015325723930424795, "dictionary": 0.0, "combined": 0.0010240684307049927}, "Q729366": {"object": 0.0015325723930424795, "dictionary": 0.0, "combined": 0.0010240684307049927}, "Q47538629": {"object": 0.02015194500847242, "dictionary": 0.0, "combined": 0.01346557643486643}, "Q34746472": {"object": 0.0020829599684921633, "dictionary": 0.0, "combined": 0.0013918386862759873}, "Q479833": {"object": 0.002011573669380472, "dictionary": 0.0, "combined": 0.0013441381954952423}, "Q27925705": {"object": 0.004647499379563464, "dictionary": 0.0, "combined": 0.0031054698740094456}, "Q29904535": {"object": 0.0074546428762062925, "dictionary": 0.12405080205435083, "combined": 0.046140977828199224}, "Q34284437": {"object": 0.004225089664569501, "dictionary": 0.0, "combined": 0.002823214721879466}, "Q29650311": {"object": 0.004834322169604254, "dictionary": 0.0, "combined": 0.0032303052960003056}, "Q4042979": {"object": 0.002962001978340503, "dictionary": 0.0, "combined": 0.0019792165978420873}, "Q47455565": {"object": 0.002984669521578863, "dictionary": 0.0, "combined": 0.0019943631028538095}, "Q47455466": {"object": 0.002984669521578863, "dictionary": 0.0, "combined": 0.0019943631028538095}, "Q51370033": {"object": 0.018285414883931463, "dictionary": 0.0, "combined": 0.01221835667273329}, "Q61752184": {"object": 0.004803641917475241, "dictionary": 0.0, "combined": 0.0032098046803073535}, "Q47493628": {"object": 0.004803641917475241, "dictionary": 0.0, "combined": 0.0032098046803073535}, "Q47493509": {"object": 0.004803641917475241, "dictionary": 0.0, "combined": 0.0032098046803073535}, "Q47493633": {"object": 0.004803641917475241, "dictionary": 0.0, "combined": 0.0032098046803073535}, "Q47493619": {"object": 0.004803641917475241, "dictionary": 0.0, "combined": 0.0032098046803073535}, "Q47493614": {"object": 0.004803641917475241, "dictionary": 0.0, "combined": 0.0032098046803073535}, "Q62625561": {"object": 0.0042360350221627525, "dictionary": 0.0, "combined": 0.002830528435231548}, "Q62619688": {"object": 0.0030048857392870583, "dictionary": 0.06845792010903995, "combined": 0.024722050602185942}, "Q29650330": {"object": 0.0030048857392870583, "dictionary": 0.06845792010903995, "combined": 0.024722050602185942}, "Q28049670": {"object": 0.0030048857392870583, "dictionary": 0.06845792010903995, "combined": 0.024722050602185942}, "Q27349828": {"object": 0.0030048857392870583, "dictionary": 0.06845792010903995, "combined": 0.024722050602185942}, "Q28600256": {"object": 0.0030048857392870583, "dictionary": 0.06845792010903995, "combined": 0.024722050602185942}, "Q63036182": {"object": 0.0030048857392870583, "dictionary": 0.06845792010903995, "combined": 0.024722050602185942}, "Q27967116": {"object": 0.0030048857392870583, "dictionary": 0.06845792010903995, "combined": 0.024722050602185942}, "Q1192568": {"object": 0.004787151508638033, "dictionary": 0.0, "combined": 0.003198785750841921}, "Q28600476": {"object": 0.004027780757446752, "dictionary": 0.0, "combined": 0.0026913724521122405}, "Q48814895": {"object": 0.007094336703883144, "dictionary": 0.0, "combined": 0.004740452254144884}, "Q59999653": {"object": 0.007094336703883144, "dictionary": 0.0, "combined": 0.004740452254144884}, "Q46118194": {"object": 0.007094336703883144, "dictionary": 0.0, "combined": 0.004740452254144884}, "Q96143857": {"object": 0.014963267467730013, "dictionary": 0.0, "combined": 0.009998490057280193}, "Q72724699": {"object": 0.005459751945425017, "dictionary": 0.0, "combined": 0.0036482189240602827}, "Q28207102": {"object": 0.005459751945425017, "dictionary": 0.0, "combined": 0.0036482189240602827}, "Q66663022": {"object": 0.01843972491828082, "dictionary": 0.0, "combined": 0.012321466995896866}, "Q817650": {"object": 0.006105322325629747, "dictionary": 0.0, "combined": 0.004079590550723506}, "Q86995619": {"object": 0.013016810807051474, "dictionary": 0.0, "combined": 0.008697863198160526}, "Q86996249": {"object": 0.013016810807051474, "dictionary": 0.0, "combined": 0.008697863198160526}, "Q28771225": {"object": 0.013016810807051474, "dictionary": 0.0, "combined": 0.008697863198160526}, "Q27925703": {"object": 0.013016810807051474, "dictionary": 0.0, "combined": 0.008697863198160526}, "Q86996065": {"object": 0.013016810807051474, "dictionary": 0.0, "combined": 0.008697863198160526}, "Q29651047": {"object": 0.013016810807051474, "dictionary": 0.0, "combined": 0.008697863198160526}, "Q28206548": {"object": 0.013016810807051474, "dictionary": 0.0, "combined": 0.008697863198160526}, "Q27684861": {"object": 0.012509398603514396, "dictionary": 0.0, "combined": 0.008358809185863455}, "Q27684843": {"object": 0.012509398603514396, "dictionary": 0.0, "combined": 0.008358809185863455}, "Q27684948": {"object": 0.012509398603514396, "dictionary": 0.0, "combined": 0.008358809185863455}, "Q27684882": {"object": 0.012509398603514396, "dictionary": 0.0, "combined": 0.008358809185863455}, "Q27684919": {"object": 0.012509398603514396, "dictionary": 0.0, "combined": 0.008358809185863455}, "Q27684906": {"object": 0.012509398603514396, "dictionary": 0.0,