{"name": "Q12062708", "Q4045294": {"object": 0.003920943851931885, "dictionary": 0.0, "combined": 0.0012174463899385936}, "Q3807693": {"object": 0.00435199708743662, "dictionary": 0.0, "combined": 0.001351287685619996}, "Q95994246": {"object": 0.0043526450274532285, "dictionary": 0.0, "combined": 0.0013514888698919227}, "Q58006953": {"object": 0.0043526450274532285, "dictionary": 0.0, "combined": 0.0013514888698919227}, "Q723030": {"object": 0.004153397803595743, "dictionary": 0.0, "combined": 0.0012896229461370938}, "Q27979156": {"object": 0.004153397803595743, "dictionary": 0.0, "combined": 0.0012896229461370938}, "Q47512572": {"object": 0.01135129553352493, "dictionary": 0.0, "combined": 0.003524557935612103}, "Q1141412": {"object": 0.006110995766040583, "dictionary": 0.0, "combined": 0.001897453780326509}, "Q28206771": {"object": 0.005842521272104854, "dictionary": 0.0, "combined": 0.0018140929070838078}, "Q27596243": {"object": 0.006656032970173281, "dictionary": 0.0, "combined": 0.002066686904189438}, "Q29151494": {"object": 0.04374245566072113, "dictionary": 0.09827199999416934, "combined": 0.08134066932463074}, "Q2043681": {"object": 0.054503331153857464, "dictionary": 0.10455304408481236, "combined": 0.0890126934380588}, "Q27967388": {"object": 0.008753318854810987, "dictionary": 0.0, "combined": 0.002717890600376848}, "Q28771319": {"object": 0.00984266539667408, "dictionary": 0.0, "combined": 0.003056130846824109}, "Q6043826": {"object": 0.00984266539667408, "dictionary": 0.0, "combined": 0.003056130846824109}, "Q29000498": {"object": 0.00984266539667408, "dictionary": 0.0, "combined": 0.003056130846824109}, "Q51954585": {"object": 0.009773764501492482, "dictionary": 0.008160939602512138, "combined": 0.008661718987531703}, "Q60628025": {"object": 0.009773764501492482, "dictionary": 0.008160939602512138, "combined": 0.008661718987531703}, "Q51954521": {"object": 0.009773764501492482, "dictionary": 0.008160939602512138, "combined": 0.008661718987531703}, "Q61971917": {"object": 0.009773764501492482, "dictionary": 0.008160939602512138, "combined": 0.008661718987531703}, "Q60628005": {"object": 0.009773764501492482, "dictionary": 0.008160939602512138, "combined": 0.008661718987531703}, "Q61971919": {"object": 0.009773764501492482, "dictionary": 0.008160939602512138, "combined": 0.008661718987531703}, "Q44933672": {"object": 0.009773764501492482, "dictionary": 0.008160939602512138, "combined": 0.008661718987531703}, "Q27487130": {"object": 0.009773764501492482, "dictionary": 0.008160939602512138, "combined": 0.008661718987531703}, "Q52834849": {"object": 0.009773764501492482, "dictionary": 0.008160939602512138, "combined": 0.008661718987531703}, "Q27967091": {"object": 0.020626135990767402, "dictionary": 0.0, "combined": 0.0064043801055630395}, "Q27596100": {"object": 0.01777445152539709, "dictionary": 0.0, "combined": 0.005518936934552447}, "Q28207499": {"object": 0.01798024615914945, "dictionary": 0.0, "combined": 0.0055828358179315345}, "Q27596184": {"object": 0.01759337048335129, "dictionary": 0.0, "combined": 0.005462711579319075}, "Q63061679": {"object": 0.01929566370022557, "dictionary": 0.0, "combined": 0.005991270724709394}, "Q28205733": {"object": 0.01929566370022557, "dictionary": 0.0, "combined": 0.005991270724709394}, "Q28205674": {"object": 0.01929566370022557, "dictionary": 0.0, "combined": 0.005991270724709394}, "Q28206788": {"object": 0.01929566370022557, "dictionary": 0.0, "combined": 0.005991270724709394}, "Q28205736": {"object": 0.01929566370022557, "dictionary": 0.0, "combined": 0.005991270724709394}, "Q27596417": {"object": 0.019117028522831755, "dictionary": 0.0, "combined": 0.005935804806285955}, "Q27596325": {"object": 0.01929566370022557, "dictionary": 0.0, "combined": 0.005991270724709394}, "Q19599377": {"object": 0.014023675135764335, "dictionary": 0.026381445657958906, "combined": 0.022544378952062925}, "Q28344713": {"object": 0.014023675135764335, "dictionary": 0.026381445657958906, "combined": 0.022544378952062925}, "Q34746769": {"object": 0.04049764466410525, "dictionary": 0.0975413430188597, "combined": 0.07982937180648834}, "Q28347555": {"object": 0.01347190964821519, "dictionary": 0.0, "combined": 0.0041830050075104775}, "Q28755621": {"object": 0.01347190964821519, "dictionary": 0.0, "combined": 0.0041830050075104775}, "Q28206138": {"object": 0.013175344983371001, "dictionary": 0.0, "combined": 0.004090922184029082}, "Q28206147": {"object": 0.013175344983371001, "dictionary": 0.0, "combined": 0.004090922184029082}, "Q71837258": {"object": 0.033167281203869116, "dictionary": 0.05016002473806194, "combined": 0.04488380680378511}, "Q61974843": {"object": 0.033167281203869116, "dictionary": 0.05016002473806194, "combined": 0.04488380680378511}, "Q85513175": {"object": 0.025139471359842555, "dictionary": 0.0464229233419228, "combined": 0.039814447740251474}, "Q47538013": {"object": 0.033167281203869116, "dictionary": 0.05016002473806194, "combined": 0.04488380680378511}, "Q5010021": {"object": 0.033167281203869116, "dictionary": 0.05016002473806194, "combined": 0.04488380680378511}, "Q61752184": {"object": 0.018741734698034918, "dictionary": 0.029630122852587978, "combined": 0.026249296869966618}, "Q47493628": {"object": 0.018741734698034918, "dictionary": 0.029630122852587978, "combined": 0.026249296869966618}, "Q47493509": {"object": 0.018741734698034918, "dictionary": 0.029630122852587978, "combined": 0.026249296869966618}, "Q47493633": {"object": 0.018741734698034918, "dictionary": 0.029630122852587978, "combined": 0.026249296869966618}, "Q47493619": {"object": 0.018741734698034918, "dictionary": 0.029630122852587978, "combined": 0.026249296869966618}, "Q47493614": {"object": 0.018741734698034918, "dictionary": 0.029630122852587978, "combined": 0.026249296869966618}, "Q27967540": {"object": 0.06330559836690822, "dictionary": 0.07464833928786611, "combined": 0.07112643754489036}, "Q28049547": {"object": 0.05599382367175233, "dictionary": 0.07393016646606687, "combined": 0.06836096256816347}, "type": "co-oc"}