{"name": "Q1213743", "Q99184084": {"object": 0.06115390468702486, "dictionary": 0.03322757655923431, "combined": 0.04097890497388007}, "Q4045294": {"object": 0.05116701453947818, "dictionary": 0.04470389581582227, "combined": 0.046497821446884705}, "Q1076355": {"object": 0.05027148309846952, "dictionary": 0.043673188694838605, "combined": 0.045504634156090115}, "Q26549229": {"object": 0.06560800498106209, "dictionary": 0.06362504996579035, "combined": 0.06417544583181704}, "Q16996920": {"object": 0.06323203604827225, "dictionary": 0.07109023008232432, "combined": 0.0689090825134346}, "Q66811836": {"object": 0.06323203604827225, "dictionary": 0.07109023008232432, "combined": 0.0689090825134346}, "Q28600763": {"object": 0.06323203604827225, "dictionary": 0.07109023008232432, "combined": 0.0689090825134346}, "Q1662484": {"object": 0.06323203604827225, "dictionary": 0.07109023008232432, "combined": 0.0689090825134346}, "Q684554": {"object": 0.06323203604827225, "dictionary": 0.07109023008232432, "combined": 0.0689090825134346}, "Q28206109": {"object": 0.07046124858447912, "dictionary": 0.07275706902724909, "combined": 0.07211983314892187}, "Q1676669": {"object": 0.07484627737925212, "dictionary": 0.053383004757120656, "combined": 0.05934042508771028}, "Q28205580": {"object": 0.07802964168586916, "dictionary": 0.08436093509711365, "combined": 0.08260359935660859}, "Q28206771": {"object": 0.07624296143126533, "dictionary": 0.08017241073759873, "combined": 0.07908173917051285}, "Q28205626": {"object": 0.07802964168586916, "dictionary": 0.08428478383649705, "combined": 0.08254858490379313}, "Q729366": {"object": 0.07802964168586916, "dictionary": 0.08436093509711365, "combined": 0.08260359935660859}, "type": "co-oc"}