{"name": "Q1328134", "Q28205439": {"object": 0.0032883813804640274, "dictionary": 0.0, "combined": 0.0011493529214712023}, "Q28858032": {"object": 0.001699193987665756, "dictionary": 0.0, "combined": 0.0005939011774827506}, "Q3807693": {"object": 0.0011403550161705012, "dictionary": 0.0, "combined": 0.0003985761436117107}, "Q95994246": {"object": 0.0011405247960745938, "dictionary": 0.0, "combined": 0.00039863548497337135}, "Q58006953": {"object": 0.0011405247960745938, "dictionary": 0.0, "combined": 0.00039863548497337135}, "Q723030": {"object": 0.0010883159901818123, "dictionary": 0.0, "combined": 0.0003803874970921956}, "Q27979156": {"object": 0.0010883159901818123, "dictionary": 0.0, "combined": 0.0003803874970921956}, "Q47233167": {"object": 0.0015077695929574609, "dictionary": 0.0, "combined": 0.0005269946475388944}, "Q29650304": {"object": 0.0015077695929574609, "dictionary": 0.0, "combined": 0.0005269946475388944}, "Q1601331": {"object": 0.0015077695929574609, "dictionary": 0.0, "combined": 0.0005269946475388944}, "Q81526237": {"object": 0.0015077695929574609, "dictionary": 0.0, "combined": 0.0005269946475388944}, "Q28009496": {"object": 0.0015077695929574609, "dictionary": 0.0, "combined": 0.0005269946475388944}, "Q34747804": {"object": 0.0015077695929574609, "dictionary": 0.0, "combined": 0.0005269946475388944}, "Q28049770": {"object": 0.0015077695929574609, "dictionary": 0.0, "combined": 0.0005269946475388944}, "Q28755606": {"object": 0.0015077695929574609, "dictionary": 0.0, "combined": 0.0005269946475388944}, "Q81526528": {"object": 0.0015077695929574609, "dictionary": 0.0, "combined": 0.0005269946475388944}, "Q81526664": {"object": 0.0015077695929574609, "dictionary": 0.0, "combined": 0.0005269946475388944}, "Q28758112": {"object": 0.0015077695929574609, "dictionary": 0.0, "combined": 0.0005269946475388944}, "Q32097899": {"object": 0.0015077695929574609, "dictionary": 0.0, "combined": 0.0005269946475388944}, "Q66439259": {"object": 0.0015077695929574609, "dictionary": 0.0, "combined": 0.0005269946475388944}, "Q28207108": {"object": 0.0015077695929574609, "dictionary": 0.0, "combined": 0.0005269946475388944}, "Q32097740": {"object": 0.0015077695929574609, "dictionary": 0.0, "combined": 0.0005269946475388944}, "Q6912474": {"object": 0.0015077695929574609, "dictionary": 0.0, "combined": 0.0005269946475388944}, "Q5448342": {"object": 0.0025143430817259945, "dictionary": 0.007091757389516117, "combined": 0.005491862517620131}, "Q29904540": {"object": 0.0025143430817259945, "dictionary": 0.007091757389516117, "combined": 0.005491862517620131}, "Q5421818": {"object": 0.0025143430817259945, "dictionary": 0.007091757389516117, "combined": 0.005491862517620131}, "Q50223812": {"object": 0.0025143430817259945, "dictionary": 0.007091757389516117, "combined": 0.005491862517620131}, "Q5153426": {"object": 0.0025143430817259945, "dictionary": 0.007091757389516117, "combined": 0.005491862517620131}, "Q939636": {"object": 0.0031090040452903984, "dictionary": 0.012538151180067673, "combined": 0.009242481805851485}, "Q28206625": {"object": 0.004905826124964775, "dictionary": 0.010106832764111224, "combined": 0.008288980306118493}, "Q28205846": {"object": 0.004725396865466933, "dictionary": 0.0, "combined": 0.001651617639213395}, "Q28600483": {"object": 0.007055485501445521, "dictionary": 0.011145975293568783, "combined": 0.009716269961712916}, "Q28600482": {"object": 0.007055485501445521, "dictionary": 0.011145975293568783, "combined": 0.009716269961712916}, "Q60806257": {"object": 0.005969455966426915, "dictionary": 0.0, "combined": 0.0020864403670958352}, "Q52834888": {"object": 0.005969455966426915, "dictionary": 0.0, "combined": 0.0020864403670958352}, "Q60806040": {"object": 0.005969455966426915, "dictionary": 0.0, "combined": 0.0020864403670958352}, "Q60886323": {"object": 0.005969455966426915, "dictionary": 0.0, "combined": 0.0020864403670958352}, "Q60886160": {"object": 0.005969455966426915, "dictionary": 0.0, "combined": 0.0020864403670958352}, "Q60873199": {"object": 0.005969455966426915, "dictionary": 0.0, "combined": 0.0020864403670958352}, "Q28858068": {"object": 0.005969455966426915, "dictionary": 0.0, "combined": 0.0020864403670958352}, "Q51954585": {"object": 0.002561022250754998, "dictionary": 0.0, "combined": 0.0008951268314998937}, "Q60628025": {"object": 0.002561022250754998, "dictionary": 0.0, "combined": 0.0008951268314998937}, "Q51954521": {"object": 0.002561022250754998, "dictionary": 0.0, "combined": 0.0008951268314998937}, "Q61971917": {"object": 0.002561022250754998, "dictionary": 0.0, "combined": 0.0008951268314998937}, "Q60628005": {"object": 0.002561022250754998, "dictionary": 0.0, "combined": 0.0008951268314998937}, "Q61971919": {"object": 0.002561022250754998, "dictionary": 0.0, "combined": 0.0008951268314998937}, "Q44933672": {"object": 0.002561022250754998, "dictionary": 0.0, "combined": 0.0008951268314998937}, "Q27487130": {"object": 0.002561022250754998, "dictionary": 0.0, "combined": 0.0008951268314998937}, "Q52834849": {"object": 0.002561022250754998, "dictionary": 0.0, "combined": 0.0008951268314998937}, "Q28858035": {"object": 0.0020632427702449206, "dictionary": 0.0, "combined": 0.0007211432712074007}, "Q61641368": {"object": 0.0020632427702449206, "dictionary": 0.0, "combined": 0.0007211432712074007}, "Q51801746": {"object": 0.0020632427702449206, "dictionary": 0.0, "combined": 0.0007211432712074007}, "Q85621726": {"object": 0.0020632427702449206, "dictionary": 0.0, "combined": 0.0007211432712074007}, "Q28858042": {"object": 0.0020632427702449206, "dictionary": 0.0, "combined": 0.0007211432712074007}, "Q48915661": {"object": 0.0020632427702449206, "dictionary": 0.0, "combined": 0.0007211432712074007}, "Q48782098": {"object": 0.0020632427702449206, "dictionary": 0.0, "combined": 0.0007211432712074007}, "Q61639409": {"object": 0.0020632427702449206, "dictionary": 0.0, "combined": 0.0007211432712074007}, "Q85621806": {"object": 0.0020632427702449206, "dictionary": 0.0, "combined": 0.0007211432712074007}, "Q28858037": {"object": 0.0020632427702449206, "dictionary": 0.0, "combined": 0.0007211432712074007}, "Q28858038": {"object": 0.0020632427702449206, "dictionary": 0.0, "combined": 0.0007211432712074007}, "Q28858039": {"object": 0.0020632427702449206, "dictionary": 0.0, "combined": 0.0007211432712074007}, "Q28858044": {"object": 0.0020632427702449206, "dictionary": 0.0, "combined": 0.0007211432712074007}, "Q48782394": {"object": 0.0020632427702449206, "dictionary": 0.0, "combined": 0.0007211432712074007}, "Q60628185": {"object": 0.0020632427702449206, "dictionary": 0.0, "combined": 0.0007211432712074007}, "Q62664770": {"object": 0.0020041374978180203, "dictionary": 0.0, "combined": 0.0007004848348283991}, "Q48782202": {"object": 0.0020632427702449206, "dictionary": 0.0, "combined": 0.0007211432712074007}, "Q66439286": {"object": 0.0020632427702449206, "dictionary": 0.0, "combined": 0.0007211432712074007}, "Q63061396": {"object": 0.0020632427702449206, "dictionary": 0.0, "combined": 0.0007211432712074007}, "Q28858041": {"object": 0.0020632427702449206, "dictionary": 0.0, "combined": 0.0007211432712074007}, "Q686498": {"object": 0.0020632427702449206, "dictionary": 0.0, "combined": 0.0007211432712074007}, "Q48782238": {"object": 0.0020632427702449206, "dictionary": 0.0, "combined": 0.0007211432712074007}, "Q62664735": {"object": 0.0020632427702449206, "dictionary": 0.0, "combined": 0.0007211432712074007}, "Q63061514": {"object": 0.0020632427702449206, "dictionary": 0.0, "combined": 0.0007211432712074007}, "Q60000066": {"object": 0.0020632427702449206, "dictionary": 0.0, "combined": 0.0007211432712074007}, "Q71858982": {"object": 0.022343254883137004, "dictionary": 0.05589681606234714, "combined": 0.04416919718085177}, "Q71832451": {"object": 0.022343254883137004, "dictionary": 0.05589681606234714, "combined": 0.04416919718085177}, "Q71828821": {"object": 0.022343254883137004, "dictionary": 0.05589681606234714,