{"name": "Q1341482", "Q99184084": {"object": 0.0022436669822679094, "dictionary": 0.0, "combined": 0.0010737942234085973}, "Q4045294": {"object": 0.0018772593784646254, "dictionary": 0.0, "combined": 0.0008984355933238176}, "Q1076355": {"object": 0.0018444033517553409, "dictionary": 0.0, "combined": 0.0008827110620259836}, "Q3807693": {"object": 0.0020836379341203216, "dictionary": 0.0, "combined": 0.000997206089413435}, "Q95994246": {"object": 0.0020839481531693045, "dictionary": 0.0, "combined": 0.000997354556822111}, "Q58006953": {"object": 0.0020839481531693045, "dictionary": 0.0, "combined": 0.000997354556822111}, "Q723030": {"object": 0.0019885530815374544, "dictionary": 0.0, "combined": 0.0009516995297305287}, "Q27979156": {"object": 0.0019885530815374544, "dictionary": 0.0, "combined": 0.0009516995297305287}, "Q47233167": {"object": 0.002754971807244277, "dictionary": 0.0, "combined": 0.001318499062317266}, "Q29650304": {"object": 0.002754971807244277, "dictionary": 0.0, "combined": 0.001318499062317266}, "Q1601331": {"object": 0.002754971807244277, "dictionary": 0.0, "combined": 0.001318499062317266}, "Q81526237": {"object": 0.002754971807244277, "dictionary": 0.0, "combined": 0.001318499062317266}, "Q28009496": {"object": 0.002754971807244277, "dictionary": 0.0, "combined": 0.001318499062317266}, "Q34747804": {"object": 0.002754971807244277, "dictionary": 0.0, "combined": 0.001318499062317266}, "Q28049770": {"object": 0.002754971807244277, "dictionary": 0.0, "combined": 0.001318499062317266}, "Q28755606": {"object": 0.002754971807244277, "dictionary": 0.0, "combined": 0.001318499062317266}, "Q81526528": {"object": 0.002754971807244277, "dictionary": 0.0, "combined": 0.001318499062317266}, "Q81526664": {"object": 0.002754971807244277, "dictionary": 0.0, "combined": 0.001318499062317266}, "Q28758112": {"object": 0.002754971807244277, "dictionary": 0.0, "combined": 0.001318499062317266}, "Q32097899": {"object": 0.002754971807244277, "dictionary": 0.0, "combined": 0.001318499062317266}, "Q66439259": {"object": 0.002754971807244277, "dictionary": 0.0, "combined": 0.001318499062317266}, "Q28207108": {"object": 0.002754971807244277, "dictionary": 0.0, "combined": 0.001318499062317266}, "Q32097740": {"object": 0.002754971807244277, "dictionary": 0.0, "combined": 0.001318499062317266}, "Q6912474": {"object": 0.002754971807244277, "dictionary": 0.0, "combined": 0.001318499062317266}, "Q28206109": {"object": 0.0025851428095630636, "dictionary": 0.0, "combined": 0.0012372207807725478}, "Q1676669": {"object": 0.0027460245124318857, "dictionary": 0.0, "combined": 0.00131421698589478}, "Q28445577": {"object": 0.00602809417342912, "dictionary": 0.0, "combined": 0.0028849792561676606}, "Q27895063": {"object": 0.013540518696670424, "dictionary": 0.0, "combined": 0.006480342614724392}, "Q1353763": {"object": 0.01372509662433707, "dictionary": 0.0, "combined": 0.00656867957117273}, "Q28205727": {"object": 0.010985991696504775, "dictionary": 0.0, "combined": 0.0052577742220004005}, "Q4545483": {"object": 0.010985991696504775, "dictionary": 0.0, "combined": 0.0052577742220004005}, "Q28758102": {"object": 0.004736093793559736, "dictionary": 0.0, "combined": 0.0022666421519940607}, "Q27473691": {"object": 0.006282751914180619, "dictionary": 0.0, "combined": 0.003006855636720731}, "Q47455968": {"object": 0.006224754964897449, "dictionary": 0.0, "combined": 0.0029790989377062277}, "Q28206310": {"object": 0.006282751914180619, "dictionary": 0.0, "combined": 0.003006855636720731}, "Q3928271": {"object": 0.00551970734370212, "dictionary": 0.0, "combined": 0.0026416709375391705}, "Q1141412": {"object": 0.0029258067819321054, "dictionary": 0.0, "combined": 0.001400258793340504}, "Q28205580": {"object": 0.0028628185164098897, "dictionary": 0.0, "combined": 0.001370113305532008}, "Q28206771": {"object": 0.0027972672565902503, "dictionary": 0.0, "combined": 0.0013387411969758907}, "Q28205626": {"object": 0.0028628185164098897, "dictionary": 0.0, "combined": 0.001370113305532008}, "Q729366": {"object": 0.0028628185164098897, "dictionary": 0.0, "combined": 0.001370113305532008}, "Q29904539": {"object": 0.00428930912830035, "dictionary": 0.0, "combined": 0.002052815948526854}, "Q28755628": {"object": 0.00428930912830035, "dictionary": 0.0, "combined": 0.002052815948526854}, "Q58103465": {"object": 0.00428930912830035, "dictionary": 0.0, "combined": 0.002052815948526854}, "Q66134804": {"object": 0.0028474578323661975, "dictionary": 0.0, "combined": 0.0013627618518964738}, "Q178051": {"object": 0.005613074183758033, "dictionary": 0.0, "combined": 0.0026863552754120812}, "Q939636": {"object": 0.005680721068650116, "dictionary": 0.0, "combined": 0.002718730326969546}, "Q27596243": {"object": 0.003186758287923735, "dictionary": 0.0, "combined": 0.001525147300386389}, "Q26211936": {"object": 0.00387820482462494, "dictionary": 0.0, "combined": 0.001856065971817361}, "Q26211977": {"object": 0.00387820482462494, "dictionary": 0.0, "combined": 0.001856065971817361}, "Q26211940": {"object": 0.00387820482462494, "dictionary": 0.0, "combined": 0.001856065971817361}, "Q26211915": {"object": 0.00387820482462494, "dictionary": 0.0, "combined": 0.001856065971817361}, "Q10394822": {"object": 0.00387820482462494, "dictionary": 0.0, "combined": 0.001856065971817361}, "Q26211975": {"object": 0.00387820482462494, "dictionary": 0.0, "combined": 0.001856065971817361}, "Q26211905": {"object": 0.00387820482462494, "dictionary": 0.0, "combined": 0.001856065971817361}, "Q5532250": {"object": 0.00387820482462494, "dictionary": 0.0, "combined": 0.001856065971817361}, "Q26211927": {"object": 0.00387820482462494, "dictionary": 0.0, "combined": 0.001856065971817361}, "Q26211957": {"object": 0.00387820482462494, "dictionary": 0.0, "combined": 0.001856065971817361}, "Q26211948": {"object": 0.00387820482462494, "dictionary": 0.0, "combined": 0.001856065971817361}, "Q26211958": {"object": 0.00387820482462494, "dictionary": 0.0, "combined": 0.001856065971817361}, "Q26211874": {"object": 0.00387820482462494, "dictionary": 0.0, "combined": 0.001856065971817361}, "Q26211954": {"object": 0.00387820482462494, "dictionary": 0.0, "combined": 0.001856065971817361}, "Q26211891": {"object": 0.00387820482462494, "dictionary": 0.0, "combined": 0.001856065971817361}, "Q26211983": {"object": 0.00387820482462494, "dictionary": 0.0, "combined": 0.001856065971817361}, "Q26211840": {"object": 0.00387820482462494, "dictionary": 0.0, "combined": 0.001856065971817361}, "Q26211965": {"object": 0.00387820482462494, "dictionary": 0.0, "combined": 0.001856065971817361}, "Q26211978": {"object": 0.00387820482462494, "dictionary": 0.0, "combined": 0.001856065971817361}, "Q26211931": {"object": 0.00387820482462494, "dictionary": 0.0, "combined": 0.001856065971817361}, "Q34746472": {"object": 0.003890932913714987, "dictionary": 0.0, "combined": 0.0018621574946003489}, "Q27826464": {"object": 0.003950945975565807, "dictionary": 0.0, "combined": 0.0018908790828100817}, "Q27826469": {"object": 0.003950945975565807, "dictionary": 0.0, "combined": 0.0018908790828100817}, "Q27826466": {"object": 0.003950945975565807, "dictionary": 0.0, "combined": 0.0018908790828100817}, "Q27826468": {"object": 0.003950945975565807, "dictionary": 0.0, "combined": 0.0018908790828100817}, "Q479833": {"object": 0.0037575845512867593, "dictionary": 0.0, "combined": 0.0017983384419476725}, "Q28205883": {"object": 0.0049173257494123865, "dictionary": 0.0, "combined": 0.0023533777633078707}, "Q28771319": {"object": 0.00471244593719233, "dictionary": 0.0, "combined": 0.002255324549264243}, "Q6043826": {"object": 0.00471244593719233, "dictionary": 0.0, "combined": 0.002255324549264243}, "Q29000498": {"object": 0.00471244593719233, "dictionary": 0.0, "combined": 0.002255324549264243}, "Q28206272": {"object": 0.011164511198261206, "dictionary": 0.0, "combined": 0.005343211682758536}, "Q27967123": {"object": 0.008538319706964573, "dictionary": 0.05577641659195306,