{"name": "Q1440353", "Q4045294": {"object": 0.027580752511037858, "dictionary": 0.0, "combined": 0.027580752511037844}, "Q3807693": {"object": 0.030612872596532198, "dictionary": 0.0, "combined": 0.030612872596532188}, "Q95994246": {"object": 0.030617430344338576, "dictionary": 0.0, "combined": 0.030617430344338562}, "Q58006953": {"object": 0.030617430344338576, "dictionary": 0.0, "combined": 0.030617430344338562}, "Q723030": {"object": 0.029215883018682016, "dictionary": 0.0, "combined": 0.02921588301868201}, "Q27979156": {"object": 0.029215883018682016, "dictionary": 0.0, "combined": 0.02921588301868201}, "Q29650301": {"object": 0.0885879410672633, "dictionary": 0.0, "combined": 0.08858794106726327}, "Q28758103": {"object": 0.0885879410672633, "dictionary": 0.0, "combined": 0.08858794106726327}, "Q29209269": {"object": 0.0885879410672633, "dictionary": 0.0, "combined": 0.08858794106726327}, "Q1141412": {"object": 0.04298604320388863, "dictionary": 0.0, "combined": 0.04298604320388861}, "Q27596243": {"object": 0.04681995075374689, "dictionary": 0.0, "combined": 0.04681995075374687}, "Q27967388": {"object": 0.06157270547646117, "dictionary": 0.0, "combined": 0.06157270547646115}, "Q28771319": {"object": 0.06923540060918475, "dictionary": 0.0, "combined": 0.0692354006091847}, "Q6043826": {"object": 0.06923540060918475, "dictionary": 0.0, "combined": 0.0692354006091847}, "Q29000498": {"object": 0.06923540060918475, "dictionary": 0.0, "combined": 0.0692354006091847}, "Q19599377": {"object": 0.0986455118514741, "dictionary": 0.0, "combined": 0.09864551185147408}, "Q28344713": {"object": 0.0986455118514741, "dictionary": 0.0, "combined": 0.09864551185147408}, "type": "co-oc"}