{"name": "Q1566078", "Q99184084": {"object": 0.019189141471998263, "dictionary": 0.04784642794877021, "combined": 0.03256942362059141}, "Q4045294": {"object": 0.01605541110944237, "dictionary": 0.06437188479177967, "combined": 0.03861470159979486}, "Q1076355": {"object": 0.015774407310877342, "dictionary": 0.06288770631392665, "combined": 0.03777192735251811}, "Q3807693": {"object": 0.017820480227347207, "dictionary": 0.0629785302398928, "combined": 0.038905081204410906}, "Q95994246": {"object": 0.017823133400596748, "dictionary": 0.06313368007461477, "combined": 0.038978936107066105}, "Q58006953": {"object": 0.017823133400596748, "dictionary": 0.06313368007461477, "combined": 0.038978936107066105}, "Q723030": {"object": 0.01700725941406393, "dictionary": 0.06189340631784128, "combined": 0.03796490697858637}, "Q27979156": {"object": 0.01700725941406393, "dictionary": 0.06191874498012861, "combined": 0.03797673777250844}, "Q26549229": {"object": 0.020586768673567353, "dictionary": 0.0, "combined": 0.01097466622962451}, "Q16996920": {"object": 0.019841226680497356, "dictionary": 0.10236718785168629, "combined": 0.058373159770162775}, "Q66811836": {"object": 0.019841226680497356, "dictionary": 0.10236718785168629, "combined": 0.058373159770162775}, "Q28600763": {"object": 0.019841226680497356, "dictionary": 0.10236718785168629, "combined": 0.058373159770162775}, "Q1662484": {"object": 0.019841226680497356, "dictionary": 0.10236718785168629, "combined": 0.058373159770162775}, "Q684554": {"object": 0.019841226680497356, "dictionary": 0.10236718785168629, "combined": 0.058373159770162775}, "Q28206109": {"object": 0.02210964082017289, "dictionary": 0.0, "combined": 0.01178649900359678}, "Q1676669": {"object": 0.023485594462582547, "dictionary": 0.0, "combined": 0.012520010523171522}, "Q49799747": {"object": 0.054762437742247316, "dictionary": 0.0, "combined": 0.02919348274959816}, "Q49798508": {"object": 0.054762437742247316, "dictionary": 0.0, "combined": 0.02919348274959816}, "Q49798739": {"object": 0.054762437742247316, "dictionary": 0.0, "combined": 0.02919348274959816}, "Q49799499": {"object": 0.054762437742247316, "dictionary": 0.0, "combined": 0.02919348274959816}, "Q28205580": {"object": 0.0244844845309962, "dictionary": 0.0, "combined": 0.013052512018415991}, "Q28206771": {"object": 0.023923852133992562, "dictionary": 0.0, "combined": 0.012753642704237065}, "Q28205626": {"object": 0.0244844845309962, "dictionary": 0.0, "combined": 0.013052512018415991}, "Q729366": {"object": 0.0244844845309962, "dictionary": 0.0, "combined": 0.013052512018415991}, "Q29000741": {"object": 0.060002600613097486, "dictionary": 0.0, "combined": 0.031986977902156565}, "Q29000651": {"object": 0.060002600613097486, "dictionary": 0.0, "combined": 0.031986977902156565}, "Q58335745": {"object": 0.053631014544496036, "dictionary": 0.0, "combined": 0.028590328745360587}, "Q34310996": {"object": 0.053631014544496036, "dictionary": 0.0, "combined": 0.028590328745360587}, "Q28206952": {"object": 0.05741280433955717, "dictionary": 0.0, "combined": 0.030606375139503327}, "Q58335773": {"object": 0.04753785972166694, "dictionary": 0.0, "combined": 0.025342109390186354}, "Q3509055": {"object": 0.04746668581982224, "dictionary": 0.0, "combined": 0.02530416706764942}, "type": "co-oc"}