{"name": "Q1593782", "Q3807693": {"object": 0.006718920323146448, "dictionary": 0.0, "combined": 0.006013347062867067}, "Q95994246": {"object": 0.006719920658683973, "dictionary": 0.0, "combined": 0.006014242350275929}, "Q58006953": {"object": 0.006719920658683973, "dictionary": 0.0, "combined": 0.006014242350275929}, "Q723030": {"object": 0.006412308729077859, "dictionary": 0.0, "combined": 0.005738933639287443}, "Q27979156": {"object": 0.006412308729077859, "dictionary": 0.0, "combined": 0.005738933639287443}, "Q307271": {"object": 0.03381404930708014, "dictionary": 1.0, "combined": 0.13527603106597264}, "Q34285550": {"object": 0.06711348956304748, "dictionary": 0.0, "combined": 0.060065707871606006}, "Q29876949": {"object": 0.6032752397466733, "dictionary": 0.0, "combined": 0.5399235616076248}, "Q1983918": {"object": 0.15842783952745917, "dictionary": 0.0, "combined": 0.14179087378322772}, "Q28207313": {"object": 0.10438600275706982, "dictionary": 0.0, "combined": 0.0934241266295751}, "type": "co-oc"}