{"name": "Q18640977", "Q99184084": {"object": 0.0017961559647436747, "dictionary": 0.09376974660728678, "combined": 0.011344132311282762}, "Q79241659": {"object": 0.004714262667120389, "dictionary": 0.0, "combined": 0.004224864915846585}, "Q28600412": {"object": 0.003534427803789915, "dictionary": 0.0, "combined": 0.0031675112483594194}, "Q4045294": {"object": 0.0015028302580768727, "dictionary": 0.0, "combined": 0.001346818215307456}, "Q28018471": {"object": 0.0057149017712558444, "dictionary": 0.0, "combined": 0.005121625521480885}, "Q336284": {"object": 0.004989828507309838, "dictionary": 0.0, "combined": 0.004471823673223873}, "Q28018470": {"object": 0.005849753491361383, "dictionary": 0.0, "combined": 0.0052424779943583575}, "Q1076355": {"object": 0.001476527536319116, "dictionary": 0.0, "combined": 0.0013232460356916134}, "Q3807693": {"object": 0.0016680455403205283, "dictionary": 0.12342574096894281, "combined": 0.014307973891925561}, "Q95994246": {"object": 0.0016682938845710836, "dictionary": 0.12372980464332237, "combined": 0.014339761959324054}, "Q58006953": {"object": 0.0016682938845710836, "dictionary": 0.12372980464332237, "combined": 0.014339761959324054}, "Q723030": {"object": 0.001591925854790879, "dictionary": 0.121299107914596, "combined": 0.014018986001436732}, "Q27979156": {"object": 0.001591925854790879, "dictionary": 0.12134876679288455, "combined": 0.014024141196444151}, "Q26549229": {"object": 0.0019269776817157217, "dictionary": 0.0, "combined": 0.001726933982249453}, "Q16996920": {"object": 0.0018571929182976373, "dictionary": 0.0, "combined": 0.0016643937252794672}, "Q66811836": {"object": 0.0018571929182976373, "dictionary": 0.0, "combined": 0.0016643937252794672}, "Q28600763": {"object": 0.0018571929182976373, "dictionary": 0.0, "combined": 0.0016643937252794672}, "Q1662484": {"object": 0.0018571929182976373, "dictionary": 0.0, "combined": 0.0016643937252794672}, "Q684554": {"object": 0.0018571929182976373, "dictionary": 0.0, "combined": 0.0016643937252794672}, "Q28206109": {"object": 0.0020695226670481323, "dictionary": 0.0, "combined": 0.0018546810659368007}, "Q1676669": {"object": 0.002198315679785639, "dictionary": 0.0, "combined": 0.001970103798894794}, "Q28445577": {"object": 0.004825759522786631, "dictionary": 0.0, "combined": 0.004324787043015467}, "Q47512572": {"object": 0.004350756103724609, "dictionary": 0.0, "combined": 0.003899094750963327}, "Q34312361": {"object": 0.004707039524724864, "dictionary": 0.0, "combined": 0.0042183916234053605}, "Q27923693": {"object": 0.004707039524724864, "dictionary": 0.0, "combined": 0.0042183916234053605}, "Q34312151": {"object": 0.004707039524724864, "dictionary": 0.0, "combined": 0.0042183916234053605}, "Q27925722": {"object": 0.004707039524724864, "dictionary": 0.0, "combined": 0.0042183916234053605}, "Q28055391": {"object": 0.002907738108557078, "dictionary": 0.0, "combined": 0.002605879558853013}, "Q1141412": {"object": 0.0023422394431025857, "dictionary": 0.0, "combined": 0.0020990865266573514}, "Q307271": {"object": 0.008394707993864103, "dictionary": 0.0, "combined": 0.007523235293912318}, "Q28206359": {"object": 0.0030567787982090006, "dictionary": 0.0, "combined": 0.002739448013817491}, "Q28206497": {"object": 0.003904703441320225, "dictionary": 0.0, "combined": 0.0034993477752261106}, "Q26385770": {"object": 0.003904703441320225, "dictionary": 0.0, "combined": 0.0034993477752261106}, "Q17092932": {"object": 0.003904703441320225, "dictionary": 0.0, "combined": 0.0034993477752261106}, "Q1952321": {"object": 0.003904703441320225, "dictionary": 0.0, "combined": 0.0034993477752261106}, "Q26329648": {"object": 0.003904703441320225, "dictionary": 0.0, "combined": 0.0034993477752261106}, "Q28206262": {"object": 0.003904703441320225, "dictionary": 0.0, "combined": 0.0034993477752261106}, "Q28205580": {"object": 0.002291814513859197, "dictionary": 0.0, "combined": 0.002053896317819334}, "Q28206771": {"object": 0.0022393377928252695, "dictionary": 0.0, "combined": 0.0020068673181114463}, "Q28205626": {"object": 0.002291814513859197, "dictionary": 0.0, "combined": 0.002053896317819334}, "Q729366": {"object": 0.002291814513859197, "dictionary": 0.0, "combined": 0.002053896317819334}, "Q29944987": {"object": 0.004135138879712381, "dictionary": 0.0, "combined": 0.003705861214924927}, "Q29944777": {"object": 0.004135138879712381, "dictionary": 0.0, "combined": 0.003705861214924927}, "Q29944782": {"object": 0.004135138879712381, "dictionary": 0.0, "combined": 0.003705861214924927}, "Q29944783": {"object": 0.004135138879712381, "dictionary": 0.0, "combined": 0.003705861214924927}, "Q29944780": {"object": 0.004135138879712381, "dictionary": 0.0, "combined": 0.003705861214924927}, "Q29944776": {"object": 0.004135138879712381, "dictionary": 0.0, "combined": 0.003705861214924927}, "Q29944786": {"object": 0.004135138879712381, "dictionary": 0.0, "combined": 0.003705861214924927}, "Q29944773": {"object": 0.004135138879712381, "dictionary": 0.0, "combined": 0.003705861214924927}, "Q29944785": {"object": 0.004135138879712381, "dictionary": 0.0, "combined": 0.003705861214924927}, "Q29944758": {"object": 0.004135138879712381, "dictionary": 0.0, "combined": 0.003705861214924927}, "Q29944779": {"object": 0.004135138879712381, "dictionary": 0.0, "combined": 0.003705861214924927}, "Q178051": {"object": 0.004493517422766027, "dictionary": 0.0, "combined": 0.00402703571029186}, "Q27526733": {"object": 0.002898303661143696, "dictionary": 0.0, "combined": 0.0025974245217259572}, "Q1888930": {"object": 0.003037043811335632, "dictionary": 0.0, "combined": 0.0027217617583957248}, "Q28786544": {"object": 0.003037043811335632, "dictionary": 0.0, "combined": 0.0027217617583957248}, "Q8811": {"object": 0.003037043811335632, "dictionary": 0.0, "combined": 0.0027217617583957248}, "Q2053": {"object": 0.003037043811335632, "dictionary": 0.0, "combined": 0.0027217617583957248}, "Q166074": {"object": 0.0028750340727262728, "dictionary": 0.0, "combined": 0.0025765705993519173}, "Q62626012": {"object": 0.003037043811335632, "dictionary": 0.0, "combined": 0.0027217617583957248}, "Q2193155": {"object": 0.005838186547898839, "dictionary": 0.0, "combined": 0.005232111840185549}, "Q34746472": {"object": 0.0031148661617877113, "dictionary": 0.0, "combined": 0.0027915052031950234}, "Q27826464": {"object": 0.0031629093071643584, "dictionary": 0.0, "combined": 0.0028345608862744513}, "Q27826469": {"object": 0.0031629093071643584, "dictionary": 0.0, "combined": 0.0028345608862744513}, "Q27826466": {"object": 0.0031629093071643584, "dictionary": 0.0, "combined": 0.0028345608862744513}, "Q27826468": {"object": 0.0031629093071643584, "dictionary": 0.0, "combined": 0.0028345608862744513}, "Q479833": {"object": 0.0030081148219243594, "dictionary": 0.2926970284296452, "combined": 0.03308134427461591}, "Q218170": {"object": 0.005465537282621708, "dictionary": 0.0, "combined": 0.004898148096975831}, "Q28205883": {"object": 0.00393653962250093, "dictionary": 0.0, "combined": 0.0035278789739357184}, "Q15938816": {"object": 0.008151221492216996, "dictionary": 0.0, "combined": 0.007305025649917354}, "Q28975650": {"object": 0.008151221492216996, "dictionary": 0.0, "combined": 0.007305025649917354}, "Q28771319": {"object": 0.0037725241515406873, "dictionary": 0.0, "combined": 0.003380890301932159}, "Q6043826": {"object": 0.0037725241515406873, "dictionary": 0.0, "combined": 0.003380890301932159}, "Q29000498": {"object": 0.0037725241515406873, "dictionary": 0.0, "combined": 0.003380890301932159}, "Q27967091": {"object": 0.007905642734175052, "dictionary": 0.0, "combined": 0.007084940951165864}, "Q921122": {"object": 0.0058875988717067675, "dictionary": 0.0, "combined": 0.005276394564337211}, "Q62522682": {"object": 0.011282905774047903, "dictionary": 0.0, "combined": 0.010111603047925908}, "Q34284437": {"object": 0.006318214956484912, "dictionary": 0.0, "combined": 0.00566230746678685}, "Q29650311": {"object": 0.0072292635331734165,