{"name": "Q1983918", "Q7514956": {"object": 0.011267404440905524, "dictionary": 0.0, "combined": 0.0032029304308132914}, "Q1076355": {"object": 0.001009558627520772, "dictionary": 0.0, "combined": 0.00028698233623683717}, "Q28858032": {"object": 0.0016994202256425594, "dictionary": 0.0, "combined": 0.0004830859479659096}, "Q3807693": {"object": 0.00228101369585861, "dictionary": 0.001487810071810929, "combined": 0.001713290220199881}, "Q95994246": {"object": 0.002281353300877245, "dictionary": 0.0014914753444976658, "combined": 0.0017160101214629857}, "Q58006953": {"object": 0.002281353300877245, "dictionary": 0.0014914753444976658, "combined": 0.0017160101214629857}, "Q723030": {"object": 0.0021769217864829127, "dictionary": 0.001462175013414971, "combined": 0.001665352613171117}, "Q27979156": {"object": 0.0021769217864829127, "dictionary": 0.0014627736160945462, "combined": 0.0016657810539692727}, "Q47233167": {"object": 0.001507970343869171, "dictionary": 0.0, "combined": 0.00042866341831201597}, "Q29650304": {"object": 0.001507970343869171, "dictionary": 0.0, "combined": 0.00042866341831201597}, "Q1601331": {"object": 0.001507970343869171, "dictionary": 0.0, "combined": 0.00042866341831201597}, "Q81526237": {"object": 0.001507970343869171, "dictionary": 0.0, "combined": 0.00042866341831201597}, "Q28009496": {"object": 0.001507970343869171, "dictionary": 0.0, "combined": 0.00042866341831201597}, "Q34747804": {"object": 0.001507970343869171, "dictionary": 0.0, "combined": 0.00042866341831201597}, "Q28049770": {"object": 0.001507970343869171, "dictionary": 0.0, "combined": 0.00042866341831201597}, "Q28755606": {"object": 0.001507970343869171, "dictionary": 0.0, "combined": 0.00042866341831201597}, "Q81526528": {"object": 0.001507970343869171, "dictionary": 0.0, "combined": 0.00042866341831201597}, "Q81526664": {"object": 0.001507970343869171, "dictionary": 0.0, "combined": 0.00042866341831201597}, "Q28758112": {"object": 0.001507970343869171, "dictionary": 0.0, "combined": 0.00042866341831201597}, "Q32097899": {"object": 0.001507970343869171, "dictionary": 0.0, "combined": 0.00042866341831201597}, "Q66439259": {"object": 0.001507970343869171, "dictionary": 0.0, "combined": 0.00042866341831201597}, "Q28207108": {"object": 0.001507970343869171, "dictionary": 0.0, "combined": 0.00042866341831201597}, "Q32097740": {"object": 0.001507970343869171, "dictionary": 0.0, "combined": 0.00042866341831201597}, "Q6912474": {"object": 0.001507970343869171, "dictionary": 0.0, "combined": 0.00042866341831201597}, "Q47512572": {"object": 0.002974779171205743, "dictionary": 0.0, "combined": 0.0008456260518894342}, "Q28206328": {"object": 0.00921095523780935, "dictionary": 0.008239495516727141, "combined": 0.008515647661551865}, "Q3928271": {"object": 0.003021284994370051, "dictionary": 0.003477340700627772, "combined": 0.0033476999561794893}, "Q307271": {"object": 0.005739784509437989, "dictionary": 0.012297139076095361, "combined": 0.010433111686528135}, "Q28206528": {"object": 0.004414919297734978, "dictionary": 0.00516765749317239, "combined": 0.004953680255979317}, "Q26211936": {"object": 0.0021227868276570724, "dictionary": 0.0, "combined": 0.0006034343192429172}, "Q26211977": {"object": 0.0021227868276570724, "dictionary": 0.0, "combined": 0.0006034343192429172}, "Q26211940": {"object": 0.0021227868276570724, "dictionary": 0.0, "combined": 0.0006034343192429172}, "Q26211915": {"object": 0.0021227868276570724, "dictionary": 0.0, "combined": 0.0006034343192429172}, "Q10394822": {"object": 0.0021227868276570724, "dictionary": 0.0, "combined": 0.0006034343192429172}, "Q26211975": {"object": 0.0021227868276570724, "dictionary": 0.0, "combined": 0.0006034343192429172}, "Q26211905": {"object": 0.0021227868276570724, "dictionary": 0.0, "combined": 0.0006034343192429172}, "Q5532250": {"object": 0.0021227868276570724, "dictionary": 0.0, "combined": 0.0006034343192429172}, "Q26211927": {"object": 0.0021227868276570724, "dictionary": 0.0, "combined": 0.0006034343192429172}, "Q26211957": {"object": 0.0021227868276570724, "dictionary": 0.0, "combined": 0.0006034343192429172}, "Q26211948": {"object": 0.0021227868276570724, "dictionary": 0.0, "combined": 0.0006034343192429172}, "Q26211958": {"object": 0.0021227868276570724, "dictionary": 0.0, "combined": 0.0006034343192429172}, "Q26211874": {"object": 0.0021227868276570724, "dictionary": 0.0, "combined": 0.0006034343192429172}, "Q26211954": {"object": 0.0021227868276570724, "dictionary": 0.0, "combined": 0.0006034343192429172}, "Q26211891": {"object": 0.0021227868276570724, "dictionary": 0.0, "combined": 0.0006034343192429172}, "Q26211983": {"object": 0.0021227868276570724, "dictionary": 0.0, "combined": 0.0006034343192429172}, "Q26211840": {"object": 0.0021227868276570724, "dictionary": 0.0, "combined": 0.0006034343192429172}, "Q26211965": {"object": 0.0021227868276570724, "dictionary": 0.0, "combined": 0.0006034343192429172}, "Q26211978": {"object": 0.0021227868276570724, "dictionary": 0.0, "combined": 0.0006034343192429172}, "Q26211931": {"object": 0.0021227868276570724, "dictionary": 0.0, "combined": 0.0006034343192429172}, "Q218170": {"object": 0.00373699791028797, "dictionary": 0.0, "combined": 0.0010622982772583497}, "Q28205883": {"object": 0.002691563442413347, "dictionary": 0.0025148893585328603, "combined": 0.002565111643759662}, "Q15938816": {"object": 0.005573303429758645, "dictionary": 0.00885076802013111, "combined": 0.007919099051694467}, "Q28975650": {"object": 0.005573303429758645, "dictionary": 0.00885076802013111, "combined": 0.007919099051694467}, "Q28858035": {"object": 0.002063517479238351, "dictionary": 0.0, "combined": 0.0005865861089332196}, "Q61641368": {"object": 0.002063517479238351, "dictionary": 0.0, "combined": 0.0005865861089332196}, "Q51801746": {"object": 0.002063517479238351, "dictionary": 0.0, "combined": 0.0005865861089332196}, "Q85621726": {"object": 0.002063517479238351, "dictionary": 0.0, "combined": 0.0005865861089332196}, "Q28858042": {"object": 0.002063517479238351, "dictionary": 0.0, "combined": 0.0005865861089332196}, "Q48915661": {"object": 0.002063517479238351, "dictionary": 0.0, "combined": 0.0005865861089332196}, "Q48782098": {"object": 0.002063517479238351, "dictionary": 0.0, "combined": 0.0005865861089332196}, "Q61639409": {"object": 0.002063517479238351, "dictionary": 0.0, "combined": 0.0005865861089332196}, "Q85621806": {"object": 0.002063517479238351, "dictionary": 0.0, "combined": 0.0005865861089332196}, "Q28858037": {"object": 0.002063517479238351, "dictionary": 0.0, "combined": 0.0005865861089332196}, "Q28858038": {"object": 0.002063517479238351, "dictionary": 0.0, "combined": 0.0005865861089332196}, "Q28858039": {"object": 0.002063517479238351, "dictionary": 0.0, "combined": 0.0005865861089332196}, "Q28858044": {"object": 0.002063517479238351, "dictionary": 0.0, "combined": 0.0005865861089332196}, "Q48782394": {"object": 0.002063517479238351, "dictionary": 0.0, "combined": 0.0005865861089332196}, "Q60628185": {"object": 0.002063517479238351, "dictionary": 0.0, "combined": 0.0005865861089332196}, "Q62664770": {"object": 0.002004404337281927, "dictionary": 0.0, "combined": 0.0005697823026771978}, "Q48782202": {"object": 0.002063517479238351, "dictionary": 0.0, "combined": 0.0005865861089332196}, "Q66439286": {"object": 0.002063517479238351, "dictionary": 0.0, "combined": 0.0005865861089332196}, "Q63061396": {"object": 0.002063517479238351, "dictionary": 0.0, "combined": 0.0005865861089332196}, "Q28858041": {"object": 0.002063517479238351, "dictionary": 0.0, "combined": 0.0005865861089332196}, "Q686498": {"object": 0.002063517479238351, "dictionary": 0.0, "combined": 0.0005865861089332196}, "Q48782238": {"object": 0.002063517479238351, "dictionary": 0.0, "combined": 0.0005865861089332196}, "Q62664735": {"object": 0.002063517479238351, "dictionary": 0.0, "combined": 0.0005865861089332196}, "Q63061514": {"object": 0.002063517479238351, "dictionary": 0.0,