{"name": "Q21834748", "Q99184084": {"object": 0.02304357979265935, "dictionary": 0.0, "combined": 0.00979618832219594}, "Q28600412": {"object": 0.022672270870878853, "dictionary": 0.0, "combined": 0.009638339057619783}, "Q4045294": {"object": 0.0192803908160388, "dictionary": 0.0, "combined": 0.00819639748072563}, "Q1144005": {"object": 0.020320384008577528, "dictionary": 0.0, "combined": 0.008638514949434057}, "Q1076355": {"object": 0.018942943022257994, "dictionary": 0.0, "combined": 0.008052943114410578}, "Q3807693": {"object": 0.0107000007963259, "dictionary": 0.0, "combined": 0.004548738685204013}, "Q95994246": {"object": 0.010701593848562469, "dictionary": 0.0, "combined": 0.0045494159167738}, "Q58006953": {"object": 0.010701593848562469, "dictionary": 0.0, "combined": 0.0045494159167738}, "Q723030": {"object": 0.010211716348392413, "dictionary": 0.0, "combined": 0.004341161284045201}, "Q27979156": {"object": 0.010211716348392413, "dictionary": 0.0, "combined": 0.004341161284045201}, "Q47233167": {"object": 0.014147467776744227, "dictionary": 0.0, "combined": 0.006014311138729154}, "Q29650304": {"object": 0.014147467776744227, "dictionary": 0.0, "combined": 0.006014311138729154}, "Q1601331": {"object": 0.014147467776744227, "dictionary": 0.0, "combined": 0.006014311138729154}, "Q81526237": {"object": 0.014147467776744227, "dictionary": 0.0, "combined": 0.006014311138729154}, "Q28009496": {"object": 0.014147467776744227, "dictionary": 0.0, "combined": 0.006014311138729154}, "Q34747804": {"object": 0.014147467776744227, "dictionary": 0.0, "combined": 0.006014311138729154}, "Q28049770": {"object": 0.014147467776744227, "dictionary": 0.0, "combined": 0.006014311138729154}, "Q28755606": {"object": 0.014147467776744227, "dictionary": 0.0, "combined": 0.006014311138729154}, "Q81526528": {"object": 0.014147467776744227, "dictionary": 0.0, "combined": 0.006014311138729154}, "Q81526664": {"object": 0.014147467776744227, "dictionary": 0.0, "combined": 0.006014311138729154}, "Q28758112": {"object": 0.014147467776744227, "dictionary": 0.0, "combined": 0.006014311138729154}, "Q32097899": {"object": 0.014147467776744227, "dictionary": 0.0, "combined": 0.006014311138729154}, "Q66439259": {"object": 0.014147467776744227, "dictionary": 0.0, "combined": 0.006014311138729154}, "Q28207108": {"object": 0.014147467776744227, "dictionary": 0.0, "combined": 0.006014311138729154}, "Q32097740": {"object": 0.014147467776744227, "dictionary": 0.0, "combined": 0.006014311138729154}, "Q6912474": {"object": 0.014147467776744227, "dictionary": 0.0, "combined": 0.006014311138729154}, "Q16996920": {"object": 0.023826646484600155, "dictionary": 0.0, "combined": 0.010129082293189751}, "Q66811836": {"object": 0.023826646484600155, "dictionary": 0.0, "combined": 0.010129082293189751}, "Q28600763": {"object": 0.023826646484600155, "dictionary": 0.0, "combined": 0.010129082293189751}, "Q1662484": {"object": 0.023826646484600155, "dictionary": 0.0, "combined": 0.010129082293189751}, "Q684554": {"object": 0.023826646484600155, "dictionary": 0.0, "combined": 0.010129082293189751}, "Q28206109": {"object": 0.02655070698030749, "dictionary": 0.13349195461439764, "combined": 0.08802954770278308}, "Q1676669": {"object": 0.02820304236988891, "dictionary": 0.09794514462297552, "combined": 0.06829667967940277}, "Q194831": {"object": 0.02013257067485263, "dictionary": 0.0, "combined": 0.0085586725463377}, "Q1141412": {"object": 0.015024748006321064, "dictionary": 0.0, "combined": 0.006387256766865093}, "Q28205580": {"object": 0.029402575086304283, "dictionary": 0.0, "combined": 0.01249949726972099}, "Q28206771": {"object": 0.02872933092926082, "dictionary": 0.0, "combined": 0.012213290586186655}, "Q28205626": {"object": 0.029402575086304283, "dictionary": 0.0, "combined": 0.01249949726972099}, "Q729366": {"object": 0.029402575086304283, "dictionary": 0.0, "combined": 0.01249949726972099}, "Q27526733": {"object": 0.03718345900349057, "dictionary": 0.15758294454595462, "combined": 0.10639922895653883}, "Q939636": {"object": 0.05834384080161552, "dictionary": 0.0, "combined": 0.024802884667898446}, "Q27596243": {"object": 0.03272959822828133, "dictionary": 0.16530020059995193, "combined": 0.10894235175419471}, "Q217570": {"object": 0.05458321509869596, "dictionary": 0.0, "combined": 0.023204183514407267}, "Q27967388": {"object": 0.021521273299412814, "dictionary": 0.0, "combined": 0.009149031880960395}, "Q27596184": {"object": 0.0865115827974032, "dictionary": 0.4456797556167203, "combined": 0.2929917144384188}, "type": "co-oc"}