{"name": "Q21849093", "Q79241659": {"object": 0.02091490269979551, "dictionary": 0.0, "combined": 0.0019354628821364559}, "Q4045294": {"object": 0.006667330787740279, "dictionary": 0.0, "combined": 0.0006169940854050972}, "Q1076355": {"object": 0.006550638336524084, "dictionary": 0.0, "combined": 0.0006061953783206662}, "Q3807693": {"object": 0.007400311064114231, "dictionary": 0.0, "combined": 0.0006848240025996809}, "Q95994246": {"object": 0.007401412847405317, "dictionary": 0.0, "combined": 0.0006849259615088216}, "Q58006953": {"object": 0.007401412847405317, "dictionary": 0.0, "combined": 0.0006849259615088216}, "Q723030": {"object": 0.007062604846025177, "dictionary": 0.0, "combined": 0.0006535727049216651}, "Q27979156": {"object": 0.007062604846025177, "dictionary": 0.0, "combined": 0.0006535727049216651}, "Q47233167": {"object": 0.009784640609876369, "dictionary": 0.0, "combined": 0.0009054696063991676}, "Q29650304": {"object": 0.009784640609876369, "dictionary": 0.0, "combined": 0.0009054696063991676}, "Q1601331": {"object": 0.009784640609876369, "dictionary": 0.0, "combined": 0.0009054696063991676}, "Q81526237": {"object": 0.009784640609876369, "dictionary": 0.0, "combined": 0.0009054696063991676}, "Q28009496": {"object": 0.009784640609876369, "dictionary": 0.0, "combined": 0.0009054696063991676}, "Q34747804": {"object": 0.009784640609876369, "dictionary": 0.0, "combined": 0.0009054696063991676}, "Q28049770": {"object": 0.009784640609876369, "dictionary": 0.0, "combined": 0.0009054696063991676}, "Q28755606": {"object": 0.009784640609876369, "dictionary": 0.0, "combined": 0.0009054696063991676}, "Q81526528": {"object": 0.009784640609876369, "dictionary": 0.0, "combined": 0.0009054696063991676}, "Q81526664": {"object": 0.009784640609876369, "dictionary": 0.0, "combined": 0.0009054696063991676}, "Q28758112": {"object": 0.009784640609876369, "dictionary": 0.0, "combined": 0.0009054696063991676}, "Q32097899": {"object": 0.009784640609876369, "dictionary": 0.0, "combined": 0.0009054696063991676}, "Q66439259": {"object": 0.009784640609876369, "dictionary": 0.0, "combined": 0.0009054696063991676}, "Q28207108": {"object": 0.009784640609876369, "dictionary": 0.0, "combined": 0.0009054696063991676}, "Q32097740": {"object": 0.009784640609876369, "dictionary": 0.0, "combined": 0.0009054696063991676}, "Q6912474": {"object": 0.009784640609876369, "dictionary": 0.0, "combined": 0.0009054696063991676}, "Q1676669": {"object": 0.009752863128909176, "dictionary": 0.0, "combined": 0.0009025289216738975}, "Q1343830": {"object": 0.011614298467747171, "dictionary": 0.0, "combined": 0.0010747859509094798}, "Q47512572": {"object": 0.019302199942016478, "dictionary": 0.021522843833870795, "combined": 0.02131734568315891}, "Q28758102": {"object": 0.016820852954935184, "dictionary": 0.0, "combined": 0.0015565999520748754}, "Q194831": {"object": 0.013924044338887526, "dictionary": 0.0, "combined": 0.00128852958935365}, "Q27473691": {"object": 0.022314010386466136, "dictionary": 0.0, "combined": 0.0020649361593747606}, "Q47455968": {"object": 0.022108026679586504, "dictionary": 0.0, "combined": 0.0020458744489421183}, "Q28206310": {"object": 0.022314010386466136, "dictionary": 0.0, "combined": 0.0020649361593747606}, "Q3928271": {"object": 0.019603958373658883, "dictionary": 0.0, "combined": 0.001814148232950465}, "Q1882400": {"object": 0.01302328542969189, "dictionary": 0.0, "combined": 0.0012051734552359944}, "Q27979410": {"object": 0.01302328542969189, "dictionary": 0.0, "combined": 0.0012051734552359944}, "Q28055391": {"object": 0.01290022722770905, "dictionary": 0.0, "combined": 0.0011937856622493903}, "Q1141412": {"object": 0.010391383236614805, "dictionary": 0.009630379165724076, "combined": 0.009700802401897113}, "Q66134804": {"object": 0.010113116754305295, "dictionary": 0.0, "combined": 0.0009358667540376166}, "Q48106551": {"object": 0.01882151974359286, "dictionary": 0.0, "combined": 0.001741741444940053}, "Q27967388": {"object": 0.014884495799865546, "dictionary": 0.0, "combined": 0.0013774096658951903}, "Q751800": {"object": 0.022957348521107167, "dictionary": 0.0, "combined": 0.0021244706022614016}, "Q28756196": {"object": 0.02197343110739226, "dictionary": 0.0, "combined": 0.0020334189889373044}, "Q29904449": {"object": 0.034180431353203616, "dictionary": 0.0, "combined": 0.003163053499655323}, "Q66662117": {"object": 0.06657885406088766, "dictionary": 0.0, "combined": 0.006161200107867967}, "Q50308790": {"object": 0.06657885406088766, "dictionary": 0.0, "combined": 0.006161200107867967}, "Q28207374": {"object": 0.30980403458331995, "dictionary": 0.9688467770004051, "combined": 0.9078590313723962}, "type": "co-oc"}