{"name": "Q2304584", "Q99184084": {"object": 0.0021405114959023525, "dictionary": 0.001610780028359853, "combined": 0.001751795557360204}, "Q4045294": {"object": 0.003581899909524294, "dictionary": 0.002167119905408637, "combined": 0.0025437370462121217}, "Q1076355": {"object": 0.003519209052604156, "dictionary": 0.004234308210773612, "combined": 0.004043947448282401}, "Q28858032": {"object": 0.0029619949150188596, "dictionary": 0.0, "combined": 0.0007884887068828581}, "Q3807693": {"object": 0.0019878399898609444, "dictionary": 0.0021202117498613357, "combined": 0.00208497413438087}, "Q95994246": {"object": 0.0019881359461886186, "dictionary": 0.0021254349664291644, "combined": 0.002088885704856555}, "Q58006953": {"object": 0.0019881359461886186, "dictionary": 0.0021254349664291644, "combined": 0.002088885704856555}, "Q723030": {"object": 0.001897126786142058, "dictionary": 0.002083680371932609, "combined": 0.002034019450882909}, "Q27979156": {"object": 0.001897126786142058, "dictionary": 0.0020845334139026695, "combined": 0.002034645411450338}, "Q47233167": {"object": 0.0026283084213917026, "dictionary": 0.0, "combined": 0.0006996607245894865}, "Q29650304": {"object": 0.0026283084213917026, "dictionary": 0.0, "combined": 0.0006996607245894865}, "Q1601331": {"object": 0.0026283084213917026, "dictionary": 0.0, "combined": 0.0006996607245894865}, "Q81526237": {"object": 0.0026283084213917026, "dictionary": 0.0, "combined": 0.0006996607245894865}, "Q28009496": {"object": 0.0026283084213917026, "dictionary": 0.0, "combined": 0.0006996607245894865}, "Q34747804": {"object": 0.0026283084213917026, "dictionary": 0.0, "combined": 0.0006996607245894865}, "Q28049770": {"object": 0.0026283084213917026, "dictionary": 0.0, "combined": 0.0006996607245894865}, "Q28755606": {"object": 0.0026283084213917026, "dictionary": 0.0, "combined": 0.0006996607245894865}, "Q81526528": {"object": 0.0026283084213917026, "dictionary": 0.0, "combined": 0.0006996607245894865}, "Q81526664": {"object": 0.0026283084213917026, "dictionary": 0.0, "combined": 0.0006996607245894865}, "Q28758112": {"object": 0.0026283084213917026, "dictionary": 0.0, "combined": 0.0006996607245894865}, "Q32097899": {"object": 0.0026283084213917026, "dictionary": 0.0, "combined": 0.0006996607245894865}, "Q66439259": {"object": 0.0026283084213917026, "dictionary": 0.0, "combined": 0.0006996607245894865}, "Q28207108": {"object": 0.0026283084213917026, "dictionary": 0.0, "combined": 0.0006996607245894865}, "Q32097740": {"object": 0.0026283084213917026, "dictionary": 0.0, "combined": 0.0006996607245894865}, "Q6912474": {"object": 0.0026283084213917026, "dictionary": 0.0, "combined": 0.0006996607245894865}, "Q16996920": {"object": 0.002213250335580876, "dictionary": 0.0, "combined": 0.0005891714689520678}, "Q66811836": {"object": 0.002213250335580876, "dictionary": 0.0, "combined": 0.0005891714689520678}, "Q28600763": {"object": 0.002213250335580876, "dictionary": 0.0, "combined": 0.0005891714689520678}, "Q1662484": {"object": 0.002213250335580876, "dictionary": 0.0, "combined": 0.0005891714689520678}, "Q684554": {"object": 0.002213250335580876, "dictionary": 0.0, "combined": 0.0005891714689520678}, "Q28206109": {"object": 0.0024662875311494427, "dictionary": 0.0035270593238170447, "combined": 0.003244679845426554}, "Q28445577": {"object": 0.005750944760779249, "dictionary": 0.0, "combined": 0.0015309124856322397}, "Q1343830": {"object": 0.006239566620469331, "dictionary": 0.0, "combined": 0.0016609845584599804}, "Q47512572": {"object": 0.005184874609270841, "dictionary": 0.0, "combined": 0.0013802235295153093}, "Q1882400": {"object": 0.006996518755016297, "dictionary": 0.0, "combined": 0.0018624866632457869}, "Q27979410": {"object": 0.006996518755016297, "dictionary": 0.0, "combined": 0.0018624866632457869}, "Q28055391": {"object": 0.0069304080164642136, "dictionary": 0.0, "combined": 0.0018448878583026424}, "Q1141412": {"object": 0.0027912890375488557, "dictionary": 0.0034471635261279147, "combined": 0.003272568483862662}, "Q29944987": {"object": 0.00492791967007179, "dictionary": 0.0, "combined": 0.001311821633648134}, "Q29944777": {"object": 0.00492791967007179, "dictionary": 0.0, "combined": 0.001311821633648134}, "Q29944782": {"object": 0.00492791967007179, "dictionary": 0.0, "combined": 0.001311821633648134}, "Q29944783": {"object": 0.00492791967007179, "dictionary": 0.0, "combined": 0.001311821633648134}, "Q29944780": {"object": 0.00492791967007179, "dictionary": 0.0, "combined": 0.001311821633648134}, "Q29944776": {"object": 0.00492791967007179, "dictionary": 0.0, "combined": 0.001311821633648134}, "Q29944786": {"object": 0.00492791967007179, "dictionary": 0.0, "combined": 0.001311821633648134}, "Q29944773": {"object": 0.00492791967007179, "dictionary": 0.0, "combined": 0.001311821633648134}, "Q29944785": {"object": 0.00492791967007179, "dictionary": 0.0, "combined": 0.001311821633648134}, "Q29944758": {"object": 0.00492791967007179, "dictionary": 0.0, "combined": 0.001311821633648134}, "Q29944779": {"object": 0.00492791967007179, "dictionary": 0.0, "combined": 0.001311821633648134}, "Q166074": {"object": 0.003426230018204335, "dictionary": 0.002337139656893962, "combined": 0.002627057592375198}, "Q27596243": {"object": 0.0030402429611313606, "dictionary": 0.004367481287085798, "combined": 0.00401416790830488}, "Q217570": {"object": 0.005070219143611022, "dictionary": 0.0, "combined": 0.00134970202544494}, "Q28205846": {"object": 0.008237200454191079, "dictionary": 0.012722697210381962, "combined": 0.011528649401898886}, "Q479833": {"object": 0.003584824750027891, "dictionary": 0.0, "combined": 0.0009542871992179498}, "Q1072083": {"object": 0.012958769576624212, "dictionary": 0.0, "combined": 0.0034496492260859563}, "Q28858035": {"object": 0.003596596173407025, "dictionary": 0.0, "combined": 0.0009574207746171921}, "Q61641368": {"object": 0.003596596173407025, "dictionary": 0.0, "combined": 0.0009574207746171921}, "Q51801746": {"object": 0.003596596173407025, "dictionary": 0.0, "combined": 0.0009574207746171921}, "Q85621726": {"object": 0.003596596173407025, "dictionary": 0.0, "combined": 0.0009574207746171921}, "Q28858042": {"object": 0.003596596173407025, "dictionary": 0.0, "combined": 0.0009574207746171921}, "Q48915661": {"object": 0.003596596173407025, "dictionary": 0.0, "combined": 0.0009574207746171921}, "Q48782098": {"object": 0.003596596173407025, "dictionary": 0.0, "combined": 0.0009574207746171921}, "Q61639409": {"object": 0.003596596173407025, "dictionary": 0.0, "combined": 0.0009574207746171921}, "Q85621806": {"object": 0.003596596173407025, "dictionary": 0.0, "combined": 0.0009574207746171921}, "Q28858037": {"object": 0.003596596173407025, "dictionary": 0.0, "combined": 0.0009574207746171921}, "Q28858038": {"object": 0.003596596173407025, "dictionary": 0.0, "combined": 0.0009574207746171921}, "Q28858039": {"object": 0.003596596173407025, "dictionary": 0.0, "combined": 0.0009574207746171921}, "Q28858044": {"object": 0.003596596173407025, "dictionary": 0.0, "combined": 0.0009574207746171921}, "Q48782394": {"object": 0.003596596173407025, "dictionary": 0.0, "combined": 0.0009574207746171921}, "Q60628185": {"object": 0.003596596173407025, "dictionary": 0.0, "combined": 0.0009574207746171921}, "Q62664770": {"object": 0.0034935652554246802, "dictionary": 0.0, "combined": 0.0009299937473535968}, "Q48782202": {"object": 0.003596596173407025, "dictionary": 0.0, "combined": 0.0009574207746171921}, "Q66439286": {"object": 0.003596596173407025, "dictionary": 0.0, "combined": 0.0009574207746171921}, "Q63061396": {"object": 0.003596596173407025, "dictionary": 0.0, "combined": 0.0009574207746171921}, "Q28858041": {"object": 0.003596596173407025, "dictionary": 0.0, "combined": 0.0009574207746171921}, "Q686498": {"object": 0.003596596173407025, "dictionary": 0.0, "combined": 0.0009574207746171921}, "Q48782238": {"object": 0.003596596173407025, "dictionary": 0.0, "combined": 0.0009574207746171921},