{"name": "Q261907", "Q99184084": {"object": 0.006208499130576063, "dictionary": 0.0, "combined": 0.0024526263806632638}, "Q4045294": {"object": 0.004452518378366917, "dictionary": 0.008825639769476644, "combined": 0.007098067184847254}, "Q1144005": {"object": 0.006256919037028339, "dictionary": 0.024405026326801128, "combined": 0.017235736976530375}, "Q1076355": {"object": 0.004374589848915193, "dictionary": 0.008622153035454314, "combined": 0.006944181386310601}, "Q3807693": {"object": 0.004942010838758491, "dictionary": 0.012951908031890457, "combined": 0.009787651301060673}, "Q95994246": {"object": 0.004942746622013996, "dictionary": 0.012983815515009343, "combined": 0.009807244611010308}, "Q58006953": {"object": 0.004942746622013996, "dictionary": 0.012983815515009343, "combined": 0.009807244611010308}, "Q723030": {"object": 0.004716486833665603, "dictionary": 0.012728745865544549, "combined": 0.009563556105991414}, "Q27979156": {"object": 0.004716486833665603, "dictionary": 0.012733956911631946, "combined": 0.009566708562903554}, "Q26549229": {"object": 0.0019030544748106534, "dictionary": 0.0, "combined": 0.0007517890412149905}, "Q47233167": {"object": 0.005445244072447804, "dictionary": 0.0023764560437827755, "combined": 0.003588760389401502}, "Q29650304": {"object": 0.005445244072447804, "dictionary": 0.0023764560437827755, "combined": 0.003588760389401502}, "Q1601331": {"object": 0.005445244072447804, "dictionary": 0.0023764560437827755, "combined": 0.003588760389401502}, "Q81526237": {"object": 0.005445244072447804, "dictionary": 0.0023764560437827755, "combined": 0.003588760389401502}, "Q28009496": {"object": 0.005445244072447804, "dictionary": 0.0023764560437827755, "combined": 0.003588760389401502}, "Q34747804": {"object": 0.005445244072447804, "dictionary": 0.0023764560437827755, "combined": 0.003588760389401502}, "Q28049770": {"object": 0.005445244072447804, "dictionary": 0.0023764560437827755, "combined": 0.003588760389401502}, "Q28755606": {"object": 0.005445244072447804, "dictionary": 0.0023764560437827755, "combined": 0.003588760389401502}, "Q81526528": {"object": 0.005445244072447804, "dictionary": 0.0023764560437827755, "combined": 0.003588760389401502}, "Q81526664": {"object": 0.005445244072447804, "dictionary": 0.0023764560437827755, "combined": 0.003588760389401502}, "Q28758112": {"object": 0.005445244072447804, "dictionary": 0.0023764560437827755, "combined": 0.003588760389401502}, "Q32097899": {"object": 0.005445244072447804, "dictionary": 0.0023764560437827755, "combined": 0.003588760389401502}, "Q66439259": {"object": 0.005445244072447804, "dictionary": 0.0023764560437827755, "combined": 0.003588760389401502}, "Q28207108": {"object": 0.005445244072447804, "dictionary": 0.0023764560437827755, "combined": 0.003588760389401502}, "Q32097740": {"object": 0.005445244072447804, "dictionary": 0.0023764560437827755, "combined": 0.003588760389401502}, "Q6912474": {"object": 0.005445244072447804, "dictionary": 0.0023764560437827755, "combined": 0.003588760389401502}, "Q16996920": {"object": 0.0064194762842927034, "dictionary": 0.0, "combined": 0.002535971505151454}, "Q66811836": {"object": 0.0064194762842927034, "dictionary": 0.0, "combined": 0.002535971505151454}, "Q28600763": {"object": 0.0064194762842927034, "dictionary": 0.0, "combined": 0.002535971505151454}, "Q1662484": {"object": 0.0064194762842927034, "dictionary": 0.0, "combined": 0.002535971505151454}, "Q684554": {"object": 0.0064194762842927034, "dictionary": 0.0, "combined": 0.002535971505151454}, "Q28206109": {"object": 0.006131489341497795, "dictionary": 0.0035910051584932315, "combined": 0.004594606575816227}, "Q1676669": {"object": 0.007598583449644128, "dictionary": 0.002634776909263535, "combined": 0.004595695742204833}, "Q28445577": {"object": 0.009531696543597071, "dictionary": 0.019611311647931468, "combined": 0.015629426591352788}, "Q1343830": {"object": 0.006463465793859032, "dictionary": 0.0, "combined": 0.0025533492689822435}, "Q47512572": {"object": 0.008593483931407929, "dictionary": 0.0, "combined": 0.0033947987989846624}, "Q28758102": {"object": 0.007488769674702176, "dictionary": 0.0, "combined": 0.0029583887629829443}, "Q194831": {"object": 0.006199088790183839, "dictionary": 0.0, "combined": 0.00244890888814026}, "Q1882400": {"object": 0.007247580224688667, "dictionary": 0.0, "combined": 0.0028631084713376578}, "Q27979410": {"object": 0.007247580224688667, "dictionary": 0.0, "combined": 0.0028631084713376578}, "Q28055391": {"object": 0.007179097183601108, "dictionary": 0.0, "combined": 0.0028360547004234933}, "Q1141412": {"object": 0.004626321618116146, "dictionary": 0.014038643377394093, "combined": 0.010320368128484768}, "Q28205580": {"object": 0.006790085698583361, "dictionary": 0.020818633650263593, "combined": 0.015276748878267467}, "Q28206771": {"object": 0.0066346100129001375, "dictionary": 0.019784987519201092, "combined": 0.014590018153933255}, "Q28205626": {"object": 0.006790085698583361, "dictionary": 0.020799841004177373, "combined": 0.015265380142305761}, "Q729366": {"object": 0.006790085698583361, "dictionary": 0.020818633650263593, "combined": 0.015276748878267467}, "Q29904539": {"object": 0.0016955770686551195, "dictionary": 0.0, "combined": 0.0006698264687757747}, "Q28755628": {"object": 0.0016955770686551195, "dictionary": 0.0, "combined": 0.0006698264687757747}, "Q58103465": {"object": 0.0016955770686551195, "dictionary": 0.0, "combined": 0.0006698264687757747}, "Q66134804": {"object": 0.0011256088241967486, "dictionary": 0.0, "combined": 0.00044466429622841045}, "Q178051": {"object": 0.004437730919343399, "dictionary": 0.056987618091168986, "combined": 0.03622813389574492}, "Q27229642": {"object": 0.004511641884756567, "dictionary": 0.06891475381515966, "combined": 0.043472731839284816}, "Q27526733": {"object": 0.008586964660828863, "dictionary": 0.0042390657054177504, "combined": 0.005956674334205634}, "Q673906": {"object": 0.004157179230056299, "dictionary": 0.0, "combined": 0.0016422660669415969}, "Q1888930": {"object": 0.0029993392607496347, "dictionary": 0.0, "combined": 0.001184869070729989}, "Q28786544": {"object": 0.0029993392607496347, "dictionary": 0.0, "combined": 0.001184869070729989}, "Q8811": {"object": 0.0029993392607496347, "dictionary": 0.0, "combined": 0.001184869070729989}, "Q2053": {"object": 0.0029993392607496347, "dictionary": 0.0, "combined": 0.001184869070729989}, "Q29151645": {"object": 0.004157179230056299, "dictionary": 0.0, "combined": 0.0016422660669415969}, "Q17073241": {"object": 0.004157179230056299, "dictionary": 0.0, "combined": 0.0016422660669415969}, "Q288405": {"object": 0.004157179230056299, "dictionary": 0.0, "combined": 0.0016422660669415969}, "Q166074": {"object": 0.00283934085446351, "dictionary": 0.0, "combined": 0.0011216627621088236}, "Q62626012": {"object": 0.0029993392607496347, "dictionary": 0.0, "combined": 0.001184869070729989}, "Q939636": {"object": 0.0022456064809779487, "dictionary": 0.0, "combined": 0.0008871119380061637}, "Q27596243": {"object": 0.005038941344375655, "dictionary": 0.0, "combined": 0.0019906003386496135}, "Q48106551": {"object": 0.008379481508175968, "dictionary": 0.0, "combined": 0.003310258561850753}, "Q5924007": {"object": 0.007734947064905322, "dictionary": 0.0, "combined": 0.003055639507299155}, "Q2193155": {"object": 0.002882853065756812, "dictionary": 0.0, "combined": 0.0011388519724243036}, "Q26211936": {"object": 0.0045991988253740335, "dictionary": 0.0, "combined": 0.0018168829747393731}, "Q26211977": {"object": 0.0045991988253740335, "dictionary": 0.0, "combined": 0.0018168829747393731}, "Q26211940": {"object": 0.0045991988253740335, "dictionary": 0.0, "combined": 0.0018168829747393731}, "Q26211915": {"object": 0.0045991988253740335, "dictionary": 0.0, "combined": 0.0018168829747393731}, "Q10394822": {"object": 0.0045991988253740335, "dictionary": 0.0, "combined": 0.0018168829747393731}, "Q26211975": {"object": 0.0045991988253740335,