{"name": "Q27203722", "Q99184084": {"object": 0.0033340845626435877, "dictionary": 0.0015002350529517861, "combined": 0.0019239602809654512}, "Q3807693": {"object": 0.0030962817232649455, "dictionary": 0.003949410758539175, "combined": 0.0037522886429641605}, "Q95994246": {"object": 0.0030967427081394503, "dictionary": 0.003959140271503393, "combined": 0.003759876590245148}, "Q58006953": {"object": 0.0030967427081394503, "dictionary": 0.003959140271503393, "combined": 0.003759876590245148}, "Q723030": {"object": 0.002954985826127246, "dictionary": 0.0038813621699840877, "combined": 0.003667315692640822}, "Q27979156": {"object": 0.002954985826127246, "dictionary": 0.0038829511684104305, "combined": 0.003668537540591099}, "Q26549229": {"object": 0.0035769201936113448, "dictionary": 0.0, "combined": 0.0008264753005165446}, "Q47233167": {"object": 0.0040938824904250696, "dictionary": 0.0, "combined": 0.0009459234700278353}, "Q29650304": {"object": 0.0040938824904250696, "dictionary": 0.0, "combined": 0.0009459234700278353}, "Q1601331": {"object": 0.0040938824904250696, "dictionary": 0.0, "combined": 0.0009459234700278353}, "Q81526237": {"object": 0.0040938824904250696, "dictionary": 0.0, "combined": 0.0009459234700278353}, "Q28009496": {"object": 0.0040938824904250696, "dictionary": 0.0, "combined": 0.0009459234700278353}, "Q34747804": {"object": 0.0040938824904250696, "dictionary": 0.0, "combined": 0.0009459234700278353}, "Q28049770": {"object": 0.0040938824904250696, "dictionary": 0.0, "combined": 0.0009459234700278353}, "Q28755606": {"object": 0.0040938824904250696, "dictionary": 0.0, "combined": 0.0009459234700278353}, "Q81526528": {"object": 0.0040938824904250696, "dictionary": 0.0, "combined": 0.0009459234700278353}, "Q81526664": {"object": 0.0040938824904250696, "dictionary": 0.0, "combined": 0.0009459234700278353}, "Q28758112": {"object": 0.0040938824904250696, "dictionary": 0.0, "combined": 0.0009459234700278353}, "Q32097899": {"object": 0.0040938824904250696, "dictionary": 0.0, "combined": 0.0009459234700278353}, "Q66439259": {"object": 0.0040938824904250696, "dictionary": 0.0, "combined": 0.0009459234700278353}, "Q28207108": {"object": 0.0040938824904250696, "dictionary": 0.0, "combined": 0.0009459234700278353}, "Q32097740": {"object": 0.0040938824904250696, "dictionary": 0.0, "combined": 0.0009459234700278353}, "Q6912474": {"object": 0.0040938824904250696, "dictionary": 0.0, "combined": 0.0009459234700278353}, "Q28206109": {"object": 0.003841516946013562, "dictionary": 0.0, "combined": 0.0008876124432595972}, "Q1676669": {"object": 0.004080586828570092, "dictionary": 0.0, "combined": 0.0009428514036879751}, "Q28445577": {"object": 0.008957735655349556, "dictionary": 0.008970082827259715, "combined": 0.008967229916917124}, "Q5448342": {"object": 0.006826921809060431, "dictionary": 0.0, "combined": 0.0015774135145155666}, "Q29904540": {"object": 0.006826921809060431, "dictionary": 0.0, "combined": 0.0015774135145155666}, "Q5421818": {"object": 0.006826921809060431, "dictionary": 0.0, "combined": 0.0015774135145155666}, "Q50223812": {"object": 0.006826921809060431, "dictionary": 0.0, "combined": 0.0015774135145155666}, "Q5153426": {"object": 0.006826921809060431, "dictionary": 0.0, "combined": 0.0015774135145155666}, "Q28205580": {"object": 0.004254142480433715, "dictionary": 0.0, "combined": 0.000982952790290485}, "Q28206771": {"object": 0.004156733441947271, "dictionary": 0.0, "combined": 0.0009604456724353251}, "Q28205626": {"object": 0.004254142480433715, "dictionary": 0.0, "combined": 0.000982952790290485}, "Q729366": {"object": 0.004254142480433715, "dictionary": 0.0, "combined": 0.000982952790290485}, "Q66134804": {"object": 0.004231316535252692, "dictionary": 0.006851344191821251, "combined": 0.006245966373022915}, "Q178051": {"object": 0.008341016796585492, "dictionary": 0.0, "combined": 0.0019272569670086912}, "Q26211936": {"object": 0.005763004464896981, "dictionary": 0.0021250940105334393, "combined": 0.0029656615863469793}, "Q26211977": {"object": 0.005763004464896981, "dictionary": 0.0021250940105334393, "combined": 0.0029656615863469793}, "Q26211940": {"object": 0.005763004464896981, "dictionary": 0.0021250940105334393, "combined": 0.0029656615863469793}, "Q26211915": {"object": 0.005763004464896981, "dictionary": 0.0021250940105334393, "combined": 0.0029656615863469793}, "Q10394822": {"object": 0.005763004464896981, "dictionary": 0.0021250940105334393, "combined": 0.0029656615863469793}, "Q26211975": {"object": 0.005763004464896981, "dictionary": 0.0021250940105334393, "combined": 0.0029656615863469793}, "Q26211905": {"object": 0.005763004464896981, "dictionary": 0.0021250940105334393, "combined": 0.0029656615863469793}, "Q5532250": {"object": 0.005763004464896981, "dictionary": 0.0021250940105334393, "combined": 0.0029656615863469793}, "Q26211927": {"object": 0.005763004464896981, "dictionary": 0.0021250940105334393, "combined": 0.0029656615863469793}, "Q26211957": {"object": 0.005763004464896981, "dictionary": 0.0021250940105334393, "combined": 0.0029656615863469793}, "Q26211948": {"object": 0.005763004464896981, "dictionary": 0.0021250940105334393, "combined": 0.0029656615863469793}, "Q26211958": {"object": 0.005763004464896981, "dictionary": 0.0021250940105334393, "combined": 0.0029656615863469793}, "Q26211874": {"object": 0.005763004464896981, "dictionary": 0.0021250940105334393, "combined": 0.0029656615863469793}, "Q26211954": {"object": 0.005763004464896981, "dictionary": 0.0021250940105334393, "combined": 0.0029656615863469793}, "Q26211891": {"object": 0.005763004464896981, "dictionary": 0.0021250940105334393, "combined": 0.0029656615863469793}, "Q26211983": {"object": 0.005763004464896981, "dictionary": 0.0021250940105334393, "combined": 0.0029656615863469793}, "Q26211840": {"object": 0.005763004464896981, "dictionary": 0.0021250940105334393, "combined": 0.0029656615863469793}, "Q26211965": {"object": 0.005763004464896981, "dictionary": 0.0021250940105334393, "combined": 0.0029656615863469793}, "Q26211978": {"object": 0.005763004464896981, "dictionary": 0.0021250940105334393, "combined": 0.0029656615863469793}, "Q26211931": {"object": 0.005763004464896981, "dictionary": 0.0021250940105334393, "combined": 0.0029656615863469793}, "Q34746472": {"object": 0.0057819183793426, "dictionary": 0.00905723836395408, "combined": 0.00830045014334897}, "Q27826464": {"object": 0.005871097666935245, "dictionary": 0.00907032342751492, "combined": 0.008331117370690424}, "Q27826469": {"object": 0.005871097666935245, "dictionary": 0.00907032342751492, "combined": 0.008331117370690424}, "Q27826466": {"object": 0.005871097666935245, "dictionary": 0.00907032342751492, "combined": 0.008331117370690424}, "Q27826468": {"object": 0.005871097666935245, "dictionary": 0.00907032342751492, "combined": 0.008331117370690424}, "Q935809": {"object": 0.016972512718847508, "dictionary": 0.021565015063409146, "combined": 0.02050388158826935}, "Q10852293": {"object": 0.019360302940855667, "dictionary": 0.0, "combined": 0.0044733489496672895}, "Q47483338": {"object": 0.03731728055088655, "dictionary": 0.05479226657461936, "combined": 0.05075453479875177}, "Q47483371": {"object": 0.05118532570369498, "dictionary": 0.06427853638483227, "combined": 0.0612532479672302}, "Q47483863": {"object": 0.05118532570369498, "dictionary": 0.06427853638483227, "combined": 0.0612532479672302}, "Q47483398": {"object": 0.05118532570369498, "dictionary": 0.06427853638483227, "combined": 0.0612532479672302}, "Q47483645": {"object": 0.05118532570369498, "dictionary": 0.06427853638483227, "combined": 0.0612532479672302}, "Q47483489": {"object": 0.05118532570369498, "dictionary": 0.06427853638483227, "combined": 0.0612532479672302}, "Q47483382": {"object": 0.05118532570369498, "dictionary": 0.06427853638483227, "combined": 0.0612532479672302}, "Q29167476": {"object": 0.1021975817123469, "dictionary": 0.13772580701877402, "combined": 0.1295167335428285},