{"name": "Q27350220", "Q4045294": {"object": 0.002128194417306673, "dictionary": 0.0, "combined": 0.0006287186939045599}, "Q1144005": {"object": 0.017943921663084804, "dictionary": 0.02249065646062472, "combined": 0.02114744404535232}, "Q1076355": {"object": 0.0010454732471966179, "dictionary": 0.0, "combined": 0.00030885739063326304}, "Q28858032": {"object": 0.0017598763788659508, "dictionary": 0.0, "combined": 0.0005199088811417763}, "Q3807693": {"object": 0.008267559264764614, "dictionary": 0.00795729289953569, "combined": 0.008048952882440875}, "Q95994246": {"object": 0.00826879016689522, "dictionary": 0.007976895971781016, "combined": 0.008063128383452677}, "Q58006953": {"object": 0.00826879016689522, "dictionary": 0.007976895971781016, "combined": 0.008063128383452677}, "Q723030": {"object": 0.007890276992716638, "dictionary": 0.007820188256935005, "combined": 0.007840894118232118}, "Q27979156": {"object": 0.007890276992716638, "dictionary": 0.007823389779052696, "combined": 0.007843149835404559}, "Q26549229": {"object": 0.0013644199411282352, "dictionary": 0.0, "combined": 0.00040308174683077665}, "Q47233167": {"object": 0.0015616157488076785, "dictionary": 0.0012514531288709658, "combined": 0.0013430824629763589}, "Q29650304": {"object": 0.0015616157488076785, "dictionary": 0.0012514531288709658, "combined": 0.0013430824629763589}, "Q1601331": {"object": 0.0015616157488076785, "dictionary": 0.0012514531288709658, "combined": 0.0013430824629763589}, "Q81526237": {"object": 0.0015616157488076785, "dictionary": 0.0012514531288709658, "combined": 0.0013430824629763589}, "Q28009496": {"object": 0.0015616157488076785, "dictionary": 0.0012514531288709658, "combined": 0.0013430824629763589}, "Q34747804": {"object": 0.0015616157488076785, "dictionary": 0.0012514531288709658, "combined": 0.0013430824629763589}, "Q28049770": {"object": 0.0015616157488076785, "dictionary": 0.0012514531288709658, "combined": 0.0013430824629763589}, "Q28755606": {"object": 0.0015616157488076785, "dictionary": 0.0012514531288709658, "combined": 0.0013430824629763589}, "Q81526528": {"object": 0.0015616157488076785, "dictionary": 0.0012514531288709658, "combined": 0.0013430824629763589}, "Q81526664": {"object": 0.0015616157488076785, "dictionary": 0.0012514531288709658, "combined": 0.0013430824629763589}, "Q28758112": {"object": 0.0015616157488076785, "dictionary": 0.0012514531288709658, "combined": 0.0013430824629763589}, "Q32097899": {"object": 0.0015616157488076785, "dictionary": 0.0012514531288709658, "combined": 0.0013430824629763589}, "Q66439259": {"object": 0.0015616157488076785, "dictionary": 0.0012514531288709658, "combined": 0.0013430824629763589}, "Q28207108": {"object": 0.0015616157488076785, "dictionary": 0.0012514531288709658, "combined": 0.0013430824629763589}, "Q32097740": {"object": 0.0015616157488076785, "dictionary": 0.0012514531288709658, "combined": 0.0013430824629763589}, "Q6912474": {"object": 0.0015616157488076785, "dictionary": 0.0012514531288709658, "combined": 0.0013430824629763589}, "Q28206109": {"object": 0.0014653506484949151, "dictionary": 0.0, "combined": 0.0004328990520517677}, "Q1676669": {"object": 0.0015565441047162526, "dictionary": 0.0, "combined": 0.0004598397442281348}, "Q29650301": {"object": 0.00341782483172987, "dictionary": 0.0, "combined": 0.0010097058552193951}, "Q28758103": {"object": 0.00341782483172987, "dictionary": 0.0, "combined": 0.0010097058552193951}, "Q29209269": {"object": 0.00341782483172987, "dictionary": 0.0, "combined": 0.0010097058552193951}, "Q34312361": {"object": 0.023330135353963, "dictionary": 0.0219365240042979, "combined": 0.02234822957990074}, "Q27923693": {"object": 0.023330135353963, "dictionary": 0.0219365240042979, "combined": 0.02234822957990074}, "Q34312151": {"object": 0.023330135353963, "dictionary": 0.0219365240042979, "combined": 0.02234822957990074}, "Q27925722": {"object": 0.023330135353963, "dictionary": 0.0219365240042979, "combined": 0.02234822957990074}, "Q5448342": {"object": 0.0026041364494075736, "dictionary": 0.0032301976793416417, "combined": 0.003045244464735162}, "Q29904540": {"object": 0.0026041364494075736, "dictionary": 0.0032301976793416417, "combined": 0.003045244464735162}, "Q5421818": {"object": 0.0026041364494075736, "dictionary": 0.0032301976793416417, "combined": 0.003045244464735162}, "Q50223812": {"object": 0.0026041364494075736, "dictionary": 0.0032301976793416417, "combined": 0.003045244464735162}, "Q5153426": {"object": 0.0026041364494075736, "dictionary": 0.0032301976793416417, "combined": 0.003045244464735162}, "Q28206359": {"object": 0.0021643893374939734, "dictionary": 0.0022646977048738047, "combined": 0.002235064253524674}, "Q47538629": {"object": 0.021337660950907965, "dictionary": 0.0328690140072087, "combined": 0.029462381054151263}, "Q27596243": {"object": 0.0018063676430296932, "dictionary": 0.0, "combined": 0.0005336434942228462}, "Q28858035": {"object": 0.0021369262377205628, "dictionary": 0.0, "combined": 0.00063129827905965}, "Q61641368": {"object": 0.0021369262377205628, "dictionary": 0.0, "combined": 0.00063129827905965}, "Q51801746": {"object": 0.0021369262377205628, "dictionary": 0.0, "combined": 0.00063129827905965}, "Q85621726": {"object": 0.0021369262377205628, "dictionary": 0.0, "combined": 0.00063129827905965}, "Q28858042": {"object": 0.0021369262377205628, "dictionary": 0.0, "combined": 0.00063129827905965}, "Q48915661": {"object": 0.0021369262377205628, "dictionary": 0.0, "combined": 0.00063129827905965}, "Q48782098": {"object": 0.0021369262377205628, "dictionary": 0.0, "combined": 0.00063129827905965}, "Q61639409": {"object": 0.0021369262377205628, "dictionary": 0.0, "combined": 0.00063129827905965}, "Q85621806": {"object": 0.0021369262377205628, "dictionary": 0.0, "combined": 0.00063129827905965}, "Q28858037": {"object": 0.0021369262377205628, "dictionary": 0.0, "combined": 0.00063129827905965}, "Q28858038": {"object": 0.0021369262377205628, "dictionary": 0.0, "combined": 0.00063129827905965}, "Q28858039": {"object": 0.0021369262377205628, "dictionary": 0.0, "combined": 0.00063129827905965}, "Q28858044": {"object": 0.0021369262377205628, "dictionary": 0.0, "combined": 0.00063129827905965}, "Q48782394": {"object": 0.0021369262377205628, "dictionary": 0.0, "combined": 0.00063129827905965}, "Q60628185": {"object": 0.0021369262377205628, "dictionary": 0.0, "combined": 0.00063129827905965}, "Q62664770": {"object": 0.002075710170829088, "dictionary": 0.0, "combined": 0.0006132136128707921}, "Q48782202": {"object": 0.0021369262377205628, "dictionary": 0.0, "combined": 0.00063129827905965}, "Q66439286": {"object": 0.0021369262377205628, "dictionary": 0.0, "combined": 0.00063129827905965}, "Q63061396": {"object": 0.0021369262377205628, "dictionary": 0.0, "combined": 0.00063129827905965}, "Q28858041": {"object": 0.0021369262377205628, "dictionary": 0.0, "combined": 0.00063129827905965}, "Q686498": {"object": 0.0021369262377205628, "dictionary": 0.0, "combined": 0.00063129827905965}, "Q48782238": {"object": 0.0021369262377205628, "dictionary": 0.0, "combined": 0.00063129827905965}, "Q62664735": {"object": 0.0021369262377205628, "dictionary": 0.0, "combined": 0.00063129827905965}, "Q63061514": {"object": 0.0021369262377205628, "dictionary": 0.0, "combined": 0.00063129827905965}, "Q60000066": {"object": 0.0021369262377205628, "dictionary": 0.0, "combined": 0.00063129827905965}, "Q34273353": {"object": 0.006020109612927513, "dictionary": 0.007019339414865545, "combined": 0.006724143425779145}, "Q27925718": {"object": 0.006020109612927513, "dictionary": 0.007019339414865545, "combined": 0.006724143425779145}, "Q28600470": {"object": 0.006020109612927513, "dictionary": 0.007019339414865545, "combined": 0.006724143425779145}, "Q59537335": {"object": 0.006020109612927513, "dictionary": 0.007019339414865545, "combined": 0.006724143425779145}, "Q29650343": {"object": 0.00570025766205977, "dictionary": 0.006982943820299116, "combined": 0.0066040081556156685},