{"name": "Q27487398", "Q99184084": {"object": 0.0016815900711221604, "dictionary": 0.0, "combined": 0.0006168888212025597}, "Q4045294": {"object": 0.001406973831988285, "dictionary": 0.0, "combined": 0.0005161462615552331}, "Q28205439": {"object": 0.004503250398982504, "dictionary": 0.011206141485721452, "combined": 0.008747195841264713}, "Q1076355": {"object": 0.0013823488013007944, "dictionary": 0.0, "combined": 0.000507112605604383}, "Q3807693": {"object": 0.0015616510335631632, "dictionary": 0.0028728459908331384, "combined": 0.002391836067280696}, "Q95994246": {"object": 0.0015618835374404162, "dictionary": 0.002879923348449481, "combined": 0.002396402400464317}, "Q58006953": {"object": 0.0015618835374404162, "dictionary": 0.002879923348449481, "combined": 0.002396402400464317}, "Q723030": {"object": 0.0014903865610362095, "dictionary": 0.002823346678970058, "combined": 0.0023343522385393368}, "Q27979156": {"object": 0.0014903865610362095, "dictionary": 0.0028245025343716997, "combined": 0.0023350840701028006}, "Q47233167": {"object": 0.004129608604036827, "dictionary": 0.0, "combined": 0.0015149407858195902}, "Q29650304": {"object": 0.004129608604036827, "dictionary": 0.0, "combined": 0.0015149407858195902}, "Q1601331": {"object": 0.004129608604036827, "dictionary": 0.0, "combined": 0.0015149407858195902}, "Q81526237": {"object": 0.004129608604036827, "dictionary": 0.0, "combined": 0.0015149407858195902}, "Q28009496": {"object": 0.004129608604036827, "dictionary": 0.0, "combined": 0.0015149407858195902}, "Q34747804": {"object": 0.004129608604036827, "dictionary": 0.0, "combined": 0.0015149407858195902}, "Q28049770": {"object": 0.004129608604036827, "dictionary": 0.0, "combined": 0.0015149407858195902}, "Q28755606": {"object": 0.004129608604036827, "dictionary": 0.0, "combined": 0.0015149407858195902}, "Q81526528": {"object": 0.004129608604036827, "dictionary": 0.0, "combined": 0.0015149407858195902}, "Q81526664": {"object": 0.004129608604036827, "dictionary": 0.0, "combined": 0.0015149407858195902}, "Q28758112": {"object": 0.004129608604036827, "dictionary": 0.0, "combined": 0.0015149407858195902}, "Q32097899": {"object": 0.004129608604036827, "dictionary": 0.0, "combined": 0.0015149407858195902}, "Q66439259": {"object": 0.004129608604036827, "dictionary": 0.0, "combined": 0.0015149407858195902}, "Q28207108": {"object": 0.004129608604036827, "dictionary": 0.0, "combined": 0.0015149407858195902}, "Q32097740": {"object": 0.004129608604036827, "dictionary": 0.0, "combined": 0.0015149407858195902}, "Q6912474": {"object": 0.004129608604036827, "dictionary": 0.0, "combined": 0.0015149407858195902}, "Q1676669": {"object": 0.0020580984574172186, "dictionary": 0.0, "combined": 0.0007550103637729449}, "Q28445577": {"object": 0.00451795359558282, "dictionary": 0.006524939557633162, "combined": 0.005788679736906985}, "Q1343830": {"object": 0.002450907948210602, "dictionary": 0.0, "combined": 0.0008991119423288904}, "Q28758102": {"object": 0.003549621384142811, "dictionary": 0.0, "combined": 0.0013021733352160017}, "Q194831": {"object": 0.0029383221927855117, "dictionary": 0.0, "combined": 0.0010779191343649982}, "Q27473691": {"object": 0.0047088152215578405, "dictionary": 0.0, "combined": 0.001727421873601479}, "Q47455968": {"object": 0.004665347498923097, "dictionary": 0.0, "combined": 0.0017114758040825185}, "Q28206310": {"object": 0.0047088152215578405, "dictionary": 0.0, "combined": 0.001727421873601479}, "Q3928271": {"object": 0.004136926352273271, "dictionary": 0.0, "combined": 0.001517625290896636}, "Q34312361": {"object": 0.008813612052098695, "dictionary": 0.0, "combined": 0.003233260497148155}, "Q27923693": {"object": 0.008813612052098695, "dictionary": 0.0, "combined": 0.003233260497148155}, "Q34312151": {"object": 0.008813612052098695, "dictionary": 0.0, "combined": 0.003233260497148155}, "Q27925722": {"object": 0.008813612052098695, "dictionary": 0.0, "combined": 0.003233260497148155}, "Q1882400": {"object": 0.0027482394963488912, "dictionary": 0.0, "combined": 0.0010081875793626896}, "Q27979410": {"object": 0.0027482394963488912, "dictionary": 0.0, "combined": 0.0010081875793626896}, "Q28055391": {"object": 0.0027222711327693086, "dictionary": 0.0, "combined": 0.0009986611237346077}, "Q1141412": {"object": 0.0021928421969047034, "dictionary": 0.0, "combined": 0.000804440904571387}, "Q59961105": {"object": 0.008299903031149776, "dictionary": 0.0, "combined": 0.0030448071054349026}, "Q66134804": {"object": 0.0021341209977632394, "dictionary": 0.0, "combined": 0.0007828991198403408}, "Q27596243": {"object": 0.002388420892400924, "dictionary": 0.0, "combined": 0.0008761886586696765}, "Q51954585": {"object": 0.007014347265819934, "dictionary": 0.008288327053352789, "combined": 0.00782096945957098}, "Q60628025": {"object": 0.007014347265819934, "dictionary": 0.008288327053352789, "combined": 0.00782096945957098}, "Q51954521": {"object": 0.007014347265819934, "dictionary": 0.008288327053352789, "combined": 0.00782096945957098}, "Q61971917": {"object": 0.007014347265819934, "dictionary": 0.008288327053352789, "combined": 0.00782096945957098}, "Q60628005": {"object": 0.007014347265819934, "dictionary": 0.008288327053352789, "combined": 0.00782096945957098}, "Q61971919": {"object": 0.007014347265819934, "dictionary": 0.008288327053352789, "combined": 0.00782096945957098}, "Q44933672": {"object": 0.007014347265819934, "dictionary": 0.008288327053352789, "combined": 0.00782096945957098}, "Q27487130": {"object": 0.007014347265819934, "dictionary": 0.008288327053352789, "combined": 0.00782096945957098}, "Q52834849": {"object": 0.007014347265819934, "dictionary": 0.008288327053352789, "combined": 0.00782096945957098}, "Q59962003": {"object": 0.01606284679729386, "dictionary": 0.0, "combined": 0.005892631501640257}, "Q27966933": {"object": 0.01606284679729386, "dictionary": 0.0, "combined": 0.005892631501640257}, "Q1422885": {"object": 0.01606284679729386, "dictionary": 0.0, "combined": 0.005892631501640257}, "Q61777964": {"object": 0.01606284679729386, "dictionary": 0.0, "combined": 0.005892631501640257}, "Q27826340": {"object": 0.006941765222892155, "dictionary": 0.0, "combined": 0.002546576266686208}, "Q27826389": {"object": 0.006941765222892155, "dictionary": 0.0, "combined": 0.002546576266686208}, "Q29650305": {"object": 0.004954935102209506, "dictionary": 0.0, "combined": 0.0018177105864436056}, "Q51753051": {"object": 0.01611846899074526, "dictionary": 0.020991898953232495, "combined": 0.01920408840629832}, "Q28207085": {"object": 0.01611846899074526, "dictionary": 0.020991898953232495, "combined": 0.01920408840629832}, "Q27486884": {"object": 0.01611846899074526, "dictionary": 0.020991898953232495, "combined": 0.01920408840629832}, "Q51753252": {"object": 0.01710469625326242, "dictionary": 0.02106030808038912, "combined": 0.01960919775387374}, "Q27487109": {"object": 0.01710469625326242, "dictionary": 0.02106030808038912, "combined": 0.01960919775387374}, "Q48814895": {"object": 0.00993222052270745, "dictionary": 0.0, "combined": 0.0036436203539713724}, "Q59999653": {"object": 0.00993222052270745, "dictionary": 0.0, "combined": 0.0036436203539713724}, "Q46118194": {"object": 0.00993222052270745, "dictionary": 0.0, "combined": 0.0036436203539713724}, "Q4746193": {"object": 0.0196632148359059, "dictionary": 0.0, "combined": 0.007213421171712828}, "Q27979154": {"object": 0.020191281551274583, "dictionary": 0.0, "combined": 0.007407141662309393}, "Q79242428": {"object": 0.020191281551274583, "dictionary": 0.0, "combined": 0.007407141662309393}, "Q27349804": {"object": 0.020191281551274583, "dictionary": 0.0, "combined": 0.007407141662309393}, "Q50604441": {"object": 0.020191281551274583, "dictionary": 0.0, "combined": 0.007407141662309393}, "Q59999470": {"object": 0.019755702307966506, "dictionary": 0.022997385548089944, "combined": 0.021808178863860793}, "Q27487343": {"object": 0.020501852505460067, "dictionary": 0.023024976902401743,