{"name": "Q27823998", "Q99184084": {"object": 0.005840389102115249, "dictionary": 0.0, "combined": 0.005840389102115248}, "Q4045294": {"object": 0.004886609867898513, "dictionary": 0.0, "combined": 0.004886609867898513}, "Q1076355": {"object": 0.0048010838153032444, "dictionary": 0.0, "combined": 0.004801083815303244}, "Q3807693": {"object": 0.005423824649275498, "dictionary": 0.0, "combined": 0.005423824649275498}, "Q95994246": {"object": 0.005424632166597483, "dictionary": 0.0, "combined": 0.005424632166597483}, "Q58006953": {"object": 0.005424632166597483, "dictionary": 0.0, "combined": 0.005424632166597483}, "Q723030": {"object": 0.005176313525213814, "dictionary": 0.0, "combined": 0.0051763135252138135}, "Q27979156": {"object": 0.005176313525213814, "dictionary": 0.0, "combined": 0.0051763135252138135}, "Q26549229": {"object": 0.006265769606437202, "dictionary": 0.0, "combined": 0.006265769606437201}, "Q28206109": {"object": 0.006729269544771007, "dictionary": 0.0, "combined": 0.0067292695447710065}, "Q1676669": {"object": 0.00714805350495348, "dictionary": 0.0, "combined": 0.007148053504953479}, "Q283579": {"object": 0.02135189752446719, "dictionary": 0.0, "combined": 0.021351897524467187}, "Q66134804": {"object": 0.00741209004024042, "dictionary": 0.0, "combined": 0.007412090040240419}, "Q29944987": {"object": 0.01344583684426968, "dictionary": 0.0, "combined": 0.013445836844269678}, "Q29944777": {"object": 0.01344583684426968, "dictionary": 0.0, "combined": 0.013445836844269678}, "Q29944782": {"object": 0.01344583684426968, "dictionary": 0.0, "combined": 0.013445836844269678}, "Q29944783": {"object": 0.01344583684426968, "dictionary": 0.0, "combined": 0.013445836844269678}, "Q29944780": {"object": 0.01344583684426968, "dictionary": 0.0, "combined": 0.013445836844269678}, "Q29944776": {"object": 0.01344583684426968, "dictionary": 0.0, "combined": 0.013445836844269678}, "Q29944786": {"object": 0.01344583684426968, "dictionary": 0.0, "combined": 0.013445836844269678}, "Q29944773": {"object": 0.01344583684426968, "dictionary": 0.0, "combined": 0.013445836844269678}, "Q29944785": {"object": 0.01344583684426968, "dictionary": 0.0, "combined": 0.013445836844269678}, "Q29944758": {"object": 0.01344583684426968, "dictionary": 0.0, "combined": 0.013445836844269678}, "Q29944779": {"object": 0.01344583684426968, "dictionary": 0.0, "combined": 0.013445836844269678}, "Q27526733": {"object": 0.009424137685938657, "dictionary": 0.0, "combined": 0.009424137685938656}, "Q1888930": {"object": 0.009875265804605375, "dictionary": 0.0, "combined": 0.009875265804605373}, "Q28786544": {"object": 0.009875265804605375, "dictionary": 0.0, "combined": 0.009875265804605373}, "Q8811": {"object": 0.009875265804605375, "dictionary": 0.0, "combined": 0.009875265804605373}, "Q2053": {"object": 0.009875265804605375, "dictionary": 0.0, "combined": 0.009875265804605373}, "Q166074": {"object": 0.009348474183842267, "dictionary": 0.0, "combined": 0.009348474183842267}, "Q62626012": {"object": 0.009875265804605375, "dictionary": 0.0, "combined": 0.009875265804605373}, "Q28206528": {"object": 0.020995707439278206, "dictionary": 0.0, "combined": 0.020995707439278203}, "Q777561": {"object": 0.021091977973092226, "dictionary": 0.0, "combined": 0.021091977973092223}, "Q26211936": {"object": 0.010095181402819115, "dictionary": 0.0, "combined": 0.010095181402819113}, "Q26211977": {"object": 0.010095181402819115, "dictionary": 0.0, "combined": 0.010095181402819113}, "Q26211940": {"object": 0.010095181402819115, "dictionary": 0.0, "combined": 0.010095181402819113}, "Q26211915": {"object": 0.010095181402819115, "dictionary": 0.0, "combined": 0.010095181402819113}, "Q10394822": {"object": 0.010095181402819115, "dictionary": 0.0, "combined": 0.010095181402819113}, "Q26211975": {"object": 0.010095181402819115, "dictionary": 0.0, "combined": 0.010095181402819113}, "Q26211905": {"object": 0.010095181402819115, "dictionary": 0.0, "combined": 0.010095181402819113}, "Q5532250": {"object": 0.010095181402819115, "dictionary": 0.0, "combined": 0.010095181402819113}, "Q26211927": {"object": 0.010095181402819115, "dictionary": 0.0, "combined": 0.010095181402819113}, "Q26211957": {"object": 0.010095181402819115, "dictionary": 0.0, "combined": 0.010095181402819113}, "Q26211948": {"object": 0.010095181402819115, "dictionary": 0.0, "combined": 0.010095181402819113}, "Q26211958": {"object": 0.010095181402819115, "dictionary": 0.0, "combined": 0.010095181402819113}, "Q26211874": {"object": 0.010095181402819115, "dictionary": 0.0, "combined": 0.010095181402819113}, "Q26211954": {"object": 0.010095181402819115, "dictionary": 0.0, "combined": 0.010095181402819113}, "Q26211891": {"object": 0.010095181402819115, "dictionary": 0.0, "combined": 0.010095181402819113}, "Q26211983": {"object": 0.010095181402819115, "dictionary": 0.0, "combined": 0.010095181402819113}, "Q26211840": {"object": 0.010095181402819115, "dictionary": 0.0, "combined": 0.010095181402819113}, "Q26211965": {"object": 0.010095181402819115, "dictionary": 0.0, "combined": 0.010095181402819113}, "Q26211978": {"object": 0.010095181402819115, "dictionary": 0.0, "combined": 0.010095181402819113}, "Q26211931": {"object": 0.010095181402819115, "dictionary": 0.0, "combined": 0.010095181402819113}, "Q59535034": {"object": 0.04154591076968211, "dictionary": 0.0, "combined": 0.0415459107696821}, "Q34746472": {"object": 0.010128313321860469, "dictionary": 0.0, "combined": 0.010128313321860467}, "Q27826464": {"object": 0.010284530637169805, "dictionary": 0.0, "combined": 0.010284530637169803}, "Q27826469": {"object": 0.010284530637169805, "dictionary": 0.0, "combined": 0.010284530637169803}, "Q27826466": {"object": 0.010284530637169805, "dictionary": 0.0, "combined": 0.010284530637169803}, "Q27826468": {"object": 0.010284530637169805, "dictionary": 0.0, "combined": 0.010284530637169803}, "Q218170": {"object": 0.017771766488654434, "dictionary": 0.0, "combined": 0.01777176648865443}, "Q66134564": {"object": 0.030301173441446297, "dictionary": 0.0, "combined": 0.030301173441446293}, "Q48625328": {"object": 0.030301173441446297, "dictionary": 0.0, "combined": 0.030301173441446293}, "Q28205883": {"object": 0.012800070574372584, "dictionary": 0.0, "combined": 0.012800070574372583}, "Q1047541": {"object": 0.027592599981001963, "dictionary": 0.0, "combined": 0.02759259998100196}, "Q59714459": {"object": 0.030301173441446297, "dictionary": 0.0, "combined": 0.030301173441446293}, "Q28771302": {"object": 0.03841613881286237, "dictionary": 0.0, "combined": 0.03841613881286236}, "Q28756261": {"object": 0.03841613881286237, "dictionary": 0.0, "combined": 0.03841613881286236}, "Q5301": {"object": 0.023683951390753296, "dictionary": 0.0, "combined": 0.02368395139075329}, "Q1817318": {"object": 0.028716215876762156, "dictionary": 0.0, "combined": 0.02871621587676215}, "Q83489235": {"object": 0.07778191241055904, "dictionary": 0.0, "combined": 0.07778191241055904}, "type": "co-oc"}