{"name": "Q27959801", "Q28600412": {"object": 0.020628022426101417, "dictionary": 0.004307317854205155, "combined": 0.008444450597683324}, "Q4045294": {"object": 0.008770985853210022, "dictionary": 0.0009850552795452965, "combined": 0.0029587095524265766}, "Q1144005": {"object": 0.018488193768641293, "dictionary": 0.0027239158473021364, "combined": 0.006720000089765976}, "Q28858032": {"object": 0.007253026648743166, "dictionary": 0.0, "combined": 0.0018385685437567283}, "Q26549229": {"object": 0.005623221217081555, "dictionary": 0.0, "combined": 0.0014254294303610617}, "Q47233167": {"object": 0.00643592969211722, "dictionary": 0.023341397990838727, "combined": 0.0190560335854988}, "Q29650304": {"object": 0.00643592969211722, "dictionary": 0.023341397990838727, "combined": 0.0190560335854988}, "Q1601331": {"object": 0.00643592969211722, "dictionary": 0.023341397990838727, "combined": 0.0190560335854988}, "Q81526237": {"object": 0.00643592969211722, "dictionary": 0.023341397990838727, "combined": 0.0190560335854988}, "Q28009496": {"object": 0.00643592969211722, "dictionary": 0.023341397990838727, "combined": 0.0190560335854988}, "Q34747804": {"object": 0.00643592969211722, "dictionary": 0.023341397990838727, "combined": 0.0190560335854988}, "Q28049770": {"object": 0.00643592969211722, "dictionary": 0.023341397990838727, "combined": 0.0190560335854988}, "Q28755606": {"object": 0.00643592969211722, "dictionary": 0.023341397990838727, "combined": 0.0190560335854988}, "Q81526528": {"object": 0.00643592969211722, "dictionary": 0.023341397990838727, "combined": 0.0190560335854988}, "Q81526664": {"object": 0.00643592969211722, "dictionary": 0.023341397990838727, "combined": 0.0190560335854988}, "Q28758112": {"object": 0.00643592969211722, "dictionary": 0.023341397990838727, "combined": 0.0190560335854988}, "Q32097899": {"object": 0.00643592969211722, "dictionary": 0.023341397990838727, "combined": 0.0190560335854988}, "Q66439259": {"object": 0.00643592969211722, "dictionary": 0.023341397990838727, "combined": 0.0190560335854988}, "Q28207108": {"object": 0.00643592969211722, "dictionary": 0.023341397990838727, "combined": 0.0190560335854988}, "Q32097740": {"object": 0.00643592969211722, "dictionary": 0.023341397990838727, "combined": 0.0190560335854988}, "Q6912474": {"object": 0.00643592969211722, "dictionary": 0.023341397990838727, "combined": 0.0190560335854988}, "Q1343830": {"object": 0.00763940254343486, "dictionary": 0.0, "combined": 0.001936510906366013}, "Q218170": {"object": 0.015949289658105492, "dictionary": 0.0, "combined": 0.004042982837480491}, "Q10287816": {"object": 0.013517337261588725, "dictionary": 0.0, "combined": 0.0034265076206240457}, "Q5301": {"object": 0.0212551859276773, "dictionary": 0.0, "combined": 0.005387973618585827}, "Q89029185": {"object": 0.03881260306885754, "dictionary": 0.005135100920445943, "combined": 0.013672005454375743}, "Q29000614": {"object": 0.026747104033457477, "dictionary": 0.010777770927829045, "combined": 0.014825834575557284}, "Q1194435": {"object": 0.09425690334477671, "dictionary": 0.40954643186313483, "combined": 0.3296237406359914}, "Q71264900": {"object": 0.6180838491744488, "dictionary": 0.19306203945411796, "combined": 0.30080074876904483}, "type": "co-oc"}