{"name": "Q27923715", "Q99184084": {"object": 0.006520489289726072, "dictionary": 0.0031795044394968834, "combined": 0.0037707542230278972}, "Q79241659": {"object": 0.01711393655856645, "dictionary": 0.010801894858767626, "combined": 0.011918928744266621}, "Q28600412": {"object": 0.012830844922317787, "dictionary": 0.009352386864977174, "combined": 0.00996796510481363}, "Q28600258": {"object": 0.06743779720815918, "dictionary": 0.07528900969469517, "combined": 0.07389959073854457}, "Q4045294": {"object": 0.005455644606822847, "dictionary": 0.0, "combined": 0.0009654783955649706}, "Q1076355": {"object": 0.005360159237579551, "dictionary": 0.0, "combined": 0.0009485804728187466}, "Q16996920": {"object": 0.00674206848982795, "dictionary": 0.0, "combined": 0.0011931351723694858}, "Q66811836": {"object": 0.00674206848982795, "dictionary": 0.0, "combined": 0.0011931351723694858}, "Q28600763": {"object": 0.00674206848982795, "dictionary": 0.0, "combined": 0.0011931351723694858}, "Q1662484": {"object": 0.00674206848982795, "dictionary": 0.0, "combined": 0.0011931351723694858}, "Q684554": {"object": 0.00674206848982795, "dictionary": 0.0, "combined": 0.0011931351723694858}, "Q1676669": {"object": 0.007980428273958234, "dictionary": 0.005108151667828392, "combined": 0.005616454757409588}, "Q28205580": {"object": 0.008319852109162609, "dictionary": 0.0, "combined": 0.0014723535062468162}, "Q28206771": {"object": 0.008129348665041874, "dictionary": 0.0, "combined": 0.0014386403572361074}, "Q28205626": {"object": 0.008319852109162609, "dictionary": 0.0, "combined": 0.0014723535062468162}, "Q729366": {"object": 0.008319852109162609, "dictionary": 0.0, "combined": 0.0014723535062468162}, "Q27923713": {"object": 0.40525072623060027, "dictionary": 0.44813452623711736, "combined": 0.440545435412865}, "Q61963331": {"object": 0.40525072623060027, "dictionary": 0.44813452623711736, "combined": 0.440545435412865}, "type": "co-oc"}