{"name": "Q27967212", "Q4045294": {"object": 0.003017312680025392, "dictionary": 0.0027443267426617863, "combined": 0.0028216791694898715}, "Q1144005": {"object": 0.006360135841340073, "dictionary": 0.007588726500671222, "combined": 0.00724059695965754}, "Q1076355": {"object": 0.002964503298891146, "dictionary": 0.002681052679756372, "combined": 0.0027613703455224075}, "Q28858032": {"object": 0.004990237047938105, "dictionary": 0.00417318539762134, "combined": 0.004404702554168905}, "Q3807693": {"object": 0.003349024237846752, "dictionary": 0.0026849247200066884, "combined": 0.002873101846844793}, "Q95994246": {"object": 0.0033495228518799634, "dictionary": 0.002691539126931765, "combined": 0.0028779833021507044}, "Q58006953": {"object": 0.0033495228518799634, "dictionary": 0.002691539126931765, "combined": 0.0028779833021507044}, "Q723030": {"object": 0.003196194674352291, "dictionary": 0.002638663303116059, "combined": 0.002796643618931632}, "Q27979156": {"object": 0.003196194674352291, "dictionary": 0.002639743550630379, "combined": 0.002797417770946621}, "Q26549229": {"object": 0.0038688961457344897, "dictionary": 0.0, "combined": 0.0010962781046841082}, "Q47233167": {"object": 0.004428056912364104, "dictionary": 0.0029558296255275487, "combined": 0.0033729952662896637}, "Q29650304": {"object": 0.004428056912364104, "dictionary": 0.0029558296255275487, "combined": 0.0033729952662896637}, "Q1601331": {"object": 0.004428056912364104, "dictionary": 0.0029558296255275487, "combined": 0.0033729952662896637}, "Q81526237": {"object": 0.004428056912364104, "dictionary": 0.0029558296255275487, "combined": 0.0033729952662896637}, "Q28009496": {"object": 0.004428056912364104, "dictionary": 0.0029558296255275487, "combined": 0.0033729952662896637}, "Q34747804": {"object": 0.004428056912364104, "dictionary": 0.0029558296255275487, "combined": 0.0033729952662896637}, "Q28049770": {"object": 0.004428056912364104, "dictionary": 0.0029558296255275487, "combined": 0.0033729952662896637}, "Q28755606": {"object": 0.004428056912364104, "dictionary": 0.0029558296255275487, "combined": 0.0033729952662896637}, "Q81526528": {"object": 0.004428056912364104, "dictionary": 0.0029558296255275487, "combined": 0.0033729952662896637}, "Q81526664": {"object": 0.004428056912364104, "dictionary": 0.0029558296255275487, "combined": 0.0033729952662896637}, "Q28758112": {"object": 0.004428056912364104, "dictionary": 0.0029558296255275487, "combined": 0.0033729952662896637}, "Q32097899": {"object": 0.004428056912364104, "dictionary": 0.0029558296255275487, "combined": 0.0033729952662896637}, "Q66439259": {"object": 0.004428056912364104, "dictionary": 0.0029558296255275487, "combined": 0.0033729952662896637}, "Q28207108": {"object": 0.004428056912364104, "dictionary": 0.0029558296255275487, "combined": 0.0033729952662896637}, "Q32097740": {"object": 0.004428056912364104, "dictionary": 0.0029558296255275487, "combined": 0.0033729952662896637}, "Q6912474": {"object": 0.004428056912364104, "dictionary": 0.0029558296255275487, "combined": 0.0033729952662896637}, "Q16996920": {"object": 0.0037287855441530383, "dictionary": 0.004364156993401258, "combined": 0.004184120160693773}, "Q66811836": {"object": 0.0037287855441530383, "dictionary": 0.004364156993401258, "combined": 0.004184120160693773}, "Q28600763": {"object": 0.0037287855441530383, "dictionary": 0.004364156993401258, "combined": 0.004184120160693773}, "Q1662484": {"object": 0.0037287855441530383, "dictionary": 0.004364156993401258, "combined": 0.004184120160693773}, "Q684554": {"object": 0.0037287855441530383, "dictionary": 0.004364156993401258, "combined": 0.004184120160693773}, "Q28206109": {"object": 0.0041550913360468705, "dictionary": 0.0, "combined": 0.0011773734634083991}, "Q1343830": {"object": 0.005256071905232449, "dictionary": 0.005176672894240263, "combined": 0.005199171145422392}, "Q28758102": {"object": 0.007612307612379648, "dictionary": 0.0067473216270474414, "combined": 0.006992421304283228}, "Q194831": {"object": 0.006301351602085487, "dictionary": 0.006417706517751088, "combined": 0.006384736558979462}, "Q27473691": {"object": 0.010098246003498769, "dictionary": 0.008298920606248553, "combined": 0.008808771727060422}, "Q47455968": {"object": 0.010005027702137544, "dictionary": 0.008286599983334482, "combined": 0.008773528195321524}, "Q28206310": {"object": 0.010098246003498769, "dictionary": 0.008298920606248553, "combined": 0.008808771727060422}, "Q3928271": {"object": 0.008871807033827808, "dictionary": 0.006275262000099803, "combined": 0.007011010741104551}, "Q1882400": {"object": 0.005893711518686689, "dictionary": 0.005764680530906781, "combined": 0.005801242341149433}, "Q27979410": {"object": 0.005893711518686689, "dictionary": 0.005764680530906781, "combined": 0.005801242341149433}, "Q28055391": {"object": 0.005838021305459727, "dictionary": 0.00563184737127692, "combined": 0.0056902681614163465}, "Q1141412": {"object": 0.0047026393921378844, "dictionary": 0.0043653067038287915, "combined": 0.004460892221314239}, "Q59961105": {"object": 0.017799480053924642, "dictionary": 0.023308391186936894, "combined": 0.02174740365243554}, "Q5448342": {"object": 0.007384188084900429, "dictionary": 0.0076294619244128515, "combined": 0.007559961909478171}, "Q29904540": {"object": 0.007384188084900429, "dictionary": 0.0076294619244128515, "combined": 0.007559961909478171}, "Q5421818": {"object": 0.007384188084900429, "dictionary": 0.0076294619244128515, "combined": 0.007559961909478171}, "Q50223812": {"object": 0.007384188084900429, "dictionary": 0.0076294619244128515, "combined": 0.007559961909478171}, "Q5153426": {"object": 0.007384188084900429, "dictionary": 0.0076294619244128515, "combined": 0.007559961909478171}, "Q28205580": {"object": 0.004601398564986748, "dictionary": 0.005178832090536131, "combined": 0.005015212363584229}, "Q28206771": {"object": 0.004496038245728572, "dictionary": 0.0049217028358630125, "combined": 0.004801087871664967}, "Q28205626": {"object": 0.004601398564986748, "dictionary": 0.0051741572420204995, "combined": 0.005011862165273037}, "Q729366": {"object": 0.004601398564986748, "dictionary": 0.005178832090536131, "combined": 0.005015212363584229}, "Q29904539": {"object": 0.006894192123815344, "dictionary": 0.008395411238177554, "combined": 0.007970030565392364}, "Q28755628": {"object": 0.006894192123815344, "dictionary": 0.008395411238177554, "combined": 0.007970030565392364}, "Q58103465": {"object": 0.006894192123815344, "dictionary": 0.008395411238177554, "combined": 0.007970030565392364}, "Q66134804": {"object": 0.0045767093892284125, "dictionary": 0.0046577437776310895, "combined": 0.004634782131108149}, "Q939636": {"object": 0.009130603851953738, "dictionary": 0.013488807044114827, "combined": 0.012253880451267877}, "Q27596243": {"object": 0.005122065869337984, "dictionary": 0.005530748743671572, "combined": 0.005414945664443084}, "Q217570": {"object": 0.008542079286942878, "dictionary": 0.015149583017726394, "combined": 0.013277301779403993}, "Q48106551": {"object": 0.008517713008047505, "dictionary": 0.008090231884581543, "combined": 0.008211361575885916}, "Q28975647": {"object": 0.022381835395695753, "dictionary": 0.024511729686363053, "combined": 0.02390820961547033}, "Q28207194": {"object": 0.018399132906929527, "dictionary": 0.018957198786787973, "combined": 0.018799067014309508}, "Q59608283": {"object": 0.022381835395695753, "dictionary": 0.024511729686363053, "combined": 0.02390820961547033}, "Q28205418": {"object": 0.022381835395695753, "dictionary": 0.024511729686363053, "combined": 0.02390820961547033}, "Q59608340": {"object": 0.022381835395695753, "dictionary": 0.024511729686363053, "combined": 0.02390820961547033}, "Q29650303": {"object": 0.022381835395695753, "dictionary": 0.024511729686363053, "combined": 0.02390820961547033}, "Q29000561": {"object": 0.022381835395695753, "dictionary": 0.024511729686363053, "combined": 0.02390820961547033},