{"name": "Q27978795", "Q1888930": {"object": 0.010553856601665582, "dictionary": 0.0, "combined": 0.009715466392046405}, "Q28786544": {"object": 0.010553856601665582, "dictionary": 0.0, "combined": 0.009715466392046405}, "Q8811": {"object": 0.010553856601665582, "dictionary": 0.0, "combined": 0.009715466392046405}, "Q2053": {"object": 0.010553856601665582, "dictionary": 0.0, "combined": 0.009715466392046405}, "Q166074": {"object": 0.009990865859492338, "dictionary": 0.0, "combined": 0.009197199199202966}, "Q62626012": {"object": 0.010553856601665582, "dictionary": 0.0, "combined": 0.009715466392046405}, "Q1884715": {"object": 0.07640557617380393, "dictionary": 0.0, "combined": 0.07033597626903357}, "Q27596243": {"object": 0.008865329952613153, "dictionary": 1.0, "combined": 0.0876003019296557}, "Q27979388": {"object": 0.041804034383863646, "dictionary": 0.0, "combined": 0.03848315420964529}, "Q13454995": {"object": 0.06588578891226647, "dictionary": 0.0, "combined": 0.06065187277507332}, "Q27967532": {"object": 0.06588578891226647, "dictionary": 0.0, "combined": 0.06065187277507332}, "Q28919030": {"object": 0.2219231972261511, "dictionary": 0.0, "combined": 0.20429378999956174}, "Q27959833": {"object": 0.45647013557121496, "dictionary": 0.0, "combined": 0.4202085008825222}, "type": "co-oc"}