{"name": "Q27995540", "Q99184084": {"object": 0.004555546528208836, "dictionary": 0.0, "combined": 0.0010576265277978346}, "Q28600412": {"object": 0.008964282961395115, "dictionary": 0.0, "combined": 0.0020811692744109283}, "Q4045294": {"object": 0.003811591698634196, "dictionary": 0.0, "combined": 0.0008849082033620566}, "Q1144005": {"object": 0.008034381433359978, "dictionary": 0.0, "combined": 0.0018652811217601433}, "Q1076355": {"object": 0.0037448807475041306, "dictionary": 0.0, "combined": 0.0008694204301227997}, "Q28858032": {"object": 0.006303869742123522, "dictionary": 0.0, "combined": 0.0014635214075342433}, "Q3807693": {"object": 0.004230623185991441, "dictionary": 0.0, "combined": 0.0009821915510937404}, "Q95994246": {"object": 0.0042312530554519025, "dictionary": 0.0, "combined": 0.0009823377830872693}, "Q58006953": {"object": 0.0042312530554519025, "dictionary": 0.0, "combined": 0.0009823377830872693}, "Q723030": {"object": 0.0040375626857066405, "dictionary": 0.0, "combined": 0.0009373701657107204}, "Q27979156": {"object": 0.0040375626857066405, "dictionary": 0.0, "combined": 0.0009373701657107204}, "Q26549229": {"object": 0.004887346455533842, "dictionary": 0.018177581486208436, "combined": 0.015092088880201374}, "Q47233167": {"object": 0.005593701004201115, "dictionary": 0.0, "combined": 0.0012986469425741054}, "Q29650304": {"object": 0.005593701004201115, "dictionary": 0.0, "combined": 0.0012986469425741054}, "Q1601331": {"object": 0.005593701004201115, "dictionary": 0.0, "combined": 0.0012986469425741054}, "Q81526237": {"object": 0.005593701004201115, "dictionary": 0.0, "combined": 0.0012986469425741054}, "Q28009496": {"object": 0.005593701004201115, "dictionary": 0.0, "combined": 0.0012986469425741054}, "Q34747804": {"object": 0.005593701004201115, "dictionary": 0.0, "combined": 0.0012986469425741054}, "Q28049770": {"object": 0.005593701004201115, "dictionary": 0.0, "combined": 0.0012986469425741054}, "Q28755606": {"object": 0.005593701004201115, "dictionary": 0.0, "combined": 0.0012986469425741054}, "Q81526528": {"object": 0.005593701004201115, "dictionary": 0.0, "combined": 0.0012986469425741054}, "Q81526664": {"object": 0.005593701004201115, "dictionary": 0.0, "combined": 0.0012986469425741054}, "Q28758112": {"object": 0.005593701004201115, "dictionary": 0.0, "combined": 0.0012986469425741054}, "Q32097899": {"object": 0.005593701004201115, "dictionary": 0.0, "combined": 0.0012986469425741054}, "Q66439259": {"object": 0.005593701004201115, "dictionary": 0.0, "combined": 0.0012986469425741054}, "Q28207108": {"object": 0.005593701004201115, "dictionary": 0.0, "combined": 0.0012986469425741054}, "Q32097740": {"object": 0.005593701004201115, "dictionary": 0.0, "combined": 0.0012986469425741054}, "Q6912474": {"object": 0.005593701004201115, "dictionary": 0.0, "combined": 0.0012986469425741054}, "Q28206109": {"object": 0.005248879822229709, "dictionary": 0.0, "combined": 0.0012185924360201019}, "Q1343830": {"object": 0.006639683110747354, "dictionary": 0.0, "combined": 0.0015414846386957444}, "Q28758102": {"object": 0.009616175577319348, "dictionary": 0.0, "combined": 0.0022325142161446435}, "Q194831": {"object": 0.007960122799232798, "dictionary": 0.0, "combined": 0.0018480410604668127}, "Q27473691": {"object": 0.012756513732404405, "dictionary": 0.0, "combined": 0.0029615825987212444}, "Q47455968": {"object": 0.012638756595074432, "dictionary": 0.0, "combined": 0.0029342438213634634}, "Q28206310": {"object": 0.012756513732404405, "dictionary": 0.0, "combined": 0.0029615825987212444}, "Q3928271": {"object": 0.011207226306336264, "dictionary": 0.0, "combined": 0.0026018963413541067}, "Q1882400": {"object": 0.007445175320239559, "dictionary": 0.0, "combined": 0.001728489627760888}, "Q27979410": {"object": 0.007445175320239559, "dictionary": 0.0, "combined": 0.001728489627760888}, "Q28055391": {"object": 0.007374825185221641, "dictionary": 0.0, "combined": 0.0017121569729260874}, "Q1141412": {"object": 0.0059405647241677585, "dictionary": 0.0, "combined": 0.001379175649611942}, "Q28205580": {"object": 0.005812673207028446, "dictionary": 0.0, "combined": 0.001349484050509774}, "Q28206771": {"object": 0.005679577780456172, "dictionary": 0.0, "combined": 0.0013185842994042243}, "Q28205626": {"object": 0.005812673207028446, "dictionary": 0.0, "combined": 0.001349484050509774}, "Q729366": {"object": 0.005812673207028446, "dictionary": 0.0, "combined": 0.001349484050509774}, "Q66134804": {"object": 0.005781484839316486, "dictionary": 0.0, "combined": 0.0013422432848087483}, "Q673906": {"object": 0.010676297207443883, "dictionary": 0.0, "combined": 0.002478634577723484}, "Q1888930": {"object": 0.007702780082754445, "dictionary": 0.0, "combined": 0.0017882957627297098}, "Q28786544": {"object": 0.007702780082754445, "dictionary": 0.0, "combined": 0.0017882957627297098}, "Q8811": {"object": 0.007702780082754445, "dictionary": 0.0, "combined": 0.0017882957627297098}, "Q2053": {"object": 0.007702780082754445, "dictionary": 0.0, "combined": 0.0017882957627297098}, "Q29151645": {"object": 0.010676297207443883, "dictionary": 0.0, "combined": 0.002478634577723484}, "Q17073241": {"object": 0.010676297207443883, "dictionary": 0.0, "combined": 0.002478634577723484}, "Q288405": {"object": 0.010676297207443883, "dictionary": 0.0, "combined": 0.002478634577723484}, "Q166074": {"object": 0.007291878737467754, "dictionary": 0.0, "combined": 0.0016928999281373032}, "Q62626012": {"object": 0.007702780082754445, "dictionary": 0.0, "combined": 0.0017882957627297098}, "Q27596243": {"object": 0.006470401253628746, "dictionary": 0.0, "combined": 0.0015021837597221919}, "Q48106551": {"object": 0.010759920378072704, "dictionary": 0.0, "combined": 0.0024980487321060495}, "Q26211936": {"object": 0.00787431586957021, "dictionary": 0.0, "combined": 0.0018281199193878922}, "Q26211977": {"object": 0.00787431586957021, "dictionary": 0.0, "combined": 0.0018281199193878922}, "Q26211940": {"object": 0.00787431586957021, "dictionary": 0.0, "combined": 0.0018281199193878922}, "Q26211915": {"object": 0.00787431586957021, "dictionary": 0.0, "combined": 0.0018281199193878922}, "Q10394822": {"object": 0.00787431586957021, "dictionary": 0.0, "combined": 0.0018281199193878922}, "Q26211975": {"object": 0.00787431586957021, "dictionary": 0.0, "combined": 0.0018281199193878922}, "Q26211905": {"object": 0.00787431586957021, "dictionary": 0.0, "combined": 0.0018281199193878922}, "Q5532250": {"object": 0.00787431586957021, "dictionary": 0.0, "combined": 0.0018281199193878922}, "Q26211927": {"object": 0.00787431586957021, "dictionary": 0.0, "combined": 0.0018281199193878922}, "Q26211957": {"object": 0.00787431586957021, "dictionary": 0.0, "combined": 0.0018281199193878922}, "Q26211948": {"object": 0.00787431586957021, "dictionary": 0.0, "combined": 0.0018281199193878922}, "Q26211958": {"object": 0.00787431586957021, "dictionary": 0.0, "combined": 0.0018281199193878922}, "Q26211874": {"object": 0.00787431586957021, "dictionary": 0.0, "combined": 0.0018281199193878922}, "Q26211954": {"object": 0.00787431586957021, "dictionary": 0.0, "combined": 0.0018281199193878922}, "Q26211891": {"object": 0.00787431586957021, "dictionary": 0.0, "combined": 0.0018281199193878922}, "Q26211983": {"object": 0.00787431586957021, "dictionary": 0.0, "combined": 0.0018281199193878922}, "Q26211840": {"object": 0.00787431586957021, "dictionary": 0.0, "combined": 0.0018281199193878922}, "Q26211965": {"object": 0.00787431586957021, "dictionary": 0.0, "combined": 0.0018281199193878922}, "Q26211978": {"object": 0.00787431586957021, "dictionary": 0.0, "combined": 0.0018281199193878922}, "Q26211931": {"object": 0.00787431586957021, "dictionary": 0.0, "combined": 0.0018281199193878922}, "Q29151494": {"object": 0.04252251171414517, "dictionary": 0.0, "combined": 0.009872127556812972}, "Q60806257": {"object": 0.022146189968216618, "dictionary": 0.0, "combined": 0.005141512188493764},