{"name": "Q27979542", "Q99184084": {"object": 0.0032317744164446606, "dictionary": 0.0, "combined": 0.0010868501586772947}, "Q79241659": {"object": 0.002827414726978541, "dictionary": 0.0, "combined": 0.0009508634417756761}, "Q28600412": {"object": 0.004239599669987089, "dictionary": 0.0, "combined": 0.0014257831705725356}, "Q4045294": {"object": 0.002704001476288764, "dictionary": 0.0, "combined": 0.0009093593966874591}, "Q1144005": {"object": 0.0018999043771885903, "dictionary": 0.0, "combined": 0.000638940441916969}, "Q1076355": {"object": 0.0026566757067408436, "dictionary": 0.0, "combined": 0.0008934436756269317}, "Q3807693": {"object": 0.0030012688254729566, "dictionary": 0.0, "combined": 0.0010093308130048923}, "Q95994246": {"object": 0.003001715664506521, "dictionary": 0.0, "combined": 0.0010094810855833438}, "Q58006953": {"object": 0.003001715664506521, "dictionary": 0.0, "combined": 0.0010094810855833438}, "Q723030": {"object": 0.0028643087523438733, "dictionary": 0.0, "combined": 0.0009632709529925847}, "Q27979156": {"object": 0.0028643087523438733, "dictionary": 0.0, "combined": 0.0009632709529925847}, "Q26549229": {"object": 0.001155719454039251, "dictionary": 0.0, "combined": 0.00038867003390380514}, "Q47233167": {"object": 0.0026455047250903275, "dictionary": 0.0, "combined": 0.0008896868592112609}, "Q29650304": {"object": 0.0026455047250903275, "dictionary": 0.0, "combined": 0.0008896868592112609}, "Q1601331": {"object": 0.0026455047250903275, "dictionary": 0.0, "combined": 0.0008896868592112609}, "Q81526237": {"object": 0.0026455047250903275, "dictionary": 0.0, "combined": 0.0008896868592112609}, "Q28009496": {"object": 0.0026455047250903275, "dictionary": 0.0, "combined": 0.0008896868592112609}, "Q34747804": {"object": 0.0026455047250903275, "dictionary": 0.0, "combined": 0.0008896868592112609}, "Q28049770": {"object": 0.0026455047250903275, "dictionary": 0.0, "combined": 0.0008896868592112609}, "Q28755606": {"object": 0.0026455047250903275, "dictionary": 0.0, "combined": 0.0008896868592112609}, "Q81526528": {"object": 0.0026455047250903275, "dictionary": 0.0, "combined": 0.0008896868592112609}, "Q81526664": {"object": 0.0026455047250903275, "dictionary": 0.0, "combined": 0.0008896868592112609}, "Q28758112": {"object": 0.0026455047250903275, "dictionary": 0.0, "combined": 0.0008896868592112609}, "Q32097899": {"object": 0.0026455047250903275, "dictionary": 0.0, "combined": 0.0008896868592112609}, "Q66439259": {"object": 0.0026455047250903275, "dictionary": 0.0, "combined": 0.0008896868592112609}, "Q28207108": {"object": 0.0026455047250903275, "dictionary": 0.0, "combined": 0.0008896868592112609}, "Q32097740": {"object": 0.0026455047250903275, "dictionary": 0.0, "combined": 0.0008896868592112609}, "Q6912474": {"object": 0.0026455047250903275, "dictionary": 0.0, "combined": 0.0008896868592112609}, "Q16996920": {"object": 0.0033415965414857716, "dictionary": 0.0, "combined": 0.0011237834896114878}, "Q66811836": {"object": 0.0033415965414857716, "dictionary": 0.0, "combined": 0.0011237834896114878}, "Q28600763": {"object": 0.0033415965414857716, "dictionary": 0.0, "combined": 0.0011237834896114878}, "Q1662484": {"object": 0.0033415965414857716, "dictionary": 0.0, "combined": 0.0011237834896114878}, "Q684554": {"object": 0.0033415965414857716, "dictionary": 0.0, "combined": 0.0011237834896114878}, "Q28206109": {"object": 0.0037236356646639748, "dictionary": 0.0, "combined": 0.0012522637695265553}, "Q1676669": {"object": 0.0039553694181642205, "dictionary": 0.0, "combined": 0.0013301961479379493}, "Q28445577": {"object": 0.005788571620646788, "dictionary": 0.0, "combined": 0.001946704557224647}, "Q1343830": {"object": 0.0015700975999067748, "dictionary": 0.0, "combined": 0.0005280259714026789}, "Q194831": {"object": 0.0018823443067348187, "dictionary": 0.0, "combined": 0.0006330349661938019}, "Q34312361": {"object": 0.002823082592639356, "dictionary": 0.0, "combined": 0.0009494065390692259}, "Q27923693": {"object": 0.002823082592639356, "dictionary": 0.0, "combined": 0.0009494065390692259}, "Q34312151": {"object": 0.002823082592639356, "dictionary": 0.0, "combined": 0.0009494065390692259}, "Q27925722": {"object": 0.002823082592639356, "dictionary": 0.0, "combined": 0.0009494065390692259}, "Q1141412": {"object": 0.002809551678877272, "dictionary": 0.0, "combined": 0.0009448560742550549}, "Q53756551": {"object": 0.003733665365424951, "dictionary": 0.0, "combined": 0.0012556367716173215}, "Q53756539": {"object": 0.003733665365424951, "dictionary": 0.0, "combined": 0.0012556367716173215}, "Q27979378": {"object": 0.003733665365424951, "dictionary": 0.0, "combined": 0.0012556367716173215}, "Q5448342": {"object": 0.0022058100038206438, "dictionary": 0.0, "combined": 0.0007418169227609152}, "Q29904540": {"object": 0.0022058100038206438, "dictionary": 0.0, "combined": 0.0007418169227609152}, "Q5421818": {"object": 0.0022058100038206438, "dictionary": 0.0, "combined": 0.0007418169227609152}, "Q50223812": {"object": 0.0022058100038206438, "dictionary": 0.0, "combined": 0.0007418169227609152}, "Q5153426": {"object": 0.0022058100038206438, "dictionary": 0.0, "combined": 0.0007418169227609152}, "Q28206359": {"object": 0.0018333262275458152, "dictionary": 0.0, "combined": 0.0006165501190851867}, "Q28205580": {"object": 0.004123599319051169, "dictionary": 0.0, "combined": 0.0013867720938155058}, "Q28206771": {"object": 0.004029179386804051, "dictionary": 0.0, "combined": 0.0013550185413946122}, "Q28205626": {"object": 0.004123599319051169, "dictionary": 0.0, "combined": 0.0013867720938155058}, "Q729366": {"object": 0.004123599319051169, "dictionary": 0.0, "combined": 0.0013867720938155058}, "Q29904539": {"object": 0.0020594380560362492, "dictionary": 0.0, "combined": 0.0006925918364226225}, "Q28755628": {"object": 0.0020594380560362492, "dictionary": 0.0, "combined": 0.0006925918364226225}, "Q58103465": {"object": 0.0020594380560362492, "dictionary": 0.0, "combined": 0.0006925918364226225}, "Q66134804": {"object": 0.004101473813749435, "dictionary": 0.0, "combined": 0.0013793312561055338}, "Q29944987": {"object": 0.0024800808508495774, "dictionary": 0.0, "combined": 0.0008340545839346455}, "Q29944777": {"object": 0.0024800808508495774, "dictionary": 0.0, "combined": 0.0008340545839346455}, "Q29944782": {"object": 0.0024800808508495774, "dictionary": 0.0, "combined": 0.0008340545839346455}, "Q29944783": {"object": 0.0024800808508495774, "dictionary": 0.0, "combined": 0.0008340545839346455}, "Q29944780": {"object": 0.0024800808508495774, "dictionary": 0.0, "combined": 0.0008340545839346455}, "Q29944776": {"object": 0.0024800808508495774, "dictionary": 0.0, "combined": 0.0008340545839346455}, "Q29944786": {"object": 0.0024800808508495774, "dictionary": 0.0, "combined": 0.0008340545839346455}, "Q29944773": {"object": 0.0024800808508495774, "dictionary": 0.0, "combined": 0.0008340545839346455}, "Q29944785": {"object": 0.0024800808508495774, "dictionary": 0.0, "combined": 0.0008340545839346455}, "Q29944758": {"object": 0.0024800808508495774, "dictionary": 0.0, "combined": 0.0008340545839346455}, "Q29944779": {"object": 0.0024800808508495774, "dictionary": 0.0, "combined": 0.0008340545839346455}, "Q178051": {"object": 0.0026950210953824378, "dictionary": 0.0, "combined": 0.0009063392822997226}, "Q27526733": {"object": 0.001738279564252426, "dictionary": 0.0, "combined": 0.0005845857961558}, "Q673906": {"object": 0.00252464286950168, "dictionary": 0.0, "combined": 0.0008490408517869356}, "Q1888930": {"object": 0.003642980039504073, "dictionary": 0.0, "combined": 0.0012251391724144548}, "Q28786544": {"object": 0.003642980039504073, "dictionary": 0.0, "combined": 0.0012251391724144548}, "Q8811": {"object": 0.003642980039504073, "dictionary": 0.0, "combined": 0.0012251391724144548}, "Q2053": {"object": 0.003642980039504073, "dictionary": 0.0, "combined": 0.0012251391724144548}, "Q29151645": {"object": 0.00252464286950168, "dictionary": 0.0,