{"name": "Q27959828", "Q99184084": {"object": 0.0066095421784089945, "dictionary": 0.0, "combined": 0.0023420409386414372}, "Q3807693": {"object": 0.006138118053589465, "dictionary": 0.01096753410649572, "combined": 0.009256267304600337}, "Q95994246": {"object": 0.006139031917324592, "dictionary": 0.01099455301432746, "combined": 0.009274036088848778}, "Q58006953": {"object": 0.006139031917324592, "dictionary": 0.01099455301432746, "combined": 0.009274036088848778}, "Q723030": {"object": 0.0058580108234875155, "dictionary": 0.010778562824067538, "combined": 0.009035002693122664}, "Q27979156": {"object": 0.0058580108234875155, "dictionary": 0.010782975480917271, "combined": 0.009037851758620487}, "Q28206109": {"object": 0.007615484192643675, "dictionary": 0.018244943427054912, "combined": 0.014478475491660953}, "Q1676669": {"object": 0.008089420123978236, "dictionary": 0.0, "combined": 0.0028664244192458444}, "Q1343830": {"object": 0.009633370068774036, "dictionary": 0.0, "combined": 0.003413511324861956}, "Q1882400": {"object": 0.010802040984558064, "dictionary": 0.0, "combined": 0.0038276209643324207}, "Q27979410": {"object": 0.010802040984558064, "dictionary": 0.0, "combined": 0.0038276209643324207}, "Q28055391": {"object": 0.010699971522249111, "dictionary": 0.0, "combined": 0.0037914534276316824}, "Q27526733": {"object": 0.010665254393373487, "dictionary": 0.021537566938881147, "combined": 0.017685045782050695}, "Q673906": {"object": 0.015490004605347678, "dictionary": 0.02718270396475194, "combined": 0.02303948498773904}, "Q1888930": {"object": 0.01117579406394339, "dictionary": 0.01615729986725988, "combined": 0.014392141220484206}, "Q28786544": {"object": 0.01117579406394339, "dictionary": 0.01615729986725988, "combined": 0.014392141220484206}, "Q8811": {"object": 0.01117579406394339, "dictionary": 0.01615729986725988, "combined": 0.014392141220484206}, "Q2053": {"object": 0.01117579406394339, "dictionary": 0.01615729986725988, "combined": 0.014392141220484206}, "Q29151645": {"object": 0.015490004605347678, "dictionary": 0.02718270396475194, "combined": 0.02303948498773904}, "Q17073241": {"object": 0.015490004605347678, "dictionary": 0.02718270396475194, "combined": 0.02303948498773904}, "Q288405": {"object": 0.015490004605347678, "dictionary": 0.02718270396475194, "combined": 0.02303948498773904}, "Q166074": {"object": 0.010579626347068985, "dictionary": 0.01208966929850504, "combined": 0.011554597077781047}, "Q62626012": {"object": 0.01117579406394339, "dictionary": 0.01615729986725988, "combined": 0.014392141220484206}, "Q27596243": {"object": 0.009387762748612437, "dictionary": 0.022592318893963334, "combined": 0.017913384977780136}, "Q26211936": {"object": 0.011424671561087769, "dictionary": 0.011802794120435415, "combined": 0.011668809270968994}, "Q26211977": {"object": 0.011424671561087769, "dictionary": 0.011802794120435415, "combined": 0.011668809270968994}, "Q26211940": {"object": 0.011424671561087769, "dictionary": 0.011802794120435415, "combined": 0.011668809270968994}, "Q26211915": {"object": 0.011424671561087769, "dictionary": 0.011802794120435415, "combined": 0.011668809270968994}, "Q10394822": {"object": 0.011424671561087769, "dictionary": 0.011802794120435415, "combined": 0.011668809270968994}, "Q26211975": {"object": 0.011424671561087769, "dictionary": 0.011802794120435415, "combined": 0.011668809270968994}, "Q26211905": {"object": 0.011424671561087769, "dictionary": 0.011802794120435415, "combined": 0.011668809270968994}, "Q5532250": {"object": 0.011424671561087769, "dictionary": 0.011802794120435415, "combined": 0.011668809270968994}, "Q26211927": {"object": 0.011424671561087769, "dictionary": 0.011802794120435415, "combined": 0.011668809270968994}, "Q26211957": {"object": 0.011424671561087769, "dictionary": 0.011802794120435415, "combined": 0.011668809270968994}, "Q26211948": {"object": 0.011424671561087769, "dictionary": 0.011802794120435415, "combined": 0.011668809270968994}, "Q26211958": {"object": 0.011424671561087769, "dictionary": 0.011802794120435415, "combined": 0.011668809270968994}, "Q26211874": {"object": 0.011424671561087769, "dictionary": 0.011802794120435415, "combined": 0.011668809270968994}, "Q26211954": {"object": 0.011424671561087769, "dictionary": 0.011802794120435415, "combined": 0.011668809270968994}, "Q26211891": {"object": 0.011424671561087769, "dictionary": 0.011802794120435415, "combined": 0.011668809270968994}, "Q26211983": {"object": 0.011424671561087769, "dictionary": 0.011802794120435415, "combined": 0.011668809270968994}, "Q26211840": {"object": 0.011424671561087769, "dictionary": 0.011802794120435415, "combined": 0.011668809270968994}, "Q26211965": {"object": 0.011424671561087769, "dictionary": 0.011802794120435415, "combined": 0.011668809270968994}, "Q26211978": {"object": 0.011424671561087769, "dictionary": 0.011802794120435415, "combined": 0.011668809270968994}, "Q26211931": {"object": 0.011424671561087769, "dictionary": 0.011802794120435415, "combined": 0.011668809270968994}, "Q34746472": {"object": 0.01146216680541595, "dictionary": 0.02515199778917667, "combined": 0.020301110429415938}, "Q27826464": {"object": 0.011638957241204027, "dictionary": 0.025188335078373262, "combined": 0.020387216221543457}, "Q27826469": {"object": 0.011638957241204027, "dictionary": 0.025188335078373262, "combined": 0.020387216221543457}, "Q27826466": {"object": 0.011638957241204027, "dictionary": 0.025188335078373262, "combined": 0.020387216221543457}, "Q27826468": {"object": 0.011638957241204027, "dictionary": 0.025188335078373262, "combined": 0.020387216221543457}, "Q479833": {"object": 0.011069340404324893, "dictionary": 0.026008874785526655, "combined": 0.020715164543490167}, "Q28205883": {"object": 0.014485782517004971, "dictionary": 0.0, "combined": 0.005132926724320951}, "Q15938816": {"object": 0.029995080224589875, "dictionary": 0.0, "combined": 0.010628528262260628}, "Q28975650": {"object": 0.029995080224589875, "dictionary": 0.0, "combined": 0.010628528262260628}, "Q10287816": {"object": 0.017045509965595274, "dictionary": 0.04548745250492277, "combined": 0.03540926675414707}, "Q921122": {"object": 0.02166534189454559, "dictionary": 0.06268467869413386, "combined": 0.04814978906526062}, "Q5301": {"object": 0.02680302167057281, "dictionary": 0.0, "combined": 0.009497446621467148}, "Q15955723": {"object": 0.04467287679521539, "dictionary": 0.18535778131019176, "combined": 0.13550715672392893}, "Q34284437": {"object": 0.023249934341365016, "dictionary": 0.0, "combined": 0.008238437183452501}, "Q28206318": {"object": 0.059429492443569765, "dictionary": 0.0, "combined": 0.021058388086272313}, "Q34284450": {"object": 0.059429492443569765, "dictionary": 0.0, "combined": 0.021058388086272313}, "Q28206332": {"object": 0.06639595713126138, "dictionary": 0.0, "combined": 0.02352690179807998}, "Q28049691": {"object": 0.06639595713126138, "dictionary": 0.0, "combined": 0.02352690179807998}, "type": "co-oc"}