{"name": "Q27966886", "Q42591": {"object": 0.12173814196417326, "dictionary": 0.0, "combined": 0.08350789406068163}, "Q4045294": {"object": 0.049396721514029296, "dictionary": 0.5058313030277624, "combined": 0.19273394451955017}, "Q28018471": {"object": 0.09392192157350002, "dictionary": 0.0, "combined": 0.06442698853612942}, "Q336284": {"object": 0.0820056582749948, "dictionary": 0.0, "combined": 0.05625286958642824}, "Q28018470": {"object": 0.09613815086085324, "dictionary": 0.0, "combined": 0.06594724042724946}, "Q1076355": {"object": 0.04853217396133925, "dictionary": 0.49416869697223753, "combined": 0.1884784099945005}, "Q16996920": {"object": 0.030522156740566204, "dictionary": 0.0, "combined": 0.020937078474097537}, "Q66811836": {"object": 0.030522156740566204, "dictionary": 0.0, "combined": 0.020937078474097537}, "Q28600763": {"object": 0.030522156740566204, "dictionary": 0.0, "combined": 0.020937078474097537}, "Q1662484": {"object": 0.030522156740566204, "dictionary": 0.0, "combined": 0.020937078474097537}, "Q684554": {"object": 0.030522156740566204, "dictionary": 0.0, "combined": 0.020937078474097537}, "Q61777776": {"object": 0.2752358419294936, "dictionary": 0.0, "combined": 0.18880167841164203}, "Q1141412": {"object": 0.03849368512122253, "dictionary": 0.0, "combined": 0.02640525415653462}, "Q27596243": {"object": 0.04192692109756313, "dictionary": 0.0, "combined": 0.02876032793679608}, "type": "co-oc"}