{"name": "Q27979531", "Q28600412": {"object": 0.00589900607001839, "dictionary": 0.0, "combined": 0.0009834451664202006}, "Q4045294": {"object": 0.002508243287667879, "dictionary": 0.0, "combined": 0.000418158535214933}, "Q1076355": {"object": 0.002464343702241169, "dictionary": 0.0, "combined": 0.00041083987261596167}, "Q26549229": {"object": 0.0032161508657899502, "dictionary": 0.0, "combined": 0.0005361764314016734}, "Q16996920": {"object": 0.003099679186114768, "dictionary": 0.0, "combined": 0.0005167590059842686}, "Q66811836": {"object": 0.003099679186114768, "dictionary": 0.0, "combined": 0.0005167590059842686}, "Q28600763": {"object": 0.003099679186114768, "dictionary": 0.0, "combined": 0.0005167590059842686}, "Q1662484": {"object": 0.003099679186114768, "dictionary": 0.0, "combined": 0.0005167590059842686}, "Q684554": {"object": 0.003099679186114768, "dictionary": 0.0, "combined": 0.0005167590059842686}, "Q1676669": {"object": 0.007338035042032447, "dictionary": 0.0, "combined": 0.0012233510200619893}, "Q28445577": {"object": 0.008054255539423509, "dictionary": 0.0, "combined": 0.0013427547938316467}, "Q28206359": {"object": 0.010203607308658571, "dictionary": 0.0, "combined": 0.0017010811937880953}, "Q28206497": {"object": 0.013034001869989155, "dictionary": 0.0, "combined": 0.002172946761879282}, "Q26385770": {"object": 0.013034001869989155, "dictionary": 0.0, "combined": 0.002172946761879282}, "Q17092932": {"object": 0.013034001869989155, "dictionary": 0.0, "combined": 0.002172946761879282}, "Q1952321": {"object": 0.013034001869989155, "dictionary": 0.0, "combined": 0.002172946761879282}, "Q26329648": {"object": 0.013034001869989155, "dictionary": 0.0, "combined": 0.002172946761879282}, "Q28206262": {"object": 0.013034001869989155, "dictionary": 0.0, "combined": 0.002172946761879282}, "Q28205580": {"object": 0.007650136587379133, "dictionary": 0.0, "combined": 0.0012753826254816658}, "Q28206771": {"object": 0.007474967924671202, "dictionary": 0.0, "combined": 0.0012461796084642807}, "Q28205626": {"object": 0.007650136587379133, "dictionary": 0.0, "combined": 0.0012753826254816658}, "Q729366": {"object": 0.007650136587379133, "dictionary": 0.0, "combined": 0.0012753826254816658}, "Q29012120": {"object": 0.012106705414294684, "dictionary": 0.0, "combined": 0.0020183537327542133}, "Q29011315": {"object": 0.012106705414294684, "dictionary": 0.0, "combined": 0.0020183537327542133}, "Q29011363": {"object": 0.012106705414294684, "dictionary": 0.0, "combined": 0.0020183537327542133}, "Q29012190": {"object": 0.012106705414294684, "dictionary": 0.0, "combined": 0.0020183537327542133}, "Q29011569": {"object": 0.012106705414294684, "dictionary": 0.0, "combined": 0.0020183537327542133}, "Q29011484": {"object": 0.012106705414294684, "dictionary": 0.0, "combined": 0.0020183537327542133}, "Q29011271": {"object": 0.012106705414294684, "dictionary": 0.0, "combined": 0.0020183537327542133}, "Q29017311": {"object": 0.012106705414294684, "dictionary": 0.0, "combined": 0.0020183537327542133}, "Q29011357": {"object": 0.012106705414294684, "dictionary": 0.0, "combined": 0.0020183537327542133}, "Q29012206": {"object": 0.012106705414294684, "dictionary": 0.0, "combined": 0.0020183537327542133}, "Q29011646": {"object": 0.012106705414294684, "dictionary": 0.0, "combined": 0.0020183537327542133}, "Q29017312": {"object": 0.012106705414294684, "dictionary": 0.0, "combined": 0.0020183537327542133}, "Q29012350": {"object": 0.012106705414294684, "dictionary": 0.0, "combined": 0.0020183537327542133}, "Q29012285": {"object": 0.012106705414294684, "dictionary": 0.0, "combined": 0.0020183537327542133}, "Q29017304": {"object": 0.012106705414294684, "dictionary": 0.0, "combined": 0.0020183537327542133}, "Q29011538": {"object": 0.012106705414294684, "dictionary": 0.0, "combined": 0.0020183537327542133}, "Q29011892": {"object": 0.012106705414294684, "dictionary": 0.0, "combined": 0.0020183537327542133}, "Q29011549": {"object": 0.012106705414294684, "dictionary": 0.0, "combined": 0.0020183537327542133}, "Q29011710": {"object": 0.012106705414294684, "dictionary": 0.0, "combined": 0.0020183537327542133}, "Q29011079": {"object": 0.012106705414294684, "dictionary": 0.0, "combined": 0.0020183537327542133}, "Q29012054": {"object": 0.012106705414294684, "dictionary": 0.0, "combined": 0.0020183537327542133}, "Q29017314": {"object": 0.012106705414294684, "dictionary": 0.0, "combined": 0.0020183537327542133}, "Q29011566": {"object": 0.012106705414294684, "dictionary": 0.0, "combined": 0.0020183537327542133}, "Q29017309": {"object": 0.012106705414294684, "dictionary": 0.0, "combined": 0.0020183537327542133}, "Q29017306": {"object": 0.012106705414294684, "dictionary": 0.0, "combined": 0.0020183537327542133}, "Q29011365": {"object": 0.012106705414294684, "dictionary": 0.0, "combined": 0.0020183537327542133}, "Q29012224": {"object": 0.012106705414294684, "dictionary": 0.0, "combined": 0.0020183537327542133}, "Q29011514": {"object": 0.012106705414294684, "dictionary": 0.0, "combined": 0.0020183537327542133}, "Q29011358": {"object": 0.012106705414294684, "dictionary": 0.0, "combined": 0.0020183537327542133}, "Q29011977": {"object": 0.012106705414294684, "dictionary": 0.0, "combined": 0.0020183537327542133}, "Q29011824": {"object": 0.012106705414294684, "dictionary": 0.0, "combined": 0.0020183537327542133}, "Q29011579": {"object": 0.012106705414294684, "dictionary": 0.0, "combined": 0.0020183537327542133}, "Q29011774": {"object": 0.012106705414294684, "dictionary": 0.0, "combined": 0.0020183537327542133}, "Q29011347": {"object": 0.012106705414294684, "dictionary": 0.0, "combined": 0.0020183537327542133}, "Q29011361": {"object": 0.012106705414294684, "dictionary": 0.0, "combined": 0.0020183537327542133}, "Q29011223": {"object": 0.012106705414294684, "dictionary": 0.0, "combined": 0.0020183537327542133}, "Q673906": {"object": 0.007025608439989529, "dictionary": 0.0, "combined": 0.0011712652232356712}, "Q1888930": {"object": 0.005068865704024316, "dictionary": 0.0, "combined": 0.0008450493891151904}, "Q28786544": {"object": 0.005068865704024316, "dictionary": 0.0, "combined": 0.0008450493891151904}, "Q8811": {"object": 0.005068865704024316, "dictionary": 0.0, "combined": 0.0008450493891151904}, "Q2053": {"object": 0.005068865704024316, "dictionary": 0.0, "combined": 0.0008450493891151904}, "Q29151645": {"object": 0.007025608439989529, "dictionary": 0.0, "combined": 0.0011712652232356712}, "Q17073241": {"object": 0.007025608439989529, "dictionary": 0.0, "combined": 0.0011712652232356712}, "Q288405": {"object": 0.007025608439989529, "dictionary": 0.0, "combined": 0.0011712652232356712}, "Q166074": {"object": 0.004798469338752991, "dictionary": 0.0, "combined": 0.0007999706088448649}, "Q62626012": {"object": 0.005068865704024316, "dictionary": 0.0, "combined": 0.0008450493891151904}, "Q1884715": {"object": 0.03669650055719831, "dictionary": 0.0, "combined": 0.006117809622359038}, "Q2193155": {"object": 0.029232028319004847, "dictionary": 0.0, "combined": 0.004873379788689405}, "Q28344736": {"object": 0.035709650643769346, "dictionary": 0.6049031322012942, "combined": 0.5100107771924294}, "Q98815369": {"object": 0.017216637608990643, "dictionary": 0.0, "combined": 0.002870249468740978}, "Q27979388": {"object": 0.04015575427560354, "dictionary": 0.11067116071720358, "combined": 0.09891527594610497}, "Q50375236": {"object": 0.05780465828142428, "dictionary": 0.28442570708150217, "combined": 0.24664487207198363}, "Q2858737": {"object": 0.06199872139185655, "dictionary": 0.0, "combined": 0.010336036639620535}, "Q13454995": {"object": 0.03164399786778108, "dictionary": 0.0, "combined": 0.005275488172058014}, "Q27967532": {"object": 0.03164399786778108, "dictionary": 0.0, "combined": 0.005275488172058014}, "type": "co-oc"}