{"name": "Q27959833", "Q1888930": {"object": 0.010553856601665582, "dictionary": 0.0, "combined": 0.002064819494209711}, "Q28786544": {"object": 0.010553856601665582, "dictionary": 0.0, "combined": 0.002064819494209711}, "Q8811": {"object": 0.010553856601665582, "dictionary": 0.0, "combined": 0.002064819494209711}, "Q2053": {"object": 0.010553856601665582, "dictionary": 0.0, "combined": 0.002064819494209711}, "Q166074": {"object": 0.009990865859492338, "dictionary": 0.0, "combined": 0.0019546726253091566}, "Q62626012": {"object": 0.010553856601665582, "dictionary": 0.0, "combined": 0.002064819494209711}, "Q1884715": {"object": 0.07640557617380393, "dictionary": 0.0, "combined": 0.014948442934604352}, "Q27596243": {"object": 0.008865329952613153, "dictionary": 0.0, "combined": 0.0017344660629430946}, "Q27979388": {"object": 0.041804034383863646, "dictionary": 0.0, "combined": 0.008178790786184479}, "Q13454995": {"object": 0.06588578891226647, "dictionary": 0.0, "combined": 0.0128902889694336}, "Q27967532": {"object": 0.06588578891226647, "dictionary": 0.0, "combined": 0.0128902889694336}, "Q28919030": {"object": 0.2219231972261511, "dictionary": 1.0, "combined": 0.8477724105038285}, "Q27978795": {"object": 0.45647013557121496, "dictionary": 0.0, "combined": 0.08930654167721463}, "type": "co-oc"}