{"name": "Q27967202", "Q4045294": {"object": 0.0029159565509993364, "dictionary": 0.004274375445153046, "combined": 0.003830327318374748}, "Q1144005": {"object": 0.006146489190389505, "dictionary": 0.011819680838364682, "combined": 0.009965193879312858}, "Q1076355": {"object": 0.002864921117418972, "dictionary": 0.004175824096804617, "combined": 0.00374730825762606}, "Q3807693": {"object": 0.003236525412315774, "dictionary": 0.004181854921600846, "combined": 0.0038728399339612624}, "Q95994246": {"object": 0.0032370072771440994, "dictionary": 0.004192157068974659, "combined": 0.0038799319683960375}, "Q58006953": {"object": 0.0032370072771440994, "dictionary": 0.004192157068974659, "combined": 0.0038799319683960375}, "Q723030": {"object": 0.003088829626655837, "dictionary": 0.004109801305921138, "combined": 0.0037760599514519103}, "Q27979156": {"object": 0.003088829626655837, "dictionary": 0.004111483825490735, "combined": 0.003777192478919392}, "Q16996920": {"object": 0.0036035299578740295, "dictionary": 0.0, "combined": 0.0011779435154134201}, "Q66811836": {"object": 0.0036035299578740295, "dictionary": 0.0, "combined": 0.0011779435154134201}, "Q28600763": {"object": 0.0036035299578740295, "dictionary": 0.0, "combined": 0.0011779435154134201}, "Q1662484": {"object": 0.0036035299578740295, "dictionary": 0.0, "combined": 0.0011779435154134201}, "Q684554": {"object": 0.0036035299578740295, "dictionary": 0.0, "combined": 0.0011779435154134201}, "Q1343830": {"object": 0.0050795124436547115, "dictionary": 0.008062831281259314, "combined": 0.007087626101824559}, "Q47512572": {"object": 0.008441815497307596, "dictionary": 0.0, "combined": 0.002759511351263093}, "Q1882400": {"object": 0.005695732771212187, "dictionary": 0.008978671718426817, "combined": 0.007905524918045801}, "Q27979410": {"object": 0.005695732771212187, "dictionary": 0.008978671718426817, "combined": 0.007905524918045801}, "Q28055391": {"object": 0.005641913277077312, "dictionary": 0.008771779883355726, "combined": 0.007748670289131682}, "Q1141412": {"object": 0.0045446705716878505, "dictionary": 0.00679910285293143, "combined": 0.006062160488729111}, "Q29944987": {"object": 0.008023451245265378, "dictionary": 0.0, "combined": 0.002622753931861852}, "Q29944777": {"object": 0.008023451245265378, "dictionary": 0.0, "combined": 0.002622753931861852}, "Q29944782": {"object": 0.008023451245265378, "dictionary": 0.0, "combined": 0.002622753931861852}, "Q29944783": {"object": 0.008023451245265378, "dictionary": 0.0, "combined": 0.002622753931861852}, "Q29944780": {"object": 0.008023451245265378, "dictionary": 0.0, "combined": 0.002622753931861852}, "Q29944776": {"object": 0.008023451245265378, "dictionary": 0.0, "combined": 0.002622753931861852}, "Q29944786": {"object": 0.008023451245265378, "dictionary": 0.0, "combined": 0.002622753931861852}, "Q29944773": {"object": 0.008023451245265378, "dictionary": 0.0, "combined": 0.002622753931861852}, "Q29944785": {"object": 0.008023451245265378, "dictionary": 0.0, "combined": 0.002622753931861852}, "Q29944758": {"object": 0.008023451245265378, "dictionary": 0.0, "combined": 0.002622753931861852}, "Q29944779": {"object": 0.008023451245265378, "dictionary": 0.0, "combined": 0.002622753931861852}, "Q27596243": {"object": 0.004950007874629855, "dictionary": 0.008614315582674151, "combined": 0.0074165046712541954}, "Q217570": {"object": 0.008255137832021841, "dictionary": 0.023595953298356117, "combined": 0.01858125540185701}, "Q28206625": {"object": 0.013923585810295703, "dictionary": 0.01693526388734305, "combined": 0.015950788469393788}, "Q28205846": {"object": 0.013411496263435874, "dictionary": 0.025093943540664174, "combined": 0.02127511500996174}, "Q85415606": {"object": 0.01976822373813455, "dictionary": 0.036951101869581594, "combined": 0.03133425946569093}, "Q34746472": {"object": 0.006043805906313094, "dictionary": 0.009590305780810483, "combined": 0.00843100460157362}, "Q27826464": {"object": 0.0061370245008541165, "dictionary": 0.009604160971064635, "combined": 0.008470802578077287}, "Q27826469": {"object": 0.0061370245008541165, "dictionary": 0.009604160971064635, "combined": 0.008470802578077287}, "Q27826466": {"object": 0.0061370245008541165, "dictionary": 0.009604160971064635, "combined": 0.008470802578077287}, "Q27826468": {"object": 0.0061370245008541165, "dictionary": 0.009604160971064635, "combined": 0.008470802578077287}, "Q27967388": {"object": 0.006509732967763884, "dictionary": 0.0, "combined": 0.002127940609927485}, "Q28771319": {"object": 0.007319866268573349, "dictionary": 0.0, "combined": 0.0023927618489527824}, "Q6043826": {"object": 0.007319866268573349, "dictionary": 0.0, "combined": 0.0023927618489527824}, "Q29000498": {"object": 0.007319866268573349, "dictionary": 0.0, "combined": 0.0023927618489527824}, "Q27967091": {"object": 0.015339397511251643, "dictionary": 0.0, "combined": 0.005014234386825451}, "Q49243748": {"object": 0.010700019698583831, "dictionary": 0.039937659935641204, "combined": 0.030380284493825533}, "Q3888665": {"object": 0.016636958275081597, "dictionary": 0.037672618268954336, "combined": 0.030796355390084667}, "Q382011": {"object": 0.016636958275081597, "dictionary": 0.037672618268954336, "combined": 0.030796355390084667}, "Q19599377": {"object": 0.010429230543832053, "dictionary": 0.0, "combined": 0.003409169518076197}, "Q28344713": {"object": 0.010429230543832053, "dictionary": 0.0, "combined": 0.003409169518076197}, "Q28347555": {"object": 0.010018889501268655, "dictionary": 0.0, "combined": 0.00327503477357675}, "Q28755621": {"object": 0.010018889501268655, "dictionary": 0.0, "combined": 0.00327503477357675}, "Q28206138": {"object": 0.009798338095815283, "dictionary": 0.0, "combined": 0.003202939605531474}, "Q28206147": {"object": 0.009798338095815283, "dictionary": 0.0, "combined": 0.003202939605531474}, "Q29904449": {"object": 0.01494880873521761, "dictionary": 0.0, "combined": 0.0048865563818411405}, "Q28206493": {"object": 0.02757007844277195, "dictionary": 0.0, "combined": 0.00901227282713153}, "Q2276274": {"object": 0.01225929554849418, "dictionary": 0.004855257206926198, "combined": 0.0072755337286365285}, "Q29167914": {"object": 0.01211989554569312, "dictionary": 0.0048526906263314535, "combined": 0.00722823821717011}, "Q28771288": {"object": 0.01225929554849418, "dictionary": 0.004855257206926198, "combined": 0.0072755337286365285}, "Q28009488": {"object": 0.01225929554849418, "dictionary": 0.004855257206926198, "combined": 0.0072755337286365285}, "Q27684861": {"object": 0.03629660593961123, "dictionary": 0.05195439345083062, "combined": 0.04683608182856688}, "Q27684843": {"object": 0.03629660593961123, "dictionary": 0.05195439345083062, "combined": 0.04683608182856688}, "Q27684948": {"object": 0.03629660593961123, "dictionary": 0.05195439345083062, "combined": 0.04683608182856688}, "Q27684882": {"object": 0.03629660593961123, "dictionary": 0.05195439345083062, "combined": 0.04683608182856688}, "Q27684919": {"object": 0.03629660593961123, "dictionary": 0.05195439345083062, "combined": 0.04683608182856688}, "Q27684906": {"object": 0.03629660593961123, "dictionary": 0.05195439345083062, "combined": 0.04683608182856688}, "Q27684912": {"object": 0.03629660593961123, "dictionary": 0.05195439345083062, "combined": 0.04683608182856688}, "Q27684925": {"object": 0.03629660593961123, "dictionary": 0.05195439345083062, "combined": 0.04683608182856688}, "Q27684941": {"object": 0.03629660593961123, "dictionary": 0.05195439345083062, "combined": 0.04683608182856688}, "Q27684898": {"object": 0.03629660593961123, "dictionary": 0.05195439345083062, "combined": 0.04683608182856688}, "Q27684816": {"object": 0.03629660593961123, "dictionary": 0.05195439345083062, "combined": 0.04683608182856688}, "Q27684873": {"object": 0.03629660593961123, "dictionary": 0.05195439345083062, "combined": 0.04683608182856688}, "Q47538977": {"object": 0.03232878260688644, "dictionary": 0.0, "combined": 0.010567826625051548},