{"name": "Q27979314", "Q99184084": {"object": 0.0020989612510340897, "dictionary": 0.0, "combined": 0.0005926870549350685}, "Q28600412": {"object": 0.004130279970309397, "dictionary": 0.00988663900102678, "combined": 0.008261206669017826}, "Q4045294": {"object": 0.001756185175731703, "dictionary": 0.0, "combined": 0.0004958968247804703}, "Q28205439": {"object": 0.002810479275980876, "dictionary": 0.0, "combined": 0.0007935995408283481}, "Q28018471": {"object": 0.0033391747729000624, "dictionary": 0.0, "combined": 0.0009428881362572001}, "Q336284": {"object": 0.002915519835618303, "dictionary": 0.0, "combined": 0.0008232600121255511}, "Q28018470": {"object": 0.003417967634069335, "dictionary": 0.0, "combined": 0.0009651370028398093}, "Q1076355": {"object": 0.0017254482047503767, "dictionary": 0.0, "combined": 0.00048721757698608057}, "Q28858032": {"object": 0.0029044985576046714, "dictionary": 0.0, "combined": 0.000820147916176042}, "Q3807693": {"object": 0.0019492533069602634, "dictionary": 0.0, "combined": 0.0005504137826534645}, "Q95994246": {"object": 0.0019495435183723374, "dictionary": 0.0, "combined": 0.0005504957301153559}, "Q58006953": {"object": 0.0019495435183723374, "dictionary": 0.0, "combined": 0.0005504957301153559}, "Q723030": {"object": 0.001860300970134416, "dictionary": 0.0, "combined": 0.0005252961686351353}, "Q27979156": {"object": 0.001860300970134416, "dictionary": 0.0, "combined": 0.0005252961686351353}, "Q26549229": {"object": 0.0011259187857068985, "dictionary": 0.0, "combined": 0.0003179274933579286}, "Q47233167": {"object": 0.0012886446867556157, "dictionary": 0.0, "combined": 0.0003638766670297646}, "Q29650304": {"object": 0.0012886446867556157, "dictionary": 0.0, "combined": 0.0003638766670297646}, "Q1601331": {"object": 0.0012886446867556157, "dictionary": 0.0, "combined": 0.0003638766670297646}, "Q81526237": {"object": 0.0012886446867556157, "dictionary": 0.0, "combined": 0.0003638766670297646}, "Q28009496": {"object": 0.0012886446867556157, "dictionary": 0.0, "combined": 0.0003638766670297646}, "Q34747804": {"object": 0.0012886446867556157, "dictionary": 0.0, "combined": 0.0003638766670297646}, "Q28049770": {"object": 0.0012886446867556157, "dictionary": 0.0, "combined": 0.0003638766670297646}, "Q28755606": {"object": 0.0012886446867556157, "dictionary": 0.0, "combined": 0.0003638766670297646}, "Q81526528": {"object": 0.0012886446867556157, "dictionary": 0.0, "combined": 0.0003638766670297646}, "Q81526664": {"object": 0.0012886446867556157, "dictionary": 0.0, "combined": 0.0003638766670297646}, "Q28758112": {"object": 0.0012886446867556157, "dictionary": 0.0, "combined": 0.0003638766670297646}, "Q32097899": {"object": 0.0012886446867556157, "dictionary": 0.0, "combined": 0.0003638766670297646}, "Q66439259": {"object": 0.0012886446867556157, "dictionary": 0.0, "combined": 0.0003638766670297646}, "Q28207108": {"object": 0.0012886446867556157, "dictionary": 0.0, "combined": 0.0003638766670297646}, "Q32097740": {"object": 0.0012886446867556157, "dictionary": 0.0, "combined": 0.0003638766670297646}, "Q6912474": {"object": 0.0012886446867556157, "dictionary": 0.0, "combined": 0.0003638766670297646}, "Q28206109": {"object": 0.0024184135295236765, "dictionary": 0.0, "combined": 0.0006828913071750805}, "Q1676669": {"object": 0.0025689191361893786, "dictionary": 0.0, "combined": 0.000725389816722107}, "Q28445577": {"object": 0.005639311086542197, "dictionary": 0.0, "combined": 0.0015923813162814274}, "Q856364": {"object": 0.007980992470047469, "dictionary": 0.0, "combined": 0.0022536056443161877}, "Q1343830": {"object": 0.0030592240650615756, "dictionary": 0.0, "combined": 0.0008638380058776917}, "Q28205727": {"object": 0.010277448060423595, "dictionary": 0.024486854061550788, "combined": 0.020474521298839872}, "Q4545483": {"object": 0.010277448060423595, "dictionary": 0.024486854061550788, "combined": 0.020474521298839872}, "Q1882400": {"object": 0.0034303533961450895, "dictionary": 0.0, "combined": 0.0009686343903424078}, "Q27979410": {"object": 0.0034303533961450895, "dictionary": 0.0, "combined": 0.0009686343903424078}, "Q28055391": {"object": 0.003397939676629051, "dictionary": 0.0, "combined": 0.0009594816763749693}, "Q1141412": {"object": 0.0013685531569129585, "dictionary": 0.0, "combined": 0.0003864405499116374}, "Q28206359": {"object": 0.0017860532092876657, "dictionary": 0.0, "combined": 0.0005043307093203892}, "Q28206497": {"object": 0.002281489297417506, "dictionary": 0.0, "combined": 0.000644227792145315}, "Q26385770": {"object": 0.002281489297417506, "dictionary": 0.0, "combined": 0.000644227792145315}, "Q17092932": {"object": 0.002281489297417506, "dictionary": 0.0, "combined": 0.000644227792145315}, "Q1952321": {"object": 0.002281489297417506, "dictionary": 0.0, "combined": 0.000644227792145315}, "Q26329648": {"object": 0.002281489297417506, "dictionary": 0.0, "combined": 0.000644227792145315}, "Q28206262": {"object": 0.002281489297417506, "dictionary": 0.0, "combined": 0.000644227792145315}, "Q28205580": {"object": 0.002678180488538182, "dictionary": 0.0, "combined": 0.0007562421200268637}, "Q28206771": {"object": 0.0026168569697605365, "dictionary": 0.0, "combined": 0.0007389260996740953}, "Q28205626": {"object": 0.002678180488538182, "dictionary": 0.0, "combined": 0.0007562421200268637}, "Q729366": {"object": 0.002678180488538182, "dictionary": 0.0, "combined": 0.0007562421200268637}, "Q66134804": {"object": 0.00266381049475038, "dictionary": 0.007674889488056583, "combined": 0.006259903075550673}, "Q178051": {"object": 0.0026255289452490386, "dictionary": 0.0, "combined": 0.000741374819301586}, "Q27526733": {"object": 0.001693457360574756, "dictionary": 0.0, "combined": 0.0004781842710067568}, "Q939636": {"object": 0.002657170938304113, "dictionary": 0.022226448755399964, "combined": 0.016700640391426342}, "Q27596243": {"object": 0.0029812277025187146, "dictionary": 0.0, "combined": 0.0008418140478897102}, "Q217570": {"object": 0.004971799281182776, "dictionary": 0.024963025233286657, "combined": 0.019318070697676923}, "Q26211936": {"object": 0.0036280792625619745, "dictionary": 0.0, "combined": 0.0010244665603709746}, "Q26211977": {"object": 0.0036280792625619745, "dictionary": 0.0, "combined": 0.0010244665603709746}, "Q26211940": {"object": 0.0036280792625619745, "dictionary": 0.0, "combined": 0.0010244665603709746}, "Q26211915": {"object": 0.0036280792625619745, "dictionary": 0.0, "combined": 0.0010244665603709746}, "Q10394822": {"object": 0.0036280792625619745, "dictionary": 0.0, "combined": 0.0010244665603709746}, "Q26211975": {"object": 0.0036280792625619745, "dictionary": 0.0, "combined": 0.0010244665603709746}, "Q26211905": {"object": 0.0036280792625619745, "dictionary": 0.0, "combined": 0.0010244665603709746}, "Q5532250": {"object": 0.0036280792625619745, "dictionary": 0.0, "combined": 0.0010244665603709746}, "Q26211927": {"object": 0.0036280792625619745, "dictionary": 0.0, "combined": 0.0010244665603709746}, "Q26211957": {"object": 0.0036280792625619745, "dictionary": 0.0, "combined": 0.0010244665603709746}, "Q26211948": {"object": 0.0036280792625619745, "dictionary": 0.0, "combined": 0.0010244665603709746}, "Q26211958": {"object": 0.0036280792625619745, "dictionary": 0.0, "combined": 0.0010244665603709746}, "Q26211874": {"object": 0.0036280792625619745, "dictionary": 0.0, "combined": 0.0010244665603709746}, "Q26211954": {"object": 0.0036280792625619745, "dictionary": 0.0, "combined": 0.0010244665603709746}, "Q26211891": {"object": 0.0036280792625619745, "dictionary": 0.0, "combined": 0.0010244665603709746}, "Q26211983": {"object": 0.0036280792625619745, "dictionary": 0.0, "combined": 0.0010244665603709746}, "Q26211840": {"object": 0.0036280792625619745, "dictionary": 0.0, "combined": 0.0010244665603709746}, "Q26211965": {"object": 0.0036280792625619745, "dictionary": 0.0, "combined": 0.0010244665603709746}, "Q26211978": {"object": 0.0036280792625619745, "dictionary": 0.0,