{"name": "Q27967407", "Q28600412": {"object": 0.003528345548422264, "dictionary": 0.0, "combined": 0.00198572407248542}, "Q4045294": {"object": 0.0022503661464384787, "dictionary": 0.009274309342209021, "combined": 0.005321291448638879}, "Q1144005": {"object": 0.00474350387311575, "dictionary": 0.025645706098531437, "combined": 0.013882117312414339}, "Q1076355": {"object": 0.0022109799587537887, "dictionary": 0.009060477941012954, "combined": 0.005205636389596798}, "Q3807693": {"object": 0.0016651750675016404, "dictionary": 0.0, "combined": 0.0009371469350327981}, "Q95994246": {"object": 0.0016654229843865132, "dictionary": 0.0, "combined": 0.0009372864606318392}, "Q58006953": {"object": 0.0016654229843865132, "dictionary": 0.0, "combined": 0.0009372864606318392}, "Q723030": {"object": 0.003178372746585359, "dictionary": 0.0, "combined": 0.0017887622364675545}, "Q27979156": {"object": 0.003178372746585359, "dictionary": 0.0, "combined": 0.0017887622364675545}, "Q47233167": {"object": 0.004403366141469177, "dictionary": 0.009989072322860346, "combined": 0.00684548248053925}, "Q29650304": {"object": 0.004403366141469177, "dictionary": 0.009989072322860346, "combined": 0.00684548248053925}, "Q1601331": {"object": 0.004403366141469177, "dictionary": 0.009989072322860346, "combined": 0.00684548248053925}, "Q81526237": {"object": 0.004403366141469177, "dictionary": 0.009989072322860346, "combined": 0.00684548248053925}, "Q28009496": {"object": 0.004403366141469177, "dictionary": 0.009989072322860346, "combined": 0.00684548248053925}, "Q34747804": {"object": 0.004403366141469177, "dictionary": 0.009989072322860346, "combined": 0.00684548248053925}, "Q28049770": {"object": 0.004403366141469177, "dictionary": 0.009989072322860346, "combined": 0.00684548248053925}, "Q28755606": {"object": 0.004403366141469177, "dictionary": 0.009989072322860346, "combined": 0.00684548248053925}, "Q81526528": {"object": 0.004403366141469177, "dictionary": 0.009989072322860346, "combined": 0.00684548248053925}, "Q81526664": {"object": 0.004403366141469177, "dictionary": 0.009989072322860346, "combined": 0.00684548248053925}, "Q28758112": {"object": 0.004403366141469177, "dictionary": 0.009989072322860346, "combined": 0.00684548248053925}, "Q32097899": {"object": 0.004403366141469177, "dictionary": 0.009989072322860346, "combined": 0.00684548248053925}, "Q66439259": {"object": 0.004403366141469177, "dictionary": 0.009989072322860346, "combined": 0.00684548248053925}, "Q28207108": {"object": 0.004403366141469177, "dictionary": 0.009989072322860346, "combined": 0.00684548248053925}, "Q32097740": {"object": 0.004403366141469177, "dictionary": 0.009989072322860346, "combined": 0.00684548248053925}, "Q6912474": {"object": 0.004403366141469177, "dictionary": 0.009989072322860346, "combined": 0.00684548248053925}, "Q1343830": {"object": 0.0026133820683293054, "dictionary": 0.0, "combined": 0.0014707900948090975}, "Q28758102": {"object": 0.003784930756558939, "dictionary": 0.0, "combined": 0.002130128133099185}, "Q194831": {"object": 0.0031331076857480824, "dictionary": 0.0, "combined": 0.0017632874297306435}, "Q34312361": {"object": 0.0023494696843859766, "dictionary": 0.0, "combined": 0.001322262359463669}, "Q27923693": {"object": 0.0023494696843859766, "dictionary": 0.0, "combined": 0.001322262359463669}, "Q34312151": {"object": 0.0023494696843859766, "dictionary": 0.0, "combined": 0.001322262359463669}, "Q27925722": {"object": 0.0023494696843859766, "dictionary": 0.0, "combined": 0.001322262359463669}, "Q1882400": {"object": 0.002930424141174396, "dictionary": 0.0, "combined": 0.0016492187853665416}, "Q27979410": {"object": 0.002930424141174396, "dictionary": 0.0, "combined": 0.0016492187853665416}, "Q28055391": {"object": 0.0029027342984072344, "dictionary": 0.0, "combined": 0.0016336351678915822}, "Q1141412": {"object": 0.0023382087769761315, "dictionary": 0.0, "combined": 0.001315924812697095}, "Q28206359": {"object": 0.0015257592549503052, "dictionary": 0.0, "combined": 0.000858684853791324}, "Q28205580": {"object": 0.003431805932963378, "dictionary": 0.017501593411725313, "combined": 0.00958323187147746}, "Q28206771": {"object": 0.003353226309046325, "dictionary": 0.01663263848310877, "combined": 0.009159093712449027}, "Q28205626": {"object": 0.003431805932963378, "dictionary": 0.017485795004564847, "combined": 0.009576324678903245}, "Q729366": {"object": 0.003431805932963378, "dictionary": 0.017501593411725313, "combined": 0.00958323187147746}, "Q29904539": {"object": 0.0017139375561110537, "dictionary": 0.0, "combined": 0.0009645900655700851}, "Q28755628": {"object": 0.0017139375561110537, "dictionary": 0.0, "combined": 0.0009645900655700851}, "Q58103465": {"object": 0.0017139375561110537, "dictionary": 0.0, "combined": 0.0009645900655700851}, "Q47538629": {"object": 0.015041717823529158, "dictionary": 0.0, "combined": 0.008465356004337767}, "Q27596243": {"object": 0.002546752658083632, "dictionary": 0.0, "combined": 0.001433291606624032}, "Q48106551": {"object": 0.004235109191760985, "dictionary": 0.0, "combined": 0.00238348488158836}, "Q34746472": {"object": 0.0015547529566299321, "dictionary": 0.0, "combined": 0.0008750022724187145}, "Q479833": {"object": 0.004504407416258001, "dictionary": 0.0, "combined": 0.002535043724032357}, "Q27967388": {"object": 0.0033492229020558916, "dictionary": 0.0, "combined": 0.0018849153093029}, "Q27925705": {"object": 0.00693792824692901, "dictionary": 0.0, "combined": 0.003904609382509019}, "Q29904535": {"object": 0.0111285173289163, "dictionary": 0.0, "combined": 0.006263038709737958}, "Q34284437": {"object": 0.003153671096603561, "dictionary": 0.0, "combined": 0.0017748603494993406}, "Q29650311": {"object": 0.0036084114914290634, "dictionary": 0.0, "combined": 0.002030784531624956}, "Q4042979": {"object": 0.0022108832637346633, "dictionary": 0.0, "combined": 0.0012442670532131347}, "Q47455565": {"object": 0.0022278026622840692, "dictionary": 0.0, "combined": 0.0012537891526023383}, "Q47455466": {"object": 0.0022278026622840692, "dictionary": 0.0, "combined": 0.0012537891526023383}, "Q51370033": {"object": 0.0136485113895766, "dictionary": 0.0, "combined": 0.0076812707961647075}, "Q61752184": {"object": 0.0035855112852660686, "dictionary": 0.0, "combined": 0.0020178964825326357}, "Q47493628": {"object": 0.0035855112852660686, "dictionary": 0.0, "combined": 0.0020178964825326357}, "Q47493509": {"object": 0.0035855112852660686, "dictionary": 0.0, "combined": 0.0020178964825326357}, "Q47493633": {"object": 0.0035855112852660686, "dictionary": 0.0, "combined": 0.0020178964825326357}, "Q47493619": {"object": 0.0035855112852660686, "dictionary": 0.0, "combined": 0.0020178964825326357}, "Q47493614": {"object": 0.0035855112852660686, "dictionary": 0.0, "combined": 0.0020178964825326357}, "Q62625561": {"object": 0.00316184087775005, "dictionary": 0.0, "combined": 0.0017794582356380087}, "Q62619688": {"object": 0.0044857847084537, "dictionary": 0.0, "combined": 0.0025245630160987483}, "Q29650330": {"object": 0.0044857847084537, "dictionary": 0.0, "combined": 0.0025245630160987483}, "Q28049670": {"object": 0.0044857847084537, "dictionary": 0.0, "combined": 0.0025245630160987483}, "Q27349828": {"object": 0.0044857847084537, "dictionary": 0.0, "combined": 0.0025245630160987483}, "Q28600256": {"object": 0.0044857847084537, "dictionary": 0.0, "combined": 0.0025245630160987483}, "Q63036182": {"object": 0.0044857847084537, "dictionary": 0.0, "combined": 0.0025245630160987483}, "Q27967116": {"object": 0.0044857847084537, "dictionary": 0.0, "combined": 0.0025245630160987483}, "Q1192568": {"object": 0.0035732025936524494, "dictionary": 0.0, "combined": 0.002010969251369324}, "Q28600476": {"object": 0.0030063967315851203, "dictionary": 0.0, "combined": 0.0016919755390793715}, "Q48814895": {"object": 0.005295320665079821, "dictionary": 0.0, "combined": 0.0029801632441812326}, "Q59999653": {"object": 0.005295320665079821, "dictionary": 0.0,