{"name": "Q27959894", "Q99184084": {"object": 0.002044166745526996, "dictionary": 0.0, "combined": 0.0020441667455270004}, "Q28600412": {"object": 0.0040224568037466706, "dictionary": 0.0, "combined": 0.004022456803746678}, "Q4045294": {"object": 0.0017103390229093495, "dictionary": 0.0, "combined": 0.001710339022909353}, "Q1076355": {"object": 0.0016804044569866574, "dictionary": 0.0, "combined": 0.001680404456986661}, "Q28858032": {"object": 0.0028286750700907367, "dictionary": 0.0, "combined": 0.002828675070090743}, "Q3807693": {"object": 0.0018983670073631012, "dictionary": 0.0, "combined": 0.001898367007363105}, "Q95994246": {"object": 0.0018986496426511238, "dictionary": 0.0, "combined": 0.0018986496426511277}, "Q58006953": {"object": 0.0018986496426511238, "dictionary": 0.0, "combined": 0.0018986496426511277}, "Q723030": {"object": 0.0018117368188416455, "dictionary": 0.0, "combined": 0.0018117368188416494}, "Q27979156": {"object": 0.0018117368188416455, "dictionary": 0.0, "combined": 0.0018117368188416494}, "Q26549229": {"object": 0.0021930521478395765, "dictionary": 0.0, "combined": 0.0021930521478395813}, "Q47233167": {"object": 0.0025100078566653817, "dictionary": 0.0, "combined": 0.002510007856665387}, "Q29650304": {"object": 0.0025100078566653817, "dictionary": 0.0, "combined": 0.002510007856665387}, "Q1601331": {"object": 0.0025100078566653817, "dictionary": 0.0, "combined": 0.002510007856665387}, "Q81526237": {"object": 0.0025100078566653817, "dictionary": 0.0, "combined": 0.002510007856665387}, "Q28009496": {"object": 0.0025100078566653817, "dictionary": 0.0, "combined": 0.002510007856665387}, "Q34747804": {"object": 0.0025100078566653817, "dictionary": 0.0, "combined": 0.002510007856665387}, "Q28049770": {"object": 0.0025100078566653817, "dictionary": 0.0, "combined": 0.002510007856665387}, "Q28755606": {"object": 0.0025100078566653817, "dictionary": 0.0, "combined": 0.002510007856665387}, "Q81526528": {"object": 0.0025100078566653817, "dictionary": 0.0, "combined": 0.002510007856665387}, "Q81526664": {"object": 0.0025100078566653817, "dictionary": 0.0, "combined": 0.002510007856665387}, "Q28758112": {"object": 0.0025100078566653817, "dictionary": 0.0, "combined": 0.002510007856665387}, "Q32097899": {"object": 0.0025100078566653817, "dictionary": 0.0, "combined": 0.002510007856665387}, "Q66439259": {"object": 0.0025100078566653817, "dictionary": 0.0, "combined": 0.002510007856665387}, "Q28207108": {"object": 0.0025100078566653817, "dictionary": 0.0, "combined": 0.002510007856665387}, "Q32097740": {"object": 0.0025100078566653817, "dictionary": 0.0, "combined": 0.002510007856665387}, "Q6912474": {"object": 0.0025100078566653817, "dictionary": 0.0, "combined": 0.002510007856665387}, "Q16996920": {"object": 0.0021136315988873732, "dictionary": 0.0, "combined": 0.0021136315988873776}, "Q66811836": {"object": 0.0021136315988873732, "dictionary": 0.0, "combined": 0.0021136315988873776}, "Q28600763": {"object": 0.0021136315988873732, "dictionary": 0.0, "combined": 0.0021136315988873776}, "Q1662484": {"object": 0.0021136315988873732, "dictionary": 0.0, "combined": 0.0021136315988873776}, "Q684554": {"object": 0.0021136315988873732, "dictionary": 0.0, "combined": 0.0021136315988873776}, "Q1343830": {"object": 0.002979361385463338, "dictionary": 0.0, "combined": 0.0029793613854633442}, "Q47512572": {"object": 0.004951502608740129, "dictionary": 0.0, "combined": 0.004951502608740139}, "Q283579": {"object": 0.007473275857187012, "dictionary": 0.0, "combined": 0.007473275857187027}, "Q28758102": {"object": 0.004314974331309025, "dictionary": 0.0, "combined": 0.004314974331309034}, "Q194831": {"object": 0.003571869635343348, "dictionary": 0.0, "combined": 0.0035718696353433553}, "Q27473691": {"object": 0.0057241081831058286, "dictionary": 0.0, "combined": 0.00572410818310584}, "Q47455968": {"object": 0.005671268151138681, "dictionary": 0.0, "combined": 0.005671268151138692}, "Q28206310": {"object": 0.0057241081831058286, "dictionary": 0.0, "combined": 0.00572410818310584}, "Q3928271": {"object": 0.0050289112806000775, "dictionary": 0.0, "combined": 0.005028911280600088}, "Q1882400": {"object": 0.0033408021869630496, "dictionary": 0.0, "combined": 0.0033408021869630565}, "Q27979410": {"object": 0.0033408021869630496, "dictionary": 0.0, "combined": 0.0033408021869630565}, "Q28055391": {"object": 0.0033092346449224894, "dictionary": 0.0, "combined": 0.003309234644922496}, "Q1141412": {"object": 0.002665652690319268, "dictionary": 0.0, "combined": 0.0026656526903192732}, "Q59961105": {"object": 0.010089489738752478, "dictionary": 0.0, "combined": 0.010089489738752499}, "Q66134804": {"object": 0.0025942702977826927, "dictionary": 0.0, "combined": 0.002594270297782698}, "Q29944987": {"object": 0.0047061132507221345, "dictionary": 0.0, "combined": 0.004706113250722144}, "Q29944777": {"object": 0.0047061132507221345, "dictionary": 0.0, "combined": 0.004706113250722144}, "Q29944782": {"object": 0.0047061132507221345, "dictionary": 0.0, "combined": 0.004706113250722144}, "Q29944783": {"object": 0.0047061132507221345, "dictionary": 0.0, "combined": 0.004706113250722144}, "Q29944780": {"object": 0.0047061132507221345, "dictionary": 0.0, "combined": 0.004706113250722144}, "Q29944776": {"object": 0.0047061132507221345, "dictionary": 0.0, "combined": 0.004706113250722144}, "Q29944786": {"object": 0.0047061132507221345, "dictionary": 0.0, "combined": 0.004706113250722144}, "Q29944773": {"object": 0.0047061132507221345, "dictionary": 0.0, "combined": 0.004706113250722144}, "Q29944785": {"object": 0.0047061132507221345, "dictionary": 0.0, "combined": 0.004706113250722144}, "Q29944758": {"object": 0.0047061132507221345, "dictionary": 0.0, "combined": 0.004706113250722144}, "Q29944779": {"object": 0.0047061132507221345, "dictionary": 0.0, "combined": 0.004706113250722144}, "Q166074": {"object": 0.003272014880157019, "dictionary": 0.0, "combined": 0.003272014880157026}, "Q58335745": {"object": 0.005713165261755561, "dictionary": 0.0, "combined": 0.005713165261755572}, "Q34310996": {"object": 0.005713165261755561, "dictionary": 0.0, "combined": 0.005713165261755572}, "Q26211936": {"object": 0.0035333663139381338, "dictionary": 0.0, "combined": 0.0035333663139381416}, "Q26211977": {"object": 0.0035333663139381338, "dictionary": 0.0, "combined": 0.0035333663139381416}, "Q26211940": {"object": 0.0035333663139381338, "dictionary": 0.0, "combined": 0.0035333663139381416}, "Q26211915": {"object": 0.0035333663139381338, "dictionary": 0.0, "combined": 0.0035333663139381416}, "Q10394822": {"object": 0.0035333663139381338, "dictionary": 0.0, "combined": 0.0035333663139381416}, "Q26211975": {"object": 0.0035333663139381338, "dictionary": 0.0, "combined": 0.0035333663139381416}, "Q26211905": {"object": 0.0035333663139381338, "dictionary": 0.0, "combined": 0.0035333663139381416}, "Q5532250": {"object": 0.0035333663139381338, "dictionary": 0.0, "combined": 0.0035333663139381416}, "Q26211927": {"object": 0.0035333663139381338, "dictionary": 0.0, "combined": 0.0035333663139381416}, "Q26211957": {"object": 0.0035333663139381338, "dictionary": 0.0, "combined": 0.0035333663139381416}, "Q26211948": {"object": 0.0035333663139381338, "dictionary": 0.0, "combined": 0.0035333663139381416}, "Q26211958": {"object": 0.0035333663139381338, "dictionary": 0.0, "combined": 0.0035333663139381416}, "Q26211874": {"object": 0.0035333663139381338, "dictionary": 0.0, "combined": 0.0035333663139381416}, "Q26211954": {"object": 0.0035333663139381338, "dictionary": 0.0, "combined": 0.0035333663139381416}, "Q26211891": {"object": 0.0035333663139381338, "dictionary": 0.0, "combined": 0.0035333663139381416}, "Q26211983": {"object": 0.0035333663139381338, "dictionary": 0.0, "combined": 0.0035333663139381416}, "Q26211840": {"object": 0.0035333663139381338, "dictionary": 0.0, "combined": 0.0035333663139381416}, "Q26211965": {"object": 0.0035333663139381338, "dictionary": 0.0, "combined": 0.0035333663139381416},