{"name": "Q27979322", "Q99184084": {"object": 0.0017658944362624219, "dictionary": 0.001878497985590586, "combined": 0.0018388231311219855}, "Q4045294": {"object": 0.001477510663592898, "dictionary": 0.0, "combined": 0.0005205876804381656}, "Q1076355": {"object": 0.0014516510885213038, "dictionary": 0.0, "combined": 0.0005114762902226111}, "Q28858032": {"object": 0.002443607684743779, "dictionary": 0.0, "combined": 0.0008609833335538944}, "Q3807693": {"object": 0.0016399424086230312, "dictionary": 0.004945198513785196, "combined": 0.0037806210583127267}, "Q95994246": {"object": 0.0016401865687844768, "dictionary": 0.004957381185072673, "combined": 0.003788597301878138}, "Q58006953": {"object": 0.0016401865687844768, "dictionary": 0.004957381185072673, "combined": 0.003788597301878138}, "Q723030": {"object": 0.0015651051830115929, "dictionary": 0.004859992441395737, "combined": 0.0036990683564376054}, "Q27979156": {"object": 0.0015651051830115929, "dictionary": 0.00486198208317695, "combined": 0.0037003569657150888}, "Q26549229": {"object": 0.0018945120767556865, "dictionary": 0.0, "combined": 0.0006675144023678473}, "Q47233167": {"object": 0.0021683206219645585, "dictionary": 0.0027220808394070495, "combined": 0.002526968374759044}, "Q29650304": {"object": 0.0021683206219645585, "dictionary": 0.0027220808394070495, "combined": 0.002526968374759044}, "Q1601331": {"object": 0.0021683206219645585, "dictionary": 0.0027220808394070495, "combined": 0.002526968374759044}, "Q81526237": {"object": 0.0021683206219645585, "dictionary": 0.0027220808394070495, "combined": 0.002526968374759044}, "Q28009496": {"object": 0.0021683206219645585, "dictionary": 0.0027220808394070495, "combined": 0.002526968374759044}, "Q34747804": {"object": 0.0021683206219645585, "dictionary": 0.0027220808394070495, "combined": 0.002526968374759044}, "Q28049770": {"object": 0.0021683206219645585, "dictionary": 0.0027220808394070495, "combined": 0.002526968374759044}, "Q28755606": {"object": 0.0021683206219645585, "dictionary": 0.0027220808394070495, "combined": 0.002526968374759044}, "Q81526528": {"object": 0.0021683206219645585, "dictionary": 0.0027220808394070495, "combined": 0.002526968374759044}, "Q81526664": {"object": 0.0021683206219645585, "dictionary": 0.0027220808394070495, "combined": 0.002526968374759044}, "Q28758112": {"object": 0.0021683206219645585, "dictionary": 0.0027220808394070495, "combined": 0.002526968374759044}, "Q32097899": {"object": 0.0021683206219645585, "dictionary": 0.0027220808394070495, "combined": 0.002526968374759044}, "Q66439259": {"object": 0.0021683206219645585, "dictionary": 0.0027220808394070495, "combined": 0.002526968374759044}, "Q28207108": {"object": 0.0021683206219645585, "dictionary": 0.0027220808394070495, "combined": 0.002526968374759044}, "Q32097740": {"object": 0.0021683206219645585, "dictionary": 0.0027220808394070495, "combined": 0.002526968374759044}, "Q6912474": {"object": 0.0021683206219645585, "dictionary": 0.0027220808394070495, "combined": 0.002526968374759044}, "Q16996920": {"object": 0.0018259030428662097, "dictionary": 0.0, "combined": 0.0006433406223135144}, "Q66811836": {"object": 0.0018259030428662097, "dictionary": 0.0, "combined": 0.0006433406223135144}, "Q28600763": {"object": 0.0018259030428662097, "dictionary": 0.0, "combined": 0.0006433406223135144}, "Q1662484": {"object": 0.0018259030428662097, "dictionary": 0.0, "combined": 0.0006433406223135144}, "Q684554": {"object": 0.0018259030428662097, "dictionary": 0.0, "combined": 0.0006433406223135144}, "Q1343830": {"object": 0.0025737810800989416, "dictionary": 0.0, "combined": 0.0009068487662797164}, "Q28758102": {"object": 0.003727577107370149, "dictionary": 0.0, "combined": 0.001313378487070542}, "Q194831": {"object": 0.003085631213749829, "dictionary": 0.0, "combined": 0.0010871945873794548}, "Q27473691": {"object": 0.004944885643614581, "dictionary": 0.0, "combined": 0.0017422862729000166}, "Q47455968": {"object": 0.0048992387223607764, "dictionary": 0.0, "combined": 0.0017262029880613975}, "Q28206310": {"object": 0.004944885643614581, "dictionary": 0.0, "combined": 0.0017422862729000166}, "Q3928271": {"object": 0.004344325858103892, "dictionary": 0.0, "combined": 0.00153068439860749}, "Q1882400": {"object": 0.0028860189647055725, "dictionary": 0.0, "combined": 0.001016862995007525}, "Q27979410": {"object": 0.0028860189647055725, "dictionary": 0.0, "combined": 0.001016862995007525}, "Q28055391": {"object": 0.0028587487104673186, "dictionary": 0.0, "combined": 0.0010072545645923227}, "Q1141412": {"object": 0.002302777532773725, "dictionary": 0.012060286865661315, "combined": 0.008622315637684237}, "Q28206359": {"object": 0.0030052783714762414, "dictionary": 0.009852051327000566, "combined": 0.0074396520535255}, "Q28205580": {"object": 0.0022532021597283596, "dictionary": 0.0, "combined": 0.0007938956481294462}, "Q28206771": {"object": 0.00220160956335807, "dictionary": 0.0, "combined": 0.0007757174577894325}, "Q28205626": {"object": 0.0022532021597283596, "dictionary": 0.0, "combined": 0.0007938956481294462}, "Q729366": {"object": 0.0022532021597283596, "dictionary": 0.0, "combined": 0.0007938956481294462}, "Q66134804": {"object": 0.0022411124214987933, "dictionary": 0.0, "combined": 0.0007896359368886962}, "Q29012120": {"object": 0.0035657997050258282, "dictionary": 0.0, "combined": 0.0012563776648707593}, "Q29011315": {"object": 0.0035657997050258282, "dictionary": 0.0, "combined": 0.0012563776648707593}, "Q29011363": {"object": 0.0035657997050258282, "dictionary": 0.0, "combined": 0.0012563776648707593}, "Q29012190": {"object": 0.0035657997050258282, "dictionary": 0.0, "combined": 0.0012563776648707593}, "Q29011569": {"object": 0.0035657997050258282, "dictionary": 0.0, "combined": 0.0012563776648707593}, "Q29011484": {"object": 0.0035657997050258282, "dictionary": 0.0, "combined": 0.0012563776648707593}, "Q29011271": {"object": 0.0035657997050258282, "dictionary": 0.0, "combined": 0.0012563776648707593}, "Q29017311": {"object": 0.0035657997050258282, "dictionary": 0.0, "combined": 0.0012563776648707593}, "Q29011357": {"object": 0.0035657997050258282, "dictionary": 0.0, "combined": 0.0012563776648707593}, "Q29012206": {"object": 0.0035657997050258282, "dictionary": 0.0, "combined": 0.0012563776648707593}, "Q29011646": {"object": 0.0035657997050258282, "dictionary": 0.0, "combined": 0.0012563776648707593}, "Q29017312": {"object": 0.0035657997050258282, "dictionary": 0.0, "combined": 0.0012563776648707593}, "Q29012350": {"object": 0.0035657997050258282, "dictionary": 0.0, "combined": 0.0012563776648707593}, "Q29012285": {"object": 0.0035657997050258282, "dictionary": 0.0, "combined": 0.0012563776648707593}, "Q29017304": {"object": 0.0035657997050258282, "dictionary": 0.0, "combined": 0.0012563776648707593}, "Q29011538": {"object": 0.0035657997050258282, "dictionary": 0.0, "combined": 0.0012563776648707593}, "Q29011892": {"object": 0.0035657997050258282, "dictionary": 0.0, "combined": 0.0012563776648707593}, "Q29011549": {"object": 0.0035657997050258282, "dictionary": 0.0, "combined": 0.0012563776648707593}, "Q29011710": {"object": 0.0035657997050258282, "dictionary": 0.0, "combined": 0.0012563776648707593}, "Q29011079": {"object": 0.0035657997050258282, "dictionary": 0.0, "combined": 0.0012563776648707593}, "Q29012054": {"object": 0.0035657997050258282, "dictionary": 0.0, "combined": 0.0012563776648707593}, "Q29017314": {"object": 0.0035657997050258282, "dictionary": 0.0, "combined": 0.0012563776648707593}, "Q29011566": {"object": 0.0035657997050258282, "dictionary": 0.0, "combined": 0.0012563776648707593}, "Q29017309": {"object": 0.0035657997050258282, "dictionary": 0.0, "combined": 0.0012563776648707593}, "Q29017306": {"object": 0.0035657997050258282, "dictionary": 0.0, "combined": 0.0012563776648707593}, "Q29011365": {"object": 0.0035657997050258282, "dictionary": 0.0, "combined": 0.0012563776648707593}, "Q29012224": {"object": 0.0035657997050258282,