{"name": "Q27967214", "Q99184084": {"object": 0.0011041132441096775, "dictionary": 0.0049482846785129505, "combined": 0.0029735279926949285}, "Q4045294": {"object": 0.0018476065822360078, "dictionary": 0.0, "combined": 0.0009491182985178975}, "Q1144005": {"object": 0.001947267335295886, "dictionary": 0.0, "combined": 0.0010003141782482725}, "Q1076355": {"object": 0.0018152695424478002, "dictionary": 0.0, "combined": 0.0009325067122213465}, "Q3807693": {"object": 0.0010253626127109763, "dictionary": 0.006513248942951364, "combined": 0.0036941134266047083}, "Q95994246": {"object": 0.0010255152721578833, "dictionary": 0.0065292945618813806, "combined": 0.0037019948081867676}, "Q58006953": {"object": 0.0010255152721578833, "dictionary": 0.0065292945618813806, "combined": 0.0037019948081867676}, "Q723030": {"object": 0.001957142313269061, "dictionary": 0.006401025265908541, "combined": 0.004118195865226578}, "Q27979156": {"object": 0.001957142313269061, "dictionary": 0.006403645794122364, "combined": 0.004119470224129555}, "Q47233167": {"object": 0.0013557274245986867, "dictionary": 0.0, "combined": 0.0006964392305486989}, "Q29650304": {"object": 0.0013557274245986867, "dictionary": 0.0, "combined": 0.0006964392305486989}, "Q1601331": {"object": 0.0013557274245986867, "dictionary": 0.0, "combined": 0.0006964392305486989}, "Q81526237": {"object": 0.0013557274245986867, "dictionary": 0.0, "combined": 0.0006964392305486989}, "Q28009496": {"object": 0.0013557274245986867, "dictionary": 0.0, "combined": 0.0006964392305486989}, "Q34747804": {"object": 0.0013557274245986867, "dictionary": 0.0, "combined": 0.0006964392305486989}, "Q28049770": {"object": 0.0013557274245986867, "dictionary": 0.0, "combined": 0.0006964392305486989}, "Q28755606": {"object": 0.0013557274245986867, "dictionary": 0.0, "combined": 0.0006964392305486989}, "Q81526528": {"object": 0.0013557274245986867, "dictionary": 0.0, "combined": 0.0006964392305486989}, "Q81526664": {"object": 0.0013557274245986867, "dictionary": 0.0, "combined": 0.0006964392305486989}, "Q28758112": {"object": 0.0013557274245986867, "dictionary": 0.0, "combined": 0.0006964392305486989}, "Q32097899": {"object": 0.0013557274245986867, "dictionary": 0.0, "combined": 0.0006964392305486989}, "Q66439259": {"object": 0.0013557274245986867, "dictionary": 0.0, "combined": 0.0006964392305486989}, "Q28207108": {"object": 0.0013557274245986867, "dictionary": 0.0, "combined": 0.0006964392305486989}, "Q32097740": {"object": 0.0013557274245986867, "dictionary": 0.0, "combined": 0.0006964392305486989}, "Q6912474": {"object": 0.0013557274245986867, "dictionary": 0.0, "combined": 0.0006964392305486989}, "Q16996920": {"object": 0.001141633209035805, "dictionary": 0.0, "combined": 0.0005864587078815577}, "Q66811836": {"object": 0.001141633209035805, "dictionary": 0.0, "combined": 0.0005864587078815577}, "Q28600763": {"object": 0.001141633209035805, "dictionary": 0.0, "combined": 0.0005864587078815577}, "Q1662484": {"object": 0.001141633209035805, "dictionary": 0.0, "combined": 0.0005864587078815577}, "Q684554": {"object": 0.001141633209035805, "dictionary": 0.0, "combined": 0.0005864587078815577}, "Q194831": {"object": 0.0019292695076100932, "dictionary": 0.0, "combined": 0.000991068666917887}, "Q34312361": {"object": 0.0028934595780150474, "dictionary": 0.0, "combined": 0.0014863745658409654}, "Q27923693": {"object": 0.0028934595780150474, "dictionary": 0.0, "combined": 0.0014863745658409654}, "Q34312151": {"object": 0.0028934595780150474, "dictionary": 0.0, "combined": 0.0014863745658409654}, "Q27925722": {"object": 0.0028934595780150474, "dictionary": 0.0, "combined": 0.0014863745658409654}, "Q1141412": {"object": 0.001439795675190543, "dictionary": 0.0, "combined": 0.0007396252181546505}, "Q5448342": {"object": 0.0022607989222409525, "dictionary": 0.0, "combined": 0.001161375829139764}, "Q29904540": {"object": 0.0022607989222409525, "dictionary": 0.0, "combined": 0.001161375829139764}, "Q5421818": {"object": 0.0022607989222409525, "dictionary": 0.0, "combined": 0.001161375829139764}, "Q50223812": {"object": 0.0022607989222409525, "dictionary": 0.0, "combined": 0.001161375829139764}, "Q5153426": {"object": 0.0022607989222409525, "dictionary": 0.0, "combined": 0.001161375829139764}, "Q28206359": {"object": 0.001879029450484198, "dictionary": 0.0, "combined": 0.0009652602735103122}, "Q28205580": {"object": 0.002817598034317507, "dictionary": 0.0, "combined": 0.001447404375991342}, "Q28206771": {"object": 0.002753082208477987, "dictionary": 0.0, "combined": 0.0014142624985824747}, "Q28205626": {"object": 0.002817598034317507, "dictionary": 0.0, "combined": 0.001447404375991342}, "Q729366": {"object": 0.002817598034317507, "dictionary": 0.0, "combined": 0.001447404375991342}, "Q66134804": {"object": 0.0014012399922119759, "dictionary": 0.0, "combined": 0.0007198191054363647}, "Q47538629": {"object": 0.01852443672524531, "dictionary": 0.0, "combined": 0.009516031191223276}, "Q34746472": {"object": 0.0019147362758944403, "dictionary": 0.0, "combined": 0.000983602923782661}, "Q479833": {"object": 0.0018491152660917642, "dictionary": 0.0, "combined": 0.0009498933116987037}, "Q27925705": {"object": 0.004272158749497613, "dictionary": 0.0, "combined": 0.0021946144175424773}, "Q29904535": {"object": 0.006852592154828039, "dictionary": 0.05780502247618557, "combined": 0.0316306818795892}, "Q59962003": {"object": 0.010546685658747851, "dictionary": 0.0, "combined": 0.005417848390277719}, "Q27966933": {"object": 0.010546685658747851, "dictionary": 0.0, "combined": 0.005417848390277719}, "Q1422885": {"object": 0.010546685658747851, "dictionary": 0.0, "combined": 0.005417848390277719}, "Q61777964": {"object": 0.010546685658747851, "dictionary": 0.0, "combined": 0.005417848390277719}, "Q34284437": {"object": 0.0038838636229356475, "dictionary": 0.0, "combined": 0.0019951466231599344}, "Q29650311": {"object": 0.004443893386104125, "dictionary": 0.0, "combined": 0.002282834760368546}, "Q4042979": {"object": 0.0027227852301478337, "dictionary": 0.0, "combined": 0.0013986988949455203}, "Q47455565": {"object": 0.002743622100745646, "dictionary": 0.0, "combined": 0.0014094028269180398}, "Q47455466": {"object": 0.002743622100745646, "dictionary": 0.0, "combined": 0.0014094028269180398}, "Q51370033": {"object": 0.016808651019533705, "dictionary": 0.0, "combined": 0.008634629476548982}, "Q61752184": {"object": 0.004415690927778661, "dictionary": 0.03411265370246297, "combined": 0.018857278964759566}, "Q47493628": {"object": 0.004415690927778661, "dictionary": 0.03411265370246297, "combined": 0.018857278964759566}, "Q47493509": {"object": 0.004415690927778661, "dictionary": 0.03411265370246297, "combined": 0.018857278964759566}, "Q47493633": {"object": 0.004415690927778661, "dictionary": 0.03411265370246297, "combined": 0.018857278964759566}, "Q47493619": {"object": 0.004415690927778661, "dictionary": 0.03411265370246297, "combined": 0.018857278964759566}, "Q47493614": {"object": 0.004415690927778661, "dictionary": 0.03411265370246297, "combined": 0.018857278964759566}, "Q62625561": {"object": 0.0038939250132424457, "dictionary": 0.0, "combined": 0.0020003151745931927}, "Q62619688": {"object": 0.0027622056193887246, "dictionary": 0.0, "combined": 0.0014189492085799021}, "Q29650330": {"object": 0.0027622056193887246, "dictionary": 0.0, "combined": 0.0014189492085799021}, "Q28049670": {"object": 0.0027622056193887246, "dictionary": 0.0, "combined": 0.0014189492085799021}, "Q27349828": {"object": 0.0027622056193887246, "dictionary": 0.0, "combined": 0.0014189492085799021}, "Q28600256": {"object": 0.0027622056193887246, "dictionary": 0.0, "combined": 0.0014189492085799021}, "Q63036182": {"object": 0.0027622056193887246, "dictionary": 0.0, "combined": 0.0014189492085799021}, "Q27967116": {"object": 0.0027622056193887246, "dictionary": 0.0, "combined": 0.0014189492085799021}, "Q1192568": {"object": 0.004400532314803593, "dictionary": 0.0,