{"name": "Q27960135", "Q99184084": {"object": 0.013279992973153515, "dictionary": 0.0, "combined": 0.0069749577814614645}, "Q79241659": {"object": 0.03485519983889204, "dictionary": 0.0, "combined": 0.018306752709293328}, "Q28600412": {"object": 0.02613201599402688, "dictionary": 0.0, "combined": 0.013725135899641278}, "Q4045294": {"object": 0.011111270768711589, "dictionary": 0.0, "combined": 0.00583589499383196}, "Q28205439": {"object": 0.035563443601287756, "dictionary": 0.0, "combined": 0.018678738624623253}, "Q1076355": {"object": 0.010916799928219922, "dictionary": 0.0, "combined": 0.005733754435106001}, "Q3807693": {"object": 0.012332800430010478, "dictionary": 0.0, "combined": 0.006477470470083093}, "Q95994246": {"object": 0.012334636578968048, "dictionary": 0.0, "combined": 0.0064784348577514765}, "Q58006953": {"object": 0.012334636578968048, "dictionary": 0.0, "combined": 0.0064784348577514765}, "Q723030": {"object": 0.011770004710265363, "dictionary": 0.0, "combined": 0.006181877212410063}, "Q27979156": {"object": 0.011770004710265363, "dictionary": 0.0, "combined": 0.006181877212410063}, "Q47233167": {"object": 0.01630634427060059, "dictionary": 0.0, "combined": 0.008564467096280923}, "Q29650304": {"object": 0.01630634427060059, "dictionary": 0.0, "combined": 0.008564467096280923}, "Q1601331": {"object": 0.01630634427060059, "dictionary": 0.0, "combined": 0.008564467096280923}, "Q81526237": {"object": 0.01630634427060059, "dictionary": 0.0, "combined": 0.008564467096280923}, "Q28009496": {"object": 0.01630634427060059, "dictionary": 0.0, "combined": 0.008564467096280923}, "Q34747804": {"object": 0.01630634427060059, "dictionary": 0.0, "combined": 0.008564467096280923}, "Q28049770": {"object": 0.01630634427060059, "dictionary": 0.0, "combined": 0.008564467096280923}, "Q28755606": {"object": 0.01630634427060059, "dictionary": 0.0, "combined": 0.008564467096280923}, "Q81526528": {"object": 0.01630634427060059, "dictionary": 0.0, "combined": 0.008564467096280923}, "Q81526664": {"object": 0.01630634427060059, "dictionary": 0.0, "combined": 0.008564467096280923}, "Q28758112": {"object": 0.01630634427060059, "dictionary": 0.0, "combined": 0.008564467096280923}, "Q32097899": {"object": 0.01630634427060059, "dictionary": 0.0, "combined": 0.008564467096280923}, "Q66439259": {"object": 0.01630634427060059, "dictionary": 0.0, "combined": 0.008564467096280923}, "Q28207108": {"object": 0.01630634427060059, "dictionary": 0.0, "combined": 0.008564467096280923}, "Q32097740": {"object": 0.01630634427060059, "dictionary": 0.0, "combined": 0.008564467096280923}, "Q6912474": {"object": 0.01630634427060059, "dictionary": 0.0, "combined": 0.008564467096280923}, "Q29650301": {"object": 0.03568882319824666, "dictionary": 0.0, "combined": 0.018744590872980076}, "Q28758103": {"object": 0.03568882319824666, "dictionary": 0.0, "combined": 0.018744590872980076}, "Q29209269": {"object": 0.03568882319824666, "dictionary": 0.0, "combined": 0.018744590872980076}, "Q1343830": {"object": 0.019355514098845093, "dictionary": 0.0, "combined": 0.010165961228356593}, "Q47512572": {"object": 0.03216759102187038, "dictionary": 0.0, "combined": 0.016895158737089726}, "Q28205727": {"object": 0.06502475353326992, "dictionary": 0.0, "combined": 0.034152496282292416}, "Q4545483": {"object": 0.06502475353326992, "dictionary": 0.0, "combined": 0.034152496282292416}, "Q28600764": {"object": 0.03992880456852406, "dictionary": 0.0, "combined": 0.020971526618477336}, "Q942350": {"object": 0.038733519814215744, "dictionary": 0.0, "combined": 0.020343735571074}, "Q29904539": {"object": 0.02538790093792548, "dictionary": 0.0, "combined": 0.0133343095557306}, "Q28755628": {"object": 0.02538790093792548, "dictionary": 0.0, "combined": 0.0133343095557306}, "Q58103465": {"object": 0.02538790093792548, "dictionary": 0.0, "combined": 0.0133343095557306}, "Q217570": {"object": 0.03145625460475193, "dictionary": 1.0, "combined": 0.49129854606946965}, "Q48106551": {"object": 0.03136652564685349, "dictionary": 0.0, "combined": 0.016474420775689537}, "Q218170": {"object": 0.04040979632750483, "dictionary": 0.0, "combined": 0.02122415455426796}, "type": "co-oc"}