{"name": "Q27959824", "Q99184084": {"object": 0.023914986702872867, "dictionary": 0.026980456726417218, "combined": 0.02598476521333581}, "Q28858032": {"object": 0.033093057029713116, "dictionary": 0.05519857465798963, "combined": 0.048018508917435546}, "Q3807693": {"object": 0.022209255598939378, "dictionary": 0.0, "combined": 0.0072137607420318115}, "Q95994246": {"object": 0.02221256218788062, "dictionary": 0.0, "combined": 0.007214834751081241}, "Q58006953": {"object": 0.02221256218788062, "dictionary": 0.0, "combined": 0.007214834751081241}, "Q723030": {"object": 0.021195757159493882, "dictionary": 0.0, "combined": 0.006884567572003566}, "Q27979156": {"object": 0.021195757159493882, "dictionary": 0.0, "combined": 0.006884567572003566}, "Q26549229": {"object": 0.025656817414260992, "dictionary": 0.0, "combined": 0.00833355901569762}, "Q28206109": {"object": 0.0275547380267799, "dictionary": 0.0, "combined": 0.008950020253900294}, "Q307271": {"object": 0.1117716579119066, "dictionary": 0.0, "combined": 0.03630441346063064}, "Q66134804": {"object": 0.030350723496940762, "dictionary": 0.06160781109650686, "combined": 0.05145523527371487}, "Q27526733": {"object": 0.038589574000067815, "dictionary": 0.0, "combined": 0.012534231628488926}, "Q34746472": {"object": 0.041473003626949695, "dictionary": 0.0, "combined": 0.013470794826302963}, "Q27826464": {"object": 0.042112675907864716, "dictionary": 0.0, "combined": 0.013678565985821296}, "Q27826469": {"object": 0.042112675907864716, "dictionary": 0.0, "combined": 0.013678565985821296}, "Q27826466": {"object": 0.042112675907864716, "dictionary": 0.0, "combined": 0.013678565985821296}, "Q27826468": {"object": 0.042112675907864716, "dictionary": 0.0, "combined": 0.013678565985821296}, "Q48004607": {"object": 0.07802376877307222, "dictionary": 0.17124263150381727, "combined": 0.14096432841580134}, "Q48004869": {"object": 0.07802376877307222, "dictionary": 0.17124263150381727, "combined": 0.14096432841580134}, "Q48021763": {"object": 0.07802376877307222, "dictionary": 0.17124263150381727, "combined": 0.14096432841580134}, "Q48005022": {"object": 0.07802376877307222, "dictionary": 0.17124263150381727, "combined": 0.14096432841580134}, "Q48021588": {"object": 0.07802376877307222, "dictionary": 0.17124263150381727, "combined": 0.14096432841580134}, "type": "co-oc"}