{"name": "Q27967211", "Q99184084": {"object": 0.002693051622086455, "dictionary": 0.0, "combined": 0.002403580467481822}, "Q79241659": {"object": 0.007068290823198062, "dictionary": 0.0, "combined": 0.0063085332719903095}, "Q4045294": {"object": 0.002253256144608853, "dictionary": 0.0, "combined": 0.002011057795178562}, "Q1076355": {"object": 0.0022138193758173834, "dictionary": 0.0, "combined": 0.0019758600119684747}, "Q3807693": {"object": 0.002500970314521288, "dictionary": 0.0, "combined": 0.002232145625592563}, "Q95994246": {"object": 0.0025013426674237766, "dictionary": 0.0, "combined": 0.0022324779549679425}, "Q58006953": {"object": 0.0025013426674237766, "dictionary": 0.0, "combined": 0.0022324779549679425}, "Q723030": {"object": 0.0023868408922371894, "dictionary": 0.0, "combined": 0.002130283764528603}, "Q27979156": {"object": 0.0023868408922371894, "dictionary": 0.0, "combined": 0.002130283764528603}, "Q26549229": {"object": 0.0028891980837585534, "dictionary": 0.0, "combined": 0.002578643507556586}, "Q28206109": {"object": 0.0031029217310947804, "dictionary": 0.0, "combined": 0.0027693943940094554}, "Q1676669": {"object": 0.003296026471815691, "dictionary": 0.0, "combined": 0.002941742662111099}, "Q1343830": {"object": 0.0039251073961851755, "dictionary": 0.0, "combined": 0.003503204837540337}, "Q47512572": {"object": 0.0065232702573855715, "dictionary": 0.0, "combined": 0.0058220959621299575}, "Q1882400": {"object": 0.004401281240073866, "dictionary": 0.0, "combined": 0.003928195632707447}, "Q27979410": {"object": 0.004401281240073866, "dictionary": 0.0, "combined": 0.003928195632707447}, "Q28055391": {"object": 0.0043596931355400085, "dictionary": 0.0, "combined": 0.0038910777568682427}, "Q5448342": {"object": 0.0055143330969296, "dictionary": 0.0, "combined": 0.004921607597220815}, "Q29904540": {"object": 0.0055143330969296, "dictionary": 0.0, "combined": 0.004921607597220815}, "Q5421818": {"object": 0.0055143330969296, "dictionary": 0.0, "combined": 0.004921607597220815}, "Q50223812": {"object": 0.0055143330969296, "dictionary": 0.0, "combined": 0.004921607597220815}, "Q5153426": {"object": 0.0055143330969296, "dictionary": 0.0, "combined": 0.004921607597220815}, "Q27526733": {"object": 0.004345547674673126, "dictionary": 0.0, "combined": 0.003878452765514819}, "Q673906": {"object": 0.006311387521639157, "dictionary": 0.0, "combined": 0.005632988111073567}, "Q1888930": {"object": 0.004553566573842738, "dictionary": 0.0, "combined": 0.00406411209666562}, "Q28786544": {"object": 0.004553566573842738, "dictionary": 0.0, "combined": 0.00406411209666562}, "Q8811": {"object": 0.004553566573842738, "dictionary": 0.0, "combined": 0.00406411209666562}, "Q2053": {"object": 0.004553566573842738, "dictionary": 0.0, "combined": 0.00406411209666562}, "Q29151645": {"object": 0.006311387521639157, "dictionary": 0.0, "combined": 0.005632988111073567}, "Q17073241": {"object": 0.006311387521639157, "dictionary": 0.0, "combined": 0.005632988111073567}, "Q288405": {"object": 0.006311387521639157, "dictionary": 0.0, "combined": 0.005632988111073567}, "Q166074": {"object": 0.004310658609323075, "dictionary": 0.0, "combined": 0.003847313861486269}, "Q62626012": {"object": 0.004553566573842738, "dictionary": 0.0, "combined": 0.00406411209666562}, "Q2193155": {"object": 0.008753436818113962, "dictionary": 0.0, "combined": 0.00781254603023704}, "Q26211936": {"object": 0.0046549714713823775, "dictionary": 0.0, "combined": 0.004154617168694071}, "Q26211977": {"object": 0.0046549714713823775, "dictionary": 0.0, "combined": 0.004154617168694071}, "Q26211940": {"object": 0.0046549714713823775, "dictionary": 0.0, "combined": 0.004154617168694071}, "Q26211915": {"object": 0.0046549714713823775, "dictionary": 0.0, "combined": 0.004154617168694071}, "Q10394822": {"object": 0.0046549714713823775, "dictionary": 0.0, "combined": 0.004154617168694071}, "Q26211975": {"object": 0.0046549714713823775, "dictionary": 0.0, "combined": 0.004154617168694071}, "Q26211905": {"object": 0.0046549714713823775, "dictionary": 0.0, "combined": 0.004154617168694071}, "Q5532250": {"object": 0.0046549714713823775, "dictionary": 0.0, "combined": 0.004154617168694071}, "Q26211927": {"object": 0.0046549714713823775, "dictionary": 0.0, "combined": 0.004154617168694071}, "Q26211957": {"object": 0.0046549714713823775, "dictionary": 0.0, "combined": 0.004154617168694071}, "Q26211948": {"object": 0.0046549714713823775, "dictionary": 0.0, "combined": 0.004154617168694071}, "Q26211958": {"object": 0.0046549714713823775, "dictionary": 0.0, "combined": 0.004154617168694071}, "Q26211874": {"object": 0.0046549714713823775, "dictionary": 0.0, "combined": 0.004154617168694071}, "Q26211954": {"object": 0.0046549714713823775, "dictionary": 0.0, "combined": 0.004154617168694071}, "Q26211891": {"object": 0.0046549714713823775, "dictionary": 0.0, "combined": 0.004154617168694071}, "Q26211983": {"object": 0.0046549714713823775, "dictionary": 0.0, "combined": 0.004154617168694071}, "Q26211840": {"object": 0.0046549714713823775, "dictionary": 0.0, "combined": 0.004154617168694071}, "Q26211965": {"object": 0.0046549714713823775, "dictionary": 0.0, "combined": 0.004154617168694071}, "Q26211978": {"object": 0.0046549714713823775, "dictionary": 0.0, "combined": 0.004154617168694071}, "Q26211931": {"object": 0.0046549714713823775, "dictionary": 0.0, "combined": 0.004154617168694071}, "Q34746472": {"object": 0.00467024887272621, "dictionary": 0.0, "combined": 0.004168252430329147}, "Q27826464": {"object": 0.004742281966247227, "dictionary": 0.0, "combined": 0.004232542819410241}, "Q27826469": {"object": 0.004742281966247227, "dictionary": 0.0, "combined": 0.004232542819410241}, "Q27826466": {"object": 0.004742281966247227, "dictionary": 0.0, "combined": 0.004232542819410241}, "Q27826468": {"object": 0.004742281966247227, "dictionary": 0.0, "combined": 0.004232542819410241}, "Q218170": {"object": 0.008194708217690269, "dictionary": 0.0, "combined": 0.007313874137137051}, "Q66134564": {"object": 0.013972121182483447, "dictionary": 0.0, "combined": 0.012470283632174697}, "Q48625328": {"object": 0.013972121182483447, "dictionary": 0.0, "combined": 0.012470283632174697}, "Q28205883": {"object": 0.005902218194786119, "dictionary": 1.0, "combined": 0.11275595628470528}, "Q1047541": {"object": 0.012723175603061675, "dictionary": 0.0, "combined": 0.011355584910833376}, "Q59714459": {"object": 0.013972121182483447, "dictionary": 0.0, "combined": 0.012470283632174697}, "Q28771302": {"object": 0.01771399869690324, "dictionary": 0.0, "combined": 0.015809953630182675}, "Q28756261": {"object": 0.01771399869690324, "dictionary": 0.0, "combined": 0.015809953630182675}, "Q15938816": {"object": 0.01222146667242988, "dictionary": 0.0, "combined": 0.010907803748326917}, "Q28975650": {"object": 0.01222146667242988, "dictionary": 0.0, "combined": 0.010907803748326917}, "Q10287816": {"object": 0.00694517668895291, "dictionary": 0.0, "combined": 0.006198652449091964}, "Q28771319": {"object": 0.005656302952019442, "dictionary": 0.0, "combined": 0.005048317374288062}, "Q6043826": {"object": 0.005656302952019442, "dictionary": 0.0, "combined": 0.005048317374288062}, "Q29000498": {"object": 0.005656302952019442, "dictionary": 0.0, "combined": 0.005048317374288062}, "Q28206272": {"object": 0.01340065403194919, "dictionary": 0.0, "combined": 0.011960242432233844}, "Q15860313": {"object": 0.02316117670510198, "dictionary": 0.0, "combined": 0.020671624515369556}, "Q47012492": {"object": 0.02316117670510198, "dictionary": 0.0, "combined": 0.020671624515369556}, "Q921122": {"object": 0.00882752277801611, "dictionary": 0.0, "combined": 0.00787866862687612}, "Q5301": {"object": 0.010920865475758209, "dictionary": 0.0, "combined": 0.00974700177681419}, "Q28206138": {"object": 0.007571500169913136, "dictionary": 0.0, "combined": 0.006757653573621056}, "Q28206147": {"object": 0.007571500169913136, "dictionary": 0.0, "combined": 0.006757653573621056},