{"name": "Q28049588", "Q28858032": {"object": 0.009687568092025745, "dictionary": 0.0, "combined": 0.0036536240365351554}, "Q3807693": {"object": 0.006501474786531512, "dictionary": 0.0, "combined": 0.0024520028481195087}, "Q95994246": {"object": 0.006502442748043555, "dictionary": 0.0, "combined": 0.0024523679105803086}, "Q58006953": {"object": 0.006502442748043555, "dictionary": 0.0, "combined": 0.0024523679105803086}, "Q723030": {"object": 0.006204786114509629, "dictionary": 0.0, "combined": 0.0023401080099960865}, "Q27979156": {"object": 0.006204786114509629, "dictionary": 0.0, "combined": 0.0023401080099960865}, "Q47233167": {"object": 0.008596205439101737, "dictionary": 0.0, "combined": 0.003242021373883199}, "Q29650304": {"object": 0.008596205439101737, "dictionary": 0.0, "combined": 0.003242021373883199}, "Q1601331": {"object": 0.008596205439101737, "dictionary": 0.0, "combined": 0.003242021373883199}, "Q81526237": {"object": 0.008596205439101737, "dictionary": 0.0, "combined": 0.003242021373883199}, "Q28009496": {"object": 0.008596205439101737, "dictionary": 0.0, "combined": 0.003242021373883199}, "Q34747804": {"object": 0.008596205439101737, "dictionary": 0.0, "combined": 0.003242021373883199}, "Q28049770": {"object": 0.008596205439101737, "dictionary": 0.0, "combined": 0.003242021373883199}, "Q28755606": {"object": 0.008596205439101737, "dictionary": 0.0, "combined": 0.003242021373883199}, "Q81526528": {"object": 0.008596205439101737, "dictionary": 0.0, "combined": 0.003242021373883199}, "Q81526664": {"object": 0.008596205439101737, "dictionary": 0.0, "combined": 0.003242021373883199}, "Q28758112": {"object": 0.008596205439101737, "dictionary": 0.0, "combined": 0.003242021373883199}, "Q32097899": {"object": 0.008596205439101737, "dictionary": 0.0, "combined": 0.003242021373883199}, "Q66439259": {"object": 0.008596205439101737, "dictionary": 0.0, "combined": 0.003242021373883199}, "Q28207108": {"object": 0.008596205439101737, "dictionary": 0.0, "combined": 0.003242021373883199}, "Q32097740": {"object": 0.008596205439101737, "dictionary": 0.0, "combined": 0.003242021373883199}, "Q6912474": {"object": 0.008596205439101737, "dictionary": 0.0, "combined": 0.003242021373883199}, "Q27596243": {"object": 0.009943487935418856, "dictionary": 0.0, "combined": 0.0037501430888262103}, "Q51954585": {"object": 0.01460108593808325, "dictionary": 0.026287505671177182, "combined": 0.02188002345972134}, "Q60628025": {"object": 0.01460108593808325, "dictionary": 0.026287505671177182, "combined": 0.02188002345972134}, "Q51954521": {"object": 0.01460108593808325, "dictionary": 0.026287505671177182, "combined": 0.02188002345972134}, "Q61971917": {"object": 0.01460108593808325, "dictionary": 0.026287505671177182, "combined": 0.02188002345972134}, "Q60628005": {"object": 0.01460108593808325, "dictionary": 0.026287505671177182, "combined": 0.02188002345972134}, "Q61971919": {"object": 0.01460108593808325, "dictionary": 0.026287505671177182, "combined": 0.02188002345972134}, "Q44933672": {"object": 0.01460108593808325, "dictionary": 0.026287505671177182, "combined": 0.02188002345972134}, "Q27487130": {"object": 0.01460108593808325, "dictionary": 0.026287505671177182, "combined": 0.02188002345972134}, "Q52834849": {"object": 0.01460108593808325, "dictionary": 0.026287505671177182, "combined": 0.02188002345972134}, "Q28858035": {"object": 0.011763109434365093, "dictionary": 0.0, "combined": 0.004436405397673209}, "Q61641368": {"object": 0.011763109434365093, "dictionary": 0.0, "combined": 0.004436405397673209}, "Q51801746": {"object": 0.011763109434365093, "dictionary": 0.0, "combined": 0.004436405397673209}, "Q85621726": {"object": 0.011763109434365093, "dictionary": 0.0, "combined": 0.004436405397673209}, "Q28858042": {"object": 0.011763109434365093, "dictionary": 0.0, "combined": 0.004436405397673209}, "Q48915661": {"object": 0.011763109434365093, "dictionary": 0.0, "combined": 0.004436405397673209}, "Q48782098": {"object": 0.011763109434365093, "dictionary": 0.0, "combined": 0.004436405397673209}, "Q61639409": {"object": 0.011763109434365093, "dictionary": 0.0, "combined": 0.004436405397673209}, "Q85621806": {"object": 0.011763109434365093, "dictionary": 0.0, "combined": 0.004436405397673209}, "Q28858037": {"object": 0.011763109434365093, "dictionary": 0.0, "combined": 0.004436405397673209}, "Q28858038": {"object": 0.011763109434365093, "dictionary": 0.0, "combined": 0.004436405397673209}, "Q28858039": {"object": 0.011763109434365093, "dictionary": 0.0, "combined": 0.004436405397673209}, "Q28858044": {"object": 0.011763109434365093, "dictionary": 0.0, "combined": 0.004436405397673209}, "Q48782394": {"object": 0.011763109434365093, "dictionary": 0.0, "combined": 0.004436405397673209}, "Q60628185": {"object": 0.011763109434365093, "dictionary": 0.0, "combined": 0.004436405397673209}, "Q62664770": {"object": 0.011426134165273003, "dictionary": 0.0, "combined": 0.004309316645245631}, "Q48782202": {"object": 0.011763109434365093, "dictionary": 0.0, "combined": 0.004436405397673209}, "Q66439286": {"object": 0.011763109434365093, "dictionary": 0.0, "combined": 0.004436405397673209}, "Q63061396": {"object": 0.011763109434365093, "dictionary": 0.0, "combined": 0.004436405397673209}, "Q28858041": {"object": 0.011763109434365093, "dictionary": 0.0, "combined": 0.004436405397673209}, "Q686498": {"object": 0.011763109434365093, "dictionary": 0.0, "combined": 0.004436405397673209}, "Q48782238": {"object": 0.011763109434365093, "dictionary": 0.0, "combined": 0.004436405397673209}, "Q62664735": {"object": 0.011763109434365093, "dictionary": 0.0, "combined": 0.004436405397673209}, "Q63061514": {"object": 0.011763109434365093, "dictionary": 0.0, "combined": 0.004436405397673209}, "Q60000066": {"object": 0.011763109434365093, "dictionary": 0.0, "combined": 0.004436405397673209}, "Q1109779": {"object": 0.05675250801626012, "dictionary": 0.2779523058067353, "combined": 0.19452776722215034}, "Q29000599": {"object": 0.03492950448380653, "dictionary": 0.20750783734593478, "combined": 0.14242067211101292}, "Q39184097": {"object": 0.05675250801626012, "dictionary": 0.2779523058067353, "combined": 0.19452776722215034}, "Q66663925": {"object": 0.059332167471544676, "dictionary": 0.0, "combined": 0.022376868080256775}, "Q29904450": {"object": 0.059332167471544676, "dictionary": 0.0, "combined": 0.022376868080256775}, "Q47538951": {"object": 0.059332167471544676, "dictionary": 0.0, "combined": 0.022376868080256775}, "Q47012501": {"object": 0.059332167471544676, "dictionary": 0.0, "combined": 0.022376868080256775}, "type": "co-oc"}