{"name": "Q28052884", "Q99184084": {"object": 0.004394554638661833, "dictionary": 0.0, "combined": 0.0023235093390763183}, "Q28600412": {"object": 0.008647487414811939, "dictionary": 0.0, "combined": 0.004572139709242245}, "Q4045294": {"object": 0.003676890989082655, "dictionary": 0.016146982842031136, "combined": 0.009553737960158834}, "Q28205439": {"object": 0.011768492375016329, "dictionary": 0.0, "combined": 0.006222291947319001}, "Q1076355": {"object": 0.003612537586494658, "dictionary": 0.015774692913067226, "combined": 0.009344261661632576}, "Q3807693": {"object": 0.004081114007135151, "dictionary": 0.015797475100958188, "combined": 0.009602746246755606}, "Q95994246": {"object": 0.004081721617164394, "dictionary": 0.015836392739105688, "combined": 0.009621408428905376}, "Q58006953": {"object": 0.004081721617164394, "dictionary": 0.015836392739105688, "combined": 0.009621408428905376}, "Q723030": {"object": 0.00389487621726397, "dictionary": 0.015525283640237104, "combined": 0.00937600061009838}, "Q27979156": {"object": 0.00389487621726397, "dictionary": 0.015531639566376551, "combined": 0.009378996001449261}, "Q26549229": {"object": 0.004714628838476245, "dictionary": 0.0, "combined": 0.0024927404565878363}, "Q47233167": {"object": 0.005396020991791849, "dictionary": 0.017391416811056694, "combined": 0.01104915542084085}, "Q29650304": {"object": 0.005396020991791849, "dictionary": 0.017391416811056694, "combined": 0.01104915542084085}, "Q1601331": {"object": 0.005396020991791849, "dictionary": 0.017391416811056694, "combined": 0.01104915542084085}, "Q81526237": {"object": 0.005396020991791849, "dictionary": 0.017391416811056694, "combined": 0.01104915542084085}, "Q28009496": {"object": 0.005396020991791849, "dictionary": 0.017391416811056694, "combined": 0.01104915542084085}, "Q34747804": {"object": 0.005396020991791849, "dictionary": 0.017391416811056694, "combined": 0.01104915542084085}, "Q28049770": {"object": 0.005396020991791849, "dictionary": 0.017391416811056694, "combined": 0.01104915542084085}, "Q28755606": {"object": 0.005396020991791849, "dictionary": 0.017391416811056694, "combined": 0.01104915542084085}, "Q81526528": {"object": 0.005396020991791849, "dictionary": 0.017391416811056694, "combined": 0.01104915542084085}, "Q81526664": {"object": 0.005396020991791849, "dictionary": 0.017391416811056694, "combined": 0.01104915542084085}, "Q28758112": {"object": 0.005396020991791849, "dictionary": 0.017391416811056694, "combined": 0.01104915542084085}, "Q32097899": {"object": 0.005396020991791849, "dictionary": 0.017391416811056694, "combined": 0.01104915542084085}, "Q66439259": {"object": 0.005396020991791849, "dictionary": 0.017391416811056694, "combined": 0.01104915542084085}, "Q28207108": {"object": 0.005396020991791849, "dictionary": 0.017391416811056694, "combined": 0.01104915542084085}, "Q32097740": {"object": 0.005396020991791849, "dictionary": 0.017391416811056694, "combined": 0.01104915542084085}, "Q6912474": {"object": 0.005396020991791849, "dictionary": 0.017391416811056694, "combined": 0.01104915542084085}, "Q28206109": {"object": 0.0050633857052553065, "dictionary": 0.0, "combined": 0.0026771368069936417}, "Q34312361": {"object": 0.011516451123272136, "dictionary": 0.0, "combined": 0.006089031526090413}, "Q27923693": {"object": 0.011516451123272136, "dictionary": 0.0, "combined": 0.006089031526090413}, "Q34312151": {"object": 0.011516451123272136, "dictionary": 0.0, "combined": 0.006089031526090413}, "Q27925722": {"object": 0.011516451123272136, "dictionary": 0.0, "combined": 0.006089031526090413}, "Q1141412": {"object": 0.005730626633535179, "dictionary": 0.0, "combined": 0.0030299235295963953}, "Q5448342": {"object": 0.008998356322432387, "dictionary": 0.0, "combined": 0.004757652747691089}, "Q29904540": {"object": 0.008998356322432387, "dictionary": 0.0, "combined": 0.004757652747691089}, "Q5421818": {"object": 0.008998356322432387, "dictionary": 0.0, "combined": 0.004757652747691089}, "Q50223812": {"object": 0.008998356322432387, "dictionary": 0.0, "combined": 0.004757652747691089}, "Q5153426": {"object": 0.008998356322432387, "dictionary": 0.0, "combined": 0.004757652747691089}, "Q28206359": {"object": 0.007478850228326095, "dictionary": 0.03147245456331016, "combined": 0.018786444640945532}, "Q27526733": {"object": 0.007091117947626133, "dictionary": 0.0, "combined": 0.0037492488159888114}, "Q27596243": {"object": 0.0062417388708611255, "dictionary": 0.0, "combined": 0.003300161165577786}, "Q479833": {"object": 0.007359786791233136, "dictionary": 0.03746280137710706, "combined": 0.021546595691716554}, "Q51954585": {"object": 0.00916541220228061, "dictionary": 0.0, "combined": 0.004845979308376008}, "Q60628025": {"object": 0.00916541220228061, "dictionary": 0.0, "combined": 0.004845979308376008}, "Q51954521": {"object": 0.00916541220228061, "dictionary": 0.0, "combined": 0.004845979308376008}, "Q61971917": {"object": 0.00916541220228061, "dictionary": 0.0, "combined": 0.004845979308376008}, "Q60628005": {"object": 0.00916541220228061, "dictionary": 0.0, "combined": 0.004845979308376008}, "Q61971919": {"object": 0.00916541220228061, "dictionary": 0.0, "combined": 0.004845979308376008}, "Q44933672": {"object": 0.00916541220228061, "dictionary": 0.0, "combined": 0.004845979308376008}, "Q27487130": {"object": 0.00916541220228061, "dictionary": 0.0, "combined": 0.004845979308376008}, "Q52834849": {"object": 0.00916541220228061, "dictionary": 0.0, "combined": 0.004845979308376008}, "Q287315": {"object": 0.013980296057727866, "dictionary": 0.18963350433257722, "combined": 0.09676132423161286}, "Q27826340": {"object": 0.018141143364628003, "dictionary": 0.0, "combined": 0.00959166957634433}, "Q27826389": {"object": 0.018141143364628003, "dictionary": 0.0, "combined": 0.00959166957634433}, "Q62619688": {"object": 0.010994038503188811, "dictionary": 0.0, "combined": 0.005812819099252878}, "Q29650330": {"object": 0.010994038503188811, "dictionary": 0.0, "combined": 0.005812819099252878}, "Q28049670": {"object": 0.010994038503188811, "dictionary": 0.0, "combined": 0.005812819099252878}, "Q27349828": {"object": 0.010994038503188811, "dictionary": 0.0, "combined": 0.005812819099252878}, "Q28600256": {"object": 0.010994038503188811, "dictionary": 0.0, "combined": 0.005812819099252878}, "Q63036182": {"object": 0.010994038503188811, "dictionary": 0.0, "combined": 0.005812819099252878}, "Q27967116": {"object": 0.010994038503188811, "dictionary": 0.0, "combined": 0.005812819099252878}, "Q51753051": {"object": 0.02106146256683646, "dictionary": 0.0, "combined": 0.011135714308367833}, "Q28207085": {"object": 0.02106146256683646, "dictionary": 0.0, "combined": 0.011135714308367833}, "Q27486884": {"object": 0.02106146256683646, "dictionary": 0.0, "combined": 0.011135714308367833}, "Q51753252": {"object": 0.02235013263741358, "dictionary": 0.0, "combined": 0.01181706593331562}, "Q27487109": {"object": 0.02235013263741358, "dictionary": 0.0, "combined": 0.01181706593331562}, "Q48814895": {"object": 0.025956198552688443, "dictionary": 0.0, "combined": 0.01372368185242439}, "Q59999653": {"object": 0.025956198552688443, "dictionary": 0.0, "combined": 0.01372368185242439}, "Q46118194": {"object": 0.025956198552688443, "dictionary": 0.0, "combined": 0.01372368185242439}, "Q4746193": {"object": 0.025693263016970152, "dictionary": 0.0, "combined": 0.01358466135477448}, "Q27979154": {"object": 0.026383270074396992, "dictionary": 0.0, "combined": 0.01394948509091718}, "Q79242428": {"object": 0.026383270074396992, "dictionary": 0.0, "combined": 0.01394948509091718}, "Q27349804": {"object": 0.026383270074396992, "dictionary": 0.0, "combined": 0.01394948509091718}, "Q50604441": {"object": 0.026383270074396992, "dictionary": 0.0, "combined": 0.01394948509091718}, "Q96143857": {"object": 0.054746420645188094, "dictionary": 0.3527197112092168, "combined": 0.19517388908430525}, "Q59999470": {"object": 0.025814113293247898, "dictionary": 0.0,