{"name": "Q281876", "Q99184084": {"object": 0.0017961559647436747, "dictionary": 0.0, "combined": 0.0006535539208363912}, "Q79241659": {"object": 0.004714262667120389, "dictionary": 0.0, "combined": 0.0017153437175979529}, "Q28600412": {"object": 0.003534427803789915, "dictionary": 0.0, "combined": 0.0012860459750830711}, "Q4045294": {"object": 0.0015028302580768727, "dictionary": 0.0, "combined": 0.0005468236761153816}, "Q28018471": {"object": 0.0057149017712558444, "dictionary": 0.0, "combined": 0.0020794388310995623}, "Q336284": {"object": 0.004989828507309838, "dictionary": 0.0, "combined": 0.0018156118117052984}, "Q28018470": {"object": 0.005849753491361383, "dictionary": 0.0, "combined": 0.002128506324199519}, "Q1076355": {"object": 0.001476527536319116, "dictionary": 0.0, "combined": 0.0005372531002462064}, "Q3807693": {"object": 0.0016680455403205283, "dictionary": 0.0, "combined": 0.0006069393328912346}, "Q95994246": {"object": 0.0016682938845710836, "dictionary": 0.0, "combined": 0.0006070296960678481}, "Q58006953": {"object": 0.0016682938845710836, "dictionary": 0.0, "combined": 0.0006070296960678481}, "Q723030": {"object": 0.001591925854790879, "dictionary": 0.0, "combined": 0.0005792422286824501}, "Q27979156": {"object": 0.001591925854790879, "dictionary": 0.0, "combined": 0.0005792422286824501}, "Q26549229": {"object": 0.0019269776817157217, "dictionary": 0.0, "combined": 0.0007011550466494445}, "Q16996920": {"object": 0.0018571929182976373, "dictionary": 0.0, "combined": 0.0006757629834646432}, "Q66811836": {"object": 0.0018571929182976373, "dictionary": 0.0, "combined": 0.0006757629834646432}, "Q28600763": {"object": 0.0018571929182976373, "dictionary": 0.0, "combined": 0.0006757629834646432}, "Q1662484": {"object": 0.0018571929182976373, "dictionary": 0.0, "combined": 0.0006757629834646432}, "Q684554": {"object": 0.0018571929182976373, "dictionary": 0.0, "combined": 0.0006757629834646432}, "Q28206109": {"object": 0.0020695226670481323, "dictionary": 0.0, "combined": 0.000753021830986771}, "Q1676669": {"object": 0.002198315679785639, "dictionary": 0.0, "combined": 0.0007998847872684884}, "Q28445577": {"object": 0.004825759522786631, "dictionary": 0.0, "combined": 0.0017559132497610467}, "Q47512572": {"object": 0.004350756103724609, "dictionary": 0.0, "combined": 0.001583077286163098}, "Q34312361": {"object": 0.004707039524724864, "dictionary": 0.0, "combined": 0.0017127154864610044}, "Q27923693": {"object": 0.004707039524724864, "dictionary": 0.0, "combined": 0.0017127154864610044}, "Q34312151": {"object": 0.004707039524724864, "dictionary": 0.0, "combined": 0.0017127154864610044}, "Q27925722": {"object": 0.004707039524724864, "dictionary": 0.0, "combined": 0.0017127154864610044}, "Q28055391": {"object": 0.002907738108557078, "dictionary": 0.0, "combined": 0.0010580170535937098}, "Q1141412": {"object": 0.0023422394431025857, "dictionary": 0.0, "combined": 0.0008522532573031843}, "Q307271": {"object": 0.008394707993864103, "dictionary": 0.0, "combined": 0.003054520003472767}, "Q28206359": {"object": 0.0030567787982090006, "dictionary": 0.0, "combined": 0.0011122473815820004}, "Q28206497": {"object": 0.003904703441320225, "dictionary": 0.0, "combined": 0.00142077541921164}, "Q26385770": {"object": 0.003904703441320225, "dictionary": 0.0, "combined": 0.00142077541921164}, "Q17092932": {"object": 0.003904703441320225, "dictionary": 0.0, "combined": 0.00142077541921164}, "Q1952321": {"object": 0.003904703441320225, "dictionary": 0.0, "combined": 0.00142077541921164}, "Q26329648": {"object": 0.003904703441320225, "dictionary": 0.0, "combined": 0.00142077541921164}, "Q28206262": {"object": 0.003904703441320225, "dictionary": 0.0, "combined": 0.00142077541921164}, "Q28205580": {"object": 0.002291814513859197, "dictionary": 0.0, "combined": 0.0008339055130862074}, "Q28206771": {"object": 0.0022393377928252695, "dictionary": 0.0, "combined": 0.0008148111986404932}, "Q28205626": {"object": 0.002291814513859197, "dictionary": 0.0, "combined": 0.0008339055130862074}, "Q729366": {"object": 0.002291814513859197, "dictionary": 0.0, "combined": 0.0008339055130862074}, "Q29944987": {"object": 0.004135138879712381, "dictionary": 0.0, "combined": 0.001504622249451874}, "Q29944777": {"object": 0.004135138879712381, "dictionary": 0.0, "combined": 0.001504622249451874}, "Q29944782": {"object": 0.004135138879712381, "dictionary": 0.0, "combined": 0.001504622249451874}, "Q29944783": {"object": 0.004135138879712381, "dictionary": 0.0, "combined": 0.001504622249451874}, "Q29944780": {"object": 0.004135138879712381, "dictionary": 0.0, "combined": 0.001504622249451874}, "Q29944776": {"object": 0.004135138879712381, "dictionary": 0.0, "combined": 0.001504622249451874}, "Q29944786": {"object": 0.004135138879712381, "dictionary": 0.0, "combined": 0.001504622249451874}, "Q29944773": {"object": 0.004135138879712381, "dictionary": 0.0, "combined": 0.001504622249451874}, "Q29944785": {"object": 0.004135138879712381, "dictionary": 0.0, "combined": 0.001504622249451874}, "Q29944758": {"object": 0.004135138879712381, "dictionary": 0.0, "combined": 0.001504622249451874}, "Q29944779": {"object": 0.004135138879712381, "dictionary": 0.0, "combined": 0.001504622249451874}, "Q178051": {"object": 0.004493517422766027, "dictionary": 0.0, "combined": 0.001635022786239206}, "Q27526733": {"object": 0.002898303661143696, "dictionary": 0.0, "combined": 0.001054584211335593}, "Q1888930": {"object": 0.003037043811335632, "dictionary": 0.0, "combined": 0.0011050665585900586}, "Q28786544": {"object": 0.003037043811335632, "dictionary": 0.0, "combined": 0.0011050665585900586}, "Q8811": {"object": 0.003037043811335632, "dictionary": 0.0, "combined": 0.0011050665585900586}, "Q2053": {"object": 0.003037043811335632, "dictionary": 0.0, "combined": 0.0011050665585900586}, "Q166074": {"object": 0.0028750340727262728, "dictionary": 0.0, "combined": 0.0010461172791509895}, "Q62626012": {"object": 0.003037043811335632, "dictionary": 0.0, "combined": 0.0011050665585900586}, "Q2193155": {"object": 0.005838186547898839, "dictionary": 0.0, "combined": 0.0021242975464539197}, "Q34746472": {"object": 0.0031148661617877113, "dictionary": 0.0, "combined": 0.0011333831988289914}, "Q27826464": {"object": 0.0031629093071643584, "dictionary": 0.0, "combined": 0.0011508643010531524}, "Q27826469": {"object": 0.0031629093071643584, "dictionary": 0.0, "combined": 0.0011508643010531524}, "Q27826466": {"object": 0.0031629093071643584, "dictionary": 0.0, "combined": 0.0011508643010531524}, "Q27826468": {"object": 0.0031629093071643584, "dictionary": 0.0, "combined": 0.0011508643010531524}, "Q479833": {"object": 0.0030081148219243594, "dictionary": 0.0, "combined": 0.0010945403822297168}, "Q218170": {"object": 0.005465537282621708, "dictionary": 0.0, "combined": 0.0019887044280392694}, "Q28205883": {"object": 0.00393653962250093, "dictionary": 0.0, "combined": 0.001432359413833219}, "Q15938816": {"object": 0.008151221492216996, "dictionary": 0.0, "combined": 0.002965924379848895}, "Q28975650": {"object": 0.008151221492216996, "dictionary": 0.0, "combined": 0.002965924379848895}, "Q28771319": {"object": 0.0037725241515406873, "dictionary": 0.0, "combined": 0.00137268032347138}, "Q6043826": {"object": 0.0037725241515406873, "dictionary": 0.0, "combined": 0.00137268032347138}, "Q29000498": {"object": 0.0037725241515406873, "dictionary": 0.0, "combined": 0.00137268032347138}, "Q27967091": {"object": 0.007905642734175052, "dictionary": 0.0, "combined": 0.0028765674624414753}, "Q921122": {"object": 0.0058875988717067675, "dictionary": 0.0, "combined": 0.0021422768414573563}, "Q62522682": {"object": 0.011282905774047903, "dictionary": 0.0, "combined": 0.0041054270630161505}, "Q34284437": {"object": 0.006318214956484912, "dictionary": 0.0, "combined": 0.0022989619156413986}, "Q29650311": {"object": 0.0072292635331734165, "dictionary": 0.0, "combined": 0.0026304583898087495}, "Q19599377": {"object": 0.005375033185717003,