{"name": "Q28206412", "Q27866062": {"object": 0.007162291580961782, "dictionary": 0.0, "combined": 0.002751705067229769}, "Q28207379": {"object": 0.007049224002382642, "dictionary": 0.0, "combined": 0.0027082652511599184}, "Q27231634": {"object": 0.007162291580961782, "dictionary": 0.0, "combined": 0.002751705067229769}, "Q27866063": {"object": 0.007162291580961782, "dictionary": 0.0, "combined": 0.002751705067229769}, "Q28205771": {"object": 0.007082758306840782, "dictionary": 0.0, "combined": 0.0027211489091987467}, "Q7670377": {"object": 0.007082758306840782, "dictionary": 0.0, "combined": 0.0027211489091987467}, "Q27866059": {"object": 0.007162291580961782, "dictionary": 0.0, "combined": 0.002751705067229769}, "Q28207384": {"object": 0.007082758306840782, "dictionary": 0.0, "combined": 0.0027211489091987467}, "Q28205372": {"object": 0.007162291580961782, "dictionary": 0.0, "combined": 0.002751705067229769}, "Q27231651": {"object": 0.007162291580961782, "dictionary": 0.0, "combined": 0.002751705067229769}, "Q27231654": {"object": 0.007162291580961782, "dictionary": 0.0, "combined": 0.002751705067229769}, "Q1502796": {"object": 0.007162291580961782, "dictionary": 0.0, "combined": 0.002751705067229769}, "Q4045294": {"object": 0.004012548995953118, "dictionary": 0.0058728056248762645, "combined": 0.00515810732834751}, "Q28205439": {"object": 0.00642141042574599, "dictionary": 0.0, "combined": 0.0024670634262162414}, "Q1144005": {"object": 0.004228987743504228, "dictionary": 0.016239726482263864, "combined": 0.011625280075687968}, "Q28018471": {"object": 0.0038146895234808273, "dictionary": 0.0, "combined": 0.001465578491606305}, "Q336284": {"object": 0.0033307040597861355, "dictionary": 0.0, "combined": 0.0012796344766412796}, "Q28018470": {"object": 0.003904702871828707, "dictionary": 0.0, "combined": 0.0015001610248594288}, "Q1076355": {"object": 0.003942320865255923, "dictionary": 0.0057374003661790915, "combined": 0.005047742691266713}, "Q28858032": {"object": 0.0033181132981059806, "dictionary": 0.0, "combined": 0.0012747971892558207}, "Q3807693": {"object": 0.004453672942799403, "dictionary": 0.032558889921203274, "combined": 0.021761051394126568}, "Q95994246": {"object": 0.004454336020660567, "dictionary": 0.03263909989705954, "combined": 0.021810699977749464}, "Q58006953": {"object": 0.004454336020660567, "dictionary": 0.03263909989705954, "combined": 0.021810699977749464}, "Q723030": {"object": 0.004250433777163281, "dictionary": 0.031997898259531234, "combined": 0.02133750587591689}, "Q27979156": {"object": 0.004250433777163281, "dictionary": 0.03201099794148667, "combined": 0.021345572746682164}, "Q26549229": {"object": 0.005145020417599933, "dictionary": 0.002786166951098078, "combined": 0.003692422855825434}, "Q47233167": {"object": 0.004416461898865996, "dictionary": 0.0063254176629628225, "combined": 0.005592009480706527}, "Q29650304": {"object": 0.004416461898865996, "dictionary": 0.0063254176629628225, "combined": 0.005592009480706527}, "Q1601331": {"object": 0.004416461898865996, "dictionary": 0.0063254176629628225, "combined": 0.005592009480706527}, "Q81526237": {"object": 0.004416461898865996, "dictionary": 0.0063254176629628225, "combined": 0.005592009480706527}, "Q28009496": {"object": 0.004416461898865996, "dictionary": 0.0063254176629628225, "combined": 0.005592009480706527}, "Q34747804": {"object": 0.004416461898865996, "dictionary": 0.0063254176629628225, "combined": 0.005592009480706527}, "Q28049770": {"object": 0.004416461898865996, "dictionary": 0.0063254176629628225, "combined": 0.005592009480706527}, "Q28755606": {"object": 0.004416461898865996, "dictionary": 0.0063254176629628225, "combined": 0.005592009480706527}, "Q81526528": {"object": 0.004416461898865996, "dictionary": 0.0063254176629628225, "combined": 0.005592009480706527}, "Q81526664": {"object": 0.004416461898865996, "dictionary": 0.0063254176629628225, "combined": 0.005592009480706527}, "Q28758112": {"object": 0.004416461898865996, "dictionary": 0.0063254176629628225, "combined": 0.005592009480706527}, "Q32097899": {"object": 0.004416461898865996, "dictionary": 0.0063254176629628225, "combined": 0.005592009480706527}, "Q66439259": {"object": 0.004416461898865996, "dictionary": 0.0063254176629628225, "combined": 0.005592009480706527}, "Q28207108": {"object": 0.004416461898865996, "dictionary": 0.0063254176629628225, "combined": 0.005592009480706527}, "Q32097740": {"object": 0.004416461898865996, "dictionary": 0.0063254176629628225, "combined": 0.005592009480706527}, "Q6912474": {"object": 0.004416461898865996, "dictionary": 0.0063254176629628225, "combined": 0.005592009480706527}, "Q16996920": {"object": 0.0024793477305755838, "dictionary": 0.0, "combined": 0.0009525490042578408}, "Q66811836": {"object": 0.0024793477305755838, "dictionary": 0.0, "combined": 0.0009525490042578408}, "Q28600763": {"object": 0.0024793477305755838, "dictionary": 0.0, "combined": 0.0009525490042578408}, "Q1662484": {"object": 0.0024793477305755838, "dictionary": 0.0, "combined": 0.0009525490042578408}, "Q684554": {"object": 0.0024793477305755838, "dictionary": 0.0, "combined": 0.0009525490042578408}, "Q856364": {"object": 0.00455876233396853, "dictionary": 0.0, "combined": 0.001751446345471585}, "Q1343830": {"object": 0.005242308707086096, "dictionary": 0.0, "combined": 0.0020140603423093903}, "Q47512572": {"object": 0.005808248117780473, "dictionary": 0.0, "combined": 0.0022314905218195668}, "Q942350": {"object": 0.003496903038262549, "dictionary": 0.0, "combined": 0.0013434870252386584}, "Q28758102": {"object": 0.005061583022062398, "dictionary": 0.0, "combined": 0.0019446267291093674}, "Q194831": {"object": 0.004189900869651156, "dictionary": 0.0, "combined": 0.0016097322098496988}, "Q1882400": {"object": 0.0058782786401204, "dictionary": 0.0, "combined": 0.0022583957854499606}, "Q27979410": {"object": 0.0058782786401204, "dictionary": 0.0, "combined": 0.0022583957854499606}, "Q28055391": {"object": 0.0058227342535589165, "dictionary": 0.0, "combined": 0.0022370559994010827}, "Q1141412": {"object": 0.003126883583555824, "dictionary": 0.0, "combined": 0.0012013279973659946}, "Q53756551": {"object": 0.008310747245128867, "dictionary": 0.0, "combined": 0.003192934139636918}, "Q53756539": {"object": 0.008310747245128867, "dictionary": 0.0, "combined": 0.003192934139636918}, "Q27979378": {"object": 0.008310747245128867, "dictionary": 0.0, "combined": 0.003192934139636918}, "Q5448342": {"object": 0.004909901562761943, "dictionary": 0.0, "combined": 0.001886351715387318}, "Q29904540": {"object": 0.004909901562761943, "dictionary": 0.0, "combined": 0.001886351715387318}, "Q5421818": {"object": 0.004909901562761943, "dictionary": 0.0, "combined": 0.001886351715387318}, "Q50223812": {"object": 0.004909901562761943, "dictionary": 0.0, "combined": 0.001886351715387318}, "Q5153426": {"object": 0.004909901562761943, "dictionary": 0.0, "combined": 0.001886351715387318}, "Q28205580": {"object": 0.00458934965063738, "dictionary": 0.0, "combined": 0.0017631977902877057}, "Q28206771": {"object": 0.004484265220860334, "dictionary": 0.0, "combined": 0.001722825047201809}, "Q28205626": {"object": 0.00458934965063738, "dictionary": 0.0, "combined": 0.0017631977902877057}, "Q729366": {"object": 0.00458934965063738, "dictionary": 0.0, "combined": 0.0017631977902877057}, "Q66134804": {"object": 0.0030431500828682983, "dictionary": 0.0066449871368628125, "combined": 0.0052611851566198116}, "Q27596243": {"object": 0.003405769046952884, "dictionary": 0.0, "combined": 0.0013084739483694807}, "Q48106551": {"object": 0.005663606063189017, "dictionary": 0.0, "combined": 0.0021759200008410863}, "Q2193155": {"object": 0.0038969819520629128, "dictionary": 0.0, "combined": 0.001497194698537322}, "Q26211936": {"object": 0.004144735419533977, "dictionary": 0.0020610878638203625, "combined": 0.0028616114773267727}, "Q26211977": {"object": 0.004144735419533977, "dictionary": 0.0020610878638203625,