{"name": "Q28206579", "Q99184084": {"object": 0.0020030400684572475, "dictionary": 0.0, "combined": 0.0005296439251553393}, "Q79241659": {"object": 0.0052572589467874175, "dictionary": 0.0, "combined": 0.0013901245951006519}, "Q28600412": {"object": 0.003941528825460802, "dictionary": 0.02955015779036417, "combined": 0.02277872322127698}, "Q4045294": {"object": 0.001675928639887074, "dictionary": 0.0, "combined": 0.0004431491097398309}, "Q1076355": {"object": 0.0016465963287601905, "dictionary": 0.0, "combined": 0.0004353930590028699}, "Q28858032": {"object": 0.0027717648369126316, "dictionary": 0.0, "combined": 0.0007329101553922755}, "Q3807693": {"object": 0.0018601736813819768, "dictionary": 0.0, "combined": 0.0004918671900740543}, "Q95994246": {"object": 0.0018604506303187046, "dictionary": 0.0, "combined": 0.0004919404209216175}, "Q58006953": {"object": 0.0018604506303187046, "dictionary": 0.0, "combined": 0.0004919404209216175}, "Q723030": {"object": 0.0017752864092814096, "dictionary": 0.0, "combined": 0.0004694212946079181}, "Q27979156": {"object": 0.0017752864092814096, "dictionary": 0.0, "combined": 0.0004694212946079181}, "Q26549229": {"object": 0.0021489300390739024, "dictionary": 0.0, "combined": 0.0005682201563026851}, "Q47233167": {"object": 0.002459508902610146, "dictionary": 0.0, "combined": 0.000650343430292065}, "Q29650304": {"object": 0.002459508902610146, "dictionary": 0.0, "combined": 0.000650343430292065}, "Q1601331": {"object": 0.002459508902610146, "dictionary": 0.0, "combined": 0.000650343430292065}, "Q81526237": {"object": 0.002459508902610146, "dictionary": 0.0, "combined": 0.000650343430292065}, "Q28009496": {"object": 0.002459508902610146, "dictionary": 0.0, "combined": 0.000650343430292065}, "Q34747804": {"object": 0.002459508902610146, "dictionary": 0.0, "combined": 0.000650343430292065}, "Q28049770": {"object": 0.002459508902610146, "dictionary": 0.0, "combined": 0.000650343430292065}, "Q28755606": {"object": 0.002459508902610146, "dictionary": 0.0, "combined": 0.000650343430292065}, "Q81526528": {"object": 0.002459508902610146, "dictionary": 0.0, "combined": 0.000650343430292065}, "Q81526664": {"object": 0.002459508902610146, "dictionary": 0.0, "combined": 0.000650343430292065}, "Q28758112": {"object": 0.002459508902610146, "dictionary": 0.0, "combined": 0.000650343430292065}, "Q32097899": {"object": 0.002459508902610146, "dictionary": 0.0, "combined": 0.000650343430292065}, "Q66439259": {"object": 0.002459508902610146, "dictionary": 0.0, "combined": 0.000650343430292065}, "Q28207108": {"object": 0.002459508902610146, "dictionary": 0.0, "combined": 0.000650343430292065}, "Q32097740": {"object": 0.002459508902610146, "dictionary": 0.0, "combined": 0.000650343430292065}, "Q6912474": {"object": 0.002459508902610146, "dictionary": 0.0, "combined": 0.000650343430292065}, "Q16996920": {"object": 0.002071107355499661, "dictionary": 0.0, "combined": 0.0005476422795824608}, "Q66811836": {"object": 0.002071107355499661, "dictionary": 0.0, "combined": 0.0005476422795824608}, "Q28600763": {"object": 0.002071107355499661, "dictionary": 0.0, "combined": 0.0005476422795824608}, "Q1662484": {"object": 0.002071107355499661, "dictionary": 0.0, "combined": 0.0005476422795824608}, "Q684554": {"object": 0.002071107355499661, "dictionary": 0.0, "combined": 0.0005476422795824608}, "Q28206109": {"object": 0.002307893582765508, "dictionary": 0.0, "combined": 0.000610253302101047}, "Q1676669": {"object": 0.002451521179763949, "dictionary": 0.0, "combined": 0.0006482313163369151}, "Q1343830": {"object": 0.002919419487943408, "dictionary": 0.0, "combined": 0.0007719530033966169}, "Q28600764": {"object": 0.006022517903287745, "dictionary": 0.0, "combined": 0.001592474395218873}, "Q942350": {"object": 0.005842231418126518, "dictionary": 0.0, "combined": 0.001544803036489241}, "Q1882400": {"object": 0.003273588446695634, "dictionary": 0.0, "combined": 0.0008656023718918694}, "Q27979410": {"object": 0.003273588446695634, "dictionary": 0.0, "combined": 0.0008656023718918694}, "Q28055391": {"object": 0.0032426560133663514, "dictionary": 0.0, "combined": 0.000857423216786028}, "Q1141412": {"object": 0.002612022311283528, "dictionary": 0.0, "combined": 0.0006906710311626786}, "Q28206359": {"object": 0.0034088634469429265, "dictionary": 0.0, "combined": 0.0009013717922018431}, "Q28206497": {"object": 0.004354453400444805, "dictionary": 0.0, "combined": 0.0011514047208720762}, "Q26385770": {"object": 0.004354453400444805, "dictionary": 0.0, "combined": 0.0011514047208720762}, "Q17092932": {"object": 0.004354453400444805, "dictionary": 0.0, "combined": 0.0011514047208720762}, "Q1952321": {"object": 0.004354453400444805, "dictionary": 0.0, "combined": 0.0011514047208720762}, "Q26329648": {"object": 0.004354453400444805, "dictionary": 0.0, "combined": 0.0011514047208720762}, "Q28206262": {"object": 0.004354453400444805, "dictionary": 0.0, "combined": 0.0011514047208720762}, "Q66134804": {"object": 0.0025420760641165717, "dictionary": 0.0, "combined": 0.0006721758420335238}, "Q27526733": {"object": 0.003232134891279131, "dictionary": 0.0, "combined": 0.0008546412213147113}, "Q1888930": {"object": 0.0033868553528610314, "dictionary": 0.0, "combined": 0.0008955524111928047}, "Q28786544": {"object": 0.0033868553528610314, "dictionary": 0.0, "combined": 0.0008955524111928047}, "Q8811": {"object": 0.0033868553528610314, "dictionary": 0.0, "combined": 0.0008955524111928047}, "Q2053": {"object": 0.0033868553528610314, "dictionary": 0.0, "combined": 0.0008955524111928047}, "Q166074": {"object": 0.0032061850746198306, "dictionary": 0.0, "combined": 0.000847779569883505}, "Q62626012": {"object": 0.0033868553528610314, "dictionary": 0.0, "combined": 0.0008955524111928047}, "Q26211936": {"object": 0.0034622783678689407, "dictionary": 0.0, "combined": 0.0009154957674665545}, "Q26211977": {"object": 0.0034622783678689407, "dictionary": 0.0, "combined": 0.0009154957674665545}, "Q26211940": {"object": 0.0034622783678689407, "dictionary": 0.0, "combined": 0.0009154957674665545}, "Q26211915": {"object": 0.0034622783678689407, "dictionary": 0.0, "combined": 0.0009154957674665545}, "Q10394822": {"object": 0.0034622783678689407, "dictionary": 0.0, "combined": 0.0009154957674665545}, "Q26211975": {"object": 0.0034622783678689407, "dictionary": 0.0, "combined": 0.0009154957674665545}, "Q26211905": {"object": 0.0034622783678689407, "dictionary": 0.0, "combined": 0.0009154957674665545}, "Q5532250": {"object": 0.0034622783678689407, "dictionary": 0.0, "combined": 0.0009154957674665545}, "Q26211927": {"object": 0.0034622783678689407, "dictionary": 0.0, "combined": 0.0009154957674665545}, "Q26211957": {"object": 0.0034622783678689407, "dictionary": 0.0, "combined": 0.0009154957674665545}, "Q26211948": {"object": 0.0034622783678689407, "dictionary": 0.0, "combined": 0.0009154957674665545}, "Q26211958": {"object": 0.0034622783678689407, "dictionary": 0.0, "combined": 0.0009154957674665545}, "Q26211874": {"object": 0.0034622783678689407, "dictionary": 0.0, "combined": 0.0009154957674665545}, "Q26211954": {"object": 0.0034622783678689407, "dictionary": 0.0, "combined": 0.0009154957674665545}, "Q26211891": {"object": 0.0034622783678689407, "dictionary": 0.0, "combined": 0.0009154957674665545}, "Q26211983": {"object": 0.0034622783678689407, "dictionary": 0.0, "combined": 0.0009154957674665545}, "Q26211840": {"object": 0.0034622783678689407, "dictionary": 0.0, "combined": 0.0009154957674665545}, "Q26211965": {"object": 0.0034622783678689407, "dictionary": 0.0, "combined": 0.0009154957674665545}, "Q26211978": {"object": 0.0034622783678689407, "dictionary": 0.0, "combined": 0.0009154957674665545}, "Q26211931": {"object": 0.0034622783678689407, "dictionary": 0.0, "combined": 0.0009154957674665545}, "Q479833": {"object": 0.003354594276390969, "dictionary": 0.0156791441143871, "combined": 0.012420286213957526}, "Q28205883": {"object": 0.0043899565236609, "dictionary": 0.0,