{"name": "Q28206493", "Q99184084": {"object": 0.003202236544664184, "dictionary": 0.0024661175504101266, "combined": 0.0027239630504566764}, "Q79241659": {"object": 0.005042830741912759, "dictionary": 0.011171024917374442, "combined": 0.009024459886600488}, "Q28600412": {"object": 0.0018903827006005712, "dictionary": 0.0, "combined": 0.0006621574453592644}, "Q4045294": {"object": 0.00723407587187153, "dictionary": 0.0011059595017065904, "combined": 0.003252497279080218}, "Q1144005": {"object": 0.0005647618717175641, "dictionary": 0.0, "combined": 0.0001978230535510148}, "Q28018471": {"object": 0.0010188684980757315, "dictionary": 0.0, "combined": 0.0003568861276759046}, "Q336284": {"object": 0.0008896004306616533, "dictionary": 0.0, "combined": 0.0003116065061166079}, "Q28018470": {"object": 0.001042910235803914, "dictionary": 0.0, "combined": 0.00036530739371427515}, "Q1076355": {"object": 0.004211830623899119, "dictionary": 0.0, "combined": 0.0014753070927494892}, "Q3807693": {"object": 0.003865989056570049, "dictionary": 0.0, "combined": 0.0013541667709252852}, "Q95994246": {"object": 0.0038665646380704943, "dictionary": 0.0, "combined": 0.0013543683838451507}, "Q58006953": {"object": 0.0038665646380704943, "dictionary": 0.0, "combined": 0.0013543683838451507}, "Q723030": {"object": 0.003689568290989134, "dictionary": 0.0, "combined": 0.001292370647098998}, "Q27979156": {"object": 0.003689568290989134, "dictionary": 0.0, "combined": 0.001292370647098998}, "Q47233167": {"object": 0.006684379410883696, "dictionary": 0.0011911948416926915, "combined": 0.0031153306582481794}, "Q29650304": {"object": 0.006684379410883696, "dictionary": 0.0011911948416926915, "combined": 0.0031153306582481794}, "Q1601331": {"object": 0.006684379410883696, "dictionary": 0.0011911948416926915, "combined": 0.0031153306582481794}, "Q81526237": {"object": 0.006684379410883696, "dictionary": 0.0011911948416926915, "combined": 0.0031153306582481794}, "Q28009496": {"object": 0.006684379410883696, "dictionary": 0.0011911948416926915, "combined": 0.0031153306582481794}, "Q34747804": {"object": 0.006684379410883696, "dictionary": 0.0011911948416926915, "combined": 0.0031153306582481794}, "Q28049770": {"object": 0.006684379410883696, "dictionary": 0.0011911948416926915, "combined": 0.0031153306582481794}, "Q28755606": {"object": 0.006684379410883696, "dictionary": 0.0011911948416926915, "combined": 0.0031153306582481794}, "Q81526528": {"object": 0.006684379410883696, "dictionary": 0.0011911948416926915, "combined": 0.0031153306582481794}, "Q81526664": {"object": 0.006684379410883696, "dictionary": 0.0011911948416926915, "combined": 0.0031153306582481794}, "Q28758112": {"object": 0.006684379410883696, "dictionary": 0.0011911948416926915, "combined": 0.0031153306582481794}, "Q32097899": {"object": 0.006684379410883696, "dictionary": 0.0011911948416926915, "combined": 0.0031153306582481794}, "Q66439259": {"object": 0.006684379410883696, "dictionary": 0.0011911948416926915, "combined": 0.0031153306582481794}, "Q28207108": {"object": 0.006684379410883696, "dictionary": 0.0011911948416926915, "combined": 0.0031153306582481794}, "Q32097740": {"object": 0.006684379410883696, "dictionary": 0.0011911948416926915, "combined": 0.0031153306582481794}, "Q6912474": {"object": 0.006684379410883696, "dictionary": 0.0011911948416926915, "combined": 0.0031153306582481794}, "Q16996920": {"object": 0.007284320810909334, "dictionary": 0.0017587486281279957, "combined": 0.0036942290784814156}, "Q66811836": {"object": 0.007284320810909334, "dictionary": 0.0017587486281279957, "combined": 0.0036942290784814156}, "Q28600763": {"object": 0.007284320810909334, "dictionary": 0.0017587486281279957, "combined": 0.0036942290784814156}, "Q1662484": {"object": 0.007284320810909334, "dictionary": 0.0017587486281279957, "combined": 0.0036942290784814156}, "Q684554": {"object": 0.007284320810909334, "dictionary": 0.0017587486281279957, "combined": 0.0036942290784814156}, "Q28206109": {"object": 0.0007379204528464383, "dictionary": 0.0, "combined": 0.00025847650942844295}, "Q1676669": {"object": 0.0011757654031211802, "dictionary": 0.0, "combined": 0.00041184349360856137}, "Q1343830": {"object": 0.0018668966079540446, "dictionary": 0.0, "combined": 0.0006539308089732274}, "Q47512572": {"object": 0.0023269945036631483, "dictionary": 0.0, "combined": 0.0008150924865219716}, "Q61777776": {"object": 0.002985768648950165, "dictionary": 0.0, "combined": 0.001045845870465551}, "Q194831": {"object": 0.0005595419994039694, "dictionary": 0.0, "combined": 0.00019599465271177025}, "Q1882400": {"object": 0.0015700341777396105, "dictionary": 0.0, "combined": 0.0005499467488400689}, "Q27979410": {"object": 0.0015700341777396105, "dictionary": 0.0, "combined": 0.0005499467488400689}, "Q28055391": {"object": 0.0015551987827843747, "dictionary": 0.0, "combined": 0.0005447502522675316}, "Q1141412": {"object": 0.010857104120983792, "dictionary": 0.0017592119596809685, "combined": 0.004945993678413618}, "Q59961105": {"object": 0.025288686711410584, "dictionary": 0.0, "combined": 0.008858043497752344}, "Q28205580": {"object": 0.002860137222907209, "dictionary": 0.0, "combined": 0.0010018400804744467}, "Q28206771": {"object": 0.004391588705250136, "dictionary": 0.0, "combined": 0.0015382722012919328}, "Q28205626": {"object": 0.002860137222907209, "dictionary": 0.0, "combined": 0.0010018400804744467}, "Q729366": {"object": 0.002860137222907209, "dictionary": 0.0, "combined": 0.0010018400804744467}, "Q29904539": {"object": 0.01285587538443636, "dictionary": 0.0033833379550829417, "combined": 0.00670134926744735}, "Q28755628": {"object": 0.01285587538443636, "dictionary": 0.0033833379550829417, "combined": 0.00670134926744735}, "Q58103465": {"object": 0.01285587538443636, "dictionary": 0.0033833379550829417, "combined": 0.00670134926744735}, "Q66134804": {"object": 0.0040639870365149055, "dictionary": 0.00187706365547038, "combined": 0.0026430924594415734}, "Q29944987": {"object": 0.0022116719980549786, "dictionary": 0.0, "combined": 0.0007746976735131163}, "Q29944777": {"object": 0.0022116719980549786, "dictionary": 0.0, "combined": 0.0007746976735131163}, "Q29944782": {"object": 0.0022116719980549786, "dictionary": 0.0, "combined": 0.0007746976735131163}, "Q29944783": {"object": 0.0022116719980549786, "dictionary": 0.0, "combined": 0.0007746976735131163}, "Q29944780": {"object": 0.0022116719980549786, "dictionary": 0.0, "combined": 0.0007746976735131163}, "Q29944776": {"object": 0.0022116719980549786, "dictionary": 0.0, "combined": 0.0007746976735131163}, "Q29944786": {"object": 0.0022116719980549786, "dictionary": 0.0, "combined": 0.0007746976735131163}, "Q29944773": {"object": 0.0022116719980549786, "dictionary": 0.0, "combined": 0.0007746976735131163}, "Q29944785": {"object": 0.0022116719980549786, "dictionary": 0.0, "combined": 0.0007746976735131163}, "Q29944758": {"object": 0.0022116719980549786, "dictionary": 0.0, "combined": 0.0007746976735131163}, "Q29944779": {"object": 0.0022116719980549786, "dictionary": 0.0, "combined": 0.0007746976735131163}, "Q27526733": {"object": 0.0010334351897523357, "dictionary": 0.0, "combined": 0.000361988503689424}, "Q939636": {"object": 0.02026928767709504, "dictionary": 0.0, "combined": 0.007099863822946165}, "Q27596243": {"object": 0.012280269580547004, "dictionary": 0.002228883328478063, "combined": 0.005749652028315791}, "Q217570": {"object": 0.013653219761713485, "dictionary": 0.07936836577201933, "combined": 0.056349866295817605}, "Q28206625": {"object": 0.001279349908487255, "dictionary": 0.0, "combined": 0.0004481267559502091}, "Q28205846": {"object": 0.0012322972509435381, "dictionary": 0.0, "combined": 0.00043164529560537333}, "Q85415606": {"object": 0.0018163765839427045, "dictionary": 0.0, "combined": 0.0006362348101534067}, "Q34746472": {"object": 0.0005553269566119174, "dictionary": 0.0, "combined": 0.0001945182204706275}, "Q27826464": {"object": 0.0005638922214811999, "dictionary": 0.0,