{"name": "Q28205708", "Q99184084": {"object": 0.0028219541568940227, "dictionary": 0.0, "combined": 0.0012330936921883854}, "Q4045294": {"object": 0.002361107931120759, "dictionary": 0.0, "combined": 0.0010317202670809776}, "Q1144005": {"object": 0.004976934368587571, "dictionary": 0.0, "combined": 0.0021747434703530484}, "Q28018471": {"object": 0.0089787251921288, "dictionary": 0.0, "combined": 0.003923383861945126}, "Q336284": {"object": 0.007839557129105307, "dictionary": 0.0, "combined": 0.00342560789722045}, "Q28018470": {"object": 0.009190591744692037, "dictionary": 0.0, "combined": 0.004015962017020107}, "Q1076355": {"object": 0.002319783526971634, "dictionary": 0.0, "combined": 0.001013662970875353}, "Q3807693": {"object": 0.0026206789047229524, "dictionary": 0.0, "combined": 0.001145143559037057}, "Q95994246": {"object": 0.002621069080244428, "dictionary": 0.0, "combined": 0.0011453140518755756}, "Q58006953": {"object": 0.002621069080244428, "dictionary": 0.0, "combined": 0.0011453140518755756}, "Q723030": {"object": 0.0025010866937912506, "dictionary": 0.0, "combined": 0.0010928860124094907}, "Q27979156": {"object": 0.0025010866937912506, "dictionary": 0.0, "combined": 0.0010928860124094907}, "Q26549229": {"object": 0.0030274891411981083, "dictionary": 0.0, "combined": 0.0013229051769179457}, "Q1676669": {"object": 0.0034537903124808467, "dictionary": 0.0, "combined": 0.0015091836407253954}, "Q28445577": {"object": 0.007581787112480543, "dictionary": 0.07372239888591837, "combined": 0.04482130175928285}, "Q307271": {"object": 0.01318898892089082, "dictionary": 0.0894274085508715, "combined": 0.05611392820305067}, "Q178051": {"object": 0.0070597990481633425, "dictionary": 0.0, "combined": 0.0030848813235114193}, "Q26211936": {"object": 0.004877781022152601, "dictionary": 0.0, "combined": 0.0021314169812427855}, "Q26211977": {"object": 0.004877781022152601, "dictionary": 0.0, "combined": 0.0021314169812427855}, "Q26211940": {"object": 0.004877781022152601, "dictionary": 0.0, "combined": 0.0021314169812427855}, "Q26211915": {"object": 0.004877781022152601, "dictionary": 0.0, "combined": 0.0021314169812427855}, "Q10394822": {"object": 0.004877781022152601, "dictionary": 0.0, "combined": 0.0021314169812427855}, "Q26211975": {"object": 0.004877781022152601, "dictionary": 0.0, "combined": 0.0021314169812427855}, "Q26211905": {"object": 0.004877781022152601, "dictionary": 0.0, "combined": 0.0021314169812427855}, "Q5532250": {"object": 0.004877781022152601, "dictionary": 0.0, "combined": 0.0021314169812427855}, "Q26211927": {"object": 0.004877781022152601, "dictionary": 0.0, "combined": 0.0021314169812427855}, "Q26211957": {"object": 0.004877781022152601, "dictionary": 0.0, "combined": 0.0021314169812427855}, "Q26211948": {"object": 0.004877781022152601, "dictionary": 0.0, "combined": 0.0021314169812427855}, "Q26211958": {"object": 0.004877781022152601, "dictionary": 0.0, "combined": 0.0021314169812427855}, "Q26211874": {"object": 0.004877781022152601, "dictionary": 0.0, "combined": 0.0021314169812427855}, "Q26211954": {"object": 0.004877781022152601, "dictionary": 0.0, "combined": 0.0021314169812427855}, "Q26211891": {"object": 0.004877781022152601, "dictionary": 0.0, "combined": 0.0021314169812427855}, "Q26211983": {"object": 0.004877781022152601, "dictionary": 0.0, "combined": 0.0021314169812427855}, "Q26211840": {"object": 0.004877781022152601, "dictionary": 0.0, "combined": 0.0021314169812427855}, "Q26211965": {"object": 0.004877781022152601, "dictionary": 0.0, "combined": 0.0021314169812427855}, "Q26211978": {"object": 0.004877781022152601, "dictionary": 0.0, "combined": 0.0021314169812427855}, "Q26211931": {"object": 0.004877781022152601, "dictionary": 0.0, "combined": 0.0021314169812427855}, "Q34746472": {"object": 0.004893789674149908, "dictionary": 0.0, "combined": 0.0021384121933195276}, "Q27826464": {"object": 0.004969270621499176, "dictionary": 0.0, "combined": 0.0021713946851964435}, "Q27826469": {"object": 0.004969270621499176, "dictionary": 0.0, "combined": 0.0021713946851964435}, "Q27826466": {"object": 0.004969270621499176, "dictionary": 0.0, "combined": 0.0021713946851964435}, "Q27826468": {"object": 0.004969270621499176, "dictionary": 0.0, "combined": 0.0021713946851964435}, "Q28205883": {"object": 0.0061847270334788726, "dictionary": 0.0, "combined": 0.002702505947610327}, "Q28975647": {"object": 0.017514236895518513, "dictionary": 0.0, "combined": 0.007653099178311004}, "Q28207194": {"object": 0.014397691999203297, "dictionary": 0.0, "combined": 0.006291279800884271}, "Q59608283": {"object": 0.017514236895518513, "dictionary": 0.0, "combined": 0.007653099178311004}, "Q28205418": {"object": 0.017514236895518513, "dictionary": 0.0, "combined": 0.007653099178311004}, "Q59608340": {"object": 0.017514236895518513, "dictionary": 0.0, "combined": 0.007653099178311004}, "Q29650303": {"object": 0.017514236895518513, "dictionary": 0.0, "combined": 0.007653099178311004}, "Q29000561": {"object": 0.017514236895518513, "dictionary": 0.0, "combined": 0.007653099178311004}, "Q28206265": {"object": 0.01614174029145815, "dictionary": 0.0, "combined": 0.007053366932171482}, "Q28771319": {"object": 0.005927041092415708, "dictionary": 0.0, "combined": 0.0025899063478916884}, "Q6043826": {"object": 0.005927041092415708, "dictionary": 0.0, "combined": 0.0025899063478916884}, "Q29000498": {"object": 0.005927041092415708, "dictionary": 0.0, "combined": 0.0025899063478916884}, "Q27967123": {"object": 0.010739003149925461, "dictionary": 0.3154963990587255, "combined": 0.1823282461938622}, "Q29650305": {"object": 0.008315106011234558, "dictionary": 0.0, "combined": 0.003633405860716155}, "Q47524710": {"object": 0.023253045661745977, "dictionary": 0.5213537935044845, "combined": 0.3037014660424319}, "Q62625561": {"object": 0.009952310540948087, "dictionary": 0.0, "combined": 0.004348806064323298}, "Q1381134": {"object": 0.01202819863947554, "dictionary": 0.0, "combined": 0.005255895399467049}, "Q1886335": {"object": 0.02301821686999332, "dictionary": 0.0, "combined": 0.010058142850574655}, "Q6746668": {"object": 0.02301821686999332, "dictionary": 0.0, "combined": 0.010058142850574655}, "Q28206593": {"object": 0.02301821686999332, "dictionary": 0.0, "combined": 0.010058142850574655}, "Q6731061": {"object": 0.02301821686999332, "dictionary": 0.0, "combined": 0.010058142850574655}, "Q28770339": {"object": 0.08830812188321369, "dictionary": 0.0, "combined": 0.038587511351724384}, "Q66686421": {"object": 0.05209724277301889, "dictionary": 0.0, "combined": 0.022764643885825206}, "Q28771324": {"object": 0.05209724277301889, "dictionary": 0.0, "combined": 0.022764643885825206}, "Q63344874": {"object": 0.05209724277301889, "dictionary": 0.0, "combined": 0.022764643885825206}, "Q63391715": {"object": 0.05209724277301889, "dictionary": 0.0, "combined": 0.022764643885825206}, "Q63106742": {"object": 0.05209724277301889, "dictionary": 0.0, "combined": 0.022764643885825206}, "Q63391711": {"object": 0.05209724277301889, "dictionary": 0.0, "combined": 0.022764643885825206}, "Q3459655": {"object": 0.07516519438016461, "dictionary": 0.0, "combined": 0.03284451904927796}, "type": "co-oc"}