{"name": "Q28207521", "Q4045294": {"object": 0.001687044676205861, "dictionary": 0.003510882969924703, "combined": 0.002881924641170522}, "Q1144005": {"object": 0.0035560892916767775, "dictionary": 0.0, "combined": 0.0012263323922391894}, "Q1076355": {"object": 0.0016575178108312364, "dictionary": 0.003429934944881192, "combined": 0.0028187094199393485}, "Q28858032": {"object": 0.0027901492942582215, "dictionary": 0.0, "combined": 0.0009621947533040672}, "Q3807693": {"object": 0.0018725117712680036, "dictionary": 0.00686977707753443, "combined": 0.005146449057613431}, "Q95994246": {"object": 0.0018727905571412013, "dictionary": 0.006886701016122645, "combined": 0.005157632845076654}, "Q58006953": {"object": 0.0018727905571412013, "dictionary": 0.006886701016122645, "combined": 0.005157632845076654}, "Q723030": {"object": 0.0017870614620683531, "dictionary": 0.006751410398960023, "combined": 0.005039433727863042}, "Q27979156": {"object": 0.0017870614620683531, "dictionary": 0.00675417437202662, "combined": 0.0050412445331588585}, "Q26549229": {"object": 0.0021631833812463274, "dictionary": 0.0, "combined": 0.0007459829135856767}, "Q47233167": {"object": 0.002475822240563268, "dictionary": 0.0, "combined": 0.0008537977429687414}, "Q29650304": {"object": 0.002475822240563268, "dictionary": 0.0, "combined": 0.0008537977429687414}, "Q1601331": {"object": 0.002475822240563268, "dictionary": 0.0, "combined": 0.0008537977429687414}, "Q81526237": {"object": 0.002475822240563268, "dictionary": 0.0, "combined": 0.0008537977429687414}, "Q28009496": {"object": 0.002475822240563268, "dictionary": 0.0, "combined": 0.0008537977429687414}, "Q34747804": {"object": 0.002475822240563268, "dictionary": 0.0, "combined": 0.0008537977429687414}, "Q28049770": {"object": 0.002475822240563268, "dictionary": 0.0, "combined": 0.0008537977429687414}, "Q28755606": {"object": 0.002475822240563268, "dictionary": 0.0, "combined": 0.0008537977429687414}, "Q81526528": {"object": 0.002475822240563268, "dictionary": 0.0, "combined": 0.0008537977429687414}, "Q81526664": {"object": 0.002475822240563268, "dictionary": 0.0, "combined": 0.0008537977429687414}, "Q28758112": {"object": 0.002475822240563268, "dictionary": 0.0, "combined": 0.0008537977429687414}, "Q32097899": {"object": 0.002475822240563268, "dictionary": 0.0, "combined": 0.0008537977429687414}, "Q66439259": {"object": 0.002475822240563268, "dictionary": 0.0, "combined": 0.0008537977429687414}, "Q28207108": {"object": 0.002475822240563268, "dictionary": 0.0, "combined": 0.0008537977429687414}, "Q32097740": {"object": 0.002475822240563268, "dictionary": 0.0, "combined": 0.0008537977429687414}, "Q6912474": {"object": 0.002475822240563268, "dictionary": 0.0, "combined": 0.0008537977429687414}, "Q16996920": {"object": 0.002084844518309524, "dictionary": 0.0, "combined": 0.0007189674262593476}, "Q66811836": {"object": 0.002084844518309524, "dictionary": 0.0, "combined": 0.0007189674262593476}, "Q28600763": {"object": 0.002084844518309524, "dictionary": 0.0, "combined": 0.0007189674262593476}, "Q1662484": {"object": 0.002084844518309524, "dictionary": 0.0, "combined": 0.0007189674262593476}, "Q684554": {"object": 0.002084844518309524, "dictionary": 0.0, "combined": 0.0007189674262593476}, "Q47512572": {"object": 0.004884064506161482, "dictionary": 0.012481062728590776, "combined": 0.009861205846550659}, "Q283579": {"object": 0.007371491897108736, "dictionary": 0.0, "combined": 0.0025420900745410243}, "Q5448342": {"object": 0.0041286590147591815, "dictionary": 0.009760553480643315, "combined": 0.007818370918087434}, "Q29904540": {"object": 0.0041286590147591815, "dictionary": 0.009760553480643315, "combined": 0.007818370918087434}, "Q5421818": {"object": 0.0041286590147591815, "dictionary": 0.009760553480643315, "combined": 0.007818370918087434}, "Q50223812": {"object": 0.0041286590147591815, "dictionary": 0.009760553480643315, "combined": 0.007818370918087434}, "Q5153426": {"object": 0.0041286590147591815, "dictionary": 0.009760553480643315, "combined": 0.007818370918087434}, "Q28205580": {"object": 0.002572741301739021, "dictionary": 0.0, "combined": 0.0008872206900312417}, "Q28206771": {"object": 0.0025138320720577405, "dictionary": 0.0, "combined": 0.0008669055936895668}, "Q28205626": {"object": 0.002572741301739021, "dictionary": 0.0, "combined": 0.0008872206900312417}, "Q729366": {"object": 0.002572741301739021, "dictionary": 0.0, "combined": 0.0008872206900312417}, "Q939636": {"object": 0.005105117782772733, "dictionary": 0.0, "combined": 0.0017605214013786787}, "Q27596243": {"object": 0.0028638576350561292, "dictionary": 0.007075619412670657, "combined": 0.005623175597951884}, "Q26211936": {"object": 0.003485242837337983, "dictionary": 0.0, "combined": 0.001201900693621748}, "Q26211977": {"object": 0.003485242837337983, "dictionary": 0.0, "combined": 0.001201900693621748}, "Q26211940": {"object": 0.003485242837337983, "dictionary": 0.0, "combined": 0.001201900693621748}, "Q26211915": {"object": 0.003485242837337983, "dictionary": 0.0, "combined": 0.001201900693621748}, "Q10394822": {"object": 0.003485242837337983, "dictionary": 0.0, "combined": 0.001201900693621748}, "Q26211975": {"object": 0.003485242837337983, "dictionary": 0.0, "combined": 0.001201900693621748}, "Q26211905": {"object": 0.003485242837337983, "dictionary": 0.0, "combined": 0.001201900693621748}, "Q5532250": {"object": 0.003485242837337983, "dictionary": 0.0, "combined": 0.001201900693621748}, "Q26211927": {"object": 0.003485242837337983, "dictionary": 0.0, "combined": 0.001201900693621748}, "Q26211957": {"object": 0.003485242837337983, "dictionary": 0.0, "combined": 0.001201900693621748}, "Q26211948": {"object": 0.003485242837337983, "dictionary": 0.0, "combined": 0.001201900693621748}, "Q26211958": {"object": 0.003485242837337983, "dictionary": 0.0, "combined": 0.001201900693621748}, "Q26211874": {"object": 0.003485242837337983, "dictionary": 0.0, "combined": 0.001201900693621748}, "Q26211954": {"object": 0.003485242837337983, "dictionary": 0.0, "combined": 0.001201900693621748}, "Q26211891": {"object": 0.003485242837337983, "dictionary": 0.0, "combined": 0.001201900693621748}, "Q26211983": {"object": 0.003485242837337983, "dictionary": 0.0, "combined": 0.001201900693621748}, "Q26211840": {"object": 0.003485242837337983, "dictionary": 0.0, "combined": 0.001201900693621748}, "Q26211965": {"object": 0.003485242837337983, "dictionary": 0.0, "combined": 0.001201900693621748}, "Q26211978": {"object": 0.003485242837337983, "dictionary": 0.0, "combined": 0.001201900693621748}, "Q26211931": {"object": 0.003485242837337983, "dictionary": 0.0, "combined": 0.001201900693621748}, "Q479833": {"object": 0.003376844502876548, "dictionary": 0.0, "combined": 0.0011645190707457503}, "Q55758993": {"object": 0.00865904290030744, "dictionary": 0.0, "combined": 0.0029861074690362335}, "Q58799889": {"object": 0.00865904290030744, "dictionary": 0.0, "combined": 0.0029861074690362335}, "Q28207256": {"object": 0.00865904290030744, "dictionary": 0.0, "combined": 0.0029861074690362335}, "Q50809751": {"object": 0.00865904290030744, "dictionary": 0.0, "combined": 0.0029861074690362335}, "Q28207363": {"object": 0.00865904290030744, "dictionary": 0.0, "combined": 0.0029861074690362335}, "Q28206843": {"object": 0.00865904290030744, "dictionary": 0.0, "combined": 0.0029861074690362335}, "Q50809753": {"object": 0.00865904290030744, "dictionary": 0.0, "combined": 0.0029861074690362335}, "Q3406936": {"object": 0.00865904290030744, "dictionary": 0.0, "combined": 0.0029861074690362335}, "Q50809785": {"object": 0.00865904290030744, "dictionary": 0.0, "combined": 0.0029861074690362335}, "Q29650793": {"object": 0.00865904290030744, "dictionary": 0.0, "combined": 0.0029861074690362335}, "Q55758988": {"object": 0.00865904290030744, "dictionary": 0.0, "combined": 0.0029861074690362335}, "Q87816075": {"object": 0.007959316661264157, "dictionary": 0.0, "combined": 0.0027448039239742735},