{"name": "Q28206795", "Q99184084": {"object": 0.0037772027209973693, "dictionary": 0.0, "combined": 0.0018409734960981954}, "Q28600412": {"object": 0.003716339388030039, "dictionary": 0.0, "combined": 0.00181130927335098}, "Q4045294": {"object": 0.004740535887273483, "dictionary": 0.02308213912171655, "combined": 0.014142612195387691}, "Q1144005": {"object": 0.0066616567789837, "dictionary": 0.0, "combined": 0.003246829592183916}, "Q1076355": {"object": 0.004657566439622638, "dictionary": 0.00751665001410199, "combined": 0.0061231592558520995}, "Q28858032": {"object": 0.002613406952965974, "dictionary": 0.0, "combined": 0.0012737502565545917}, "Q3807693": {"object": 0.00526169186639538, "dictionary": 0.015055011478800907, "combined": 0.010281838531256115}, "Q95994246": {"object": 0.0052624752448413685, "dictionary": 0.015092100031578747, "combined": 0.010301232279530977}, "Q58006953": {"object": 0.0052624752448413685, "dictionary": 0.015092100031578747, "combined": 0.010301232279530977}, "Q723030": {"object": 0.005021579519014883, "dictionary": 0.014795612711630898, "combined": 0.010031839785819051}, "Q27979156": {"object": 0.005021579519014883, "dictionary": 0.014801669916366228, "combined": 0.010034944765269728}, "Q26549229": {"object": 0.002026156270821542, "dictionary": 0.0, "combined": 0.0009875297327305442}, "Q47233167": {"object": 0.004637981968284616, "dictionary": 0.0, "combined": 0.002260509300051218}, "Q29650304": {"object": 0.004637981968284616, "dictionary": 0.0, "combined": 0.002260509300051218}, "Q1601331": {"object": 0.004637981968284616, "dictionary": 0.0, "combined": 0.002260509300051218}, "Q81526237": {"object": 0.004637981968284616, "dictionary": 0.0, "combined": 0.002260509300051218}, "Q28009496": {"object": 0.004637981968284616, "dictionary": 0.0, "combined": 0.002260509300051218}, "Q34747804": {"object": 0.004637981968284616, "dictionary": 0.0, "combined": 0.002260509300051218}, "Q28049770": {"object": 0.004637981968284616, "dictionary": 0.0, "combined": 0.002260509300051218}, "Q28755606": {"object": 0.004637981968284616, "dictionary": 0.0, "combined": 0.002260509300051218}, "Q81526528": {"object": 0.004637981968284616, "dictionary": 0.0, "combined": 0.002260509300051218}, "Q81526664": {"object": 0.004637981968284616, "dictionary": 0.0, "combined": 0.002260509300051218}, "Q28758112": {"object": 0.004637981968284616, "dictionary": 0.0, "combined": 0.002260509300051218}, "Q32097899": {"object": 0.004637981968284616, "dictionary": 0.0, "combined": 0.002260509300051218}, "Q66439259": {"object": 0.004637981968284616, "dictionary": 0.0, "combined": 0.002260509300051218}, "Q28207108": {"object": 0.004637981968284616, "dictionary": 0.0, "combined": 0.002260509300051218}, "Q32097740": {"object": 0.004637981968284616, "dictionary": 0.0, "combined": 0.002260509300051218}, "Q6912474": {"object": 0.004637981968284616, "dictionary": 0.0, "combined": 0.002260509300051218}, "Q16996920": {"object": 0.0019527797925421174, "dictionary": 0.0, "combined": 0.0009517667192712675}, "Q66811836": {"object": 0.0019527797925421174, "dictionary": 0.0, "combined": 0.0009517667192712675}, "Q28600763": {"object": 0.0019527797925421174, "dictionary": 0.0, "combined": 0.0009517667192712675}, "Q1662484": {"object": 0.0019527797925421174, "dictionary": 0.0, "combined": 0.0009517667192712675}, "Q684554": {"object": 0.0019527797925421174, "dictionary": 0.0, "combined": 0.0009517667192712675}, "Q29650301": {"object": 0.005075451484278921, "dictionary": 0.0, "combined": 0.0024737278757499467}, "Q28758103": {"object": 0.005075451484278921, "dictionary": 0.0, "combined": 0.0024737278757499467}, "Q29209269": {"object": 0.005075451484278921, "dictionary": 0.0, "combined": 0.0024737278757499467}, "Q1343830": {"object": 0.0027526257230804743, "dictionary": 0.0, "combined": 0.0013416041910324606}, "Q47512572": {"object": 0.009149365709859008, "dictionary": 0.027352058229232486, "combined": 0.01848023509421606}, "Q28758102": {"object": 0.003986595717036874, "dictionary": 0.0, "combined": 0.0019430296960035941}, "Q27473691": {"object": 0.005288491521501739, "dictionary": 0.0, "combined": 0.002577561609627863}, "Q47455968": {"object": 0.0052396727270074455, "dictionary": 0.0, "combined": 0.0025537677829751784}, "Q28206310": {"object": 0.005288491521501739, "dictionary": 0.0, "combined": 0.002577561609627863}, "Q3928271": {"object": 0.004646200564191234, "dictionary": 0.0, "combined": 0.002264514967302043}, "Q34312361": {"object": 0.004949303637774624, "dictionary": 0.0, "combined": 0.0024122445879419386}, "Q27923693": {"object": 0.004949303637774624, "dictionary": 0.0, "combined": 0.0024122445879419386}, "Q34312151": {"object": 0.004949303637774624, "dictionary": 0.0, "combined": 0.0024122445879419386}, "Q27925722": {"object": 0.004949303637774624, "dictionary": 0.0, "combined": 0.0024122445879419386}, "Q1882400": {"object": 0.0030865601200399098, "dictionary": 0.0, "combined": 0.0015043607121003916}, "Q27979410": {"object": 0.0030865601200399098, "dictionary": 0.0, "combined": 0.0015043607121003916}, "Q28055391": {"object": 0.003057394934285931, "dictionary": 0.0, "combined": 0.0014901458716621535}, "Q1141412": {"object": 0.004925581837753717, "dictionary": 0.024477312918652443, "combined": 0.014947980928425135}, "Q5448342": {"object": 0.003867128614874296, "dictionary": 0.0, "combined": 0.0018848025408884227}, "Q29904540": {"object": 0.003867128614874296, "dictionary": 0.0, "combined": 0.0018848025408884227}, "Q5421818": {"object": 0.003867128614874296, "dictionary": 0.0, "combined": 0.0018848025408884227}, "Q50223812": {"object": 0.003867128614874296, "dictionary": 0.0, "combined": 0.0018848025408884227}, "Q5153426": {"object": 0.003867128614874296, "dictionary": 0.0, "combined": 0.0018848025408884227}, "Q28205580": {"object": 0.004819541391554822, "dictionary": 0.02903894324814058, "combined": 0.01723463190909957}, "Q28206771": {"object": 0.004709186156614709, "dictionary": 0.027597158362406542, "combined": 0.016441773459165532}, "Q28205626": {"object": 0.004819541391554822, "dictionary": 0.029012730260662728, "combined": 0.01722119488806165}, "Q729366": {"object": 0.004819541391554822, "dictionary": 0.02903894324814058, "combined": 0.01723463190909957}, "Q29904539": {"object": 0.003610515784797594, "dictionary": 0.0, "combined": 0.0017597318327943609}, "Q28755628": {"object": 0.003610515784797594, "dictionary": 0.0, "combined": 0.0017597318327943609}, "Q58103465": {"object": 0.003610515784797594, "dictionary": 0.0, "combined": 0.0017597318327943609}, "Q66134804": {"object": 0.00239684087641813, "dictionary": 0.0, "combined": 0.0011681979638851429}, "Q29944987": {"object": 0.004347968142727686, "dictionary": 0.0, "combined": 0.0021191592572313363}, "Q29944777": {"object": 0.004347968142727686, "dictionary": 0.0, "combined": 0.0021191592572313363}, "Q29944782": {"object": 0.004347968142727686, "dictionary": 0.0, "combined": 0.0021191592572313363}, "Q29944783": {"object": 0.004347968142727686, "dictionary": 0.0, "combined": 0.0021191592572313363}, "Q29944780": {"object": 0.004347968142727686, "dictionary": 0.0, "combined": 0.0021191592572313363}, "Q29944776": {"object": 0.004347968142727686, "dictionary": 0.0, "combined": 0.0021191592572313363}, "Q29944786": {"object": 0.004347968142727686, "dictionary": 0.0, "combined": 0.0021191592572313363}, "Q29944773": {"object": 0.004347968142727686, "dictionary": 0.0, "combined": 0.0021191592572313363}, "Q29944785": {"object": 0.004347968142727686, "dictionary": 0.0, "combined": 0.0021191592572313363}, "Q29944758": {"object": 0.004347968142727686, "dictionary": 0.0, "combined": 0.0021191592572313363}, "Q29944779": {"object": 0.004347968142727686, "dictionary": 0.0, "combined": 0.0021191592572313363}, "Q1888930": {"object": 0.0031933558034873233, "dictionary": 0.0, "combined": 0.0015564119355180393}, "Q28786544": {"object": 0.0031933558034873233, "dictionary": 0.0, "combined": 0.0015564119355180393},