{"name": "Q28205653", "Q28018471": {"object": 0.03819783205857567, "dictionary": 0.04675974824380471, "combined": 0.04420431280046764}, "Q336284": {"object": 0.03335151485577158, "dictionary": 0.03743124191771708, "combined": 0.036213584689160826}, "Q28018470": {"object": 0.03909916747317712, "dictionary": 0.048357093069177466, "combined": 0.04559392292268485}, "Q26549229": {"object": 0.012879726163801711, "dictionary": 0.0, "combined": 0.003844152176616331}, "Q1676669": {"object": 0.014693322214308671, "dictionary": 0.0, "combined": 0.004385447784643549}, "Q28600764": {"object": 0.036096280474709204, "dictionary": 0.0, "combined": 0.010773489543946118}, "Q942350": {"object": 0.03501572386388924, "dictionary": 0.0, "combined": 0.010450980820188078}, "Q66134804": {"object": 0.015236067716511786, "dictionary": 0.011781189331572928, "combined": 0.012812350871383745}, "Q29944987": {"object": 0.02763885483746998, "dictionary": 0.06250652540599048, "combined": 0.052099733366713495}, "Q29944777": {"object": 0.02763885483746998, "dictionary": 0.06250652540599048, "combined": 0.052099733366713495}, "Q29944782": {"object": 0.02763885483746998, "dictionary": 0.06250652540599048, "combined": 0.052099733366713495}, "Q29944783": {"object": 0.02763885483746998, "dictionary": 0.06250652540599048, "combined": 0.052099733366713495}, "Q29944780": {"object": 0.02763885483746998, "dictionary": 0.06250652540599048, "combined": 0.052099733366713495}, "Q29944776": {"object": 0.02763885483746998, "dictionary": 0.06250652540599048, "combined": 0.052099733366713495}, "Q29944786": {"object": 0.02763885483746998, "dictionary": 0.06250652540599048, "combined": 0.052099733366713495}, "Q29944773": {"object": 0.02763885483746998, "dictionary": 0.06250652540599048, "combined": 0.052099733366713495}, "Q29944785": {"object": 0.02763885483746998, "dictionary": 0.06250652540599048, "combined": 0.052099733366713495}, "Q29944758": {"object": 0.02763885483746998, "dictionary": 0.06250652540599048, "combined": 0.052099733366713495}, "Q29944779": {"object": 0.02763885483746998, "dictionary": 0.06250652540599048, "combined": 0.052099733366713495}, "Q939636": {"object": 0.030396183534927002, "dictionary": 0.0, "combined": 0.009072208027606792}, "Q28205883": {"object": 0.026311437258382902, "dictionary": 0.0, "combined": 0.007853052737330996}, "Q15938816": {"object": 0.054481949488265076, "dictionary": 0.0, "combined": 0.016260974965464303}, "Q28975650": {"object": 0.054481949488265076, "dictionary": 0.0, "combined": 0.016260974965464303}, "Q380665": {"object": 0.1400371966273925, "dictionary": 0.16809894797183253, "combined": 0.15972348710112144}, "Q1056154": {"object": 0.1656942455698525, "dictionary": 0.0, "combined": 0.04945399356007268}, "type": "co-oc"}