{"name": "Q28206101", "Q27866062": {"object": 0.006862961987634381, "dictionary": 0.0, "combined": 0.00153993194106636}, "Q28207379": {"object": 0.006754619778293847, "dictionary": 0.0, "combined": 0.0015156217920330715}, "Q27231634": {"object": 0.006862961987634381, "dictionary": 0.0, "combined": 0.00153993194106636}, "Q27866063": {"object": 0.006862961987634381, "dictionary": 0.0, "combined": 0.00153993194106636}, "Q28205771": {"object": 0.006786752602568934, "dictionary": 0.0, "combined": 0.0015228318512679959}, "Q7670377": {"object": 0.006786752602568934, "dictionary": 0.0, "combined": 0.0015228318512679959}, "Q27866059": {"object": 0.006862961987634381, "dictionary": 0.0, "combined": 0.00153993194106636}, "Q28207384": {"object": 0.006786752602568934, "dictionary": 0.0, "combined": 0.0015228318512679959}, "Q28205372": {"object": 0.006862961987634381, "dictionary": 0.0, "combined": 0.00153993194106636}, "Q27231651": {"object": 0.006862961987634381, "dictionary": 0.0, "combined": 0.00153993194106636}, "Q27231654": {"object": 0.006862961987634381, "dictionary": 0.0, "combined": 0.00153993194106636}, "Q1502796": {"object": 0.006862961987634381, "dictionary": 0.0, "combined": 0.00153993194106636}, "Q99184084": {"object": 0.0022976510030666424, "dictionary": 0.0, "combined": 0.0005155538054007331}, "Q4045294": {"object": 0.0019224274047949918, "dictionary": 0.0, "combined": 0.0004313600119538984}, "Q28205439": {"object": 0.006153044058697197, "dictionary": 0.0, "combined": 0.001380638432479862}, "Q1076355": {"object": 0.0018887808416811272, "dictionary": 0.0, "combined": 0.0004238102954700388}, "Q3807693": {"object": 0.002133771556650561, "dictionary": 0.002259024394084723, "combined": 0.0022309197877323074}, "Q95994246": {"object": 0.002134089239762493, "dictionary": 0.002264589580506826, "combined": 0.0022353075236639748}, "Q58006953": {"object": 0.002134089239762493, "dictionary": 0.002264589580506826, "combined": 0.0022353075236639748}, "Q723030": {"object": 0.0020363989034715953, "dictionary": 0.0022201012658189163, "combined": 0.002178881580217031}, "Q27979156": {"object": 0.0020363989034715953, "dictionary": 0.002221010157404708, "combined": 0.002179586531989889}, "Q28206109": {"object": 0.002647342950805987, "dictionary": 0.0, "combined": 0.0005940187307242002}, "Q1676669": {"object": 0.002812095567345352, "dictionary": 0.0, "combined": 0.0006309864156742777}, "Q856364": {"object": 0.008736481126194006, "dictionary": 0.0, "combined": 0.0019603177699352116}, "Q279254": {"object": 0.020206173870399875, "dictionary": 0.0, "combined": 0.004533921739015019}, "Q5322705": {"object": 0.020206173870399875, "dictionary": 0.0, "combined": 0.004533921739015019}, "Q1343830": {"object": 0.003348813246662541, "dictionary": 0.004355515169995823, "combined": 0.004129628380929079}, "Q47512572": {"object": 0.005565507295602664, "dictionary": 0.008208425062347853, "combined": 0.0076153992676609794}, "Q1882400": {"object": 0.003755074048004814, "dictionary": 0.004850249188137852, "combined": 0.004604510514021429}, "Q27979410": {"object": 0.003755074048004814, "dictionary": 0.004850249188137852, "combined": 0.004604510514021429}, "Q28055391": {"object": 0.0037195920136783318, "dictionary": 0.004738486893384777, "combined": 0.004509864212292273}, "Q1141412": {"object": 0.0029962035098855754, "dictionary": 0.0, "combined": 0.0006722971065731247}, "Q5448342": {"object": 0.00470470482908446, "dictionary": 0.0, "combined": 0.0010556557434894943}, "Q29904540": {"object": 0.00470470482908446, "dictionary": 0.0, "combined": 0.0010556557434894943}, "Q5421818": {"object": 0.00470470482908446, "dictionary": 0.0, "combined": 0.0010556557434894943}, "Q50223812": {"object": 0.00470470482908446, "dictionary": 0.0, "combined": 0.0010556557434894943}, "Q5153426": {"object": 0.00470470482908446, "dictionary": 0.0, "combined": 0.0010556557434894943}, "Q28205580": {"object": 0.0029316997075823216, "dictionary": 0.0, "combined": 0.000657823550451732}, "Q28206771": {"object": 0.0028645712437473567, "dictionary": 0.0, "combined": 0.0006427610649242825}, "Q28205626": {"object": 0.0029316997075823216, "dictionary": 0.0, "combined": 0.000657823550451732}, "Q729366": {"object": 0.0029316997075823216, "dictionary": 0.0, "combined": 0.000657823550451732}, "Q66134804": {"object": 0.002915969435942319, "dictionary": 0.0, "combined": 0.0006542939450446592}, "Q27596243": {"object": 0.003263433671149242, "dictionary": 0.004653425191554864, "combined": 0.004341534736101269}, "Q479833": {"object": 0.0038479943688634393, "dictionary": 0.0, "combined": 0.000863424487609443}, "Q55758993": {"object": 0.009867184672479452, "dictionary": 0.0, "combined": 0.0022140284141059434}, "Q58799889": {"object": 0.009867184672479452, "dictionary": 0.0, "combined": 0.0022140284141059434}, "Q28207256": {"object": 0.009867184672479452, "dictionary": 0.0, "combined": 0.0022140284141059434}, "Q50809751": {"object": 0.009867184672479452, "dictionary": 0.0, "combined": 0.0022140284141059434}, "Q28207363": {"object": 0.009867184672479452, "dictionary": 0.0, "combined": 0.0022140284141059434}, "Q28206843": {"object": 0.009867184672479452, "dictionary": 0.0, "combined": 0.0022140284141059434}, "Q50809753": {"object": 0.009867184672479452, "dictionary": 0.0, "combined": 0.0022140284141059434}, "Q3406936": {"object": 0.009867184672479452, "dictionary": 0.0, "combined": 0.0022140284141059434}, "Q50809785": {"object": 0.009867184672479452, "dictionary": 0.0, "combined": 0.0022140284141059434}, "Q29650793": {"object": 0.009867184672479452, "dictionary": 0.0, "combined": 0.0022140284141059434}, "Q55758988": {"object": 0.009867184672479452, "dictionary": 0.0, "combined": 0.0022140284141059434}, "Q87816075": {"object": 0.00906983003406157, "dictionary": 0.0, "combined": 0.0020351155950826872}, "Q28205883": {"object": 0.00503563966035745, "dictionary": 0.0, "combined": 0.0011299118909090643}, "Q28771319": {"object": 0.0048258303126352264, "dictionary": 0.0, "combined": 0.001082834241830737}, "Q6043826": {"object": 0.0048258303126352264, "dictionary": 0.0, "combined": 0.001082834241830737}, "Q29000498": {"object": 0.0048258303126352264, "dictionary": 0.0, "combined": 0.001082834241830737}, "Q2119595": {"object": 0.009291103620349428, "dictionary": 0.0, "combined": 0.0020847656243051906}, "Q28344021": {"object": 0.009291103620349428, "dictionary": 0.0, "combined": 0.0020847656243051906}, "Q7311459": {"object": 0.009291103620349428, "dictionary": 0.0, "combined": 0.0020847656243051906}, "Q27967123": {"object": 0.008743756980985111, "dictionary": 0.0, "combined": 0.0019619503479986733}, "Q27967113": {"object": 0.014843162191652394, "dictionary": 0.0, "combined": 0.003330553135299078}, "Q2138624": {"object": 0.00746370005094579, "dictionary": 0.0, "combined": 0.0016747273447964715}, "Q15955723": {"object": 0.015529468971950284, "dictionary": 0.0, "combined": 0.003484548703722068}, "Q28975662": {"object": 0.04745370535548122, "dictionary": 0.08476927748910436, "combined": 0.07639629778569511}, "Q58960003": {"object": 0.04745370535548122, "dictionary": 0.08476927748910436, "combined": 0.07639629778569511}, "Q28206138": {"object": 0.006459833453412237, "dictionary": 0.009775744134774103, "combined": 0.009031710176673697}, "Q28206147": {"object": 0.006459833453412237, "dictionary": 0.009775744134774103, "combined": 0.009031710176673697}, "Q28206513": {"object": 0.018840987532234427, "dictionary": 0.0, "combined": 0.0042275971445562}, "Q49243071": {"object": 0.011352563481519029, "dictionary": 0.0, "combined": 0.0025473221547305507}, "Q28206695": {"object": 0.025465705712558483, "dictionary": 0.03283099999853365, "combined": 0.031178353233658272}, "Q4545331": {"object": 0.018547343781771027, "dictionary": 0.0535189877515815, "combined": 0.04567194566133747}, "Q28975654": {"object": 0.013066061607831908, "dictionary": 0.0, "combined": 0.0029318019901749103}, "Q85413270": {"object": 0.013066061607831908, "dictionary": 0.0,