{"name": "Q28206523", "Q4045294": {"object": 0.00665579204266569, "dictionary": 0.03202554366458495, "combined": 0.014869683120959539}, "Q1144005": {"object": 0.014029617083870766, "dictionary": 0.0, "combined": 0.009487288553641065}, "Q28018471": {"object": 0.012655187613275694, "dictionary": 0.0, "combined": 0.008557854135993656}, "Q336284": {"object": 0.011049571531690715, "dictionary": 0.0, "combined": 0.007472083727485797}, "Q28018470": {"object": 0.012953805837387972, "dictionary": 0.0, "combined": 0.008759789601701134}, "Q1076355": {"object": 0.00653930154399836, "dictionary": 0.0, "combined": 0.004422090803783086}, "Q28858032": {"object": 0.005503900913975288, "dictionary": 0.0, "combined": 0.0037219188399349864}, "Q3807693": {"object": 0.0073875037945246545, "dictionary": 0.0, "combined": 0.00499567306582801}, "Q95994246": {"object": 0.0073886036710262126, "dictionary": 0.0, "combined": 0.004996416838497019}, "Q58006953": {"object": 0.0073886036710262126, "dictionary": 0.0, "combined": 0.004996416838497019}, "Q723030": {"object": 0.007050382024108093, "dictionary": 0.0, "combined": 0.00476770023559779}, "Q27979156": {"object": 0.007050382024108093, "dictionary": 0.0, "combined": 0.00476770023559779}, "Q47233167": {"object": 0.009767706925732268, "dictionary": 0.03449372455030313, "combined": 0.017773178110271775}, "Q29650304": {"object": 0.009767706925732268, "dictionary": 0.03449372455030313, "combined": 0.017773178110271775}, "Q1601331": {"object": 0.009767706925732268, "dictionary": 0.03449372455030313, "combined": 0.017773178110271775}, "Q81526237": {"object": 0.009767706925732268, "dictionary": 0.03449372455030313, "combined": 0.017773178110271775}, "Q28009496": {"object": 0.009767706925732268, "dictionary": 0.03449372455030313, "combined": 0.017773178110271775}, "Q34747804": {"object": 0.009767706925732268, "dictionary": 0.03449372455030313, "combined": 0.017773178110271775}, "Q28049770": {"object": 0.009767706925732268, "dictionary": 0.03449372455030313, "combined": 0.017773178110271775}, "Q28755606": {"object": 0.009767706925732268, "dictionary": 0.03449372455030313, "combined": 0.017773178110271775}, "Q81526528": {"object": 0.009767706925732268, "dictionary": 0.03449372455030313, "combined": 0.017773178110271775}, "Q81526664": {"object": 0.009767706925732268, "dictionary": 0.03449372455030313, "combined": 0.017773178110271775}, "Q28758112": {"object": 0.009767706925732268, "dictionary": 0.03449372455030313, "combined": 0.017773178110271775}, "Q32097899": {"object": 0.009767706925732268, "dictionary": 0.03449372455030313, "combined": 0.017773178110271775}, "Q66439259": {"object": 0.009767706925732268, "dictionary": 0.03449372455030313, "combined": 0.017773178110271775}, "Q28207108": {"object": 0.009767706925732268, "dictionary": 0.03449372455030313, "combined": 0.017773178110271775}, "Q32097740": {"object": 0.009767706925732268, "dictionary": 0.03449372455030313, "combined": 0.017773178110271775}, "Q6912474": {"object": 0.009767706925732268, "dictionary": 0.03449372455030313, "combined": 0.017773178110271775}, "Q16996920": {"object": 0.008225206925976194, "dictionary": 0.0, "combined": 0.005562155478203071}, "Q66811836": {"object": 0.008225206925976194, "dictionary": 0.0, "combined": 0.005562155478203071}, "Q28600763": {"object": 0.008225206925976194, "dictionary": 0.0, "combined": 0.005562155478203071}, "Q1662484": {"object": 0.008225206925976194, "dictionary": 0.0, "combined": 0.005562155478203071}, "Q684554": {"object": 0.008225206925976194, "dictionary": 0.0, "combined": 0.005562155478203071}, "Q1141412": {"object": 0.010373399499800647, "dictionary": 0.0, "combined": 0.007014833957938063}, "Q28206359": {"object": 0.013537978685193575, "dictionary": 0.062421721612616034, "combined": 0.029364926693555247}, "Q66134804": {"object": 0.005047807298208728, "dictionary": 0.0, "combined": 0.003413493334492966}, "Q27596243": {"object": 0.011298598743456173, "dictionary": 0.0, "combined": 0.0076404841194283365}, "Q217570": {"object": 0.018842695263977537, "dictionary": 0.0, "combined": 0.012742050337439382}, "Q751800": {"object": 0.022917617630199425, "dictionary": 0.0, "combined": 0.015497646879448965}, "Q66689208": {"object": 0.11744063352314617, "dictionary": 0.3536531419179486, "combined": 0.19391847391355588}, "Q66662115": {"object": 0.16582642405425427, "dictionary": 0.0, "combined": 0.11213728253708682}, "Q66424671": {"object": 0.16582642405425427, "dictionary": 0.0, "combined": 0.11213728253708682}, "Q66208329": {"object": 0.16582642405425427, "dictionary": 0.0, "combined": 0.11213728253708682}, "type": "co-oc"}