{"name": "Q28205661", "Q99184084": {"object": 0.0016969141183991493, "dictionary": 0.0, "combined": 0.00044271101706976215}, "Q28600412": {"object": 0.0033391423453416596, "dictionary": 0.005863835747503835, "combined": 0.005205163884419233}, "Q1144005": {"object": 0.0029927595300476635, "dictionary": 0.00741649242486654, "combined": 0.006262376687437357}, "Q28858032": {"object": 0.002348154167610826, "dictionary": 0.0, "combined": 0.000612614220429902}, "Q3807693": {"object": 0.0015758820965787236, "dictionary": 0.0, "combined": 0.0004111347523094222}, "Q95994246": {"object": 0.0015761167192246755, "dictionary": 0.0, "combined": 0.0004111959634391375}, "Q58006953": {"object": 0.0015761167192246755, "dictionary": 0.0, "combined": 0.0004111959634391375}, "Q723030": {"object": 0.0015039682029086942, "dictionary": 0.0, "combined": 0.0003923730055227669}, "Q27979156": {"object": 0.0015039682029086942, "dictionary": 0.0, "combined": 0.0003923730055227669}, "Q47233167": {"object": 0.0020836205160798733, "dictionary": 0.0, "combined": 0.0005435995539546604}, "Q29650304": {"object": 0.0020836205160798733, "dictionary": 0.0, "combined": 0.0005435995539546604}, "Q1601331": {"object": 0.0020836205160798733, "dictionary": 0.0, "combined": 0.0005435995539546604}, "Q81526237": {"object": 0.0020836205160798733, "dictionary": 0.0, "combined": 0.0005435995539546604}, "Q28009496": {"object": 0.0020836205160798733, "dictionary": 0.0, "combined": 0.0005435995539546604}, "Q34747804": {"object": 0.0020836205160798733, "dictionary": 0.0, "combined": 0.0005435995539546604}, "Q28049770": {"object": 0.0020836205160798733, "dictionary": 0.0, "combined": 0.0005435995539546604}, "Q28755606": {"object": 0.0020836205160798733, "dictionary": 0.0, "combined": 0.0005435995539546604}, "Q81526528": {"object": 0.0020836205160798733, "dictionary": 0.0, "combined": 0.0005435995539546604}, "Q81526664": {"object": 0.0020836205160798733, "dictionary": 0.0, "combined": 0.0005435995539546604}, "Q28758112": {"object": 0.0020836205160798733, "dictionary": 0.0, "combined": 0.0005435995539546604}, "Q32097899": {"object": 0.0020836205160798733, "dictionary": 0.0, "combined": 0.0005435995539546604}, "Q66439259": {"object": 0.0020836205160798733, "dictionary": 0.0, "combined": 0.0005435995539546604}, "Q28207108": {"object": 0.0020836205160798733, "dictionary": 0.0, "combined": 0.0005435995539546604}, "Q32097740": {"object": 0.0020836205160798733, "dictionary": 0.0, "combined": 0.0005435995539546604}, "Q6912474": {"object": 0.0020836205160798733, "dictionary": 0.0, "combined": 0.0005435995539546604}, "Q28206109": {"object": 0.001955176666722368, "dictionary": 0.0, "combined": 0.0005100896039997029}, "Q47512572": {"object": 0.004110366584549439, "dictionary": 0.009534560677331536, "combined": 0.008119432794569406}, "Q27960138": {"object": 0.019678611866136963, "dictionary": 0.0, "combined": 0.0051339889151239635}, "Q28206328": {"object": 0.012727130466604194, "dictionary": 0.0, "combined": 0.0033204042633373635}, "Q28205727": {"object": 0.00830884643832975, "dictionary": 0.0, "combined": 0.002167710090631819}, "Q4545483": {"object": 0.00830884643832975, "dictionary": 0.0, "combined": 0.002167710090631819}, "Q5448342": {"object": 0.0034746269284232634, "dictionary": 0.0, "combined": 0.0009065017520576824}, "Q29904540": {"object": 0.0034746269284232634, "dictionary": 0.0, "combined": 0.0009065017520576824}, "Q5421818": {"object": 0.0034746269284232634, "dictionary": 0.0, "combined": 0.0009065017520576824}, "Q50223812": {"object": 0.0034746269284232634, "dictionary": 0.0, "combined": 0.0009065017520576824}, "Q5153426": {"object": 0.0034746269284232634, "dictionary": 0.0, "combined": 0.0009065017520576824}, "Q27526733": {"object": 0.002738165559417076, "dictionary": 0.0, "combined": 0.000714365003255745}, "Q27596243": {"object": 0.0024101861699801826, "dictionary": 0.0, "combined": 0.0006287978625848271}, "Q58335745": {"object": 0.004742641868445634, "dictionary": 0.0, "combined": 0.001237316480788057}, "Q34310996": {"object": 0.004742641868445634, "dictionary": 0.0, "combined": 0.001237316480788057}, "Q26211936": {"object": 0.0029331360549316775, "dictionary": 0.0, "combined": 0.0007652312111751499}, "Q26211977": {"object": 0.0029331360549316775, "dictionary": 0.0, "combined": 0.0007652312111751499}, "Q26211940": {"object": 0.0029331360549316775, "dictionary": 0.0, "combined": 0.0007652312111751499}, "Q26211915": {"object": 0.0029331360549316775, "dictionary": 0.0, "combined": 0.0007652312111751499}, "Q10394822": {"object": 0.0029331360549316775, "dictionary": 0.0, "combined": 0.0007652312111751499}, "Q26211975": {"object": 0.0029331360549316775, "dictionary": 0.0, "combined": 0.0007652312111751499}, "Q26211905": {"object": 0.0029331360549316775, "dictionary": 0.0, "combined": 0.0007652312111751499}, "Q5532250": {"object": 0.0029331360549316775, "dictionary": 0.0, "combined": 0.0007652312111751499}, "Q26211927": {"object": 0.0029331360549316775, "dictionary": 0.0, "combined": 0.0007652312111751499}, "Q26211957": {"object": 0.0029331360549316775, "dictionary": 0.0, "combined": 0.0007652312111751499}, "Q26211948": {"object": 0.0029331360549316775, "dictionary": 0.0, "combined": 0.0007652312111751499}, "Q26211958": {"object": 0.0029331360549316775, "dictionary": 0.0, "combined": 0.0007652312111751499}, "Q26211874": {"object": 0.0029331360549316775, "dictionary": 0.0, "combined": 0.0007652312111751499}, "Q26211954": {"object": 0.0029331360549316775, "dictionary": 0.0, "combined": 0.0007652312111751499}, "Q26211891": {"object": 0.0029331360549316775, "dictionary": 0.0, "combined": 0.0007652312111751499}, "Q26211983": {"object": 0.0029331360549316775, "dictionary": 0.0, "combined": 0.0007652312111751499}, "Q26211840": {"object": 0.0029331360549316775, "dictionary": 0.0, "combined": 0.0007652312111751499}, "Q26211965": {"object": 0.0029331360549316775, "dictionary": 0.0, "combined": 0.0007652312111751499}, "Q26211978": {"object": 0.0029331360549316775, "dictionary": 0.0, "combined": 0.0007652312111751499}, "Q26211931": {"object": 0.0029331360549316775, "dictionary": 0.0, "combined": 0.0007652312111751499}, "Q28205846": {"object": 0.00653013159404138, "dictionary": 0.01574569099829549, "combined": 0.013341426909448728}, "Q479833": {"object": 0.00284190939499936, "dictionary": 0.0, "combined": 0.0007414309215997326}, "Q28205883": {"object": 0.0037190365392421646, "dictionary": 0.004435403743967062, "combined": 0.004248509398307206}, "Q15938816": {"object": 0.007700847311617244, "dictionary": 0.0, "combined": 0.002009088090351481}, "Q28975650": {"object": 0.007700847311617244, "dictionary": 0.0, "combined": 0.002009088090351481}, "Q1569639": {"object": 0.010206175684804005, "dictionary": 0.0, "combined": 0.0026627077757328432}, "Q10287816": {"object": 0.004376213319345909, "dictionary": 0.0, "combined": 0.0011417182687769654}, "Q28771319": {"object": 0.0035640833092491107, "dictionary": 0.008027390172398313, "combined": 0.006862949910245668}, "Q6043826": {"object": 0.0035640833092491107, "dictionary": 0.008027390172398313, "combined": 0.006862949910245668}, "Q29000498": {"object": 0.0035640833092491107, "dictionary": 0.008027390172398313, "combined": 0.006862949910245668}, "Q921122": {"object": 0.005562295170896184, "dictionary": 0.0, "combined": 0.001451157324728232}, "Q28858035": {"object": 0.00285124132083295, "dictionary": 0.0, "combined": 0.000743865544738413}, "Q61641368": {"object": 0.00285124132083295, "dictionary": 0.0, "combined": 0.000743865544738413}, "Q51801746": {"object": 0.00285124132083295, "dictionary": 0.0, "combined": 0.000743865544738413}, "Q85621726": {"object": 0.00285124132083295, "dictionary": 0.0, "combined": 0.000743865544738413}, "Q28858042": {"object": 0.00285124132083295, "dictionary": 0.0, "combined": 0.000743865544738413}, "Q48915661": {"object": 0.00285124132083295, "dictionary": 0.0, "combined": 0.000743865544738413}, "Q48782098": {"object": 0.00285124132083295,