{"name": "Q28207405", "Q28207379": {"object": 0.023184686711747487, "dictionary": 0.05057411439043347, "combined": 0.03463227723228717}, "Q99184084": {"object": 0.00788650145049142, "dictionary": 0.02763896142610012, "combined": 0.016142171347167618}, "Q4045294": {"object": 0.006598576762156084, "dictionary": 0.03718505470440431, "combined": 0.019382395360193146}, "Q1144005": {"object": 0.01390901408549725, "dictionary": 0.10282566054453202, "combined": 0.05107230829754549}, "Q1076355": {"object": 0.006483087652431681, "dictionary": 0.036327704355434684, "combined": 0.018956840491170378}, "Q3807693": {"object": 0.007323998489797581, "dictionary": 0.0, "combined": 0.0042628853965328275}, "Q95994246": {"object": 0.007325088911415008, "dictionary": 0.0, "combined": 0.004263520069300098}, "Q58006953": {"object": 0.007325088911415008, "dictionary": 0.0, "combined": 0.004263520069300098}, "Q723030": {"object": 0.006989774724086791, "dictionary": 0.0, "combined": 0.004068352640688129}, "Q27979156": {"object": 0.006989774724086791, "dictionary": 0.0, "combined": 0.004068352640688129}, "Q47233167": {"object": 0.004841870323360803, "dictionary": 0.0, "combined": 0.0028181789390198117}, "Q29650304": {"object": 0.004841870323360803, "dictionary": 0.0, "combined": 0.0028181789390198117}, "Q1601331": {"object": 0.004841870323360803, "dictionary": 0.0, "combined": 0.0028181789390198117}, "Q81526237": {"object": 0.004841870323360803, "dictionary": 0.0, "combined": 0.0028181789390198117}, "Q28009496": {"object": 0.004841870323360803, "dictionary": 0.0, "combined": 0.0028181789390198117}, "Q34747804": {"object": 0.004841870323360803, "dictionary": 0.0, "combined": 0.0028181789390198117}, "Q28049770": {"object": 0.004841870323360803, "dictionary": 0.0, "combined": 0.0028181789390198117}, "Q28755606": {"object": 0.004841870323360803, "dictionary": 0.0, "combined": 0.0028181789390198117}, "Q81526528": {"object": 0.004841870323360803, "dictionary": 0.0, "combined": 0.0028181789390198117}, "Q81526664": {"object": 0.004841870323360803, "dictionary": 0.0, "combined": 0.0028181789390198117}, "Q28758112": {"object": 0.004841870323360803, "dictionary": 0.0, "combined": 0.0028181789390198117}, "Q32097899": {"object": 0.004841870323360803, "dictionary": 0.0, "combined": 0.0028181789390198117}, "Q66439259": {"object": 0.004841870323360803, "dictionary": 0.0, "combined": 0.0028181789390198117}, "Q28207108": {"object": 0.004841870323360803, "dictionary": 0.0, "combined": 0.0028181789390198117}, "Q32097740": {"object": 0.004841870323360803, "dictionary": 0.0, "combined": 0.0028181789390198117}, "Q6912474": {"object": 0.004841870323360803, "dictionary": 0.0, "combined": 0.0028181789390198117}, "Q28758102": {"object": 0.01664739503133281, "dictionary": 0.09142480008288523, "combined": 0.04790110077724913}, "Q27473691": {"object": 0.022083906602832343, "dictionary": 0.11244864247890046, "combined": 0.059852439262277034}, "Q47455968": {"object": 0.021880047015709718, "dictionary": 0.11228170060935914, "combined": 0.05966400967678794}, "Q28206310": {"object": 0.022083906602832343, "dictionary": 0.11244864247890046, "combined": 0.059852439262277034}, "Q3928271": {"object": 0.019401800853883135, "dictionary": 0.08502849064242735, "combined": 0.04683090527808261}, "Q28205846": {"object": 0.015174572398776329, "dictionary": 0.0, "combined": 0.008832260570163165}, "Q479833": {"object": 0.01320792980788655, "dictionary": 0.0, "combined": 0.007687589118826583}, "Q62664770": {"object": 0.01287169328781314, "dictionary": 0.0, "combined": 0.007491884852475544}, "Q29904535": {"object": 0.024473476003023596, "dictionary": 0.0, "combined": 0.014244626565804943}, "Q51916170": {"object": 0.04461022285679039, "dictionary": 0.11590811414331131, "combined": 0.07440964305647538}, "Q7671270": {"object": 0.04461022285679039, "dictionary": 0.11590811414331131, "combined": 0.07440964305647538}, "Q48551303": {"object": 0.031041152102285748, "dictionary": 0.0, "combined": 0.018067299463908736}, "Q61641450": {"object": 0.031041152102285748, "dictionary": 0.0, "combined": 0.018067299463908736}, "Q535473": {"object": 0.02918506563116682, "dictionary": 0.0, "combined": 0.016986976478662773}, "Q43870624": {"object": 0.02918506563116682, "dictionary": 0.0, "combined": 0.016986976478662773}, "Q43866871": {"object": 0.02918506563116682, "dictionary": 0.0, "combined": 0.016986976478662773}, "Q43870269": {"object": 0.02918506563116682, "dictionary": 0.0, "combined": 0.016986976478662773}, "Q43869672": {"object": 0.02918506563116682, "dictionary": 0.0, "combined": 0.016986976478662773}, "Q28206695": {"object": 0.04370448879569353, "dictionary": 0.0, "combined": 0.02543791172398831}, "Q28206683": {"object": 0.05043590236062314, "dictionary": 0.0, "combined": 0.02935588694257065}, "Q52063295": {"object": 0.0712433706641772, "dictionary": 0.0, "combined": 0.04146673771535553}, "Q52063281": {"object": 0.0712433706641772, "dictionary": 0.0, "combined": 0.04146673771535553}, "Q48105549": {"object": 0.08245855085871558, "dictionary": 0.0, "combined": 0.04799445996125447}, "Q7434105": {"object": 0.044375993381638834, "dictionary": 0.0, "combined": 0.02582875657425946}, "type": "co-oc"}