{"name": "Q28206036", "Q4045294": {"object": 0.003467030126065995, "dictionary": 0.0, "combined": 0.0005615991711176022}, "Q1076355": {"object": 0.003406349734357373, "dictionary": 0.002785285768462797, "combined": 0.0028858874349539892}, "Q28858032": {"object": 0.005734010364900747, "dictionary": 0.0, "combined": 0.0009288109278017568}, "Q47233167": {"object": 0.005088039703916906, "dictionary": 0.0, "combined": 0.0008241748056500137}, "Q29650304": {"object": 0.005088039703916906, "dictionary": 0.0, "combined": 0.0008241748056500137}, "Q1601331": {"object": 0.005088039703916906, "dictionary": 0.0, "combined": 0.0008241748056500137}, "Q81526237": {"object": 0.005088039703916906, "dictionary": 0.0, "combined": 0.0008241748056500137}, "Q28009496": {"object": 0.005088039703916906, "dictionary": 0.0, "combined": 0.0008241748056500137}, "Q34747804": {"object": 0.005088039703916906, "dictionary": 0.0, "combined": 0.0008241748056500137}, "Q28049770": {"object": 0.005088039703916906, "dictionary": 0.0, "combined": 0.0008241748056500137}, "Q28755606": {"object": 0.005088039703916906, "dictionary": 0.0, "combined": 0.0008241748056500137}, "Q81526528": {"object": 0.005088039703916906, "dictionary": 0.0, "combined": 0.0008241748056500137}, "Q81526664": {"object": 0.005088039703916906, "dictionary": 0.0, "combined": 0.0008241748056500137}, "Q28758112": {"object": 0.005088039703916906, "dictionary": 0.0, "combined": 0.0008241748056500137}, "Q32097899": {"object": 0.005088039703916906, "dictionary": 0.0, "combined": 0.0008241748056500137}, "Q66439259": {"object": 0.005088039703916906, "dictionary": 0.0, "combined": 0.0008241748056500137}, "Q28207108": {"object": 0.005088039703916906, "dictionary": 0.0, "combined": 0.0008241748056500137}, "Q32097740": {"object": 0.005088039703916906, "dictionary": 0.0, "combined": 0.0008241748056500137}, "Q6912474": {"object": 0.005088039703916906, "dictionary": 0.0, "combined": 0.0008241748056500137}, "Q1343830": {"object": 0.0060394667615477765, "dictionary": 0.0, "combined": 0.0009782896034786221}, "Q1882400": {"object": 0.00677214381025203, "dictionary": 0.0, "combined": 0.0010969706671808553}, "Q27979410": {"object": 0.00677214381025203, "dictionary": 0.0, "combined": 0.0010969706671808553}, "Q28055391": {"object": 0.0067081532108477625, "dictionary": 0.0, "combined": 0.001086605292125539}, "Q217570": {"object": 0.00981523937612792, "dictionary": 0.0, "combined": 0.0015898997405623826}, "Q28205846": {"object": 0.015946074904654602, "dictionary": 0.016737727020614757, "combined": 0.01660949301168759}, "Q479833": {"object": 0.0069397223367217604, "dictionary": 0.0, "combined": 0.0011241155024261428}, "Q1072083": {"object": 0.025086376310761008, "dictionary": 0.0, "combined": 0.004063560923958195}, "Q28858035": {"object": 0.006962510175864679, "dictionary": 0.0, "combined": 0.001127806739914392}, "Q61641368": {"object": 0.006962510175864679, "dictionary": 0.0, "combined": 0.001127806739914392}, "Q51801746": {"object": 0.006962510175864679, "dictionary": 0.0, "combined": 0.001127806739914392}, "Q85621726": {"object": 0.006962510175864679, "dictionary": 0.0, "combined": 0.001127806739914392}, "Q28858042": {"object": 0.006962510175864679, "dictionary": 0.0, "combined": 0.001127806739914392}, "Q48915661": {"object": 0.006962510175864679, "dictionary": 0.0, "combined": 0.001127806739914392}, "Q48782098": {"object": 0.006962510175864679, "dictionary": 0.0, "combined": 0.001127806739914392}, "Q61639409": {"object": 0.006962510175864679, "dictionary": 0.0, "combined": 0.001127806739914392}, "Q85621806": {"object": 0.006962510175864679, "dictionary": 0.0, "combined": 0.001127806739914392}, "Q28858037": {"object": 0.006962510175864679, "dictionary": 0.0, "combined": 0.001127806739914392}, "Q28858038": {"object": 0.006962510175864679, "dictionary": 0.0, "combined": 0.001127806739914392}, "Q28858039": {"object": 0.006962510175864679, "dictionary": 0.0, "combined": 0.001127806739914392}, "Q28858044": {"object": 0.006962510175864679, "dictionary": 0.0, "combined": 0.001127806739914392}, "Q48782394": {"object": 0.006962510175864679, "dictionary": 0.0, "combined": 0.001127806739914392}, "Q60628185": {"object": 0.006962510175864679, "dictionary": 0.0, "combined": 0.001127806739914392}, "Q62664770": {"object": 0.006763056642497541, "dictionary": 0.0, "combined": 0.0010954987025041255}, "Q48782202": {"object": 0.006962510175864679, "dictionary": 0.0, "combined": 0.001127806739914392}, "Q66439286": {"object": 0.006962510175864679, "dictionary": 0.0, "combined": 0.001127806739914392}, "Q63061396": {"object": 0.006962510175864679, "dictionary": 0.0, "combined": 0.001127806739914392}, "Q28858041": {"object": 0.006962510175864679, "dictionary": 0.0, "combined": 0.001127806739914392}, "Q686498": {"object": 0.006962510175864679, "dictionary": 0.0, "combined": 0.001127806739914392}, "Q48782238": {"object": 0.006962510175864679, "dictionary": 0.0, "combined": 0.001127806739914392}, "Q62664735": {"object": 0.006962510175864679, "dictionary": 0.0, "combined": 0.001127806739914392}, "Q63061514": {"object": 0.006962510175864679, "dictionary": 0.0, "combined": 0.001127806739914392}, "Q60000066": {"object": 0.006962510175864679, "dictionary": 0.0, "combined": 0.001127806739914392}, "Q25345915": {"object": 0.05695707638071237, "dictionary": 0.11913110677519424, "combined": 0.10905998461445278}, "Q28347555": {"object": 0.011912314577773916, "dictionary": 0.01001088884348266, "combined": 0.010318887066022282}, "Q28755621": {"object": 0.011912314577773916, "dictionary": 0.01001088884348266, "combined": 0.010318887066022282}, "Q28207516": {"object": 0.030941286799704502, "dictionary": 0.044524211585944655, "combined": 0.04232401169614423}, "Q51751573": {"object": 0.030941286799704502, "dictionary": 0.044524211585944655, "combined": 0.04232401169614423}, "Q34747168": {"object": 0.030941286799704502, "dictionary": 0.044524211585944655, "combined": 0.04232401169614423}, "Q28207252": {"object": 0.030941286799704502, "dictionary": 0.044524211585944655, "combined": 0.04232401169614423}, "Q17138473": {"object": 0.02368567611404741, "dictionary": 0.03893165864458569, "combined": 0.036462072041443284}, "Q535473": {"object": 0.015334443384031544, "dictionary": 0.027765724195139292, "combined": 0.025752070795660477}, "Q43870624": {"object": 0.015334443384031544, "dictionary": 0.027765724195139292, "combined": 0.025752070795660477}, "Q43866871": {"object": 0.015334443384031544, "dictionary": 0.027765724195139292, "combined": 0.025752070795660477}, "Q43870269": {"object": 0.015334443384031544, "dictionary": 0.027765724195139292, "combined": 0.025752070795660477}, "Q43869672": {"object": 0.015334443384031544, "dictionary": 0.027765724195139292, "combined": 0.025752070795660477}, "Q28205908": {"object": 0.0651806126433077, "dictionary": 0.09877829550827133, "combined": 0.09333604950452941}, "Q51802172": {"object": 0.0651806126433077, "dictionary": 0.09877829550827133, "combined": 0.09333604950452941}, "Q68480995": {"object": 0.0651806126433077, "dictionary": 0.09877829550827133, "combined": 0.09333604950452941}, "Q28205604": {"object": 0.05590361812276516, "dictionary": 0.09186194889580603, "combined": 0.08603731858611029}, "Q2304584": {"object": 0.09169115130561928, "dictionary": 0.09727014136408195, "combined": 0.09636644105615845}, "type": "co-oc"}