{"name": "Q28207302", "Q99184084": {"object": 0.005314112302354024, "dictionary": 0.0, "combined": 0.0023277759078743705}, "Q79241659": {"object": 0.0046492104486126635, "dictionary": 0.0, "combined": 0.0020365245326344206}, "Q28600412": {"object": 0.006971312307162772, "dictionary": 0.0, "combined": 0.0030536902330221996}, "Q4045294": {"object": 0.004446278006785384, "dictionary": 0.0, "combined": 0.0019476326872734549}, "Q28018471": {"object": 0.005636041710833923, "dictionary": 0.0, "combined": 0.002468792784910221}, "Q336284": {"object": 0.004920973749462442, "dictionary": 0.0, "combined": 0.002155566816344214}, "Q28018470": {"object": 0.005769032608965406, "dictionary": 0.0, "combined": 0.0025270476713378015}, "Q1076355": {"object": 0.004368458697091841, "dictionary": 0.0, "combined": 0.0019135449781763404}, "Q3807693": {"object": 0.004935084425126229, "dictionary": 0.0, "combined": 0.0021617478093276404}, "Q95994246": {"object": 0.004935819177153892, "dictionary": 0.0, "combined": 0.0021620696576385053}, "Q58006953": {"object": 0.004935819177153892, "dictionary": 0.0, "combined": 0.0021620696576385053}, "Q723030": {"object": 0.004709876500388939, "dictionary": 0.0, "combined": 0.002063098486234934}, "Q27979156": {"object": 0.004709876500388939, "dictionary": 0.0, "combined": 0.002063098486234934}, "Q16996920": {"object": 0.0018315654706853692, "dictionary": 0.0, "combined": 0.000802292788292669}, "Q66811836": {"object": 0.0018315654706853692, "dictionary": 0.0, "combined": 0.000802292788292669}, "Q28600763": {"object": 0.0018315654706853692, "dictionary": 0.0, "combined": 0.000802292788292669}, "Q1662484": {"object": 0.0018315654706853692, "dictionary": 0.0, "combined": 0.000802292788292669}, "Q684554": {"object": 0.0018315654706853692, "dictionary": 0.0, "combined": 0.000802292788292669}, "Q28206109": {"object": 0.0020409652763701664, "dictionary": 0.0, "combined": 0.0008940175760000579}, "Q1676669": {"object": 0.004335962142750687, "dictionary": 0.0, "combined": 0.0018993102966377582}, "Q1343830": {"object": 0.007745288404820185, "dictionary": 0.01754359915502052, "combined": 0.013251580017209066}, "Q28758102": {"object": 0.0037391369414989657, "dictionary": 0.0, "combined": 0.0016378789896496443}, "Q194831": {"object": 0.0030952002673163195, "dictionary": 0.0, "combined": 0.0013558111312614958}, "Q27473691": {"object": 0.004960220553176379, "dictionary": 0.0, "combined": 0.002172758354450382}, "Q47455968": {"object": 0.004914432073257795, "dictionary": 0.0, "combined": 0.0021527013224667984}, "Q28206310": {"object": 0.004960220553176379, "dictionary": 0.0, "combined": 0.002172758354450382}, "Q3928271": {"object": 0.0043577983322807285, "dictionary": 0.0, "combined": 0.0019088753477725063}, "Q1882400": {"object": 0.008684906962858679, "dictionary": 0.01953634053322234, "combined": 0.014783015011704433}, "Q27979410": {"object": 0.008684906962858679, "dictionary": 0.01953634053322234, "combined": 0.014783015011704433}, "Q28055391": {"object": 0.00860284249141578, "dictionary": 0.0190861726832054, "combined": 0.014494089929528933}, "Q1141412": {"object": 0.006929756482158586, "dictionary": 0.014793901906745005, "combined": 0.011349118053143792}, "Q59961105": {"object": 0.008743037827434604, "dictionary": 0.0, "combined": 0.0038297709303812}, "Q28206359": {"object": 0.003014598237567407, "dictionary": 0.0, "combined": 0.0013205044888158367}, "Q28206497": {"object": 0.0038508223491095137, "dictionary": 0.0, "combined": 0.0016868012905543123}, "Q26385770": {"object": 0.0038508223491095137, "dictionary": 0.0, "combined": 0.0016868012905543123}, "Q17092932": {"object": 0.0038508223491095137, "dictionary": 0.0, "combined": 0.0016868012905543123}, "Q1952321": {"object": 0.0038508223491095137, "dictionary": 0.0, "combined": 0.0016868012905543123}, "Q26329648": {"object": 0.0038508223491095137, "dictionary": 0.0, "combined": 0.0016868012905543123}, "Q28206262": {"object": 0.0038508223491095137, "dictionary": 0.0, "combined": 0.0016868012905543123}, "Q66134804": {"object": 0.0067441874471568545, "dictionary": 0.015784962942601247, "combined": 0.01182477200394268}, "Q27526733": {"object": 0.0028583099025477994, "dictionary": 0.0, "combined": 0.0012520444713677139}, "Q1888930": {"object": 0.0029951355742298667, "dictionary": 0.0, "combined": 0.001311979129124035}, "Q28786544": {"object": 0.0029951355742298667, "dictionary": 0.0, "combined": 0.001311979129124035}, "Q8811": {"object": 0.0029951355742298667, "dictionary": 0.0, "combined": 0.001311979129124035}, "Q2053": {"object": 0.0029951355742298667, "dictionary": 0.0, "combined": 0.001311979129124035}, "Q166074": {"object": 0.0028353614117138585, "dictionary": 0.0, "combined": 0.001241992191504968}, "Q62626012": {"object": 0.0029951355742298667, "dictionary": 0.0, "combined": 0.001311979129124035}, "Q939636": {"object": 0.0044849183584635055, "dictionary": 0.0, "combined": 0.0019645585771663507}, "Q27596243": {"object": 0.007547818618503892, "dictionary": 0.0, "combined": 0.003306221121705699}, "Q217570": {"object": 0.00839167459998024, "dictionary": 0.0, "combined": 0.0036758609621219784}, "Q26211936": {"object": 0.003061835250428034, "dictionary": 0.004896050945135374, "combined": 0.004092597261611704}, "Q26211977": {"object": 0.003061835250428034, "dictionary": 0.004896050945135374, "combined": 0.004092597261611704}, "Q26211940": {"object": 0.003061835250428034, "dictionary": 0.004896050945135374, "combined": 0.004092597261611704}, "Q26211915": {"object": 0.003061835250428034, "dictionary": 0.004896050945135374, "combined": 0.004092597261611704}, "Q10394822": {"object": 0.003061835250428034, "dictionary": 0.004896050945135374, "combined": 0.004092597261611704}, "Q26211975": {"object": 0.003061835250428034, "dictionary": 0.004896050945135374, "combined": 0.004092597261611704}, "Q26211905": {"object": 0.003061835250428034, "dictionary": 0.004896050945135374, "combined": 0.004092597261611704}, "Q5532250": {"object": 0.003061835250428034, "dictionary": 0.004896050945135374, "combined": 0.004092597261611704}, "Q26211927": {"object": 0.003061835250428034, "dictionary": 0.004896050945135374, "combined": 0.004092597261611704}, "Q26211957": {"object": 0.003061835250428034, "dictionary": 0.004896050945135374, "combined": 0.004092597261611704}, "Q26211948": {"object": 0.003061835250428034, "dictionary": 0.004896050945135374, "combined": 0.004092597261611704}, "Q26211958": {"object": 0.003061835250428034, "dictionary": 0.004896050945135374, "combined": 0.004092597261611704}, "Q26211874": {"object": 0.003061835250428034, "dictionary": 0.004896050945135374, "combined": 0.004092597261611704}, "Q26211954": {"object": 0.003061835250428034, "dictionary": 0.004896050945135374, "combined": 0.004092597261611704}, "Q26211891": {"object": 0.003061835250428034, "dictionary": 0.004896050945135374, "combined": 0.004092597261611704}, "Q26211983": {"object": 0.003061835250428034, "dictionary": 0.004896050945135374, "combined": 0.004092597261611704}, "Q26211840": {"object": 0.003061835250428034, "dictionary": 0.004896050945135374, "combined": 0.004092597261611704}, "Q26211965": {"object": 0.003061835250428034, "dictionary": 0.004896050945135374, "combined": 0.004092597261611704}, "Q26211978": {"object": 0.003061835250428034, "dictionary": 0.004896050945135374, "combined": 0.004092597261611704}, "Q26211931": {"object": 0.003061835250428034, "dictionary": 0.004896050945135374, "combined": 0.004092597261611704}, "Q34746472": {"object": 0.003071884052285801, "dictionary": 0.0, "combined": 0.0013455977747265171}, "Q27826464": {"object": 0.003119264249199132, "dictionary": 0.0, "combined": 0.0013663520370774157}, "Q27826469": {"object": 0.003119264249199132, "dictionary": 0.0, "combined": 0.0013663520370774157}, "Q27826466": {"object": 0.003119264249199132, "dictionary": 0.0, "combined": 0.0013663520370774157}, "Q27826468": {"object": 0.003119264249199132, "dictionary": 0.0, "combined": 0.0013663520370774157},