{"name": "Q28205468", "Q99184084": {"object": 0.001778775303389066, "dictionary": 0.0, "combined": 0.00015540853080154814}, "Q4045294": {"object": 0.0014882879887518252, "dictionary": 0.0, "combined": 0.0001300291550601331}, "Q1144005": {"object": 0.0031371338615846594, "dictionary": 0.0, "combined": 0.00027408597557418505}, "Q1076355": {"object": 0.0014622397875972617, "dictionary": 0.0, "combined": 0.00012775336864476004}, "Q3807693": {"object": 0.0016519045507687028, "dictionary": 0.0, "combined": 0.0001443240519306917}, "Q95994246": {"object": 0.0016521504918942497, "dictionary": 0.0, "combined": 0.00014434553938271114}, "Q58006953": {"object": 0.0016521504918942497, "dictionary": 0.0, "combined": 0.00014434553938271114}, "Q723030": {"object": 0.0015765214440788533, "dictionary": 0.0, "combined": 0.00013773795989556776}, "Q27979156": {"object": 0.0015765214440788533, "dictionary": 0.0, "combined": 0.00013773795989556776}, "Q26549229": {"object": 0.0019083311124972356, "dictionary": 0.0, "combined": 0.00016672759842742836}, "Q47233167": {"object": 0.002184136884389963, "dictionary": 0.0, "combined": 0.00019082427309722528}, "Q29650304": {"object": 0.002184136884389963, "dictionary": 0.0, "combined": 0.00019082427309722528}, "Q1601331": {"object": 0.002184136884389963, "dictionary": 0.0, "combined": 0.00019082427309722528}, "Q81526237": {"object": 0.002184136884389963, "dictionary": 0.0, "combined": 0.00019082427309722528}, "Q28009496": {"object": 0.002184136884389963, "dictionary": 0.0, "combined": 0.00019082427309722528}, "Q34747804": {"object": 0.002184136884389963, "dictionary": 0.0, "combined": 0.00019082427309722528}, "Q28049770": {"object": 0.002184136884389963, "dictionary": 0.0, "combined": 0.00019082427309722528}, "Q28755606": {"object": 0.002184136884389963, "dictionary": 0.0, "combined": 0.00019082427309722528}, "Q81526528": {"object": 0.002184136884389963, "dictionary": 0.0, "combined": 0.00019082427309722528}, "Q81526664": {"object": 0.002184136884389963, "dictionary": 0.0, "combined": 0.00019082427309722528}, "Q28758112": {"object": 0.002184136884389963, "dictionary": 0.0, "combined": 0.00019082427309722528}, "Q32097899": {"object": 0.002184136884389963, "dictionary": 0.0, "combined": 0.00019082427309722528}, "Q66439259": {"object": 0.002184136884389963, "dictionary": 0.0, "combined": 0.00019082427309722528}, "Q28207108": {"object": 0.002184136884389963, "dictionary": 0.0, "combined": 0.00019082427309722528}, "Q32097740": {"object": 0.002184136884389963, "dictionary": 0.0, "combined": 0.00019082427309722528}, "Q6912474": {"object": 0.002184136884389963, "dictionary": 0.0, "combined": 0.00019082427309722528}, "Q28206109": {"object": 0.002049496748727179, "dictionary": 0.0, "combined": 0.00017906099662806817}, "Q1676669": {"object": 0.0021770434845359726, "dictionary": 0.0, "combined": 0.00019020453498438088}, "Q283579": {"object": 0.00650303042022677, "dictionary": 0.0, "combined": 0.0005681585534944686}, "Q28600764": {"object": 0.005348223572400989, "dictionary": 0.0, "combined": 0.0004672650706367761}, "Q942350": {"object": 0.005188122358057031, "dictionary": 0.0, "combined": 0.0004532773036302673}, "Q53756551": {"object": 0.006165051350127925, "dictionary": 0.0, "combined": 0.000538629904976772}, "Q53756539": {"object": 0.006165051350127925, "dictionary": 0.0, "combined": 0.000538629904976772}, "Q27979378": {"object": 0.006165051350127925, "dictionary": 0.0, "combined": 0.000538629904976772}, "Q5448342": {"object": 0.0036422471247988687, "dictionary": 0.0, "combined": 0.0003182168503254442}, "Q29904540": {"object": 0.0036422471247988687, "dictionary": 0.0, "combined": 0.0003182168503254442}, "Q5421818": {"object": 0.0036422471247988687, "dictionary": 0.0, "combined": 0.0003182168503254442}, "Q50223812": {"object": 0.0036422471247988687, "dictionary": 0.0, "combined": 0.0003182168503254442}, "Q5153426": {"object": 0.0036422471247988687, "dictionary": 0.0, "combined": 0.0003182168503254442}, "Q28206359": {"object": 0.003027199609001342, "dictionary": 0.0, "combined": 0.0002644812095049753}, "Q29904539": {"object": 0.0034005568590708556, "dictionary": 0.0, "combined": 0.00029710078859788227}, "Q28755628": {"object": 0.0034005568590708556, "dictionary": 0.0, "combined": 0.00029710078859788227}, "Q58103465": {"object": 0.0034005568590708556, "dictionary": 0.0, "combined": 0.00029710078859788227}, "Q66134804": {"object": 0.0022574596451631346, "dictionary": 0.0, "combined": 0.00019723035626262642}, "Q29944987": {"object": 0.004095124844220306, "dictionary": 0.0, "combined": 0.00035778399569447736}, "Q29944777": {"object": 0.004095124844220306, "dictionary": 0.0, "combined": 0.00035778399569447736}, "Q29944782": {"object": 0.004095124844220306, "dictionary": 0.0, "combined": 0.00035778399569447736}, "Q29944783": {"object": 0.004095124844220306, "dictionary": 0.0, "combined": 0.00035778399569447736}, "Q29944780": {"object": 0.004095124844220306, "dictionary": 0.0, "combined": 0.00035778399569447736}, "Q29944776": {"object": 0.004095124844220306, "dictionary": 0.0, "combined": 0.00035778399569447736}, "Q29944786": {"object": 0.004095124844220306, "dictionary": 0.0, "combined": 0.00035778399569447736}, "Q29944773": {"object": 0.004095124844220306, "dictionary": 0.0, "combined": 0.00035778399569447736}, "Q29944785": {"object": 0.004095124844220306, "dictionary": 0.0, "combined": 0.00035778399569447736}, "Q29944758": {"object": 0.004095124844220306, "dictionary": 0.0, "combined": 0.00035778399569447736}, "Q29944779": {"object": 0.004095124844220306, "dictionary": 0.0, "combined": 0.00035778399569447736}, "Q27526733": {"object": 0.0028702579705544885, "dictionary": 0.0, "combined": 0.0002507694891959832}, "Q1888930": {"object": 0.003007655589466232, "dictionary": 0.0, "combined": 0.0002627736822213879}, "Q28786544": {"object": 0.003007655589466232, "dictionary": 0.0, "combined": 0.0002627736822213879}, "Q8811": {"object": 0.003007655589466232, "dictionary": 0.0, "combined": 0.0002627736822213879}, "Q2053": {"object": 0.003007655589466232, "dictionary": 0.0, "combined": 0.0002627736822213879}, "Q166074": {"object": 0.0028472135523584063, "dictionary": 0.0, "combined": 0.0002487561381177407}, "Q62626012": {"object": 0.003007655589466232, "dictionary": 0.0, "combined": 0.0002627736822213879}, "Q27596243": {"object": 0.0025264564595497093, "dictionary": 0.0, "combined": 0.0002207321440569955}, "Q217570": {"object": 0.0042133763881626795, "dictionary": 0.0, "combined": 0.0003681154291667575}, "Q28106155": {"object": 0.025215228617843855, "dictionary": 0.0, "combined": 0.0022030110412811074}, "Q28205645": {"object": 0.025215228617843855, "dictionary": 0.0, "combined": 0.0022030110412811074}, "Q29000741": {"object": 0.005562059369119914, "dictionary": 0.0, "combined": 0.000485947535441381}, "Q29000651": {"object": 0.005562059369119914, "dictionary": 0.0, "combined": 0.000485947535441381}, "Q28206952": {"object": 0.0053219930973221466, "dictionary": 0.0, "combined": 0.0004649733592629659}, "Q58335773": {"object": 0.004406615635841128, "dictionary": 0.0, "combined": 0.00038499840899995316}, "Q3509055": {"object": 0.004400018030678232, "dictionary": 0.0, "combined": 0.00038442198761428356}, "Q479833": {"object": 0.0029790065339683593, "dictionary": 0.0, "combined": 0.0002602706636471512}, "Q55758993": {"object": 0.007638890495536457, "dictionary": 0.0, "combined": 0.000667396689510687}, "Q58799889": {"object": 0.007638890495536457, "dictionary": 0.0, "combined": 0.000667396689510687}, "Q28207256": {"object": 0.007638890495536457, "dictionary": 0.0, "combined": 0.000667396689510687}, "Q50809751": {"object": 0.007638890495536457, "dictionary": 0.0, "combined": 0.000667396689510687}, "Q28207363": {"object": 0.007638890495536457, "dictionary": 0.0, "combined": 0.000667396689510687}, "Q28206843": {"object": 0.007638890495536457, "dictionary": 0.0, "combined": 0.000667396689510687}, "Q50809753": {"object": 0.007638890495536457, "dictionary": 0.0,