{"name": "Q28206383", "Q4045294": {"object": 0.012445880983461131, "dictionary": 0.020420801410760754, "combined": 0.017253919983353575}, "Q1076355": {"object": 0.012228051629295049, "dictionary": 0.0, "combined": 0.004855821440628861}, "Q3807693": {"object": 0.013814132473210079, "dictionary": 0.019978785199942978, "combined": 0.017530770275571372}, "Q95994246": {"object": 0.013816189167882499, "dictionary": 0.020028003643274526, "combined": 0.01756126054885105}, "Q58006953": {"object": 0.013816189167882499, "dictionary": 0.020028003643274526, "combined": 0.01756126054885105}, "Q723030": {"object": 0.013183737562335157, "dictionary": 0.019634549510869133, "combined": 0.017072899305360312}, "Q27979156": {"object": 0.013183737562335157, "dictionary": 0.019642587737375282, "combined": 0.017077745511273446}, "Q1141412": {"object": 0.019397555503658168, "dictionary": 0.03248267048896971, "combined": 0.027286504834373695}, "Q5448342": {"object": 0.030458469442878267, "dictionary": 0.05677156601195441, "combined": 0.04632250165051912}, "Q29904540": {"object": 0.030458469442878267, "dictionary": 0.05677156601195441, "combined": 0.04632250165051912}, "Q5421818": {"object": 0.030458469442878267, "dictionary": 0.05677156601195441, "combined": 0.04632250165051912}, "Q50223812": {"object": 0.030458469442878267, "dictionary": 0.05677156601195441, "combined": 0.04632250165051912}, "Q5153426": {"object": 0.030458469442878267, "dictionary": 0.05677156601195441, "combined": 0.04632250165051912}, "Q939636": {"object": 0.0376621255068572, "dictionary": 0.0, "combined": 0.014955821424381364}, "Q27596243": {"object": 0.021127615517359123, "dictionary": 0.0, "combined": 0.008389883485016814}, "Q27967388": {"object": 0.02778483160976323, "dictionary": 0.05082919407512391, "combined": 0.04167816063682526}, "Q28771319": {"object": 0.031242641239731, "dictionary": 0.06111976562459831, "combined": 0.049255407706382856}, "Q6043826": {"object": 0.031242641239731, "dictionary": 0.06111976562459831, "combined": 0.049255407706382856}, "Q29000498": {"object": 0.031242641239731, "dictionary": 0.06111976562459831, "combined": 0.049255407706382856}, "Q19599377": {"object": 0.04451402475565929, "dictionary": 0.09316484028139195, "combined": 0.07384535420987694}, "Q28344713": {"object": 0.04451402475565929, "dictionary": 0.09316484028139195, "combined": 0.07384535420987694}, "Q28347555": {"object": 0.04276260778868729, "dictionary": 0.07170429839702898, "combined": 0.060211405985015634}, "Q28755621": {"object": 0.04276260778868729, "dictionary": 0.07170429839702898, "combined": 0.060211405985015634}, "Q28551294": {"object": 0.3809664172936832, "dictionary": 0.0, "combined": 0.15128370024398372}, "type": "co-oc"}