{"name": "Q28206024", "Q1076355": {"object": 0.005607238444039251, "dictionary": 0.006295916930530022, "combined": 0.0060816798976390226}, "Q28858032": {"object": 0.009438832141132641, "dictionary": 0.009799892705395248, "combined": 0.009687572449283097}, "Q723030": {"object": 0.006045473337595958, "dictionary": 0.0, "combined": 0.001880651560451431}, "Q27979156": {"object": 0.006045473337595958, "dictionary": 0.0, "combined": 0.001880651560451431}, "Q479833": {"object": 0.011423570951902053, "dictionary": 0.01495196684683675, "combined": 0.013854338443708578}, "Q51954585": {"object": 0.014226191541431671, "dictionary": 0.009095158976606716, "combined": 0.010691342411864813}, "Q60628025": {"object": 0.014226191541431671, "dictionary": 0.009095158976606716, "combined": 0.010691342411864813}, "Q51954521": {"object": 0.014226191541431671, "dictionary": 0.009095158976606716, "combined": 0.010691342411864813}, "Q61971917": {"object": 0.014226191541431671, "dictionary": 0.009095158976606716, "combined": 0.010691342411864813}, "Q60628005": {"object": 0.014226191541431671, "dictionary": 0.009095158976606716, "combined": 0.010691342411864813}, "Q61971919": {"object": 0.014226191541431671, "dictionary": 0.009095158976606716, "combined": 0.010691342411864813}, "Q44933672": {"object": 0.014226191541431671, "dictionary": 0.009095158976606716, "combined": 0.010691342411864813}, "Q27487130": {"object": 0.014226191541431671, "dictionary": 0.009095158976606716, "combined": 0.010691342411864813}, "Q52834849": {"object": 0.014226191541431671, "dictionary": 0.009095158976606716, "combined": 0.010691342411864813}, "Q28858035": {"object": 0.01146108232262537, "dictionary": 0.010596795563013172, "combined": 0.010865661564461544}, "Q61641368": {"object": 0.01146108232262537, "dictionary": 0.010596795563013172, "combined": 0.010865661564461544}, "Q51801746": {"object": 0.01146108232262537, "dictionary": 0.010596795563013172, "combined": 0.010865661564461544}, "Q85621726": {"object": 0.01146108232262537, "dictionary": 0.010596795563013172, "combined": 0.010865661564461544}, "Q28858042": {"object": 0.01146108232262537, "dictionary": 0.010596795563013172, "combined": 0.010865661564461544}, "Q48915661": {"object": 0.01146108232262537, "dictionary": 0.010596795563013172, "combined": 0.010865661564461544}, "Q48782098": {"object": 0.01146108232262537, "dictionary": 0.010596795563013172, "combined": 0.010865661564461544}, "Q61639409": {"object": 0.01146108232262537, "dictionary": 0.010596795563013172, "combined": 0.010865661564461544}, "Q85621806": {"object": 0.01146108232262537, "dictionary": 0.010596795563013172, "combined": 0.010865661564461544}, "Q28858037": {"object": 0.01146108232262537, "dictionary": 0.010596795563013172, "combined": 0.010865661564461544}, "Q28858038": {"object": 0.01146108232262537, "dictionary": 0.010596795563013172, "combined": 0.010865661564461544}, "Q28858039": {"object": 0.01146108232262537, "dictionary": 0.010596795563013172, "combined": 0.010865661564461544}, "Q28858044": {"object": 0.01146108232262537, "dictionary": 0.010596795563013172, "combined": 0.010865661564461544}, "Q48782394": {"object": 0.01146108232262537, "dictionary": 0.010596795563013172, "combined": 0.010865661564461544}, "Q60628185": {"object": 0.01146108232262537, "dictionary": 0.010596795563013172, "combined": 0.010865661564461544}, "Q62664770": {"object": 0.0111327591593238, "dictionary": 0.01044622765700653, "combined": 0.010659796796928574}, "Q48782202": {"object": 0.01146108232262537, "dictionary": 0.010596795563013172, "combined": 0.010865661564461544}, "Q66439286": {"object": 0.01146108232262537, "dictionary": 0.010596795563013172, "combined": 0.010865661564461544}, "Q63061396": {"object": 0.01146108232262537, "dictionary": 0.010596795563013172, "combined": 0.010865661564461544}, "Q28858041": {"object": 0.01146108232262537, "dictionary": 0.010596795563013172, "combined": 0.010865661564461544}, "Q686498": {"object": 0.01146108232262537, "dictionary": 0.010596795563013172, "combined": 0.010865661564461544}, "Q48782238": {"object": 0.01146108232262537, "dictionary": 0.010596795563013172, "combined": 0.010865661564461544}, "Q62664735": {"object": 0.01146108232262537, "dictionary": 0.010596795563013172, "combined": 0.010865661564461544}, "Q63061514": {"object": 0.01146108232262537, "dictionary": 0.010596795563013172, "combined": 0.010865661564461544}, "Q60000066": {"object": 0.01146108232262537, "dictionary": 0.010596795563013172, "combined": 0.010865661564461544}, "Q5616826": {"object": 0.041580958233718435, "dictionary": 0.04986862751612535, "combined": 0.04729046410391814}, "Q28756196": {"object": 0.018808894847062496, "dictionary": 0.013960143287767669, "combined": 0.015468513547135198}, "Q28206513": {"object": 0.05593338691448076, "dictionary": 0.14989825312733215, "combined": 0.1206672628636183}, "Q62619688": {"object": 0.017064513205562248, "dictionary": 0.0, "combined": 0.005308501352376578}, "Q29650330": {"object": 0.017064513205562248, "dictionary": 0.0, "combined": 0.005308501352376578}, "Q28049670": {"object": 0.017064513205562248, "dictionary": 0.0, "combined": 0.005308501352376578}, "Q27349828": {"object": 0.017064513205562248, "dictionary": 0.0, "combined": 0.005308501352376578}, "Q28600256": {"object": 0.017064513205562248, "dictionary": 0.0, "combined": 0.005308501352376578}, "Q63036182": {"object": 0.017064513205562248, "dictionary": 0.0, "combined": 0.005308501352376578}, "Q27967116": {"object": 0.017064513205562248, "dictionary": 0.0, "combined": 0.005308501352376578}, "Q72724699": {"object": 0.031005508114230154, "dictionary": 0.06809990793787164, "combined": 0.056560424258652875}, "Q28207102": {"object": 0.031005508114230154, "dictionary": 0.06809990793787164, "combined": 0.056560424258652875}, "Q83884456": {"object": 0.24941910434985873, "dictionary": 0.27239963175148657, "combined": 0.26525075153906386}, "type": "co-oc"}