{"name": "Q28207537", "Q99184084": {"object": 0.0018516136234054087, "dictionary": 0.0, "combined": 0.0018516136234054093}, "Q28600412": {"object": 0.003643555905443991, "dictionary": 0.0, "combined": 0.0036435559054439925}, "Q4045294": {"object": 0.0015492312661824505, "dictionary": 0.0, "combined": 0.0015492312661824507}, "Q28205439": {"object": 0.00495856863783546, "dictionary": 0.0, "combined": 0.004958568637835461}, "Q28018471": {"object": 0.00589135363731686, "dictionary": 0.0, "combined": 0.005891353637316862}, "Q336284": {"object": 0.005143893194102486, "dictionary": 0.0, "combined": 0.005143893194102488}, "Q28018470": {"object": 0.0060303690051291435, "dictionary": 0.0, "combined": 0.006030369005129146}, "Q1076355": {"object": 0.001522116428220005, "dictionary": 0.0, "combined": 0.0015221164282200057}, "Q28858032": {"object": 0.0025622240981212005, "dictionary": 0.0, "combined": 0.002562224098121202}, "Q3807693": {"object": 0.0017195476938211707, "dictionary": 0.0, "combined": 0.0017195476938211712}, "Q95994246": {"object": 0.0017198037058861857, "dictionary": 0.0, "combined": 0.001719803705886186}, "Q58006953": {"object": 0.0017198037058861857, "dictionary": 0.0, "combined": 0.001719803705886186}, "Q723030": {"object": 0.001641077756074897, "dictionary": 0.0, "combined": 0.0016410777560748977}, "Q27979156": {"object": 0.001641077756074897, "dictionary": 0.0, "combined": 0.0016410777560748977}, "Q26549229": {"object": 0.001986474558723627, "dictionary": 0.0, "combined": 0.0019864745587236275}, "Q47233167": {"object": 0.002273574184897557, "dictionary": 0.0, "combined": 0.0022735741848975578}, "Q29650304": {"object": 0.002273574184897557, "dictionary": 0.0, "combined": 0.0022735741848975578}, "Q1601331": {"object": 0.002273574184897557, "dictionary": 0.0, "combined": 0.0022735741848975578}, "Q81526237": {"object": 0.002273574184897557, "dictionary": 0.0, "combined": 0.0022735741848975578}, "Q28009496": {"object": 0.002273574184897557, "dictionary": 0.0, "combined": 0.0022735741848975578}, "Q34747804": {"object": 0.002273574184897557, "dictionary": 0.0, "combined": 0.0022735741848975578}, "Q28049770": {"object": 0.002273574184897557, "dictionary": 0.0, "combined": 0.0022735741848975578}, "Q28755606": {"object": 0.002273574184897557, "dictionary": 0.0, "combined": 0.0022735741848975578}, "Q81526528": {"object": 0.002273574184897557, "dictionary": 0.0, "combined": 0.0022735741848975578}, "Q81526664": {"object": 0.002273574184897557, "dictionary": 0.0, "combined": 0.0022735741848975578}, "Q28758112": {"object": 0.002273574184897557, "dictionary": 0.0, "combined": 0.0022735741848975578}, "Q32097899": {"object": 0.002273574184897557, "dictionary": 0.0, "combined": 0.0022735741848975578}, "Q66439259": {"object": 0.002273574184897557, "dictionary": 0.0, "combined": 0.0022735741848975578}, "Q28207108": {"object": 0.002273574184897557, "dictionary": 0.0, "combined": 0.0022735741848975578}, "Q32097740": {"object": 0.002273574184897557, "dictionary": 0.0, "combined": 0.0022735741848975578}, "Q6912474": {"object": 0.002273574184897557, "dictionary": 0.0, "combined": 0.0022735741848975578}, "Q1676669": {"object": 0.002266190320403325, "dictionary": 0.0, "combined": 0.0022661903204033254}, "Q28445577": {"object": 0.004974758456983587, "dictionary": 0.0, "combined": 0.004974758456983588}, "Q856364": {"object": 0.007040489374711123, "dictionary": 0.0, "combined": 0.007040489374711125}, "Q8041715": {"object": 0.018375022748275058, "dictionary": 0.0, "combined": 0.018375022748275065}, "Q279254": {"object": 0.016283598668986207, "dictionary": 0.0, "combined": 0.016283598668986213}, "Q2627217": {"object": 0.018375022748275058, "dictionary": 0.0, "combined": 0.018375022748275065}, "Q5322705": {"object": 0.016283598668986207, "dictionary": 0.0, "combined": 0.016283598668986213}, "Q1343830": {"object": 0.0026987163069956497, "dictionary": 0.0, "combined": 0.002698716306995651}, "Q47512572": {"object": 0.00448508895212803, "dictionary": 0.0, "combined": 0.004485088952128032}, "Q28205727": {"object": 0.009066324036780779, "dictionary": 0.0, "combined": 0.00906632403678078}, "Q4545483": {"object": 0.009066324036780779, "dictionary": 0.0, "combined": 0.00906632403678078}, "Q28758102": {"object": 0.0039085193387375355, "dictionary": 0.0, "combined": 0.003908519338737537}, "Q27473691": {"object": 0.005184917872711359, "dictionary": 0.0, "combined": 0.0051849178727113605}, "Q47455968": {"object": 0.005137055180851393, "dictionary": 0.0, "combined": 0.0051370551808513935}, "Q28206310": {"object": 0.005184917872711359, "dictionary": 0.0, "combined": 0.0051849178727113605}, "Q3928271": {"object": 0.004555206006766179, "dictionary": 0.0, "combined": 0.0045552060067661805}, "Q1882400": {"object": 0.003026110690832424, "dictionary": 0.0, "combined": 0.003026110690832425}, "Q27979410": {"object": 0.003026110690832424, "dictionary": 0.0, "combined": 0.003026110690832425}, "Q28055391": {"object": 0.002997516697202685, "dictionary": 0.0, "combined": 0.0029975166972026858}, "Q28205580": {"object": 0.002362576000901749, "dictionary": 0.0, "combined": 0.00236257600090175}, "Q28206771": {"object": 0.002308479021861328, "dictionary": 0.0, "combined": 0.0023084790218613287}, "Q28205626": {"object": 0.002362576000901749, "dictionary": 0.0, "combined": 0.00236257600090175}, "Q729366": {"object": 0.002362576000901749, "dictionary": 0.0, "combined": 0.00236257600090175}, "Q66134804": {"object": 0.0023498994084907945, "dictionary": 0.0, "combined": 0.0023498994084907954}, "Q29944987": {"object": 0.004262814385075682, "dictionary": 0.0, "combined": 0.004262814385075683}, "Q29944777": {"object": 0.004262814385075682, "dictionary": 0.0, "combined": 0.004262814385075683}, "Q29944782": {"object": 0.004262814385075682, "dictionary": 0.0, "combined": 0.004262814385075683}, "Q29944783": {"object": 0.004262814385075682, "dictionary": 0.0, "combined": 0.004262814385075683}, "Q29944780": {"object": 0.004262814385075682, "dictionary": 0.0, "combined": 0.004262814385075683}, "Q29944776": {"object": 0.004262814385075682, "dictionary": 0.0, "combined": 0.004262814385075683}, "Q29944786": {"object": 0.004262814385075682, "dictionary": 0.0, "combined": 0.004262814385075683}, "Q29944773": {"object": 0.004262814385075682, "dictionary": 0.0, "combined": 0.004262814385075683}, "Q29944785": {"object": 0.004262814385075682, "dictionary": 0.0, "combined": 0.004262814385075683}, "Q29944758": {"object": 0.004262814385075682, "dictionary": 0.0, "combined": 0.004262814385075683}, "Q29944779": {"object": 0.004262814385075682, "dictionary": 0.0, "combined": 0.004262814385075683}, "Q178051": {"object": 0.004632258133658511, "dictionary": 0.0, "combined": 0.0046322581336585116}, "Q27596243": {"object": 0.002629911260028119, "dictionary": 0.0, "combined": 0.0026299112600281192}, "Q217570": {"object": 0.004385908161639393, "dictionary": 0.0, "combined": 0.004385908161639395}, "Q26211936": {"object": 0.003200535972755457, "dictionary": 0.0, "combined": 0.0032005359727554582}, "Q26211977": {"object": 0.003200535972755457, "dictionary": 0.0, "combined": 0.0032005359727554582}, "Q26211940": {"object": 0.003200535972755457, "dictionary": 0.0, "combined": 0.0032005359727554582}, "Q26211915": {"object": 0.003200535972755457, "dictionary": 0.0, "combined": 0.0032005359727554582}, "Q10394822": {"object": 0.003200535972755457, "dictionary": 0.0, "combined": 0.0032005359727554582}, "Q26211975": {"object": 0.003200535972755457, "dictionary": 0.0, "combined": 0.0032005359727554582}, "Q26211905": {"object": 0.003200535972755457, "dictionary": 0.0, "combined": 0.0032005359727554582}, "Q5532250": {"object": 0.003200535972755457, "dictionary": 0.0, "combined": 0.0032005359727554582}, "Q26211927": {"object": 0.003200535972755457, "dictionary": 0.0, "combined": 0.0032005359727554582}, "Q26211957": {"object": 0.003200535972755457, "dictionary": 0.0, "combined": 0.0032005359727554582}, "Q26211948": {"object": 0.003200535972755457,