{"name": "Q28205797", "Q27866062": {"object": 0.008565158988009292, "dictionary": 0.0, "combined": 0.006310360201179453}, "Q28207379": {"object": 0.008429945030859908, "dictionary": 0.0, "combined": 0.006210741644765736}, "Q27231634": {"object": 0.008565158988009292, "dictionary": 0.0, "combined": 0.006310360201179453}, "Q27866063": {"object": 0.008565158988009292, "dictionary": 0.0, "combined": 0.006310360201179453}, "Q28205771": {"object": 0.008470047649692093, "dictionary": 0.0, "combined": 0.006240287152350121}, "Q7670377": {"object": 0.008470047649692093, "dictionary": 0.0, "combined": 0.006240287152350121}, "Q27866059": {"object": 0.008565158988009292, "dictionary": 0.0, "combined": 0.006310360201179453}, "Q28207384": {"object": 0.008470047649692093, "dictionary": 0.0, "combined": 0.006240287152350121}, "Q28205372": {"object": 0.008565158988009292, "dictionary": 0.0, "combined": 0.006310360201179453}, "Q27231651": {"object": 0.008565158988009292, "dictionary": 0.0, "combined": 0.006310360201179453}, "Q27231654": {"object": 0.008565158988009292, "dictionary": 0.0, "combined": 0.006310360201179453}, "Q1502796": {"object": 0.008565158988009292, "dictionary": 0.0, "combined": 0.006310360201179453}, "Q99184084": {"object": 0.005735059053418508, "dictionary": 0.0, "combined": 0.004225290908524908}, "Q79241659": {"object": 0.007526232498724017, "dictionary": 0.0, "combined": 0.005544933619009186}, "Q42591": {"object": 0.011825848837582689, "dictionary": 0.0, "combined": 0.008712665573904365}, "Q4045294": {"object": 0.004798481004162138, "dictionary": 0.0, "combined": 0.0035352692923938433}, "Q336284": {"object": 0.007966168227472639, "dictionary": 0.0, "combined": 0.005869055204803289}, "Q1076355": {"object": 0.004714497393881448, "dictionary": 0.0, "combined": 0.003473394570324054}, "Q28858032": {"object": 0.003968027218278821, "dictionary": 0.0, "combined": 0.002923434471032883}, "Q3807693": {"object": 0.0053260072428592264, "dictionary": 0.03814967502511153, "combined": 0.013966917049476769}, "Q95994246": {"object": 0.00532680019679556, "dictionary": 0.03824365809763317, "combined": 0.013992242527167166}, "Q58006953": {"object": 0.00532680019679556, "dictionary": 0.03824365809763317, "combined": 0.013992242527167166}, "Q723030": {"object": 0.0050829599239130205, "dictionary": 0.037492353794677066, "combined": 0.013614811122938263}, "Q27979156": {"object": 0.0050829599239130205, "dictionary": 0.037507702862496696, "combined": 0.013618851802106872}, "Q26549229": {"object": 0.006152767920037651, "dictionary": 0.0, "combined": 0.004533036907318778}, "Q47233167": {"object": 0.003521005151370191, "dictionary": 0.04199892041784776, "combined": 0.013650409262146578}, "Q29650304": {"object": 0.003521005151370191, "dictionary": 0.04199892041784776, "combined": 0.013650409262146578}, "Q1601331": {"object": 0.003521005151370191, "dictionary": 0.04199892041784776, "combined": 0.013650409262146578}, "Q81526237": {"object": 0.003521005151370191, "dictionary": 0.04199892041784776, "combined": 0.013650409262146578}, "Q28009496": {"object": 0.003521005151370191, "dictionary": 0.04199892041784776, "combined": 0.013650409262146578}, "Q34747804": {"object": 0.003521005151370191, "dictionary": 0.04199892041784776, "combined": 0.013650409262146578}, "Q28049770": {"object": 0.003521005151370191, "dictionary": 0.04199892041784776, "combined": 0.013650409262146578}, "Q28755606": {"object": 0.003521005151370191, "dictionary": 0.04199892041784776, "combined": 0.013650409262146578}, "Q81526528": {"object": 0.003521005151370191, "dictionary": 0.04199892041784776, "combined": 0.013650409262146578}, "Q81526664": {"object": 0.003521005151370191, "dictionary": 0.04199892041784776, "combined": 0.013650409262146578}, "Q28758112": {"object": 0.003521005151370191, "dictionary": 0.04199892041784776, "combined": 0.013650409262146578}, "Q32097899": {"object": 0.003521005151370191, "dictionary": 0.04199892041784776, "combined": 0.013650409262146578}, "Q66439259": {"object": 0.003521005151370191, "dictionary": 0.04199892041784776, "combined": 0.013650409262146578}, "Q28207108": {"object": 0.003521005151370191, "dictionary": 0.04199892041784776, "combined": 0.013650409262146578}, "Q32097740": {"object": 0.003521005151370191, "dictionary": 0.04199892041784776, "combined": 0.013650409262146578}, "Q6912474": {"object": 0.003521005151370191, "dictionary": 0.04199892041784776, "combined": 0.013650409262146578}, "Q16996920": {"object": 0.0059299477712936805, "dictionary": 0.0, "combined": 0.004368874700800106}, "Q66811836": {"object": 0.0059299477712936805, "dictionary": 0.0, "combined": 0.004368874700800106}, "Q28600763": {"object": 0.0059299477712936805, "dictionary": 0.0, "combined": 0.004368874700800106}, "Q1662484": {"object": 0.0059299477712936805, "dictionary": 0.0, "combined": 0.004368874700800106}, "Q684554": {"object": 0.0059299477712936805, "dictionary": 0.0, "combined": 0.004368874700800106}, "Q28206109": {"object": 0.003303954372804976, "dictionary": 0.06346355122629142, "combined": 0.01914111351851514}, "Q1676669": {"object": 0.0035095700176085982, "dictionary": 0.0, "combined": 0.002585667235526387}, "Q28445577": {"object": 0.015408470302147525, "dictionary": 0.0, "combined": 0.011352153286570353}, "Q28600764": {"object": 0.008621768573064029, "dictionary": 0.0, "combined": 0.006352067176267106}, "Q942350": {"object": 0.008363672478229228, "dictionary": 0.0, "combined": 0.006161915501650742}, "Q307271": {"object": 0.013401994878514237, "dictionary": 0.0, "combined": 0.009873887363466574}, "Q28206359": {"object": 0.004880090388884481, "dictionary": 0.0, "combined": 0.0035953948095168247}, "Q28206497": {"object": 0.0062337862807068985, "dictionary": 0.0, "combined": 0.004592726988897853}, "Q26385770": {"object": 0.0062337862807068985, "dictionary": 0.0, "combined": 0.004592726988897853}, "Q17092932": {"object": 0.0062337862807068985, "dictionary": 0.0, "combined": 0.004592726988897853}, "Q1952321": {"object": 0.0062337862807068985, "dictionary": 0.0, "combined": 0.004592726988897853}, "Q26329648": {"object": 0.0062337862807068985, "dictionary": 0.0, "combined": 0.004592726988897853}, "Q28206262": {"object": 0.0062337862807068985, "dictionary": 0.0, "combined": 0.004592726988897853}, "Q28205580": {"object": 0.007317678327750247, "dictionary": 0.0, "combined": 0.005391281837163077}, "Q28206771": {"object": 0.007150122113275134, "dictionary": 0.0, "combined": 0.005267835200765053}, "Q28205626": {"object": 0.007317678327750247, "dictionary": 0.0, "combined": 0.005391281837163077}, "Q729366": {"object": 0.007317678327750247, "dictionary": 0.0, "combined": 0.005391281837163077}, "Q29904539": {"object": 0.005481972445907356, "dictionary": 0.0, "combined": 0.004038829961597279}, "Q28755628": {"object": 0.005481972445907356, "dictionary": 0.0, "combined": 0.004038829961597279}, "Q58103465": {"object": 0.005481972445907356, "dictionary": 0.0, "combined": 0.004038829961597279}, "Q66134804": {"object": 0.0036392073667350622, "dictionary": 0.0, "combined": 0.002681177239445669}, "Q24834502": {"object": 0.011036115177682973, "dictionary": 0.0, "combined": 0.008130831207030433}, "Q178051": {"object": 0.00717381682965537, "dictionary": 0.0, "combined": 0.005285292225839941}, "Q27526733": {"object": 0.004627087785711928, "dictionary": 0.07491667421059253, "combined": 0.023130991148097402}, "Q1888930": {"object": 0.004848583850098646, "dictionary": 0.0, "combined": 0.003572182443148684}, "Q28786544": {"object": 0.004848583850098646, "dictionary": 0.0, "combined": 0.003572182443148684}, "Q8811": {"object": 0.004848583850098646, "dictionary": 0.0, "combined": 0.003572182443148684}, "Q2053": {"object": 0.004848583850098646, "dictionary": 0.0, "combined": 0.003572182443148684}, "Q166074": {"object": 0.004589938321427596, "dictionary": 0.0, "combined": 0.0033816259744802422}, "Q62626012": {"object": 0.004848583850098646, "dictionary": 0.0, "combined": 0.003572182443148684},