{"name": "Q28206822", "Q99184084": {"object": 0.005860199704227296, "dictionary": 0.0022323527875399876, "combined": 0.0028313626907974935}, "Q4045294": {"object": 0.004085987708730114, "dictionary": 0.0, "combined": 0.0006746555624658806}, "Q1076355": {"object": 0.004014474244564259, "dictionary": 0.0, "combined": 0.0006628476570510861}, "Q28858032": {"object": 0.008109221444568278, "dictionary": 0.0, "combined": 0.001338949537992102}, "Q3807693": {"object": 0.004535185220500883, "dictionary": 0.0007345913977461809, "combined": 0.0013621243092418493}, "Q95994246": {"object": 0.004535860434185096, "dictionary": 0.0007364010896128273, "combined": 0.001363746682381462}, "Q58006953": {"object": 0.004535860434185096, "dictionary": 0.0007364010896128273, "combined": 0.001363746682381462}, "Q723030": {"object": 0.004328226318925028, "dictionary": 0.0007219343431024582, "combined": 0.001317385214422118}, "Q27979156": {"object": 0.004328226318925028, "dictionary": 0.0007222298972107515, "combined": 0.0013176319682800472}, "Q26549229": {"object": 0.006287023099385803, "dictionary": 0.002137284333621231, "combined": 0.002822466116014176}, "Q16996920": {"object": 0.00403956063360901, "dictionary": 0.0, "combined": 0.0006669897820690011}, "Q66811836": {"object": 0.00403956063360901, "dictionary": 0.0, "combined": 0.0006669897820690011}, "Q28600763": {"object": 0.00403956063360901, "dictionary": 0.0, "combined": 0.0006669897820690011}, "Q1662484": {"object": 0.00403956063360901, "dictionary": 0.0, "combined": 0.0006669897820690011}, "Q684554": {"object": 0.00403956063360901, "dictionary": 0.0, "combined": 0.0006669897820690011}, "Q28206109": {"object": 0.006752095229691195, "dictionary": 0.0012220229601057125, "combined": 0.00213511773264816}, "Q1676669": {"object": 0.005976916421024939, "dictionary": 0.003586469788561819, "combined": 0.003981167039834337}, "Q28445577": {"object": 0.0026241145983613616, "dictionary": 0.0, "combined": 0.0004332792060411333}, "Q1343830": {"object": 0.004270603840925243, "dictionary": 0.0, "combined": 0.0007051383513005758}, "Q47512572": {"object": 0.0023658208727112195, "dictionary": 0.0, "combined": 0.0003906311828012242}, "Q1882400": {"object": 0.004788691536725769, "dictionary": 0.0, "combined": 0.0007906821098072766}, "Q27979410": {"object": 0.004788691536725769, "dictionary": 0.0, "combined": 0.0007906821098072766}, "Q28055391": {"object": 0.004743442757257541, "dictionary": 0.0, "combined": 0.0007832108830344188}, "Q1141412": {"object": 0.003820935141803815, "dictionary": 0.0, "combined": 0.0006308915569499993}, "Q28205580": {"object": 0.0012462253649725167, "dictionary": 0.0, "combined": 0.00020576980022930243}, "Q28206771": {"object": 0.0012176899750325411, "dictionary": 0.0, "combined": 0.00020105819536837623}, "Q28205626": {"object": 0.0012462253649725167, "dictionary": 0.0, "combined": 0.00020576980022930243}, "Q729366": {"object": 0.0012462253649725167, "dictionary": 0.0, "combined": 0.00020576980022930243}, "Q66134804": {"object": 0.003718615926273766, "dictionary": 0.0, "combined": 0.0006139971772246265}, "Q29944987": {"object": 0.002248574188014856, "dictionary": 0.0, "combined": 0.0003712720624000352}, "Q29944777": {"object": 0.002248574188014856, "dictionary": 0.0, "combined": 0.0003712720624000352}, "Q29944782": {"object": 0.002248574188014856, "dictionary": 0.0, "combined": 0.0003712720624000352}, "Q29944783": {"object": 0.002248574188014856, "dictionary": 0.0, "combined": 0.0003712720624000352}, "Q29944780": {"object": 0.002248574188014856, "dictionary": 0.0, "combined": 0.0003712720624000352}, "Q29944776": {"object": 0.002248574188014856, "dictionary": 0.0, "combined": 0.0003712720624000352}, "Q29944786": {"object": 0.002248574188014856, "dictionary": 0.0, "combined": 0.0003712720624000352}, "Q29944773": {"object": 0.002248574188014856, "dictionary": 0.0, "combined": 0.0003712720624000352}, "Q29944785": {"object": 0.002248574188014856, "dictionary": 0.0, "combined": 0.0003712720624000352}, "Q29944758": {"object": 0.002248574188014856, "dictionary": 0.0, "combined": 0.0003712720624000352}, "Q29944779": {"object": 0.002248574188014856, "dictionary": 0.0, "combined": 0.0003712720624000352}, "Q27596243": {"object": 0.0013872409262698556, "dictionary": 0.0, "combined": 0.0002290535053222543}, "Q5924007": {"object": 0.0017035697616038959, "dictionary": 0.0, "combined": 0.00028128396305723136}, "Q2193155": {"object": 0.0031746444214550717, "dictionary": 0.0, "combined": 0.0005241796281495888}, "Q34746472": {"object": 0.0016937780940996874, "dictionary": 0.0, "combined": 0.00027966721738435123}, "Q27826464": {"object": 0.0017199026281836522, "dictionary": 0.0, "combined": 0.0002839807551365375}, "Q27826469": {"object": 0.0017199026281836522, "dictionary": 0.0, "combined": 0.0002839807551365375}, "Q27826466": {"object": 0.0017199026281836522, "dictionary": 0.0, "combined": 0.0002839807551365375}, "Q27826468": {"object": 0.0017199026281836522, "dictionary": 0.0, "combined": 0.0002839807551365375}, "Q479833": {"object": 0.0016357296671096297, "dictionary": 0.0, "combined": 0.00027008258400976665}, "Q27967123": {"object": 0.0037168512541297465, "dictionary": 0.0, "combined": 0.0006137058043760623}, "Q921122": {"object": 0.003201513476912786, "dictionary": 0.0, "combined": 0.0005286160971296644}, "Q15955723": {"object": 0.006601364419194929, "dictionary": 0.0, "combined": 0.0010899805733038679}, "Q48004607": {"object": 0.0031865295206410602, "dictionary": 0.0, "combined": 0.000526142029617208}, "Q48004869": {"object": 0.0031865295206410602, "dictionary": 0.0, "combined": 0.000526142029617208}, "Q48021763": {"object": 0.0031865295206410602, "dictionary": 0.0, "combined": 0.000526142029617208}, "Q48005022": {"object": 0.0031865295206410602, "dictionary": 0.0, "combined": 0.000526142029617208}, "Q48021588": {"object": 0.0031865295206410602, "dictionary": 0.0, "combined": 0.000526142029617208}, "Q28206138": {"object": 0.0027459866651142286, "dictionary": 0.0, "combined": 0.00045340204379915196}, "Q28206147": {"object": 0.0027459866651142286, "dictionary": 0.0, "combined": 0.00045340204379915196}, "Q61727114": {"object": 0.0060384390178958875, "dictionary": 0.0, "combined": 0.00099703346227162}, "Q5616826": {"object": 0.005953935705053328, "dictionary": 0.0, "combined": 0.0009830807452983854}, "Q61727559": {"object": 0.0060384390178958875, "dictionary": 0.0, "combined": 0.00099703346227162}, "Q73514615": {"object": 0.0060384390178958875, "dictionary": 0.0, "combined": 0.00099703346227162}, "Q61727514": {"object": 0.0060384390178958875, "dictionary": 0.0, "combined": 0.00099703346227162}, "Q61727569": {"object": 0.0060384390178958875, "dictionary": 0.0, "combined": 0.00099703346227162}, "Q61727504": {"object": 0.0060384390178958875, "dictionary": 0.0, "combined": 0.00099703346227162}, "Q61727602": {"object": 0.0060384390178958875, "dictionary": 0.0, "combined": 0.00099703346227162}, "Q1068805": {"object": 0.005379398624758441, "dictionary": 0.0, "combined": 0.0008882163784194359}, "Q49243071": {"object": 0.004825819142233022, "dictionary": 0.0, "combined": 0.0007968124135091179}, "Q29650305": {"object": 0.0028779218866597945, "dictionary": 0.0, "combined": 0.00047518645370099865}, "Q62625561": {"object": 0.0034445709158646017, "dictionary": 0.0, "combined": 0.0005687483894606458}, "Q98815369": {"object": 0.005609262068146809, "dictionary": 0.0, "combined": 0.0009261701515935898}, "Q34273353": {"object": 0.004623279468002708, "dictionary": 0.0, "combined": 0.0007633701891119289}, "Q27925718": {"object": 0.004623279468002708, "dictionary": 0.0, "combined": 0.0007633701891119289}, "Q28600470": {"object": 0.004623279468002708, "dictionary": 0.0, "combined": 0.0007633701891119289}, "Q59537335": {"object": 0.004623279468002708, "dictionary": 0.0, "combined": 0.0007633701891119289}, "Q29650343": {"object": 0.004377641921126159, "dictionary": 0.0, "combined": 0.000722811883712072}, "Q3563777": {"object": 0.00767829463478039,