{"name": "Q28206714", "Q28207379": {"object": 0.016798914057216424, "dictionary": 0.009145273196649406, "combined": 0.011018374237540679}, "Q28205771": {"object": 0.01687882922211548, "dictionary": 0.00914791672125922, "combined": 0.011039928708260191}, "Q7670377": {"object": 0.01687882922211548, "dictionary": 0.00914791672125922, "combined": 0.011039928708260191}, "Q28207384": {"object": 0.01687882922211548, "dictionary": 0.00914791672125922, "combined": 0.011039928708260191}, "Q99184084": {"object": 0.005714317459885673, "dictionary": 0.004997929398466208, "combined": 0.00517325343678638}, "Q79241659": {"object": 0.014998025782832066, "dictionary": 0.0, "combined": 0.0036705168451104495}, "Q28205439": {"object": 0.01530277968635404, "dictionary": 0.025661194850576687, "combined": 0.023126145378102238}, "Q3807693": {"object": 0.00530674503886876, "dictionary": 0.0, "combined": 0.0012987374031701378}, "Q95994246": {"object": 0.005307535124983143, "dictionary": 0.0, "combined": 0.001298930763578629}, "Q58006953": {"object": 0.005307535124983143, "dictionary": 0.0, "combined": 0.001298930763578629}, "Q723030": {"object": 0.005064576732440451, "dictionary": 0.0, "combined": 0.0012394707462802378}, "Q27979156": {"object": 0.005064576732440451, "dictionary": 0.0, "combined": 0.0012394707462802378}, "Q26549229": {"object": 0.006130515627583362, "dictionary": 0.0, "combined": 0.001500341525350313}, "Q28206109": {"object": 0.006584010376643409, "dictionary": 0.010943762136527686, "combined": 0.009876785555285046}, "Q1676669": {"object": 0.00699375439433635, "dictionary": 0.00802961023589687, "combined": 0.007776101782810587}, "Q1343830": {"object": 0.008328585141851133, "dictionary": 0.0, "combined": 0.0020382824047478487}, "Q5448342": {"object": 0.011700722569512882, "dictionary": 0.0, "combined": 0.0028635568382955044}, "Q29904540": {"object": 0.011700722569512882, "dictionary": 0.0, "combined": 0.0028635568382955044}, "Q5421818": {"object": 0.011700722569512882, "dictionary": 0.0, "combined": 0.0028635568382955044}, "Q50223812": {"object": 0.011700722569512882, "dictionary": 0.0, "combined": 0.0028635568382955044}, "Q5153426": {"object": 0.011700722569512882, "dictionary": 0.0, "combined": 0.0028635568382955044}, "Q66134804": {"object": 0.007252091391625013, "dictionary": 0.0, "combined": 0.0017748285008091017}, "Q178051": {"object": 0.014295743559706264, "dictionary": 0.0, "combined": 0.0034986449756170945}, "Q27526733": {"object": 0.009220706631279368, "dictionary": 0.0129187580395093, "combined": 0.012013721591076871}, "Q673906": {"object": 0.013391971997575547, "dictionary": 0.0, "combined": 0.003277461948532968}, "Q1888930": {"object": 0.00966209662089649, "dictionary": 0.0, "combined": 0.0023646371142181425}, "Q28786544": {"object": 0.00966209662089649, "dictionary": 0.0, "combined": 0.0023646371142181425}, "Q8811": {"object": 0.00966209662089649, "dictionary": 0.0, "combined": 0.0023646371142181425}, "Q2053": {"object": 0.00966209662089649, "dictionary": 0.0, "combined": 0.0023646371142181425}, "Q29151645": {"object": 0.013391971997575547, "dictionary": 0.0, "combined": 0.003277461948532968}, "Q17073241": {"object": 0.013391971997575547, "dictionary": 0.0, "combined": 0.003277461948532968}, "Q288405": {"object": 0.013391971997575547, "dictionary": 0.0, "combined": 0.003277461948532968}, "Q166074": {"object": 0.009146676414534236, "dictionary": 0.0, "combined": 0.002238496608983878}, "Q62626012": {"object": 0.00966209662089649, "dictionary": 0.0, "combined": 0.0023646371142181425}, "Q5924007": {"object": 0.009966969309094563, "dictionary": 0.0, "combined": 0.0024392496234809332}, "Q2193155": {"object": 0.018573694033017285, "dictionary": 0.0, "combined": 0.004545602055315573}, "Q218170": {"object": 0.017388142084976646, "dictionary": 0.036721057280436994, "combined": 0.03198964849920544}, "Q66134564": {"object": 0.02964708710739318, "dictionary": 0.0, "combined": 0.007255630455090141}, "Q48625328": {"object": 0.02964708710739318, "dictionary": 0.0, "combined": 0.007255630455090141}, "Q28205883": {"object": 0.012523766052576055, "dictionary": 0.0, "combined": 0.00306498301348583}, "Q1047541": {"object": 0.026996981378856293, "dictionary": 0.0, "combined": 0.006607061246131123}, "Q59714459": {"object": 0.02964708710739318, "dictionary": 0.0, "combined": 0.007255630455090141}, "Q15938816": {"object": 0.025932418011939223, "dictionary": 0.0, "combined": 0.006346527104669023}, "Q28975650": {"object": 0.025932418011939223, "dictionary": 0.0, "combined": 0.006346527104669023}, "Q27526739": {"object": 0.01764134057671341, "dictionary": 0.0, "combined": 0.004317424085993925}, "Q2192": {"object": 0.01764134057671341, "dictionary": 0.0, "combined": 0.004317424085993925}, "Q49243071": {"object": 0.02823411894596731, "dictionary": 0.0, "combined": 0.0069098300468754086}, "Q28206695": {"object": 0.06333386862816022, "dictionary": 0.09560845672675278, "combined": 0.08770978919542416}, "Q28206700": {"object": 0.0390347226783822, "dictionary": 0.13521077618053495, "combined": 0.11167329000818918}, "Q28206708": {"object": 0.0390347226783822, "dictionary": 0.13521077618053495, "combined": 0.11167329000818918}, "Q28207114": {"object": 0.21098867482484376, "dictionary": 0.4981086556103365, "combined": 0.427840825610518}, "type": "co-oc"}