{"name": "Q28205933", "Q4045294": {"object": 0.0040895687054463324, "dictionary": 0.00967267819566196, "combined": 0.007032014581215495}, "Q28205439": {"object": 0.0016361668822264296, "dictionary": 0.0, "combined": 0.0007738638048616827}, "Q1076355": {"object": 0.00401799256623136, "dictionary": 0.009449661876540089, "combined": 0.006880625475127185}, "Q28858032": {"object": 0.0076090579123586815, "dictionary": 0.014708845989262568, "combined": 0.011350833383954182}, "Q3807693": {"object": 0.005106554885242979, "dictionary": 0.010646222966653683, "combined": 0.008026105993427936}, "Q95994246": {"object": 0.005107315166371545, "dictionary": 0.01067245031313823, "combined": 0.00804028808932764}, "Q58006953": {"object": 0.005107315166371545, "dictionary": 0.01067245031313823, "combined": 0.00804028808932764}, "Q723030": {"object": 0.004873522067727759, "dictionary": 0.010462787894787036, "combined": 0.007819212495298598}, "Q27979156": {"object": 0.004873522067727759, "dictionary": 0.010467071275922802, "combined": 0.00782146995006988}, "Q47233167": {"object": 0.000750205766484697, "dictionary": 0.0013022678898104306, "combined": 0.00104115705819677}, "Q29650304": {"object": 0.000750205766484697, "dictionary": 0.0013022678898104306, "combined": 0.00104115705819677}, "Q1601331": {"object": 0.000750205766484697, "dictionary": 0.0013022678898104306, "combined": 0.00104115705819677}, "Q81526237": {"object": 0.000750205766484697, "dictionary": 0.0013022678898104306, "combined": 0.00104115705819677}, "Q28009496": {"object": 0.000750205766484697, "dictionary": 0.0013022678898104306, "combined": 0.00104115705819677}, "Q34747804": {"object": 0.000750205766484697, "dictionary": 0.0013022678898104306, "combined": 0.00104115705819677}, "Q28049770": {"object": 0.000750205766484697, "dictionary": 0.0013022678898104306, "combined": 0.00104115705819677}, "Q28755606": {"object": 0.000750205766484697, "dictionary": 0.0013022678898104306, "combined": 0.00104115705819677}, "Q81526528": {"object": 0.000750205766484697, "dictionary": 0.0013022678898104306, "combined": 0.00104115705819677}, "Q81526664": {"object": 0.000750205766484697, "dictionary": 0.0013022678898104306, "combined": 0.00104115705819677}, "Q28758112": {"object": 0.000750205766484697, "dictionary": 0.0013022678898104306, "combined": 0.00104115705819677}, "Q32097899": {"object": 0.000750205766484697, "dictionary": 0.0013022678898104306, "combined": 0.00104115705819677}, "Q66439259": {"object": 0.000750205766484697, "dictionary": 0.0013022678898104306, "combined": 0.00104115705819677}, "Q28207108": {"object": 0.000750205766484697, "dictionary": 0.0013022678898104306, "combined": 0.00104115705819677}, "Q32097740": {"object": 0.000750205766484697, "dictionary": 0.0013022678898104306, "combined": 0.00104115705819677}, "Q6912474": {"object": 0.000750205766484697, "dictionary": 0.0013022678898104306, "combined": 0.00104115705819677}, "Q53756551": {"object": 0.016940539236695435, "dictionary": 0.0, "combined": 0.008012428495239218}, "Q53756539": {"object": 0.016940539236695435, "dictionary": 0.0, "combined": 0.008012428495239218}, "Q27979378": {"object": 0.016940539236695435, "dictionary": 0.0, "combined": 0.008012428495239218}, "Q5448342": {"object": 0.0012510364233648283, "dictionary": 0.0, "combined": 0.0005917072501114693}, "Q29904540": {"object": 0.0012510364233648283, "dictionary": 0.0, "combined": 0.0005917072501114693}, "Q5421818": {"object": 0.0012510364233648283, "dictionary": 0.0, "combined": 0.0005917072501114693}, "Q50223812": {"object": 0.0012510364233648283, "dictionary": 0.0, "combined": 0.0005917072501114693}, "Q5153426": {"object": 0.0012510364233648283, "dictionary": 0.0, "combined": 0.0005917072501114693}, "Q28205580": {"object": 0.006236587840971492, "dictionary": 0.01825335717587941, "combined": 0.012569742050383843}, "Q28206771": {"object": 0.006093785847897827, "dictionary": 0.01734707714133397, "combined": 0.012024567003672972}, "Q28205626": {"object": 0.006236587840971492, "dictionary": 0.018236880163648234, "combined": 0.012561058230593175}, "Q729366": {"object": 0.006236587840971492, "dictionary": 0.01825335717587941, "combined": 0.012569742050383843}, "Q29904539": {"object": 0.009344166597494482, "dictionary": 0.029590540355399417, "combined": 0.020014539275592824}, "Q28755628": {"object": 0.009344166597494482, "dictionary": 0.029590540355399417, "combined": 0.020014539275592824}, "Q58103465": {"object": 0.009344166597494482, "dictionary": 0.029590540355399417, "combined": 0.020014539275592824}, "Q939636": {"object": 0.0015469159039254558, "dictionary": 0.0, "combined": 0.0007316504448396084}, "Q28206625": {"object": 0.0024409426118621068, "dictionary": 0.0, "combined": 0.0011545015105636457}, "Q28205846": {"object": 0.00235116823814474, "dictionary": 0.0, "combined": 0.0011120405983066637}, "Q479833": {"object": 0.008185816177186568, "dictionary": 0.022441692393795606, "combined": 0.0156990387375804}, "Q28600483": {"object": 0.003510527028305006, "dictionary": 0.0, "combined": 0.001660386744594875}, "Q28600482": {"object": 0.003510527028305006, "dictionary": 0.0, "combined": 0.001660386744594875}, "Q60806257": {"object": 0.0029701622248567926, "dictionary": 0.0, "combined": 0.0014048084369342637}, "Q52834888": {"object": 0.0029701622248567926, "dictionary": 0.0, "combined": 0.0014048084369342637}, "Q60806040": {"object": 0.0029701622248567926, "dictionary": 0.0, "combined": 0.0014048084369342637}, "Q60886323": {"object": 0.0029701622248567926, "dictionary": 0.0, "combined": 0.0014048084369342637}, "Q60886160": {"object": 0.0029701622248567926, "dictionary": 0.0, "combined": 0.0014048084369342637}, "Q60873199": {"object": 0.0029701622248567926, "dictionary": 0.0, "combined": 0.0014048084369342637}, "Q28858068": {"object": 0.0029701622248567926, "dictionary": 0.0, "combined": 0.0014048084369342637}, "Q51954585": {"object": 0.001274262108472049, "dictionary": 0.0, "combined": 0.0006026923869229024}, "Q60628025": {"object": 0.001274262108472049, "dictionary": 0.0, "combined": 0.0006026923869229024}, "Q51954521": {"object": 0.001274262108472049, "dictionary": 0.0, "combined": 0.0006026923869229024}, "Q61971917": {"object": 0.001274262108472049, "dictionary": 0.0, "combined": 0.0006026923869229024}, "Q60628005": {"object": 0.001274262108472049, "dictionary": 0.0, "combined": 0.0006026923869229024}, "Q61971919": {"object": 0.001274262108472049, "dictionary": 0.0, "combined": 0.0006026923869229024}, "Q44933672": {"object": 0.001274262108472049, "dictionary": 0.0, "combined": 0.0006026923869229024}, "Q27487130": {"object": 0.001274262108472049, "dictionary": 0.0, "combined": 0.0006026923869229024}, "Q52834849": {"object": 0.001274262108472049, "dictionary": 0.0, "combined": 0.0006026923869229024}, "Q28858035": {"object": 0.009239282765833993, "dictionary": 0.01590493269689071, "combined": 0.01275225599040196}, "Q61641368": {"object": 0.009239282765833993, "dictionary": 0.01590493269689071, "combined": 0.01275225599040196}, "Q51801746": {"object": 0.009239282765833993, "dictionary": 0.01590493269689071, "combined": 0.01275225599040196}, "Q85621726": {"object": 0.009239282765833993, "dictionary": 0.01590493269689071, "combined": 0.01275225599040196}, "Q28858042": {"object": 0.009239282765833993, "dictionary": 0.01590493269689071, "combined": 0.01275225599040196}, "Q48915661": {"object": 0.009239282765833993, "dictionary": 0.01590493269689071, "combined": 0.01275225599040196}, "Q48782098": {"object": 0.009239282765833993, "dictionary": 0.01590493269689071, "combined": 0.01275225599040196}, "Q61639409": {"object": 0.009239282765833993, "dictionary": 0.01590493269689071, "combined": 0.01275225599040196}, "Q85621806": {"object": 0.009239282765833993, "dictionary": 0.01590493269689071, "combined": 0.01275225599040196}, "Q28858037": {"object": 0.009239282765833993, "dictionary": 0.01590493269689071, "combined": 0.01275225599040196}, "Q28858038": {"object": 0.009239282765833993,