{"name": "Q28346230", "Q99184084": {"object": 0.0016748672924441713, "dictionary": 0.0017459775024520354, "combined": 0.001723700775129568}, "Q28600412": {"object": 0.0032957591892181816, "dictionary": 0.0, "combined": 0.001032463956590862}, "Q4045294": {"object": 0.00280269786672739, "dictionary": 0.0023490126108728754, "combined": 0.0024911387940718373}, "Q1144005": {"object": 0.005907753370283861, "dictionary": 0.006495587414365981, "combined": 0.006311436380225704}, "Q1076355": {"object": 0.00275364470070056, "dictionary": 0.002294853035267159, "combined": 0.002438578905680842}, "Q28858032": {"object": 0.004635292464486119, "dictionary": 0.0035720473710849155, "combined": 0.003905130637468595}, "Q3807693": {"object": 0.0015554077555781233, "dictionary": 0.0022981673167761377, "combined": 0.0020654826965347795}, "Q95994246": {"object": 0.0015556393299350757, "dictionary": 0.0023038289331714875, "combined": 0.00206944324122994}, "Q58006953": {"object": 0.0015556393299350757, "dictionary": 0.0023038289331714875, "combined": 0.00206944324122994}, "Q723030": {"object": 0.0014844281891555943, "dictionary": 0.00225856975356195, "combined": 0.0020160540791270003}, "Q27979156": {"object": 0.0014844281891555943, "dictionary": 0.0022594943938369417, "combined": 0.0020166890569291197}, "Q1343830": {"object": 0.0024411095365888275, "dictionary": 0.0, "combined": 0.000764727477317924}, "Q47512572": {"object": 0.00405696344780955, "dictionary": 0.0, "combined": 0.0012709267554416156}, "Q1882400": {"object": 0.002737252391818872, "dictionary": 0.0, "combined": 0.000857500282147593}, "Q27979410": {"object": 0.002737252391818872, "dictionary": 0.0, "combined": 0.000857500282147593}, "Q28055391": {"object": 0.002711387846383778, "dictionary": 0.0, "combined": 0.0008493976844205801}, "Q1141412": {"object": 0.00218407549863578, "dictionary": 0.0, "combined": 0.0006842063091841315}, "Q28205580": {"object": 0.0021370556037205767, "dictionary": 0.004432832906209724, "combined": 0.0037136337229278487}, "Q28206771": {"object": 0.002088122467957511, "dictionary": 0.004212742545808372, "combined": 0.003547161862909432}, "Q28205626": {"object": 0.0021370556037205767, "dictionary": 0.004428831459171209, "combined": 0.0037108858109943833}, "Q729366": {"object": 0.0021370556037205767, "dictionary": 0.004432832906209724, "combined": 0.0037136337229278487}, "Q29904539": {"object": 0.0032019117021149152, "dictionary": 0.0, "combined": 0.0010030643122941156}, "Q28755628": {"object": 0.0032019117021149152, "dictionary": 0.0, "combined": 0.0010030643122941156}, "Q58103465": {"object": 0.0032019117021149152, "dictionary": 0.0, "combined": 0.0010030643122941156}, "Q58335745": {"object": 0.004681024018310087, "dictionary": 0.014882149606426155, "combined": 0.011686438426785904}, "Q34310996": {"object": 0.004681024018310087, "dictionary": 0.014882149606426155, "combined": 0.011686438426785904}, "Q34746472": {"object": 0.0029045292041016365, "dictionary": 0.0, "combined": 0.0009099031640148024}, "Q479833": {"object": 0.0028049864410725723, "dictionary": 0.005449971287786454, "combined": 0.004621375700798525}, "Q28205883": {"object": 0.0036707176818457595, "dictionary": 0.003884660171747246, "combined": 0.0038176383121619906}, "Q51954585": {"object": 0.0034931524082820182, "dictionary": 0.0, "combined": 0.0010943014186923336}, "Q60628025": {"object": 0.0034931524082820182, "dictionary": 0.0, "combined": 0.0010943014186923336}, "Q51954521": {"object": 0.0034931524082820182, "dictionary": 0.0, "combined": 0.0010943014186923336}, "Q61971917": {"object": 0.0034931524082820182, "dictionary": 0.0, "combined": 0.0010943014186923336}, "Q60628005": {"object": 0.0034931524082820182, "dictionary": 0.0, "combined": 0.0010943014186923336}, "Q61971919": {"object": 0.0034931524082820182, "dictionary": 0.0, "combined": 0.0010943014186923336}, "Q44933672": {"object": 0.0034931524082820182, "dictionary": 0.0, "combined": 0.0010943014186923336}, "Q27487130": {"object": 0.0034931524082820182, "dictionary": 0.0, "combined": 0.0010943014186923336}, "Q52834849": {"object": 0.0034931524082820182, "dictionary": 0.0, "combined": 0.0010943014186923336}, "Q28206272": {"object": 0.008334157782717498, "dictionary": 0.0, "combined": 0.0026108453394734343}, "Q28858035": {"object": 0.00562839424735712, "dictionary": 0.0038625173632713607, "combined": 0.0044157144052639884}, "Q61641368": {"object": 0.00562839424735712, "dictionary": 0.0038625173632713607, "combined": 0.0044157144052639884}, "Q51801746": {"object": 0.00562839424735712, "dictionary": 0.0038625173632713607, "combined": 0.0044157144052639884}, "Q85621726": {"object": 0.00562839424735712, "dictionary": 0.0038625173632713607, "combined": 0.0044157144052639884}, "Q28858042": {"object": 0.00562839424735712, "dictionary": 0.0038625173632713607, "combined": 0.0044157144052639884}, "Q48915661": {"object": 0.00562839424735712, "dictionary": 0.0038625173632713607, "combined": 0.0044157144052639884}, "Q48782098": {"object": 0.00562839424735712, "dictionary": 0.0038625173632713607, "combined": 0.0044157144052639884}, "Q61639409": {"object": 0.00562839424735712, "dictionary": 0.0038625173632713607, "combined": 0.0044157144052639884}, "Q85621806": {"object": 0.00562839424735712, "dictionary": 0.0038625173632713607, "combined": 0.0044157144052639884}, "Q28858037": {"object": 0.00562839424735712, "dictionary": 0.0038625173632713607, "combined": 0.0044157144052639884}, "Q28858038": {"object": 0.00562839424735712, "dictionary": 0.0038625173632713607, "combined": 0.0044157144052639884}, "Q28858039": {"object": 0.00562839424735712, "dictionary": 0.0038625173632713607, "combined": 0.0044157144052639884}, "Q28858044": {"object": 0.00562839424735712, "dictionary": 0.0038625173632713607, "combined": 0.0044157144052639884}, "Q48782394": {"object": 0.00562839424735712, "dictionary": 0.0038625173632713607, "combined": 0.0044157144052639884}, "Q60628185": {"object": 0.00562839424735712, "dictionary": 0.0038625173632713607, "combined": 0.0044157144052639884}, "Q62664770": {"object": 0.005467158846407889, "dictionary": 0.0038076355692569543, "combined": 0.004327515169194694}, "Q48782202": {"object": 0.00562839424735712, "dictionary": 0.0038625173632713607, "combined": 0.0044157144052639884}, "Q66439286": {"object": 0.00562839424735712, "dictionary": 0.0038625173632713607, "combined": 0.0044157144052639884}, "Q63061396": {"object": 0.00562839424735712, "dictionary": 0.0038625173632713607, "combined": 0.0044157144052639884}, "Q28858041": {"object": 0.00562839424735712, "dictionary": 0.0038625173632713607, "combined": 0.0044157144052639884}, "Q686498": {"object": 0.00562839424735712, "dictionary": 0.0038625173632713607, "combined": 0.0044157144052639884}, "Q48782238": {"object": 0.00562839424735712, "dictionary": 0.0038625173632713607, "combined": 0.0044157144052639884}, "Q62664735": {"object": 0.00562839424735712, "dictionary": 0.0038625173632713607, "combined": 0.0044157144052639884}, "Q63061514": {"object": 0.00562839424735712, "dictionary": 0.0038625173632713607, "combined": 0.0044157144052639884}, "Q60000066": {"object": 0.00562839424735712, "dictionary": 0.0038625173632713607, "combined": 0.0044157144052639884}, "Q3888665": {"object": 0.00799538104407345, "dictionary": 0.020703248119844336, "combined": 0.01672224891219482}, "Q382011": {"object": 0.00799538104407345, "dictionary": 0.020703248119844336, "combined": 0.01672224891219482}, "Q28206138": {"object": 0.004708880396246594, "dictionary": 0.0, "combined": 0.0014751530697166037}, "Q28206147": {"object": 0.004708880396246594, "dictionary": 0.0, "combined": 0.0014751530697166037}, "Q1228757": {"object": 0.0068480324533960815, "dictionary": 0.0, "combined": 0.002145286192275829}, "Q62619688": {"object": 0.004190084551200358, "dictionary": 0.0, "combined": 0.0013126296630940459}, "Q29650330": {"object": 0.004190084551200358, "dictionary": 0.0, "combined": 0.0013126296630940459}, "Q28049670": {"object": 0.004190084551200358,