{"name": "Q28551294", "Q99184084": {"object": 0.002261982581012869, "dictionary": 0.0, "combined": 0.0017512192284263347}, "Q4045294": {"object": 0.003785167805819221, "dictionary": 0.0, "combined": 0.002930464053972848}, "Q1144005": {"object": 0.003989341506872731, "dictionary": 0.0, "combined": 0.0030885346395844193}, "Q1076355": {"object": 0.0037189193289418085, "dictionary": 0.0, "combined": 0.0028791747082742916}, "Q3807693": {"object": 0.004201294353722432, "dictionary": 0.0, "combined": 0.0032526278134393186}, "Q95994246": {"object": 0.004201919856607346, "dictionary": 0.0, "combined": 0.003253112075647477}, "Q58006953": {"object": 0.004201919856607346, "dictionary": 0.0, "combined": 0.003253112075647477}, "Q723030": {"object": 0.004009572247045782, "dictionary": 0.0, "combined": 0.003104197209886123}, "Q27979156": {"object": 0.004009572247045782, "dictionary": 0.0, "combined": 0.003104197209886123}, "Q16996920": {"object": 0.002338849249858554, "dictionary": 0.0, "combined": 0.0018107291422680973}, "Q66811836": {"object": 0.002338849249858554, "dictionary": 0.0, "combined": 0.0018107291422680973}, "Q28600763": {"object": 0.002338849249858554, "dictionary": 0.0, "combined": 0.0018107291422680973}, "Q1662484": {"object": 0.002338849249858554, "dictionary": 0.0, "combined": 0.0018107291422680973}, "Q684554": {"object": 0.002338849249858554, "dictionary": 0.0, "combined": 0.0018107291422680973}, "Q28206109": {"object": 0.0026062459584584113, "dictionary": 0.0, "combined": 0.002017746765502093}, "Q1676669": {"object": 0.002768440977758967, "dictionary": 0.0, "combined": 0.0021433175983362374}, "Q29650301": {"object": 0.006078880958331717, "dictionary": 0.0, "combined": 0.004706248983039646}, "Q28758103": {"object": 0.006078880958331717, "dictionary": 0.0, "combined": 0.004706248983039646}, "Q29209269": {"object": 0.006078880958331717, "dictionary": 0.0, "combined": 0.004706248983039646}, "Q1141412": {"object": 0.005899381707217628, "dictionary": 0.0, "combined": 0.004567281272732007}, "Q5448342": {"object": 0.004631669630414933, "dictionary": 0.0, "combined": 0.0035858228903199404}, "Q29904540": {"object": 0.004631669630414933, "dictionary": 0.0, "combined": 0.0035858228903199404}, "Q5421818": {"object": 0.004631669630414933, "dictionary": 0.0, "combined": 0.0035858228903199404}, "Q50223812": {"object": 0.004631669630414933, "dictionary": 0.0, "combined": 0.0035858228903199404}, "Q5153426": {"object": 0.004631669630414933, "dictionary": 0.0, "combined": 0.0035858228903199404}, "Q28206359": {"object": 0.003849543431238137, "dictionary": 0.0, "combined": 0.002980303444435836}, "Q28206497": {"object": 0.0049173742935780095, "dictionary": 0.0, "combined": 0.0038070144697697744}, "Q26385770": {"object": 0.0049173742935780095, "dictionary": 0.0, "combined": 0.0038070144697697744}, "Q17092932": {"object": 0.0049173742935780095, "dictionary": 0.0, "combined": 0.0038070144697697744}, "Q1952321": {"object": 0.0049173742935780095, "dictionary": 0.0, "combined": 0.0038070144697697744}, "Q26329648": {"object": 0.0049173742935780095, "dictionary": 0.0, "combined": 0.0038070144697697744}, "Q28206262": {"object": 0.0049173742935780095, "dictionary": 0.0, "combined": 0.0038070144697697744}, "Q29904539": {"object": 0.0043243238009357836, "dictionary": 0.0, "combined": 0.003347876793440839}, "Q28755628": {"object": 0.0043243238009357836, "dictionary": 0.0, "combined": 0.003347876793440839}, "Q58103465": {"object": 0.0043243238009357836, "dictionary": 0.0, "combined": 0.003347876793440839}, "Q66134804": {"object": 0.002870702322530284, "dictionary": 0.0, "combined": 0.0022224879839932636}, "Q939636": {"object": 0.0114541883500829, "dictionary": 0.37336128749216163, "combined": 0.09317404102901208}, "Q27596243": {"object": 0.006425545140300281, "dictionary": 0.15308747949165896, "combined": 0.03954230824666484}, "Q217570": {"object": 0.005357947110642058, "dictionary": 0.0, "combined": 0.004148104447756714}, "Q58335773": {"object": 0.005603680122216862, "dictionary": 0.0, "combined": 0.004338350110363106}, "Q3509055": {"object": 0.00559529026660866, "dictionary": 0.0, "combined": 0.004331854712658396}, "Q28206625": {"object": 0.009037018869953768, "dictionary": 0.0, "combined": 0.006996429303017974}, "Q28205846": {"object": 0.008704650257361432, "dictionary": 0.0, "combined": 0.006739110652475381}, "Q85415606": {"object": 0.012830445646759437, "dictionary": 0.0, "combined": 0.009933287424266092}, "Q28600483": {"object": 0.012996904902271931, "dictionary": 0.0, "combined": 0.01006215961428644}, "Q28600482": {"object": 0.012996904902271931, "dictionary": 0.0, "combined": 0.01006215961428644}, "Q29151494": {"object": 0.02111386201473623, "dictionary": 0.0, "combined": 0.016346280230853872}, "Q2043681": {"object": 0.02630798376414355, "dictionary": 0.0, "combined": 0.0203675516405906}, "Q27967388": {"object": 0.008450205352207758, "dictionary": 0.0, "combined": 0.006542120271461614}, "Q28771319": {"object": 0.009501829556826005, "dictionary": 0.0, "combined": 0.007356284157454663}, "Q6043826": {"object": 0.009501829556826005, "dictionary": 0.0, "combined": 0.007356284157454663}, "Q29000498": {"object": 0.009501829556826005, "dictionary": 0.0, "combined": 0.007356284157454663}, "Q49243748": {"object": 0.006944782848501404, "dictionary": 0.0, "combined": 0.005376627284236315}, "Q64858274": {"object": 0.011020706557636544, "dictionary": 0.0, "combined": 0.00853219357062216}, "Q34284437": {"object": 0.007956821375867205, "dictionary": 0.0, "combined": 0.006160144073405249}, "Q29650311": {"object": 0.009104147137870312, "dictionary": 0.0, "combined": 0.007048399779949661}, "Q19599377": {"object": 0.013538057581979575, "dictionary": 0.0, "combined": 0.010481118180180488}, "Q28344713": {"object": 0.013538057581979575, "dictionary": 0.0, "combined": 0.010481118180180488}, "Q27979278": {"object": 0.019892495972085724, "dictionary": 0.0, "combined": 0.015400702790607273}, "Q51916170": {"object": 0.012794969692280254, "dictionary": 0.2367756165080897, "combined": 0.06337056078764447}, "Q7671270": {"object": 0.012794969692280254, "dictionary": 0.2367756165080897, "combined": 0.06337056078764447}, "Q28347555": {"object": 0.013005398855228325, "dictionary": 0.0, "combined": 0.010068735603804418}, "Q28755621": {"object": 0.013005398855228325, "dictionary": 0.0, "combined": 0.010068735603804418}, "Q51035227": {"object": 0.008602646229848056, "dictionary": 0.0, "combined": 0.006660139480965137}, "Q28600435": {"object": 0.008602646229848056, "dictionary": 0.0, "combined": 0.006660139480965137}, "Q930281": {"object": 0.008602646229848056, "dictionary": 0.0, "combined": 0.006660139480965137}, "Q51837224": {"object": 0.008602646229848056, "dictionary": 0.0, "combined": 0.006660139480965137}, "Q28600453": {"object": 0.00850241780408616, "dictionary": 0.0, "combined": 0.006582542974297726}, "Q28600454": {"object": 0.008602646229848056, "dictionary": 0.0, "combined": 0.006660139480965137}, "Q51034969": {"object": 0.008602646229848056, "dictionary": 0.0, "combined": 0.006660139480965137}, "Q51035340": {"object": 0.008602646229848056, "dictionary": 0.0, "combined": 0.006660139480965137}, "Q10610388": {"object": 0.014465873532589858, "dictionary": 0.0, "combined": 0.011199430136597867}, "Q48809727": {"object": 0.01024550430744476, "dictionary": 0.0, "combined": 0.007932034622515967}, "Q47539061": {"object": 0.01024550430744476, "dictionary": 0.0, "combined": 0.007932034622515967}, "Q28205464": {"object": 0.027600101829386624, "dictionary": 0.0, "combined": 0.021367905056326218}, "Q51370168": {"object": 0.027600101829386624, "dictionary": 0.0, "combined": 0.021367905056326218}, "Q29000601": {"object": 0.027600101829386624, "dictionary": 0.0, "combined": 0.021367905056326218}, "Q25098907": {"object": 0.027600101829386624, "dictionary": 0.0, "combined": 0.021367905056326218}, "Q2104918": {"object": 0.027600101829386624, "dictionary": 0.0, "combined": 0.021367905056326218},