{"name": "Q28532079", "Q99184084": {"object": 0.004956550983878732, "dictionary": 0.0, "combined": 0.0012624757004793897}, "Q4045294": {"object": 0.004147109126649066, "dictionary": 0.0, "combined": 0.0010563039736017463}, "Q1144005": {"object": 0.008741612219694543, "dictionary": 0.0, "combined": 0.002226562996380563}, "Q1076355": {"object": 0.004074525907838386, "dictionary": 0.0, "combined": 0.001037816410312454}, "Q3807693": {"object": 0.004603026088110404, "dictionary": 0.0, "combined": 0.0011724299021261242}, "Q95994246": {"object": 0.004603711402171985, "dictionary": 0.0, "combined": 0.0011726044574475072}, "Q58006953": {"object": 0.004603711402171985, "dictionary": 0.0, "combined": 0.0011726044574475072}, "Q723030": {"object": 0.004392971332504386, "dictionary": 0.0, "combined": 0.0011189271689583898}, "Q27979156": {"object": 0.004392971332504386, "dictionary": 0.0, "combined": 0.0011189271689583898}, "Q26549229": {"object": 0.005317557779891037, "dictionary": 0.0, "combined": 0.0013544272024725759}, "Q28206109": {"object": 0.005710915317412655, "dictionary": 0.0, "combined": 0.0014546187135327196}, "Q1676669": {"object": 0.006066323837903746, "dictionary": 0.0, "combined": 0.0015451442871266805}, "Q66134804": {"object": 0.006290403180200036, "dictionary": 0.0, "combined": 0.001602219201830189}, "Q26211936": {"object": 0.008567456797776547, "dictionary": 0.0, "combined": 0.002182204128895224}, "Q26211977": {"object": 0.008567456797776547, "dictionary": 0.0, "combined": 0.002182204128895224}, "Q26211940": {"object": 0.008567456797776547, "dictionary": 0.0, "combined": 0.002182204128895224}, "Q26211915": {"object": 0.008567456797776547, "dictionary": 0.0, "combined": 0.002182204128895224}, "Q10394822": {"object": 0.008567456797776547, "dictionary": 0.0, "combined": 0.002182204128895224}, "Q26211975": {"object": 0.008567456797776547, "dictionary": 0.0, "combined": 0.002182204128895224}, "Q26211905": {"object": 0.008567456797776547, "dictionary": 0.0, "combined": 0.002182204128895224}, "Q5532250": {"object": 0.008567456797776547, "dictionary": 0.0, "combined": 0.002182204128895224}, "Q26211927": {"object": 0.008567456797776547, "dictionary": 0.0, "combined": 0.002182204128895224}, "Q26211957": {"object": 0.008567456797776547, "dictionary": 0.0, "combined": 0.002182204128895224}, "Q26211948": {"object": 0.008567456797776547, "dictionary": 0.0, "combined": 0.002182204128895224}, "Q26211958": {"object": 0.008567456797776547, "dictionary": 0.0, "combined": 0.002182204128895224}, "Q26211874": {"object": 0.008567456797776547, "dictionary": 0.0, "combined": 0.002182204128895224}, "Q26211954": {"object": 0.008567456797776547, "dictionary": 0.0, "combined": 0.002182204128895224}, "Q26211891": {"object": 0.008567456797776547, "dictionary": 0.0, "combined": 0.002182204128895224}, "Q26211983": {"object": 0.008567456797776547, "dictionary": 0.0, "combined": 0.002182204128895224}, "Q26211840": {"object": 0.008567456797776547, "dictionary": 0.0, "combined": 0.002182204128895224}, "Q26211965": {"object": 0.008567456797776547, "dictionary": 0.0, "combined": 0.002182204128895224}, "Q26211978": {"object": 0.008567456797776547, "dictionary": 0.0, "combined": 0.002182204128895224}, "Q26211931": {"object": 0.008567456797776547, "dictionary": 0.0, "combined": 0.002182204128895224}, "Q28205846": {"object": 0.01907399427369843, "dictionary": 0.0, "combined": 0.004858308602080234}, "Q55758993": {"object": 0.021285740885458853, "dictionary": 0.016413375677012797, "combined": 0.017654408544329474}, "Q58799889": {"object": 0.021285740885458853, "dictionary": 0.016413375677012797, "combined": 0.017654408544329474}, "Q28207256": {"object": 0.021285740885458853, "dictionary": 0.016413375677012797, "combined": 0.017654408544329474}, "Q50809751": {"object": 0.021285740885458853, "dictionary": 0.016413375677012797, "combined": 0.017654408544329474}, "Q28207363": {"object": 0.021285740885458853, "dictionary": 0.016413375677012797, "combined": 0.017654408544329474}, "Q28206843": {"object": 0.021285740885458853, "dictionary": 0.016413375677012797, "combined": 0.017654408544329474}, "Q50809753": {"object": 0.021285740885458853, "dictionary": 0.016413375677012797, "combined": 0.017654408544329474}, "Q3406936": {"object": 0.021285740885458853, "dictionary": 0.016413375677012797, "combined": 0.017654408544329474}, "Q50809785": {"object": 0.021285740885458853, "dictionary": 0.016413375677012797, "combined": 0.017654408544329474}, "Q29650793": {"object": 0.021285740885458853, "dictionary": 0.016413375677012797, "combined": 0.017654408544329474}, "Q55758988": {"object": 0.021285740885458853, "dictionary": 0.016413375677012797, "combined": 0.017654408544329474}, "Q87816075": {"object": 0.01956566724839405, "dictionary": 0.01627433149847059, "combined": 0.017112662713041453}, "Q1027477": {"object": 0.06686945209578789, "dictionary": 0.18277161633642586, "combined": 0.15325034913616967}, "Q2713137": {"object": 0.06686945209578789, "dictionary": 0.18277161633642586, "combined": 0.15325034913616967}, "Q28207516": {"object": 0.03701060798768447, "dictionary": 0.0, "combined": 0.0094269167000186}, "Q51751573": {"object": 0.03701060798768447, "dictionary": 0.0, "combined": 0.0094269167000186}, "Q34747168": {"object": 0.03701060798768447, "dictionary": 0.0, "combined": 0.0094269167000186}, "Q28207252": {"object": 0.03701060798768447, "dictionary": 0.0, "combined": 0.0094269167000186}, "Q17138473": {"object": 0.028331765231840403, "dictionary": 0.0, "combined": 0.007216341620054329}, "Q27959804": {"object": 0.17785356149724396, "dictionary": 0.43763530338153706, "combined": 0.3714666837862073}, "type": "co-oc"}