{"name": "Q28551390", "Q99184084": {"object": 0.005081189214411996, "dictionary": 0.0017020505334628864, "combined": 0.002765539102384672}, "Q28600412": {"object": 0.009998628620370445, "dictionary": 0.0, "combined": 0.003146786280955922}, "Q4045294": {"object": 0.004251393001677303, "dictionary": 0.0022899139088746992, "combined": 0.0029072341168718285}, "Q28205439": {"object": 0.009071520164180823, "dictionary": 0.0, "combined": 0.0028550050495826504}, "Q1076355": {"object": 0.004176984593538722, "dictionary": 0.0022371169315812496, "combined": 0.0028476355514129048}, "Q28858032": {"object": 0.0046874953779812495, "dictionary": 0.010446535178668722, "combined": 0.008634039873126423}, "Q3807693": {"object": 0.006291699366121391, "dictionary": 0.002240347829231696, "combined": 0.0035153964303609457}, "Q95994246": {"object": 0.006292636095560743, "dictionary": 0.002245867005276309, "combined": 0.003519473410614701}, "Q58006953": {"object": 0.006292636095560743, "dictionary": 0.002245867005276309, "combined": 0.003519473410614701}, "Q723030": {"object": 0.006004583597624911, "dictionary": 0.002201746499318861, "combined": 0.0033985821918937073}, "Q27979156": {"object": 0.006004583597624911, "dictionary": 0.0022026478766110085, "combined": 0.0033991998861124463}, "Q26549229": {"object": 0.0036341826303648633, "dictionary": 0.0, "combined": 0.0011437564568026488}, "Q47233167": {"object": 0.0020797104537068987, "dictionary": 0.002466395588593219, "combined": 0.0023446973513938916}, "Q29650304": {"object": 0.0020797104537068987, "dictionary": 0.002466395588593219, "combined": 0.0023446973513938916}, "Q1601331": {"object": 0.0020797104537068987, "dictionary": 0.002466395588593219, "combined": 0.0023446973513938916}, "Q81526237": {"object": 0.0020797104537068987, "dictionary": 0.002466395588593219, "combined": 0.0023446973513938916}, "Q28009496": {"object": 0.0020797104537068987, "dictionary": 0.002466395588593219, "combined": 0.0023446973513938916}, "Q34747804": {"object": 0.0020797104537068987, "dictionary": 0.002466395588593219, "combined": 0.0023446973513938916}, "Q28049770": {"object": 0.0020797104537068987, "dictionary": 0.002466395588593219, "combined": 0.0023446973513938916}, "Q28755606": {"object": 0.0020797104537068987, "dictionary": 0.002466395588593219, "combined": 0.0023446973513938916}, "Q81526528": {"object": 0.0020797104537068987, "dictionary": 0.002466395588593219, "combined": 0.0023446973513938916}, "Q81526664": {"object": 0.0020797104537068987, "dictionary": 0.002466395588593219, "combined": 0.0023446973513938916}, "Q28758112": {"object": 0.0020797104537068987, "dictionary": 0.002466395588593219, "combined": 0.0023446973513938916}, "Q32097899": {"object": 0.0020797104537068987, "dictionary": 0.002466395588593219, "combined": 0.0023446973513938916}, "Q66439259": {"object": 0.0020797104537068987, "dictionary": 0.002466395588593219, "combined": 0.0023446973513938916}, "Q28207108": {"object": 0.0020797104537068987, "dictionary": 0.002466395588593219, "combined": 0.0023446973513938916}, "Q32097740": {"object": 0.0020797104537068987, "dictionary": 0.002466395588593219, "combined": 0.0023446973513938916}, "Q6912474": {"object": 0.0020797104537068987, "dictionary": 0.002466395588593219, "combined": 0.0023446973513938916}, "Q16996920": {"object": 0.0017512860447103007, "dictionary": 0.0, "combined": 0.0005511678759921535}, "Q66811836": {"object": 0.0017512860447103007, "dictionary": 0.0, "combined": 0.0005511678759921535}, "Q28600763": {"object": 0.0017512860447103007, "dictionary": 0.0, "combined": 0.0005511678759921535}, "Q1662484": {"object": 0.0017512860447103007, "dictionary": 0.0, "combined": 0.0005511678759921535}, "Q684554": {"object": 0.0017512860447103007, "dictionary": 0.0, "combined": 0.0005511678759921535}, "Q28206109": {"object": 0.00585452291515608, "dictionary": 0.0, "combined": 0.0018425459220899297}, "Q1676669": {"object": 0.006218868595630903, "dictionary": 0.0, "combined": 0.0019572134462449817}, "Q28445577": {"object": 0.004550569423412829, "dictionary": 0.0, "combined": 0.0014321633471773504}, "Q856364": {"object": 0.006440159045199055, "dictionary": 0.0, "combined": 0.002026858372289033}, "Q1343830": {"object": 0.002468601443722418, "dictionary": 0.004319505792782466, "combined": 0.003736985865887937}, "Q283579": {"object": 0.00619211206146404, "dictionary": 0.0, "combined": 0.0019487925819605862}, "Q28600764": {"object": 0.005092518033910046, "dictionary": 0.0, "combined": 0.0016027263830942283}, "Q942350": {"object": 0.00494007146725848, "dictionary": 0.0, "combined": 0.0015547481270021238}, "Q5448342": {"object": 0.0034681065433972446, "dictionary": 0.0, "combined": 0.0010914886937016344}, "Q29904540": {"object": 0.0034681065433972446, "dictionary": 0.0, "combined": 0.0010914886937016344}, "Q5421818": {"object": 0.0034681065433972446, "dictionary": 0.0, "combined": 0.0010914886937016344}, "Q50223812": {"object": 0.0034681065433972446, "dictionary": 0.0, "combined": 0.0010914886937016344}, "Q5153426": {"object": 0.0034681065433972446, "dictionary": 0.0, "combined": 0.0010914886937016344}, "Q66134804": {"object": 0.00644858267321262, "dictionary": 0.007773004645960618, "combined": 0.007356180194100394}, "Q24834502": {"object": 0.006518571577326139, "dictionary": 0.0, "combined": 0.002051536504633084}, "Q178051": {"object": 0.00423727350918725, "dictionary": 0.0, "combined": 0.0013335622967536906}, "Q27526733": {"object": 0.0027330271966287335, "dictionary": 0.0, "combined": 0.0008601432070703398}, "Q673906": {"object": 0.007938789324823378, "dictionary": 0.0, "combined": 0.0024985099740436174}, "Q1888930": {"object": 0.00859156696899512, "dictionary": 0.0, "combined": 0.0027039533216452467}, "Q28786544": {"object": 0.00859156696899512, "dictionary": 0.0, "combined": 0.0027039533216452467}, "Q8811": {"object": 0.00859156696899512, "dictionary": 0.0, "combined": 0.0027039533216452467}, "Q2053": {"object": 0.00859156696899512, "dictionary": 0.0, "combined": 0.0027039533216452467}, "Q29151645": {"object": 0.007938789324823378, "dictionary": 0.0, "combined": 0.0024985099740436174}, "Q17073241": {"object": 0.007938789324823378, "dictionary": 0.0, "combined": 0.0024985099740436174}, "Q288405": {"object": 0.007938789324823378, "dictionary": 0.0, "combined": 0.0024985099740436174}, "Q166074": {"object": 0.00813325368629026, "dictionary": 0.0, "combined": 0.002559712145664646}, "Q62626012": {"object": 0.00859156696899512, "dictionary": 0.0, "combined": 0.0027039533216452467}, "Q27596243": {"object": 0.0024056632838872615, "dictionary": 0.00461495283259922, "combined": 0.003919641274733952}, "Q217570": {"object": 0.0040119293724171345, "dictionary": 0.0, "combined": 0.0012626415870238214}, "Q5924007": {"object": 0.005908440487047532, "dictionary": 0.0, "combined": 0.0018595149567418227}, "Q2193155": {"object": 0.011010525107022913, "dictionary": 0.0, "combined": 0.0034652521529114208}, "Q26211936": {"object": 0.005855263632230604, "dictionary": 0.0, "combined": 0.0018427790418923224}, "Q26211977": {"object": 0.005855263632230604, "dictionary": 0.0, "combined": 0.0018427790418923224}, "Q26211940": {"object": 0.005855263632230604, "dictionary": 0.0, "combined": 0.0018427790418923224}, "Q26211915": {"object": 0.005855263632230604, "dictionary": 0.0, "combined": 0.0018427790418923224}, "Q10394822": {"object": 0.005855263632230604, "dictionary": 0.0, "combined": 0.0018427790418923224}, "Q26211975": {"object": 0.005855263632230604, "dictionary": 0.0, "combined": 0.0018427790418923224}, "Q26211905": {"object": 0.005855263632230604, "dictionary": 0.0, "combined": 0.0018427790418923224}, "Q5532250": {"object": 0.005855263632230604, "dictionary": 0.0, "combined": 0.0018427790418923224}, "Q26211927": {"object": 0.005855263632230604, "dictionary": 0.0, "combined": 0.0018427790418923224}, "Q26211957": {"object": 0.005855263632230604, "dictionary": 0.0, "combined": 0.0018427790418923224}, "Q26211948": {"object": 0.005855263632230604,