{"name": "Q28600238", "Q99184084": {"object": 0.0009159161856824404, "dictionary": 0.0, "combined": 0.000105727446577733}, "Q4045294": {"object": 0.0030653608811801805, "dictionary": 0.0, "combined": 0.00035384545428135617}, "Q28205439": {"object": 0.002452797503648764, "dictionary": 0.0, "combined": 0.0002831350958601073}, "Q1144005": {"object": 0.0016153539320021505, "dictionary": 0.0, "combined": 0.00018646602082114793}, "Q1076355": {"object": 0.003011710554463994, "dictionary": 0.0, "combined": 0.00034765240720954673}, "Q28858032": {"object": 0.0012674256082101508, "dictionary": 0.0, "combined": 0.00014630342314940763}, "Q3807693": {"object": 0.0034023546703596218, "dictionary": 0.0, "combined": 0.0003927458399273966}, "Q95994246": {"object": 0.0034028612244076445, "dictionary": 0.0, "combined": 0.0003928043132537644}, "Q58006953": {"object": 0.0034028612244076445, "dictionary": 0.0, "combined": 0.0003928043132537644}, "Q723030": {"object": 0.0032470914228595917, "dictionary": 0.0, "combined": 0.0003748232538194617}, "Q27979156": {"object": 0.0032470914228595917, "dictionary": 0.0, "combined": 0.0003748232538194617}, "Q26549229": {"object": 0.0029478788303065775, "dictionary": 0.0, "combined": 0.0003402840854009422}, "Q16996920": {"object": 0.0009470408401011894, "dictionary": 0.0, "combined": 0.00010932027558190309}, "Q66811836": {"object": 0.0009470408401011894, "dictionary": 0.0, "combined": 0.00010932027558190309}, "Q28600763": {"object": 0.0009470408401011894, "dictionary": 0.0, "combined": 0.00010932027558190309}, "Q1662484": {"object": 0.0009470408401011894, "dictionary": 0.0, "combined": 0.00010932027558190309}, "Q684554": {"object": 0.0009470408401011894, "dictionary": 0.0, "combined": 0.00010932027558190309}, "Q29650301": {"object": 0.007384334663726301, "dictionary": 0.0, "combined": 0.0008523998820803811}, "Q28758103": {"object": 0.007384334663726301, "dictionary": 0.0, "combined": 0.0008523998820803811}, "Q29209269": {"object": 0.007384334663726301, "dictionary": 0.0, "combined": 0.0008523998820803811}, "Q856364": {"object": 0.003482637031781695, "dictionary": 0.0, "combined": 0.0004020131170113386}, "Q47512572": {"object": 0.0066557604354698435, "dictionary": 0.0, "combined": 0.0007682979806181822}, "Q28206328": {"object": 0.0137390391950442, "dictionary": 0.011182146442440151, "combined": 0.01147729762126173}, "Q283579": {"object": 0.013394003855400264, "dictionary": 0.0, "combined": 0.0015461172640252544}, "Q28600764": {"object": 0.0027538748290901974, "dictionary": 0.0, "combined": 0.0003178895169948949}, "Q942350": {"object": 0.0026714364832880855, "dictionary": 0.0, "combined": 0.00030837336700431986}, "Q1141412": {"object": 0.004777525022973457, "dictionary": 0.0, "combined": 0.0005514866202128004}, "Q5448342": {"object": 0.005626331365466924, "dictionary": 0.0, "combined": 0.0006494673401014363}, "Q29904540": {"object": 0.005626331365466924, "dictionary": 0.0, "combined": 0.0006494673401014363}, "Q5421818": {"object": 0.005626331365466924, "dictionary": 0.0, "combined": 0.0006494673401014363}, "Q50223812": {"object": 0.005626331365466924, "dictionary": 0.0, "combined": 0.0006494673401014363}, "Q5153426": {"object": 0.005626331365466924, "dictionary": 0.0, "combined": 0.0006494673401014363}, "Q49799747": {"object": 0.007841591532702596, "dictionary": 0.0, "combined": 0.0009051826606170126}, "Q49798508": {"object": 0.007841591532702596, "dictionary": 0.0, "combined": 0.0009051826606170126}, "Q49798739": {"object": 0.007841591532702596, "dictionary": 0.0, "combined": 0.0009051826606170126}, "Q49799499": {"object": 0.007841591532702596, "dictionary": 0.0, "combined": 0.0009051826606170126}, "Q28206359": {"object": 0.004676241761216024, "dictionary": 0.0, "combined": 0.0005397951348846984}, "Q28205580": {"object": 0.0011686680049107715, "dictionary": 0.0, "combined": 0.0001349034835149745}, "Q28206771": {"object": 0.001141908481177889, "dictionary": 0.0, "combined": 0.00013181453699329478}, "Q28205626": {"object": 0.0011686680049107715, "dictionary": 0.0, "combined": 0.0001349034835149745}, "Q729366": {"object": 0.0011686680049107715, "dictionary": 0.0, "combined": 0.0001349034835149745}, "Q29904539": {"object": 0.0017509941034273432, "dictionary": 0.0, "combined": 0.00020212344581518963}, "Q28755628": {"object": 0.0017509941034273432, "dictionary": 0.0, "combined": 0.00020212344581518963}, "Q58103465": {"object": 0.0017509941034273432, "dictionary": 0.0, "combined": 0.00020212344581518963}, "Q60615282": {"object": 0.0104327361983088, "dictionary": 0.0, "combined": 0.001204287658967857}, "Q27526866": {"object": 0.0104327361983088, "dictionary": 0.0, "combined": 0.001204287658967857}, "Q28757976": {"object": 0.008692144790898958, "dictionary": 0.0, "combined": 0.0010033650331672576}, "Q217570": {"object": 0.0021695262031903363, "dictionary": 0.0, "combined": 0.00025043608720146213}, "Q28206528": {"object": 0.00987792487996564, "dictionary": 0.0, "combined": 0.00114024382511297}, "Q29000741": {"object": 0.00859194557996848, "dictionary": 0.0, "combined": 0.000991798683662374}, "Q29000651": {"object": 0.00859194557996848, "dictionary": 0.0, "combined": 0.000991798683662374}, "Q58335745": {"object": 0.007679579779150851, "dictionary": 0.0, "combined": 0.0008864810705737664}, "Q34310996": {"object": 0.007679579779150851, "dictionary": 0.0, "combined": 0.0008864810705737664}, "Q28206952": {"object": 0.008221105176084278, "dictionary": 0.0, "combined": 0.000948991263503816}, "Q58335773": {"object": 0.0068070833521102795, "dictionary": 0.0, "combined": 0.0007857657203908643}, "Q3509055": {"object": 0.006796891755660871, "dictionary": 0.0, "combined": 0.0007845892683464626}, "Q777561": {"object": 0.0033077392063854093, "dictionary": 0.0, "combined": 0.0003818240420935614}, "Q26211936": {"object": 0.003166343845444677, "dictionary": 0.0, "combined": 0.0003655022752071493}, "Q26211977": {"object": 0.003166343845444677, "dictionary": 0.0, "combined": 0.0003655022752071493}, "Q26211940": {"object": 0.003166343845444677, "dictionary": 0.0, "combined": 0.0003655022752071493}, "Q26211915": {"object": 0.003166343845444677, "dictionary": 0.0, "combined": 0.0003655022752071493}, "Q10394822": {"object": 0.003166343845444677, "dictionary": 0.0, "combined": 0.0003655022752071493}, "Q26211975": {"object": 0.003166343845444677, "dictionary": 0.0, "combined": 0.0003655022752071493}, "Q26211905": {"object": 0.003166343845444677, "dictionary": 0.0, "combined": 0.0003655022752071493}, "Q5532250": {"object": 0.003166343845444677, "dictionary": 0.0, "combined": 0.0003655022752071493}, "Q26211927": {"object": 0.003166343845444677, "dictionary": 0.0, "combined": 0.0003655022752071493}, "Q26211957": {"object": 0.003166343845444677, "dictionary": 0.0, "combined": 0.0003655022752071493}, "Q26211948": {"object": 0.003166343845444677, "dictionary": 0.0, "combined": 0.0003655022752071493}, "Q26211958": {"object": 0.003166343845444677, "dictionary": 0.0, "combined": 0.0003655022752071493}, "Q26211874": {"object": 0.003166343845444677, "dictionary": 0.0, "combined": 0.0003655022752071493}, "Q26211954": {"object": 0.003166343845444677, "dictionary": 0.0, "combined": 0.0003655022752071493}, "Q26211891": {"object": 0.003166343845444677, "dictionary": 0.0, "combined": 0.0003655022752071493}, "Q26211983": {"object": 0.003166343845444677, "dictionary": 0.0, "combined": 0.0003655022752071493}, "Q26211840": {"object": 0.003166343845444677, "dictionary": 0.0, "combined": 0.0003655022752071493}, "Q26211965": {"object": 0.003166343845444677, "dictionary": 0.0, "combined": 0.0003655022752071493}, "Q26211978": {"object": 0.003166343845444677, "dictionary": 0.0, "combined": 0.0003655022752071493}, "Q26211931": {"object": 0.003166343845444677, "dictionary": 0.0, "combined": 0.0003655022752071493}, "Q34746472": {"object": 0.0031767356396837656, "dictionary": 0.0, "combined": 0.00036670183679087806}, "Q28205883": {"object": 0.002007364853944287, "dictionary": 0.0,