{"name": "Q28757904", "Q27866062": {"object": 0.004193015288462716, "dictionary": 0.0, "combined": 0.0017668903572573985}, "Q28207379": {"object": 0.004126822216000826, "dictionary": 0.0, "combined": 0.0017389973272052628}, "Q27231634": {"object": 0.004193015288462716, "dictionary": 0.0, "combined": 0.0017668903572573985}, "Q27866063": {"object": 0.004193015288462716, "dictionary": 0.0, "combined": 0.0017668903572573985}, "Q28205771": {"object": 0.004146454180113359, "dictionary": 0.0, "combined": 0.001747270020171564}, "Q7670377": {"object": 0.004146454180113359, "dictionary": 0.0, "combined": 0.001747270020171564}, "Q27866059": {"object": 0.004193015288462716, "dictionary": 0.0, "combined": 0.0017668903572573985}, "Q28207384": {"object": 0.004146454180113359, "dictionary": 0.0, "combined": 0.001747270020171564}, "Q28205372": {"object": 0.004193015288462716, "dictionary": 0.0, "combined": 0.0017668903572573985}, "Q27231651": {"object": 0.004193015288462716, "dictionary": 0.0, "combined": 0.0017668903572573985}, "Q27231654": {"object": 0.004193015288462716, "dictionary": 0.0, "combined": 0.0017668903572573985}, "Q1502796": {"object": 0.004193015288462716, "dictionary": 0.0, "combined": 0.0017668903572573985}, "Q99184084": {"object": 0.01052834672635015, "dictionary": 0.0, "combined": 0.004436529091567128}, "Q4045294": {"object": 0.008808988939967448, "dictionary": 0.0, "combined": 0.003712010699804047}, "Q28205439": {"object": 0.016916767912797046, "dictionary": 0.0, "combined": 0.007128539259879746}, "Q1144005": {"object": 0.009903093200153418, "dictionary": 0.0, "combined": 0.004173054157593485}, "Q1076355": {"object": 0.0005769875281251783, "dictionary": 0.0, "combined": 0.0002431361751785858}, "Q3807693": {"object": 0.009777414739339074, "dictionary": 0.0, "combined": 0.004120094641529038}, "Q95994246": {"object": 0.009778870433849276, "dictionary": 0.0, "combined": 0.004120708055126709}, "Q58006953": {"object": 0.009778870433849276, "dictionary": 0.0, "combined": 0.004120708055126709}, "Q723030": {"object": 0.009331231636263582, "dictionary": 0.0, "combined": 0.003932078007159859}, "Q27979156": {"object": 0.009331231636263582, "dictionary": 0.0, "combined": 0.003932078007159859}, "Q47233167": {"object": 0.012927630810285645, "dictionary": 0.0, "combined": 0.005447560919638764}, "Q29650304": {"object": 0.012927630810285645, "dictionary": 0.0, "combined": 0.005447560919638764}, "Q1601331": {"object": 0.012927630810285645, "dictionary": 0.0, "combined": 0.005447560919638764}, "Q81526237": {"object": 0.012927630810285645, "dictionary": 0.0, "combined": 0.005447560919638764}, "Q28009496": {"object": 0.012927630810285645, "dictionary": 0.0, "combined": 0.005447560919638764}, "Q34747804": {"object": 0.012927630810285645, "dictionary": 0.0, "combined": 0.005447560919638764}, "Q28049770": {"object": 0.012927630810285645, "dictionary": 0.0, "combined": 0.005447560919638764}, "Q28755606": {"object": 0.012927630810285645, "dictionary": 0.0, "combined": 0.005447560919638764}, "Q81526528": {"object": 0.012927630810285645, "dictionary": 0.0, "combined": 0.005447560919638764}, "Q81526664": {"object": 0.012927630810285645, "dictionary": 0.0, "combined": 0.005447560919638764}, "Q28758112": {"object": 0.012927630810285645, "dictionary": 0.0, "combined": 0.005447560919638764}, "Q32097899": {"object": 0.012927630810285645, "dictionary": 0.0, "combined": 0.005447560919638764}, "Q66439259": {"object": 0.012927630810285645, "dictionary": 0.0, "combined": 0.005447560919638764}, "Q28207108": {"object": 0.012927630810285645, "dictionary": 0.0, "combined": 0.005447560919638764}, "Q32097740": {"object": 0.012927630810285645, "dictionary": 0.0, "combined": 0.005447560919638764}, "Q6912474": {"object": 0.012927630810285645, "dictionary": 0.0, "combined": 0.005447560919638764}, "Q1676669": {"object": 0.0017180861161321444, "dictionary": 0.0, "combined": 0.0007239825239570417}, "Q1343830": {"object": 0.008184002864513932, "dictionary": 0.0, "combined": 0.003448648466621295}, "Q28205727": {"object": 0.05155146937033049, "dictionary": 0.0, "combined": 0.021723220133137607}, "Q4545483": {"object": 0.05155146937033049, "dictionary": 0.0, "combined": 0.021723220133137607}, "Q28758102": {"object": 0.011852795857540894, "dictionary": 0.0, "combined": 0.004994637335297581}, "Q194831": {"object": 0.00981156279662738, "dictionary": 0.0, "combined": 0.004134484255921286}, "Q1882400": {"object": 0.009176844004651697, "dictionary": 0.0, "combined": 0.0038670207634323127}, "Q27979410": {"object": 0.009176844004651697, "dictionary": 0.0, "combined": 0.0038670207634323127}, "Q28055391": {"object": 0.009090131175605136, "dictionary": 0.0, "combined": 0.0038304809344661627}, "Q1141412": {"object": 0.013729269315783757, "dictionary": 0.0, "combined": 0.005785362536834904}, "Q53756551": {"object": 0.02432677437344385, "dictionary": 0.0, "combined": 0.010251034185800232}, "Q53756539": {"object": 0.02432677437344385, "dictionary": 0.0, "combined": 0.010251034185800232}, "Q27979378": {"object": 0.02432677437344385, "dictionary": 0.0, "combined": 0.010251034185800232}, "Q27596243": {"object": 0.0149537772109198, "dictionary": 0.0, "combined": 0.0063013566469099615}, "Q48106551": {"object": 0.024867306652844444, "dictionary": 0.0, "combined": 0.010478808521583642}, "Q58335773": {"object": 0.026082202296994463, "dictionary": 0.5012855758623859, "combined": 0.3010401198538748}, "Q3509055": {"object": 0.02604315190395933, "dictionary": 0.4987144241376142, "combined": 0.2995359676792727}, "Q28206625": {"object": 0.00841251995785382, "dictionary": 0.0, "combined": 0.003544943047230556}, "Q28205846": {"object": 0.00810311952093612, "dictionary": 0.0, "combined": 0.0034145651184819253}, "Q85415606": {"object": 0.011943803772545914, "dictionary": 0.0, "combined": 0.005032987066074601}, "Q28771302": {"object": 0.00923359550737073, "dictionary": 0.0, "combined": 0.003890935220217155}, "Q28756261": {"object": 0.00923359550737073, "dictionary": 0.0, "combined": 0.003890935220217155}, "Q27967388": {"object": 0.010488343880710833, "dictionary": 0.0, "combined": 0.004419672333992825}, "Q28771319": {"object": 0.0014742016870314266, "dictionary": 0.0, "combined": 0.0006212123176930739}, "Q6043826": {"object": 0.0014742016870314266, "dictionary": 0.0, "combined": 0.0006212123176930739}, "Q29000498": {"object": 0.0014742016870314266, "dictionary": 0.0, "combined": 0.0006212123176930739}, "Q5301": {"object": 0.04269456156637987, "dictionary": 0.0, "combined": 0.01799101695301145}, "Q751800": {"object": 0.030331632800530677, "dictionary": 0.0, "combined": 0.012781415241340207}, "Q28756196": {"object": 0.009677221552892662, "dictionary": 0.0, "combined": 0.0040778743387597715}, "Q260180": {"object": 0.0526175440560371, "dictionary": 0.0, "combined": 0.02217245223765059}, "Q4049344": {"object": 0.0526175440560371, "dictionary": 0.0, "combined": 0.02217245223765059}, "Q1381134": {"object": 0.044875656629799546, "dictionary": 0.0, "combined": 0.018910106336353726}, "Q28919163": {"object": 0.012894816853652546, "dictionary": 0.0, "combined": 0.0054337334805359275}, "type": "co-oc"}