{"name": "Q28770325", "Q4045294": {"object": 0.003759008642262036, "dictionary": 0.0, "combined": 0.003759008642262038}, "Q28205439": {"object": 0.006015661692912756, "dictionary": 0.0, "combined": 0.0060156616929127596}, "Q1076355": {"object": 0.0036932180063129396, "dictionary": 0.0, "combined": 0.0036932180063129418}, "Q3807693": {"object": 0.004172259354010677, "dictionary": 0.0, "combined": 0.0041722593540106795}, "Q95994246": {"object": 0.004172880534066826, "dictionary": 0.0, "combined": 0.004172880534066828}, "Q58006953": {"object": 0.004172880534066826, "dictionary": 0.0, "combined": 0.004172880534066828}, "Q723030": {"object": 0.003981862232170465, "dictionary": 0.0, "combined": 0.003981862232170467}, "Q27979156": {"object": 0.003981862232170465, "dictionary": 0.0, "combined": 0.003981862232170467}, "Q26549229": {"object": 0.004819922755803963, "dictionary": 0.0, "combined": 0.0048199227558039645}, "Q29650301": {"object": 0.012073740045300593, "dictionary": 0.0, "combined": 0.012073740045300598}, "Q28758103": {"object": 0.012073740045300593, "dictionary": 0.0, "combined": 0.012073740045300598}, "Q29209269": {"object": 0.012073740045300593, "dictionary": 0.0, "combined": 0.012073740045300598}, "Q47512572": {"object": 0.005441243183113544, "dictionary": 0.0, "combined": 0.005441243183113547}, "Q28206328": {"object": 0.03369597843283256, "dictionary": 0.0, "combined": 0.033695978432832584}, "Q283579": {"object": 0.016424877265203537, "dictionary": 0.0, "combined": 0.016424877265203544}, "Q1141412": {"object": 0.005858611284641349, "dictionary": 0.0, "combined": 0.005858611284641352}, "Q5448342": {"object": 0.009199320644155275, "dictionary": 0.0, "combined": 0.009199320644155278}, "Q29904540": {"object": 0.009199320644155275, "dictionary": 0.0, "combined": 0.009199320644155278}, "Q5421818": {"object": 0.009199320644155275, "dictionary": 0.0, "combined": 0.009199320644155278}, "Q50223812": {"object": 0.009199320644155275, "dictionary": 0.0, "combined": 0.009199320644155278}, "Q5153426": {"object": 0.009199320644155275, "dictionary": 0.0, "combined": 0.009199320644155278}, "Q49799747": {"object": 0.012821376876695493, "dictionary": 0.0, "combined": 0.0128213768766955}, "Q49798508": {"object": 0.012821376876695493, "dictionary": 0.0, "combined": 0.0128213768766955}, "Q49798739": {"object": 0.012821376876695493, "dictionary": 0.0, "combined": 0.0128213768766955}, "Q49799499": {"object": 0.012821376876695493, "dictionary": 0.0, "combined": 0.0128213768766955}, "Q28206359": {"object": 0.007645878739928348, "dictionary": 0.0, "combined": 0.007645878739928352}, "Q60615282": {"object": 0.01705802222620483, "dictionary": 0.0, "combined": 0.017058022226204842}, "Q27526866": {"object": 0.01705802222620483, "dictionary": 0.0, "combined": 0.017058022226204842}, "Q28206528": {"object": 0.01615087920832791, "dictionary": 0.0, "combined": 0.01615087920832792}, "Q29000741": {"object": 0.0140482416006266, "dictionary": 0.0, "combined": 0.014048241600626607}, "Q29000651": {"object": 0.0140482416006266, "dictionary": 0.0, "combined": 0.014048241600626607}, "Q58335745": {"object": 0.012556479917694452, "dictionary": 0.0, "combined": 0.01255647991769446}, "Q34310996": {"object": 0.012556479917694452, "dictionary": 0.0, "combined": 0.01255647991769446}, "Q28206952": {"object": 0.013441899819181296, "dictionary": 0.0, "combined": 0.013441899819181303}, "Q58335773": {"object": 0.011129906566098061, "dictionary": 0.0, "combined": 0.011129906566098068}, "Q3509055": {"object": 0.011113242818884487, "dictionary": 0.0, "combined": 0.011113242818884494}, "Q34746472": {"object": 0.007791171863037279, "dictionary": 0.0, "combined": 0.007791171863037284}, "Q27967388": {"object": 0.008391806275802117, "dictionary": 0.0, "combined": 0.008391806275802122}, "Q28771319": {"object": 0.009436162741979018, "dictionary": 0.0, "combined": 0.009436162741979023}, "Q6043826": {"object": 0.009436162741979018, "dictionary": 0.0, "combined": 0.009436162741979023}, "Q29000498": {"object": 0.009436162741979018, "dictionary": 0.0, "combined": 0.009436162741979023}, "Q49243488": {"object": 0.011883918424854046, "dictionary": 0.0, "combined": 0.011883918424854053}, "Q49243748": {"object": 0.013793575389717734, "dictionary": 0.0, "combined": 0.013793575389717743}, "Q287315": {"object": 0.014292524270754106, "dictionary": 0.0, "combined": 0.014292524270754114}, "Q29944575": {"object": 0.014601866312342329, "dictionary": 0.0, "combined": 0.014601866312342334}, "Q87066066": {"object": 0.012828892779138679, "dictionary": 0.0, "combined": 0.012828892779138686}, "Q87066063": {"object": 0.012828892779138679, "dictionary": 0.0, "combined": 0.012828892779138686}, "Q85415853": {"object": 0.013500254147231383, "dictionary": 0.0, "combined": 0.01350025414723139}, "Q29944206": {"object": 0.013500254147231383, "dictionary": 0.0, "combined": 0.01350025414723139}, "Q1601835": {"object": 0.013500254147231383, "dictionary": 0.0, "combined": 0.01350025414723139}, "Q73675958": {"object": 0.013382587549823174, "dictionary": 0.0, "combined": 0.01338258754982318}, "Q29435": {"object": 0.014212072098648528, "dictionary": 0.0, "combined": 0.014212072098648535}, "Q19599377": {"object": 0.01344449653509834, "dictionary": 0.0, "combined": 0.01344449653509835}, "Q28344713": {"object": 0.01344449653509834, "dictionary": 0.0, "combined": 0.01344449653509835}, "Q28347555": {"object": 0.006457759497176032, "dictionary": 0.0, "combined": 0.006457759497176034}, "Q28755621": {"object": 0.006457759497176032, "dictionary": 0.0, "combined": 0.006457759497176034}, "Q28600250": {"object": 0.06685324353418177, "dictionary": 0.0, "combined": 0.0668532435341818}, "Q28600238": {"object": 0.06685324353418177, "dictionary": 0.0, "combined": 0.0668532435341818}, "Q27824060": {"object": 0.06685324353418177, "dictionary": 0.0, "combined": 0.0668532435341818}, "Q28600246": {"object": 0.06685324353418177, "dictionary": 0.0, "combined": 0.0668532435341818}, "Q296496": {"object": 0.052611820199154426, "dictionary": 0.0, "combined": 0.05261182019915445}, "Q27824065": {"object": 0.06685324353418177, "dictionary": 0.0, "combined": 0.0668532435341818}, "type": "co-oc"}