{"name": "Q28758107", "Q4045294": {"object": 0.025426135926489665, "dictionary": 0.17055320809433255, "combined": 0.0724568115455236}, "Q3807693": {"object": 0.028221385889606695, "dictionary": 0.1668615173879655, "combined": 0.07314986790803117}, "Q95994246": {"object": 0.028225587584799646, "dictionary": 0.16727258663244585, "combined": 0.07328592133456972}, "Q58006953": {"object": 0.028225587584799646, "dictionary": 0.16727258663244585, "combined": 0.07328592133456972}, "Q723030": {"object": 0.02693352955283369, "dictionary": 0.16398648325335166, "combined": 0.07134766202196349}, "Q27979156": {"object": 0.02693352955283369, "dictionary": 0.16405361799945864, "combined": 0.07136941807629409}, "Q26549229": {"object": 0.032602215851918026, "dictionary": 0.0, "combined": 0.02203696282717582}, "Q479833": {"object": 0.050893795845322054, "dictionary": 0.0, "combined": 0.0344008730041966}, "Q28205760": {"object": 0.12026846680571539, "dictionary": 0.0, "combined": 0.0812936072909}, "Q817650": {"object": 0.15446763533457078, "dictionary": 0.0, "combined": 0.10441000554474353}, "Q3563777": {"object": 0.2389010650355553, "dictionary": 0.0, "combined": 0.1614814745560161}, "Q27979377": {"object": 0.2389010650355553, "dictionary": 0.0, "combined": 0.1614814745560161}, "type": "co-oc"}