{"name": "Q28975664", "Q99184084": {"object": 0.0030982801790604255, "dictionary": 0.0, "combined": 0.0011265997350755421}, "Q79241659": {"object": 0.0027106232916523747, "dictionary": 0.0, "combined": 0.0009856395502588927}, "Q28600412": {"object": 0.0040644754033057505, "dictionary": 0.006303786606925437, "combined": 0.005489526029137829}, "Q4045294": {"object": 0.0025923078465829737, "dictionary": 0.0, "combined": 0.0009426175698804254}, "Q1076355": {"object": 0.0025469369528092647, "dictionary": 0.0, "combined": 0.0009261197601435724}, "Q3807693": {"object": 0.002877296034858952, "dictionary": 0.005641719269663275, "combined": 0.004636516930308772}, "Q95994246": {"object": 0.0028777244164049772, "dictionary": 0.005655617844445852, "combined": 0.004645517459964804}, "Q58006953": {"object": 0.0028777244164049772, "dictionary": 0.005655617844445852, "combined": 0.004645517459964804}, "Q723030": {"object": 0.0027459933431428227, "dictionary": 0.005544512102114407, "combined": 0.00452691191418775}, "Q27979156": {"object": 0.0027459933431428227, "dictionary": 0.005546781980734143, "combined": 0.004528356417275302}, "Q26549229": {"object": 0.0022159607791830934, "dictionary": 0.0, "combined": 0.0008057698731179778}, "Q47233167": {"object": 0.0012681137042936325, "dictionary": 0.0, "combined": 0.00046111277248532133}, "Q29650304": {"object": 0.0012681137042936325, "dictionary": 0.0, "combined": 0.00046111277248532133}, "Q1601331": {"object": 0.0012681137042936325, "dictionary": 0.0, "combined": 0.00046111277248532133}, "Q81526237": {"object": 0.0012681137042936325, "dictionary": 0.0, "combined": 0.00046111277248532133}, "Q28009496": {"object": 0.0012681137042936325, "dictionary": 0.0, "combined": 0.00046111277248532133}, "Q34747804": {"object": 0.0012681137042936325, "dictionary": 0.0, "combined": 0.00046111277248532133}, "Q28049770": {"object": 0.0012681137042936325, "dictionary": 0.0, "combined": 0.00046111277248532133}, "Q28755606": {"object": 0.0012681137042936325, "dictionary": 0.0, "combined": 0.00046111277248532133}, "Q81526528": {"object": 0.0012681137042936325, "dictionary": 0.0, "combined": 0.00046111277248532133}, "Q81526664": {"object": 0.0012681137042936325, "dictionary": 0.0, "combined": 0.00046111277248532133}, "Q28758112": {"object": 0.0012681137042936325, "dictionary": 0.0, "combined": 0.00046111277248532133}, "Q32097899": {"object": 0.0012681137042936325, "dictionary": 0.0, "combined": 0.00046111277248532133}, "Q66439259": {"object": 0.0012681137042936325, "dictionary": 0.0, "combined": 0.00046111277248532133}, "Q28207108": {"object": 0.0012681137042936325, "dictionary": 0.0, "combined": 0.00046111277248532133}, "Q32097740": {"object": 0.0012681137042936325, "dictionary": 0.0, "combined": 0.00046111277248532133}, "Q6912474": {"object": 0.0012681137042936325, "dictionary": 0.0, "combined": 0.00046111277248532133}, "Q16996920": {"object": 0.0010678553014324146, "dictionary": 0.0, "combined": 0.0003882946119022725}, "Q66811836": {"object": 0.0010678553014324146, "dictionary": 0.0, "combined": 0.0003882946119022725}, "Q28600763": {"object": 0.0010678553014324146, "dictionary": 0.0, "combined": 0.0003882946119022725}, "Q1662484": {"object": 0.0010678553014324146, "dictionary": 0.0, "combined": 0.0003882946119022725}, "Q684554": {"object": 0.0010678553014324146, "dictionary": 0.0, "combined": 0.0003882946119022725}, "Q28206109": {"object": 0.0023798828109549432, "dictionary": 0.0, "combined": 0.0008653753661315937}, "Q1676669": {"object": 0.0025279905278045916, "dictionary": 0.0, "combined": 0.0009192304421486564}, "Q28445577": {"object": 0.005549464289977223, "dictionary": 0.0, "combined": 0.0020179017511565045}, "Q27895063": {"object": 0.006232701647741187, "dictionary": 0.0, "combined": 0.0022663412020017867}, "Q1353763": {"object": 0.006317662880000881, "dictionary": 0.0, "combined": 0.0022972348901847874}, "Q1343830": {"object": 0.0015052419030945705, "dictionary": 0.0, "combined": 0.0005473375651149834}, "Q47512572": {"object": 0.005003226024424444, "dictionary": 0.0, "combined": 0.0018192780471354866}, "Q28205727": {"object": 0.005056852701345442, "dictionary": 0.0, "combined": 0.0018387778329910381}, "Q4545483": {"object": 0.005056852701345442, "dictionary": 0.0, "combined": 0.0018387778329910381}, "Q28758102": {"object": 0.0021800242850545403, "dictionary": 0.0, "combined": 0.0007927026092086663}, "Q27473691": {"object": 0.0028919511198261267, "dictionary": 0.0, "combined": 0.0010515741563552087}, "Q47455968": {"object": 0.002865255120251896, "dictionary": 0.0, "combined": 0.001041866930310524}, "Q28206310": {"object": 0.0028919511198261267, "dictionary": 0.0, "combined": 0.0010515741563552087}, "Q3928271": {"object": 0.0025407216537872263, "dictionary": 0.0, "combined": 0.0009238597469017206}, "Q1141412": {"object": 0.002693498108784367, "dictionary": 0.0, "combined": 0.0009794124741498273}, "Q49799747": {"object": 0.0029473157282105837, "dictionary": 0.0, "combined": 0.0010717058905863606}, "Q49798508": {"object": 0.0029473157282105837, "dictionary": 0.0, "combined": 0.0010717058905863606}, "Q49798739": {"object": 0.0029473157282105837, "dictionary": 0.0, "combined": 0.0010717058905863606}, "Q49799499": {"object": 0.0029473157282105837, "dictionary": 0.0, "combined": 0.0010717058905863606}, "Q28205580": {"object": 0.0026355111032488683, "dictionary": 0.0, "combined": 0.000958327181245837}, "Q28206771": {"object": 0.002575164604825607, "dictionary": 0.0, "combined": 0.0009363839271799637}, "Q28205626": {"object": 0.0026355111032488683, "dictionary": 0.0, "combined": 0.000958327181245837}, "Q729366": {"object": 0.0026355111032488683, "dictionary": 0.0, "combined": 0.000958327181245837}, "Q29904539": {"object": 0.001974369274214194, "dictionary": 0.0, "combined": 0.0007179221286389736}, "Q28755628": {"object": 0.001974369274214194, "dictionary": 0.0, "combined": 0.0007179221286389736}, "Q58103465": {"object": 0.001974369274214194, "dictionary": 0.0, "combined": 0.0007179221286389736}, "Q66134804": {"object": 0.0013106850277475983, "dictionary": 0.0, "combined": 0.00047659259966466885}, "Q178051": {"object": 0.005167396832826623, "dictionary": 0.0, "combined": 0.0018789740005560455}, "Q27526733": {"object": 0.00333295361964897, "dictionary": 0.0, "combined": 0.0012119319260707722}, "Q939636": {"object": 0.002614836281983787, "dictionary": 0.0, "combined": 0.000950809382075383}, "Q27596243": {"object": 0.0029337300995683695, "dictionary": 0.0, "combined": 0.0010667658707222453}, "Q29000741": {"object": 0.0032293414210830362, "dictionary": 0.0, "combined": 0.0011742563548800564}, "Q29000651": {"object": 0.0032293414210830362, "dictionary": 0.0, "combined": 0.0011742563548800564}, "Q58335745": {"object": 0.002886422504251306, "dictionary": 0.0, "combined": 0.0010495638356346933}, "Q34310996": {"object": 0.002886422504251306, "dictionary": 0.0, "combined": 0.0010495638356346933}, "Q28206952": {"object": 0.00308995852279438, "dictionary": 0.0, "combined": 0.0011235738061075688}, "Q58335773": {"object": 0.0025584887638237497, "dictionary": 0.0, "combined": 0.000930320241209332}, "Q3509055": {"object": 0.0025546581826992876, "dictionary": 0.0, "combined": 0.0009289273614726411}, "Q2193155": {"object": 0.003356860988701043, "dictionary": 0.0, "combined": 0.0012206251474980827}, "Q26211936": {"object": 0.0017851379361605577, "dictionary": 0.0, "combined": 0.0006491136403815083}, "Q26211977": {"object": 0.0017851379361605577, "dictionary": 0.0, "combined": 0.0006491136403815083}, "Q26211940": {"object": 0.0017851379361605577, "dictionary": 0.0, "combined": 0.0006491136403815083}, "Q26211915": {"object": 0.0017851379361605577, "dictionary": 0.0, "combined": 0.0006491136403815083}, "Q10394822": {"object": 0.0017851379361605577, "dictionary": 0.0, "combined": 0.0006491136403815083}, "Q26211975": {"object": 0.0017851379361605577, "dictionary": 0.0, "combined": 0.0006491136403815083}, "Q26211905": {"object": 0.0017851379361605577,