{"name": "Q28921959", "Q99184084": {"object": 0.003559724586111422, "dictionary": 0.0, "combined": 0.00019444019419046917}, "Q4045294": {"object": 0.002978394929747571, "dictionary": 0.0, "combined": 0.00016268665580913556}, "Q1076355": {"object": 0.0029262666919104424, "dictionary": 0.0, "combined": 0.00015983929376112656}, "Q16996920": {"object": 0.0036806911104512994, "dictionary": 0.0, "combined": 0.00020104765887325957}, "Q66811836": {"object": 0.0036806911104512994, "dictionary": 0.0, "combined": 0.00020104765887325957}, "Q28600763": {"object": 0.0036806911104512994, "dictionary": 0.0, "combined": 0.00020104765887325957}, "Q1662484": {"object": 0.0036806911104512994, "dictionary": 0.0, "combined": 0.00020104765887325957}, "Q684554": {"object": 0.0036806911104512994, "dictionary": 0.0, "combined": 0.00020104765887325957}, "Q28206109": {"object": 0.004101498346474292, "dictionary": 0.0, "combined": 0.0002240331002212505}, "Q1676669": {"object": 0.004356747702855486, "dictionary": 0.0, "combined": 0.00023797539637960785}, "Q28445577": {"object": 0.009563966134965556, "dictionary": 0.0, "combined": 0.0005224054242199642}, "Q1343830": {"object": 0.005188278303593396, "dictionary": 0.0, "combined": 0.00028339547525695047}, "Q1141412": {"object": 0.004641984045835384, "dictionary": 0.0, "combined": 0.00025355564945187594}, "Q28206359": {"object": 0.0060580989935590315, "dictionary": 0.0, "combined": 0.000330907045260898}, "Q28206497": {"object": 0.007738564531351862, "dictionary": 0.0, "combined": 0.0004226978671614667}, "Q26385770": {"object": 0.007738564531351862, "dictionary": 0.0, "combined": 0.0004226978671614667}, "Q17092932": {"object": 0.007738564531351862, "dictionary": 0.0, "combined": 0.0004226978671614667}, "Q1952321": {"object": 0.007738564531351862, "dictionary": 0.0, "combined": 0.0004226978671614667}, "Q26329648": {"object": 0.007738564531351862, "dictionary": 0.0, "combined": 0.0004226978671614667}, "Q28206262": {"object": 0.007738564531351862, "dictionary": 0.0, "combined": 0.0004226978671614667}, "Q28205580": {"object": 0.004542049038016486, "dictionary": 0.0, "combined": 0.00024809697368731096}, "Q28206771": {"object": 0.004438047671915942, "dictionary": 0.0, "combined": 0.00024241618425220628}, "Q28205626": {"object": 0.004542049038016486, "dictionary": 0.0, "combined": 0.00024809697368731096}, "Q729366": {"object": 0.004542049038016486, "dictionary": 0.0, "combined": 0.00024809697368731096}, "Q27229608": {"object": 0.019346082584527458, "dictionary": 0.0, "combined": 0.001056726711172208}, "Q27229565": {"object": 0.019346082584527458, "dictionary": 0.0, "combined": 0.001056726711172208}, "Q178051": {"object": 0.008905509745209105, "dictionary": 0.0, "combined": 0.0004864390495207187}, "Q28205824": {"object": 0.019346082584527458, "dictionary": 0.0, "combined": 0.001056726711172208}, "Q433224": {"object": 0.019346082584527458, "dictionary": 0.0, "combined": 0.001056726711172208}, "Q27229642": {"object": 0.018107664255379387, "dictionary": 0.0, "combined": 0.0009890815058807418}, "Q27526733": {"object": 0.005744023906110125, "dictionary": 0.0, "combined": 0.00031375155485239306}, "Q1888930": {"object": 0.006018987068225899, "dictionary": 0.0, "combined": 0.0003287706635906394}, "Q28786544": {"object": 0.006018987068225899, "dictionary": 0.0, "combined": 0.0003287706635906394}, "Q8811": {"object": 0.006018987068225899, "dictionary": 0.0, "combined": 0.0003287706635906394}, "Q2053": {"object": 0.006018987068225899, "dictionary": 0.0, "combined": 0.0003287706635906394}, "Q166074": {"object": 0.00569790690534621, "dictionary": 0.0, "combined": 0.0003112325401457488}, "Q62626012": {"object": 0.006018987068225899, "dictionary": 0.0, "combined": 0.0003287706635906394}, "Q28777715": {"object": 0.012106619764241123, "dictionary": 0.0, "combined": 0.00066129090636214}, "Q66244789": {"object": 0.012106619764241123, "dictionary": 0.0, "combined": 0.00066129090636214}, "Q28758002": {"object": 0.012106619764241123, "dictionary": 0.0, "combined": 0.00066129090636214}, "Q623334": {"object": 0.012106619764241123, "dictionary": 0.0, "combined": 0.00066129090636214}, "Q4042979": {"object": 0.008778416143603016, "dictionary": 0.0, "combined": 0.000479496910043673}, "Q47455565": {"object": 0.008845595412541561, "dictionary": 0.0, "combined": 0.0004831663933932975}, "Q1882110": {"object": 0.011215617714571562, "dictionary": 0.0, "combined": 0.0006126223626669922}, "Q47455466": {"object": 0.008845595412541561, "dictionary": 0.0, "combined": 0.0004831663933932975}, "Q27526739": {"object": 0.010989643859259475, "dictionary": 0.0, "combined": 0.0006002791604764968}, "Q2192": {"object": 0.010989643859259475, "dictionary": 0.0, "combined": 0.0006002791604764968}, "Q25339304": {"object": 0.013511470203245944, "dictionary": 0.0, "combined": 0.0007380270092714545}, "Q796483": {"object": 0.01349052109218628, "dictionary": 0.0, "combined": 0.0007368827215255847}, "Q71178742": {"object": 0.013511470203245944, "dictionary": 0.0, "combined": 0.0007380270092714545}, "Q27910000": {"object": 0.013511470203245944, "dictionary": 0.0, "combined": 0.0007380270092714545}, "Q100136960": {"object": 0.013511470203245944, "dictionary": 0.0, "combined": 0.0007380270092714545}, "Q28771320": {"object": 0.013511470203245944, "dictionary": 0.0, "combined": 0.0007380270092714545}, "Q100136955": {"object": 0.013511470203245944, "dictionary": 0.0, "combined": 0.0007380270092714545}, "Q27967351": {"object": 0.013511470203245944, "dictionary": 0.0, "combined": 0.0007380270092714545}, "Q2313301": {"object": 0.013511470203245944, "dictionary": 0.0, "combined": 0.0007380270092714545}, "Q28728783": {"object": 0.013511470203245944, "dictionary": 0.0, "combined": 0.0007380270092714545}, "Q100135637": {"object": 0.013511470203245944, "dictionary": 0.0, "combined": 0.0007380270092714545}, "Q452197": {"object": 0.013511470203245944, "dictionary": 0.0, "combined": 0.0007380270092714545}, "Q653301": {"object": 0.013511470203245944, "dictionary": 0.0, "combined": 0.0007380270092714545}, "Q66759482": {"object": 0.013511470203245944, "dictionary": 0.0, "combined": 0.0007380270092714545}, "Q641213": {"object": 0.013511470203245944, "dictionary": 0.0, "combined": 0.0007380270092714545}, "Q28600760": {"object": 0.013511470203245944, "dictionary": 0.0, "combined": 0.0007380270092714545}, "Q29000578": {"object": 0.013511470203245944, "dictionary": 0.0, "combined": 0.0007380270092714545}, "Q3551300": {"object": 0.013511470203245944, "dictionary": 0.0, "combined": 0.0007380270092714545}, "Q2819247": {"object": 0.013511470203245944, "dictionary": 0.0, "combined": 0.0007380270092714545}, "Q959950": {"object": 0.013511470203245944, "dictionary": 0.0, "combined": 0.0007380270092714545}, "Q27487531": {"object": 0.013511470203245944, "dictionary": 0.0, "combined": 0.0007380270092714545}, "Q59851322": {"object": 0.013511470203245944, "dictionary": 0.0, "combined": 0.0007380270092714545}, "Q72273742": {"object": 0.013511470203245944, "dictionary": 0.0, "combined": 0.0007380270092714545}, "Q45432": {"object": 0.013511470203245944, "dictionary": 0.0, "combined": 0.0007380270092714545}, "Q99973606": {"object": 0.013511470203245944, "dictionary": 0.0, "combined": 0.0007380270092714545}, "Q28600421": {"object": 0.013511470203245944, "dictionary": 0.0, "combined": 0.0007380270092714545}, "Q59851506": {"object": 0.013511470203245944, "dictionary": 0.0, "combined": 0.0007380270092714545}, "Q50378320": {"object": 0.013511470203245944, "dictionary": 0.0, "combined": 0.0007380270092714545}, "Q100136218": {"object": 0.013511470203245944, "dictionary": 0.0, "combined": 0.0007380270092714545}, "Q34306669": {"object": 0.013511470203245944, "dictionary": 0.0, "combined": 0.0007380270092714545}, "Q4042481": {"object": 0.013511470203245944, "dictionary": 0.0, "combined": 0.0007380270092714545}, "Q99976195": {"object": 0.013511470203245944, "dictionary": 0.0, "combined": 0.0007380270092714545},