{"name": "Q28955450", "Q28600412": {"object": 0.0017573082503806478, "dictionary": 0.0, "combined": 0.000567582267938712}, "Q4045294": {"object": 0.002241609809040374, "dictionary": 0.0, "combined": 0.0007240038729535403}, "Q1144005": {"object": 0.012600124150789864, "dictionary": 0.022278693442240417, "combined": 0.01915267140959273}, "Q1076355": {"object": 0.0014682512505733009, "dictionary": 0.0, "combined": 0.00047422151152123307}, "Q28858032": {"object": 0.002471551233905839, "dictionary": 0.0, "combined": 0.0007982712505692374}, "Q3807693": {"object": 0.006634783003625655, "dictionary": 0.007882299453963904, "combined": 0.007479371728551783}, "Q95994246": {"object": 0.006635770812515043, "dictionary": 0.007901717777206017, "combined": 0.007492837292434045}, "Q58006953": {"object": 0.006635770812515043, "dictionary": 0.007901717777206017, "combined": 0.007492837292434045}, "Q723030": {"object": 0.006332010936805225, "dictionary": 0.007746486953010174, "combined": 0.00728963397627794}, "Q27979156": {"object": 0.006332010936805225, "dictionary": 0.007749658302407354, "combined": 0.0072917810308862656}, "Q26549229": {"object": 0.000958088258231598, "dictionary": 0.0, "combined": 0.00030944707985906876}, "Q47233167": {"object": 0.001096558081352143, "dictionary": 0.0012396588185080656, "combined": 0.0011934395846763997}, "Q29650304": {"object": 0.001096558081352143, "dictionary": 0.0012396588185080656, "combined": 0.0011934395846763997}, "Q1601331": {"object": 0.001096558081352143, "dictionary": 0.0012396588185080656, "combined": 0.0011934395846763997}, "Q81526237": {"object": 0.001096558081352143, "dictionary": 0.0012396588185080656, "combined": 0.0011934395846763997}, "Q28009496": {"object": 0.001096558081352143, "dictionary": 0.0012396588185080656, "combined": 0.0011934395846763997}, "Q34747804": {"object": 0.001096558081352143, "dictionary": 0.0012396588185080656, "combined": 0.0011934395846763997}, "Q28049770": {"object": 0.001096558081352143, "dictionary": 0.0012396588185080656, "combined": 0.0011934395846763997}, "Q28755606": {"object": 0.001096558081352143, "dictionary": 0.0012396588185080656, "combined": 0.0011934395846763997}, "Q81526528": {"object": 0.001096558081352143, "dictionary": 0.0012396588185080656, "combined": 0.0011934395846763997}, "Q81526664": {"object": 0.001096558081352143, "dictionary": 0.0012396588185080656, "combined": 0.0011934395846763997}, "Q28758112": {"object": 0.001096558081352143, "dictionary": 0.0012396588185080656, "combined": 0.0011934395846763997}, "Q32097899": {"object": 0.001096558081352143, "dictionary": 0.0012396588185080656, "combined": 0.0011934395846763997}, "Q66439259": {"object": 0.001096558081352143, "dictionary": 0.0012396588185080656, "combined": 0.0011934395846763997}, "Q28207108": {"object": 0.001096558081352143, "dictionary": 0.0012396588185080656, "combined": 0.0011934395846763997}, "Q32097740": {"object": 0.001096558081352143, "dictionary": 0.0012396588185080656, "combined": 0.0011934395846763997}, "Q6912474": {"object": 0.001096558081352143, "dictionary": 0.0012396588185080656, "combined": 0.0011934395846763997}, "Q28206109": {"object": 0.001028961251734657, "dictionary": 0.0, "combined": 0.0003323379155330938}, "Q1676669": {"object": 0.001092996800468263, "dictionary": 0.0, "combined": 0.0003530203666460657}, "Q29650301": {"object": 0.002399977998903355, "dictionary": 0.0, "combined": 0.0007751542481664885}, "Q28758103": {"object": 0.002399977998903355, "dictionary": 0.0, "combined": 0.0007751542481664885}, "Q29209269": {"object": 0.002399977998903355, "dictionary": 0.0, "combined": 0.0007751542481664885}, "Q47512572": {"object": 0.0021631845438378826, "dictionary": 0.0, "combined": 0.0006986737751305299}, "Q34312361": {"object": 0.016382294095689306, "dictionary": 0.021729783402975246, "combined": 0.020002630464297635}, "Q27923693": {"object": 0.016382294095689306, "dictionary": 0.021729783402975246, "combined": 0.020002630464297635}, "Q34312151": {"object": 0.016382294095689306, "dictionary": 0.021729783402975246, "combined": 0.020002630464297635}, "Q27925722": {"object": 0.016382294095689306, "dictionary": 0.021729783402975246, "combined": 0.020002630464297635}, "Q28055391": {"object": 0.0014457197746787808, "dictionary": 0.002361966061236987, "combined": 0.0020660332644709773}, "Q59961105": {"object": 0.004407839393955926, "dictionary": 0.0, "combined": 0.0014236611473195948}, "Q5448342": {"object": 0.0036572208889694437, "dictionary": 0.003199754706221229, "combined": 0.0033475089169314205}, "Q29904540": {"object": 0.0036572208889694437, "dictionary": 0.003199754706221229, "combined": 0.0033475089169314205}, "Q5421818": {"object": 0.0036572208889694437, "dictionary": 0.003199754706221229, "combined": 0.0033475089169314205}, "Q50223812": {"object": 0.0036572208889694437, "dictionary": 0.003199754706221229, "combined": 0.0033475089169314205}, "Q5153426": {"object": 0.0036572208889694437, "dictionary": 0.003199754706221229, "combined": 0.0033475089169314205}, "Q28206359": {"object": 0.00151982241536277, "dictionary": 0.002243354078817648, "combined": 0.002009665002140159}, "Q66134804": {"object": 0.0011333701815677978, "dictionary": 0.0019534323285838643, "combined": 0.0016885654600915288}, "Q47538629": {"object": 0.014983189411822313, "dictionary": 0.03255924023815569, "combined": 0.026882458838389606}, "Q27596243": {"object": 0.0025368430593372274, "dictionary": 0.00231956584839398, "combined": 0.0023897428888374284}, "Q26211936": {"object": 0.0015436371546158163, "dictionary": 0.0, "combined": 0.0004985699446306735}, "Q26211977": {"object": 0.0015436371546158163, "dictionary": 0.0, "combined": 0.0004985699446306735}, "Q26211940": {"object": 0.0015436371546158163, "dictionary": 0.0, "combined": 0.0004985699446306735}, "Q26211915": {"object": 0.0015436371546158163, "dictionary": 0.0, "combined": 0.0004985699446306735}, "Q10394822": {"object": 0.0015436371546158163, "dictionary": 0.0, "combined": 0.0004985699446306735}, "Q26211975": {"object": 0.0015436371546158163, "dictionary": 0.0, "combined": 0.0004985699446306735}, "Q26211905": {"object": 0.0015436371546158163, "dictionary": 0.0, "combined": 0.0004985699446306735}, "Q5532250": {"object": 0.0015436371546158163, "dictionary": 0.0, "combined": 0.0004985699446306735}, "Q26211927": {"object": 0.0015436371546158163, "dictionary": 0.0, "combined": 0.0004985699446306735}, "Q26211957": {"object": 0.0015436371546158163, "dictionary": 0.0, "combined": 0.0004985699446306735}, "Q26211948": {"object": 0.0015436371546158163, "dictionary": 0.0, "combined": 0.0004985699446306735}, "Q26211958": {"object": 0.0015436371546158163, "dictionary": 0.0, "combined": 0.0004985699446306735}, "Q26211874": {"object": 0.0015436371546158163, "dictionary": 0.0, "combined": 0.0004985699446306735}, "Q26211954": {"object": 0.0015436371546158163, "dictionary": 0.0, "combined": 0.0004985699446306735}, "Q26211891": {"object": 0.0015436371546158163, "dictionary": 0.0, "combined": 0.0004985699446306735}, "Q26211983": {"object": 0.0015436371546158163, "dictionary": 0.0, "combined": 0.0004985699446306735}, "Q26211840": {"object": 0.0015436371546158163, "dictionary": 0.0, "combined": 0.0004985699446306735}, "Q26211965": {"object": 0.0015436371546158163, "dictionary": 0.0, "combined": 0.0004985699446306735}, "Q26211978": {"object": 0.0015436371546158163, "dictionary": 0.0, "combined": 0.0004985699446306735}, "Q26211931": {"object": 0.0015436371546158163, "dictionary": 0.0, "combined": 0.0004985699446306735}, "Q10287816": {"object": 0.002303093122771732, "dictionary": 0.0, "combined": 0.0007438619932579732}, "Q28771319": {"object": 0.0018756891311102752, "dictionary": 0.0, "combined": 0.0006058173861944591}, "Q6043826": {"object": 0.0018756891311102752, "dictionary": 0.0, "combined": 0.0006058173861944591}, "Q29000498": {"object": 0.0018756891311102752, "dictionary": 0.0, "combined": 0.0006058173861944591}, "Q28858035": {"object": 0.0030010759522821635, "dictionary": 0.0,