{"name": "Q28919166", "Q99184084": {"object": 0.004693594823518628, "dictionary": 0.0, "combined": 0.004693594823518628}, "Q28600412": {"object": 0.004617965357572959, "dictionary": 0.0, "combined": 0.00461796535757296}, "Q4045294": {"object": 0.003927095674535918, "dictionary": 0.0, "combined": 0.003927095674535919}, "Q1144005": {"object": 0.008277850060861862, "dictionary": 0.0, "combined": 0.008277850060861864}, "Q1076355": {"object": 0.003858363158479454, "dictionary": 0.0, "combined": 0.003858363158479454}, "Q3807693": {"object": 0.0043588252173630375, "dictionary": 0.0, "combined": 0.0043588252173630375}, "Q95994246": {"object": 0.004359474173974678, "dictionary": 0.0, "combined": 0.004359474173974678}, "Q58006953": {"object": 0.004359474173974678, "dictionary": 0.0, "combined": 0.004359474173974678}, "Q723030": {"object": 0.004159914338250814, "dictionary": 0.0, "combined": 0.004159914338250814}, "Q27979156": {"object": 0.004159914338250814, "dictionary": 0.0, "combined": 0.004159914338250814}, "Q26549229": {"object": 0.005035449398308542, "dictionary": 0.0, "combined": 0.005035449398308542}, "Q47233167": {"object": 0.005763208852122548, "dictionary": 0.0, "combined": 0.005763208852122548}, "Q29650304": {"object": 0.005763208852122548, "dictionary": 0.0, "combined": 0.005763208852122548}, "Q1601331": {"object": 0.005763208852122548, "dictionary": 0.0, "combined": 0.005763208852122548}, "Q81526237": {"object": 0.005763208852122548, "dictionary": 0.0, "combined": 0.005763208852122548}, "Q28009496": {"object": 0.005763208852122548, "dictionary": 0.0, "combined": 0.005763208852122548}, "Q34747804": {"object": 0.005763208852122548, "dictionary": 0.0, "combined": 0.005763208852122548}, "Q28049770": {"object": 0.005763208852122548, "dictionary": 0.0, "combined": 0.005763208852122548}, "Q28755606": {"object": 0.005763208852122548, "dictionary": 0.0, "combined": 0.005763208852122548}, "Q81526528": {"object": 0.005763208852122548, "dictionary": 0.0, "combined": 0.005763208852122548}, "Q81526664": {"object": 0.005763208852122548, "dictionary": 0.0, "combined": 0.005763208852122548}, "Q28758112": {"object": 0.005763208852122548, "dictionary": 0.0, "combined": 0.005763208852122548}, "Q32097899": {"object": 0.005763208852122548, "dictionary": 0.0, "combined": 0.005763208852122548}, "Q66439259": {"object": 0.005763208852122548, "dictionary": 0.0, "combined": 0.005763208852122548}, "Q28207108": {"object": 0.005763208852122548, "dictionary": 0.0, "combined": 0.005763208852122548}, "Q32097740": {"object": 0.005763208852122548, "dictionary": 0.0, "combined": 0.005763208852122548}, "Q6912474": {"object": 0.005763208852122548, "dictionary": 0.0, "combined": 0.005763208852122548}, "Q28206109": {"object": 0.005407938435122348, "dictionary": 0.0, "combined": 0.005407938435122349}, "Q1676669": {"object": 0.0028722458677396, "dictionary": 0.0, "combined": 0.0028722458677396005}, "Q1343830": {"object": 0.0068408877146648285, "dictionary": 0.0, "combined": 0.006840887714664829}, "Q28600764": {"object": 0.007056089216725259, "dictionary": 0.0, "combined": 0.007056089216725259}, "Q942350": {"object": 0.006844862360401101, "dictionary": 0.0, "combined": 0.0068448623604011015}, "Q1882400": {"object": 0.007670789031981344, "dictionary": 0.0, "combined": 0.0076707890319813446}, "Q27979410": {"object": 0.007670789031981344, "dictionary": 0.0, "combined": 0.0076707890319813446}, "Q28055391": {"object": 0.007598307052594392, "dictionary": 0.0, "combined": 0.007598307052594394}, "Q66134804": {"object": 0.005956683165463503, "dictionary": 0.0, "combined": 0.005956683165463504}, "Q27526733": {"object": 0.007573653584626466, "dictionary": 0.0, "combined": 0.007573653584626467}, "Q673906": {"object": 0.010999824718486076, "dictionary": 0.0, "combined": 0.010999824718486078}, "Q1888930": {"object": 0.00793620008033014, "dictionary": 0.0, "combined": 0.00793620008033014}, "Q28786544": {"object": 0.00793620008033014, "dictionary": 0.0, "combined": 0.00793620008033014}, "Q8811": {"object": 0.00793620008033014, "dictionary": 0.0, "combined": 0.00793620008033014}, "Q2053": {"object": 0.00793620008033014, "dictionary": 0.0, "combined": 0.00793620008033014}, "Q29151645": {"object": 0.010999824718486076, "dictionary": 0.0, "combined": 0.010999824718486078}, "Q17073241": {"object": 0.010999824718486076, "dictionary": 0.0, "combined": 0.010999824718486078}, "Q288405": {"object": 0.010999824718486076, "dictionary": 0.0, "combined": 0.010999824718486078}, "Q166074": {"object": 0.0075128470500686415, "dictionary": 0.0, "combined": 0.007512847050068642}, "Q62626012": {"object": 0.00793620008033014, "dictionary": 0.0, "combined": 0.00793620008033014}, "Q777561": {"object": 0.01695044574965394, "dictionary": 0.0, "combined": 0.01695044574965394}, "Q26211936": {"object": 0.00811293397516827, "dictionary": 0.0, "combined": 0.008112933975168272}, "Q26211977": {"object": 0.00811293397516827, "dictionary": 0.0, "combined": 0.008112933975168272}, "Q26211940": {"object": 0.00811293397516827, "dictionary": 0.0, "combined": 0.008112933975168272}, "Q26211915": {"object": 0.00811293397516827, "dictionary": 0.0, "combined": 0.008112933975168272}, "Q10394822": {"object": 0.00811293397516827, "dictionary": 0.0, "combined": 0.008112933975168272}, "Q26211975": {"object": 0.00811293397516827, "dictionary": 0.0, "combined": 0.008112933975168272}, "Q26211905": {"object": 0.00811293397516827, "dictionary": 0.0, "combined": 0.008112933975168272}, "Q5532250": {"object": 0.00811293397516827, "dictionary": 0.0, "combined": 0.008112933975168272}, "Q26211927": {"object": 0.00811293397516827, "dictionary": 0.0, "combined": 0.008112933975168272}, "Q26211957": {"object": 0.00811293397516827, "dictionary": 0.0, "combined": 0.008112933975168272}, "Q26211948": {"object": 0.00811293397516827, "dictionary": 0.0, "combined": 0.008112933975168272}, "Q26211958": {"object": 0.00811293397516827, "dictionary": 0.0, "combined": 0.008112933975168272}, "Q26211874": {"object": 0.00811293397516827, "dictionary": 0.0, "combined": 0.008112933975168272}, "Q26211954": {"object": 0.00811293397516827, "dictionary": 0.0, "combined": 0.008112933975168272}, "Q26211891": {"object": 0.00811293397516827, "dictionary": 0.0, "combined": 0.008112933975168272}, "Q26211983": {"object": 0.00811293397516827, "dictionary": 0.0, "combined": 0.008112933975168272}, "Q26211840": {"object": 0.00811293397516827, "dictionary": 0.0, "combined": 0.008112933975168272}, "Q26211965": {"object": 0.00811293397516827, "dictionary": 0.0, "combined": 0.008112933975168272}, "Q26211978": {"object": 0.00811293397516827, "dictionary": 0.0, "combined": 0.008112933975168272}, "Q26211931": {"object": 0.00811293397516827, "dictionary": 0.0, "combined": 0.008112933975168272}, "Q218170": {"object": 0.014282177049765385, "dictionary": 0.0, "combined": 0.014282177049765385}, "Q28205883": {"object": 0.010286702467612876, "dictionary": 0.0, "combined": 0.010286702467612876}, "Q10287816": {"object": 0.012104426476027328, "dictionary": 0.0, "combined": 0.012104426476027328}, "Q28777715": {"object": 0.015962911309895314, "dictionary": 0.0, "combined": 0.015962911309895314}, "Q66244789": {"object": 0.015962911309895314, "dictionary": 0.0, "combined": 0.015962911309895314}, "Q28758002": {"object": 0.015962911309895314, "dictionary": 0.0, "combined": 0.015962911309895314}, "Q623334": {"object": 0.015962911309895314, "dictionary": 0.0, "combined": 0.015962911309895314}, "Q4042979": {"object": 0.011574583250362112, "dictionary": 0.0, "combined": 0.011574583250362114}, "Q47455565": {"object": 0.01166316096510104, "dictionary": 0.0, "combined": 0.011663160965101041}, "Q1882110": {"object": 0.01478810058875414, "dictionary": 0.0, "combined": 0.01478810058875414}, "Q47455466": {"object": 0.01166316096510104, "dictionary": 0.0, "combined": 0.011663160965101041}, "Q61727114": {"object": 0.029018109498300217, "dictionary": 0.0, "combined": 0.029018109498300217}, "Q5616826": {"object": 0.02861202335952044,