{"name": "Q28919163", "Q99184084": {"object": 0.0061815211555496016, "dictionary": 0.0033653728317588724, "combined": 0.00445762134315058}, "Q4045294": {"object": 0.005172032504887726, "dictionary": 0.00905544683249173, "combined": 0.007549257161085093}, "Q1144005": {"object": 0.0036340095525704105, "dictionary": 0.0, "combined": 0.0014094575525892066}, "Q1076355": {"object": 0.005081510949863794, "dictionary": 0.008846661594346227, "combined": 0.0073863407185388785}, "Q28858032": {"object": 0.005702572886549198, "dictionary": 0.0, "combined": 0.002211753796423591}, "Q3807693": {"object": 0.009567709224871405, "dictionary": 0.0, "combined": 0.0037108543147427913}, "Q95994246": {"object": 0.009569133697716748, "dictionary": 0.0, "combined": 0.0037114067992592135}, "Q58006953": {"object": 0.009569133697716748, "dictionary": 0.0, "combined": 0.0037114067992592135}, "Q723030": {"object": 0.009131095835229542, "dictionary": 0.004353394746836682, "combined": 0.006206435248143541}, "Q27979156": {"object": 0.009131095835229542, "dictionary": 0.0043551769915999945, "combined": 0.006207526245868045}, "Q47233167": {"object": 0.005060143846067951, "dictionary": 0.0, "combined": 0.001962586464854947}, "Q29650304": {"object": 0.005060143846067951, "dictionary": 0.0, "combined": 0.001962586464854947}, "Q1601331": {"object": 0.005060143846067951, "dictionary": 0.0, "combined": 0.001962586464854947}, "Q81526237": {"object": 0.005060143846067951, "dictionary": 0.0, "combined": 0.001962586464854947}, "Q28009496": {"object": 0.005060143846067951, "dictionary": 0.0, "combined": 0.001962586464854947}, "Q34747804": {"object": 0.005060143846067951, "dictionary": 0.0, "combined": 0.001962586464854947}, "Q28049770": {"object": 0.005060143846067951, "dictionary": 0.0, "combined": 0.001962586464854947}, "Q28755606": {"object": 0.005060143846067951, "dictionary": 0.0, "combined": 0.001962586464854947}, "Q81526528": {"object": 0.005060143846067951, "dictionary": 0.0, "combined": 0.001962586464854947}, "Q81526664": {"object": 0.005060143846067951, "dictionary": 0.0, "combined": 0.001962586464854947}, "Q28758112": {"object": 0.005060143846067951, "dictionary": 0.0, "combined": 0.001962586464854947}, "Q32097899": {"object": 0.005060143846067951, "dictionary": 0.0, "combined": 0.001962586464854947}, "Q66439259": {"object": 0.005060143846067951, "dictionary": 0.0, "combined": 0.001962586464854947}, "Q28207108": {"object": 0.005060143846067951, "dictionary": 0.0, "combined": 0.001962586464854947}, "Q32097740": {"object": 0.005060143846067951, "dictionary": 0.0, "combined": 0.001962586464854947}, "Q6912474": {"object": 0.005060143846067951, "dictionary": 0.0, "combined": 0.001962586464854947}, "Q16996920": {"object": 0.004261054362663905, "dictionary": 0.014400395917893247, "combined": 0.010467832910954728}, "Q66811836": {"object": 0.004261054362663905, "dictionary": 0.014400395917893247, "combined": 0.010467832910954728}, "Q28600763": {"object": 0.004261054362663905, "dictionary": 0.014400395917893247, "combined": 0.010467832910954728}, "Q1662484": {"object": 0.004261054362663905, "dictionary": 0.014400395917893247, "combined": 0.010467832910954728}, "Q684554": {"object": 0.004261054362663905, "dictionary": 0.014400395917893247, "combined": 0.010467832910954728}, "Q28206109": {"object": 0.0047482135550788495, "dictionary": 0.0, "combined": 0.0018416037051357374}, "Q1676669": {"object": 0.005043710066722251, "dictionary": 0.0, "combined": 0.001956212592117051}, "Q1343830": {"object": 0.003003177288834007, "dictionary": 0.0, "combined": 0.0011647880530521683}, "Q47512572": {"object": 0.009982166146560383, "dictionary": 0.03219178791202257, "combined": 0.023577743649167312}, "Q28205727": {"object": 0.010089159193906252, "dictionary": 0.0, "combined": 0.003913099682158988}, "Q4545483": {"object": 0.010089159193906252, "dictionary": 0.0, "combined": 0.003913099682158988}, "Q61777776": {"object": 0.019212188951516822, "dictionary": 0.0, "combined": 0.007451484215371126}, "Q28758102": {"object": 0.004349466626276253, "dictionary": 0.0, "combined": 0.0016869489464615222}, "Q194831": {"object": 0.0036004218286096686, "dictionary": 0.0, "combined": 0.0013964304896368642}, "Q1882400": {"object": 0.003367507313254017, "dictionary": 0.0, "combined": 0.0013060941495621728}, "Q27979410": {"object": 0.003367507313254017, "dictionary": 0.0, "combined": 0.0013060941495621728}, "Q28055391": {"object": 0.003335687432059652, "dictionary": 0.0, "combined": 0.001293752747806592}, "Q1141412": {"object": 0.00806088277025963, "dictionary": 0.014404189613989066, "combined": 0.011943925927295842}, "Q53756551": {"object": 0.007141504470942511, "dictionary": 0.0, "combined": 0.002769846162429559}, "Q53756539": {"object": 0.007141504470942511, "dictionary": 0.0, "combined": 0.002769846162429559}, "Q27979378": {"object": 0.007141504470942511, "dictionary": 0.0, "combined": 0.002769846162429559}, "Q28205580": {"object": 0.005258229307511901, "dictionary": 0.017088576925343005, "combined": 0.01250015398410069}, "Q28206771": {"object": 0.0051378292355016755, "dictionary": 0.01624012828452545, "combined": 0.011934080372603418}, "Q28205626": {"object": 0.005258229307511901, "dictionary": 0.017073151341528522, "combined": 0.012490711242459818}, "Q729366": {"object": 0.005258229307511901, "dictionary": 0.017088576925343005, "combined": 0.01250015398410069}, "Q66134804": {"object": 0.005230015853337634, "dictionary": 0.0, "combined": 0.002028471647641655}, "Q27526733": {"object": 0.006649728920440515, "dictionary": 0.0, "combined": 0.002579110074973904}, "Q939636": {"object": 0.010433960043137989, "dictionary": 0.0, "combined": 0.00404683135073567}, "Q27596243": {"object": 0.00877982959597317, "dictionary": 0.0, "combined": 0.0034052736943791673}, "Q48106551": {"object": 0.004866790774515284, "dictionary": 0.0, "combined": 0.0018875941063941758}, "Q58335773": {"object": 0.00510455849884066, "dictionary": 0.0, "combined": 0.001979812772846307}, "Q3509055": {"object": 0.005096915930418686, "dictionary": 0.0, "combined": 0.0019768485880725184}, "Q479833": {"object": 0.0034508371906521976, "dictionary": 0.0, "combined": 0.0013384138018239903}, "Q27967388": {"object": 0.011546314191778817, "dictionary": 0.022539813948885615, "combined": 0.018275964050339818}, "Q28771319": {"object": 0.008655498486884279, "dictionary": 0.027103088507400886, "combined": 0.019948155449204794}, "Q6043826": {"object": 0.008655498486884279, "dictionary": 0.027103088507400886, "combined": 0.019948155449204794}, "Q29000498": {"object": 0.008655498486884279, "dictionary": 0.027103088507400886, "combined": 0.019948155449204794}, "Q51954585": {"object": 0.004297454014967198, "dictionary": 0.0, "combined": 0.0016667757557258015}, "Q60628025": {"object": 0.004297454014967198, "dictionary": 0.0, "combined": 0.0016667757557258015}, "Q51954521": {"object": 0.004297454014967198, "dictionary": 0.0, "combined": 0.0016667757557258015}, "Q61971917": {"object": 0.004297454014967198, "dictionary": 0.0, "combined": 0.0016667757557258015}, "Q60628005": {"object": 0.004297454014967198, "dictionary": 0.0, "combined": 0.0016667757557258015}, "Q61971919": {"object": 0.004297454014967198, "dictionary": 0.0, "combined": 0.0016667757557258015}, "Q44933672": {"object": 0.004297454014967198, "dictionary": 0.0, "combined": 0.0016667757557258015}, "Q27487130": {"object": 0.004297454014967198, "dictionary": 0.0, "combined": 0.0016667757557258015}, "Q52834849": {"object": 0.004297454014967198, "dictionary": 0.0, "combined": 0.0016667757557258015}, "Q28858035": {"object": 0.0034621686415364605, "dictionary": 0.0, "combined": 0.00134280872671331}, "Q61641368": {"object": 0.0034621686415364605, "dictionary": 0.0, "combined": 0.00134280872671331}, "Q51801746": {"object": 0.0034621686415364605, "dictionary": 0.0, "combined": 0.00134280872671331}, "Q85621726": {"object": 0.0034621686415364605, "dictionary": 0.0, "combined": 0.00134280872671331},