{"name": "Q28919030", "Q99184084": {"object": 0.004909829169526541, "dictionary": 0.0, "combined": 0.0011857154558330058}, "Q28600412": {"object": 0.004830715447115927, "dictionary": 0.004822588167301231, "combined": 0.004824550891656282}, "Q28205439": {"object": 0.013148382918229135, "dictionary": 0.0, "combined": 0.0031753122780967037}, "Q1144005": {"object": 0.008659211375923176, "dictionary": 0.0, "combined": 0.0020911849290974798}, "Q1888930": {"object": 0.002075455387326807, "dictionary": 0.0, "combined": 0.0005012189723257885}, "Q28786544": {"object": 0.002075455387326807, "dictionary": 0.0, "combined": 0.0005012189723257885}, "Q8811": {"object": 0.002075455387326807, "dictionary": 0.0, "combined": 0.0005012189723257885}, "Q2053": {"object": 0.002075455387326807, "dictionary": 0.0, "combined": 0.0005012189723257885}, "Q166074": {"object": 0.001964741151482995, "dictionary": 0.0, "combined": 0.00047448167127353867}, "Q62626012": {"object": 0.002075455387326807, "dictionary": 0.0, "combined": 0.0005012189723257885}, "Q1884715": {"object": 0.015025442421370779, "dictionary": 0.0, "combined": 0.003628618979317001}, "Q27596243": {"object": 0.0017434003042714164, "dictionary": 0.0, "combined": 0.0004210282303320796}, "Q23014810": {"object": 0.022274934085297318, "dictionary": 0.024195504794866457, "combined": 0.02373169021074807}, "Q27979388": {"object": 0.008220919768825762, "dictionary": 0.0, "combined": 0.0019853382458925313}, "Q13454995": {"object": 0.012956686897248519, "dictionary": 0.0, "combined": 0.003129018012644628}, "Q27967532": {"object": 0.012956686897248519, "dictionary": 0.0, "combined": 0.003129018012644628}, "Q1109779": {"object": 0.03980186445091557, "dictionary": 0.06583177821943952, "combined": 0.059545597987161615}, "Q29000599": {"object": 0.024496880426919505, "dictionary": 0.0491473164336746, "combined": 0.04319427775207614}, "Q39184097": {"object": 0.03980186445091557, "dictionary": 0.06583177821943952, "combined": 0.059545597987161615}, "Q27979398": {"object": 0.19976601442256803, "dictionary": 0.0, "combined": 0.048243155244816635}, "Q27979399": {"object": 0.19976601442256803, "dictionary": 0.0, "combined": 0.048243155244816635}, "Q27966982": {"object": 0.19976601442256803, "dictionary": 0.2606956552902818, "combined": 0.2459812498800893}, "Q27959833": {"object": 0.08976656001518557, "dictionary": 0.5294753788749968, "combined": 0.4232864414219185}, "Q27978795": {"object": 0.08976656001518557, "dictionary": 0.0, "combined": 0.021678472702794768}, "type": "co-oc"}