{"name": "Q29000568", "Q99184084": {"object": 0.005408128806932432, "dictionary": 0.0, "combined": 0.0019676111661274206}, "Q28600412": {"object": 0.0021283943262050717, "dictionary": 0.004329004467331005, "combined": 0.003528368010517651}, "Q4045294": {"object": 0.004524940912798234, "dictionary": 0.009900148654124549, "combined": 0.00794451498679568}, "Q1144005": {"object": 0.00953803663437093, "dictionary": 0.027376303005111426, "combined": 0.020886300021004858}, "Q1076355": {"object": 0.0044457448351574195, "dictionary": 0.009671887704371005, "combined": 0.007770487528387681}, "Q28858032": {"object": 0.001496731043637585, "dictionary": 0.003010950201767928, "combined": 0.0024600397797228456}, "Q3807693": {"object": 0.0040179161787523236, "dictionary": 0.0077486848602927715, "combined": 0.006391338839497608}, "Q95994246": {"object": 0.004018514379675551, "dictionary": 0.007767774019261828, "combined": 0.0064037005300904065}, "Q58006953": {"object": 0.004018514379675551, "dictionary": 0.007767774019261828, "combined": 0.0064037005300904065}, "Q723030": {"object": 0.0038345623621938454, "dictionary": 0.007615174546947666, "combined": 0.006239694225550077}, "Q27979156": {"object": 0.0038345623621938454, "dictionary": 0.0076182921381029054, "combined": 0.006241677559850968}, "Q47233167": {"object": 0.0053124612558978785, "dictionary": 0.0, "combined": 0.0019328049423166342}, "Q29650304": {"object": 0.0053124612558978785, "dictionary": 0.0, "combined": 0.0019328049423166342}, "Q1601331": {"object": 0.0053124612558978785, "dictionary": 0.0, "combined": 0.0019328049423166342}, "Q81526237": {"object": 0.0053124612558978785, "dictionary": 0.0, "combined": 0.0019328049423166342}, "Q28009496": {"object": 0.0053124612558978785, "dictionary": 0.0, "combined": 0.0019328049423166342}, "Q34747804": {"object": 0.0053124612558978785, "dictionary": 0.0, "combined": 0.0019328049423166342}, "Q28049770": {"object": 0.0053124612558978785, "dictionary": 0.0, "combined": 0.0019328049423166342}, "Q28755606": {"object": 0.0053124612558978785, "dictionary": 0.0, "combined": 0.0019328049423166342}, "Q81526528": {"object": 0.0053124612558978785, "dictionary": 0.0, "combined": 0.0019328049423166342}, "Q81526664": {"object": 0.0053124612558978785, "dictionary": 0.0, "combined": 0.0019328049423166342}, "Q28758112": {"object": 0.0053124612558978785, "dictionary": 0.0, "combined": 0.0019328049423166342}, "Q32097899": {"object": 0.0053124612558978785, "dictionary": 0.0, "combined": 0.0019328049423166342}, "Q66439259": {"object": 0.0053124612558978785, "dictionary": 0.0, "combined": 0.0019328049423166342}, "Q28207108": {"object": 0.0053124612558978785, "dictionary": 0.0, "combined": 0.0019328049423166342}, "Q32097740": {"object": 0.0053124612558978785, "dictionary": 0.0, "combined": 0.0019328049423166342}, "Q6912474": {"object": 0.0053124612558978785, "dictionary": 0.0, "combined": 0.0019328049423166342}, "Q16996920": {"object": 0.0044735262276223145, "dictionary": 0.0, "combined": 0.0016275796068596698}, "Q66811836": {"object": 0.0044735262276223145, "dictionary": 0.0, "combined": 0.0016275796068596698}, "Q28600763": {"object": 0.0044735262276223145, "dictionary": 0.0, "combined": 0.0016275796068596698}, "Q1662484": {"object": 0.0044735262276223145, "dictionary": 0.0, "combined": 0.0016275796068596698}, "Q684554": {"object": 0.0044735262276223145, "dictionary": 0.0, "combined": 0.0016275796068596698}, "Q28206109": {"object": 0.004984976971689588, "dictionary": 0.0, "combined": 0.0018136580511565155}, "Q1676669": {"object": 0.005295208027784641, "dictionary": 0.0, "combined": 0.0019265277907362514}, "Q28445577": {"object": 0.011624081473007416, "dictionary": 0.017599168394646505, "combined": 0.015425283828411946}, "Q1343830": {"object": 0.007882316924607074, "dictionary": 0.0037349656941394207, "combined": 0.005243874760887249}, "Q47512572": {"object": 0.013099892146530824, "dictionary": 0.0, "combined": 0.004766065118408151}, "Q28758102": {"object": 0.009132694104681848, "dictionary": 0.0, "combined": 0.0033227002423026016}, "Q194831": {"object": 0.007559904244319385, "dictionary": 0.0, "combined": 0.002750480348565179}, "Q1882400": {"object": 0.008838559077977688, "dictionary": 0.004159212772467471, "combined": 0.005861674819801996}, "Q27979410": {"object": 0.008838559077977688, "dictionary": 0.004159212772467471, "combined": 0.005861674819801996}, "Q28055391": {"object": 0.008755042733801179, "dictionary": 0.00406337374527808, "combined": 0.005770319089804365}, "Q1141412": {"object": 0.007052356729380217, "dictionary": 0.012598262332810745, "combined": 0.010580524556741012}, "Q28205580": {"object": 0.0055204239880434, "dictionary": 0.014946094210729198, "combined": 0.011516802002559539}, "Q28206771": {"object": 0.0053940203249817935, "dictionary": 0.014204019936550292, "combined": 0.010998723940811457}, "Q28205626": {"object": 0.0055204239880434, "dictionary": 0.014932602611636191, "combined": 0.011508218981270796}, "Q729366": {"object": 0.0055204239880434, "dictionary": 0.014946094210729198, "combined": 0.011516802002559539}, "Q29904539": {"object": 0.0020677878171698715, "dictionary": 0.0, "combined": 0.0007523124066553904}, "Q28755628": {"object": 0.0020677878171698715, "dictionary": 0.0, "combined": 0.0007523124066553904}, "Q58103465": {"object": 0.0020677878171698715, "dictionary": 0.0, "combined": 0.0007523124066553904}, "Q27526733": {"object": 0.0069813088968833795, "dictionary": 0.0, "combined": 0.0025399730350512827}, "Q27596243": {"object": 0.006145082825163444, "dictionary": 0.0, "combined": 0.0022357332850634695}, "Q48106551": {"object": 0.010218933776068187, "dictionary": 0.0, "combined": 0.0037179011302272075}, "Q58335745": {"object": 0.003022995428183662, "dictionary": 0.0, "combined": 0.0010998405866409367}, "Q34310996": {"object": 0.003022995428183662, "dictionary": 0.0, "combined": 0.0010998405866409367}, "Q5924007": {"object": 0.0075463296138824154, "dictionary": 0.0, "combined": 0.0027455415619021106}, "Q34746472": {"object": 0.009378694139017697, "dictionary": 0.0, "combined": 0.0034122011457955958}, "Q27826464": {"object": 0.007618679568388747, "dictionary": 0.0, "combined": 0.002771864266748376}, "Q27826469": {"object": 0.007618679568388747, "dictionary": 0.0, "combined": 0.002771864266748376}, "Q27826466": {"object": 0.007618679568388747, "dictionary": 0.0, "combined": 0.002771864266748376}, "Q27826468": {"object": 0.007618679568388747, "dictionary": 0.0, "combined": 0.002771864266748376}, "Q27967388": {"object": 0.008081370630061346, "dictionary": 0.0, "combined": 0.0029402027312922237}, "Q51954585": {"object": 0.002255870450328839, "dictionary": 0.0027944255696441198, "combined": 0.002598485882523228}, "Q60628025": {"object": 0.002255870450328839, "dictionary": 0.0027944255696441198, "combined": 0.002598485882523228}, "Q51954521": {"object": 0.002255870450328839, "dictionary": 0.0027944255696441198, "combined": 0.002598485882523228}, "Q61971917": {"object": 0.002255870450328839, "dictionary": 0.0027944255696441198, "combined": 0.002598485882523228}, "Q60628005": {"object": 0.002255870450328839, "dictionary": 0.0027944255696441198, "combined": 0.002598485882523228}, "Q61971919": {"object": 0.002255870450328839, "dictionary": 0.0027944255696441198, "combined": 0.002598485882523228}, "Q44933672": {"object": 0.002255870450328839, "dictionary": 0.0027944255696441198, "combined": 0.002598485882523228}, "Q27487130": {"object": 0.002255870450328839, "dictionary": 0.0027944255696441198, "combined": 0.002598485882523228}, "Q52834849": {"object": 0.002255870450328839, "dictionary": 0.0027944255696441198, "combined": 0.002598485882523228}, "Q28858035": {"object": 0.0018174025609804818, "dictionary": 0.0032557931701621768, "combined": 0.002732471051752049}, "Q61641368": {"object": 0.0018174025609804818, "dictionary": 0.0032557931701621768, "combined": 0.002732471051752049}, "Q51801746": {"object": 0.0018174025609804818, "dictionary": 0.0032557931701621768,