{"name": "Q29000691", "Q27866062": {"object": 0.006711956024838985, "dictionary": 0.0, "combined": 0.003374709234766397}, "Q28207379": {"object": 0.0066059976724486035, "dictionary": 0.0, "combined": 0.0033214343579660785}, "Q27231634": {"object": 0.006711956024838985, "dictionary": 0.0, "combined": 0.003374709234766397}, "Q27866063": {"object": 0.006711956024838985, "dictionary": 0.0, "combined": 0.003374709234766397}, "Q28205771": {"object": 0.006637423477207082, "dictionary": 0.0, "combined": 0.003337234961119009}, "Q7670377": {"object": 0.006637423477207082, "dictionary": 0.0, "combined": 0.003337234961119009}, "Q27866059": {"object": 0.006711956024838985, "dictionary": 0.0, "combined": 0.003374709234766397}, "Q28207384": {"object": 0.006637423477207082, "dictionary": 0.0, "combined": 0.003337234961119009}, "Q28205372": {"object": 0.006711956024838985, "dictionary": 0.0, "combined": 0.003374709234766397}, "Q27231651": {"object": 0.006711956024838985, "dictionary": 0.0, "combined": 0.003374709234766397}, "Q27231654": {"object": 0.006711956024838985, "dictionary": 0.0, "combined": 0.003374709234766397}, "Q1502796": {"object": 0.006711956024838985, "dictionary": 0.0, "combined": 0.003374709234766397}, "Q99184084": {"object": 0.0022470957176795115, "dictionary": 0.0, "combined": 0.001129818884657992}, "Q28600412": {"object": 0.004421775023015406, "dictionary": 0.0, "combined": 0.0022232274688640348}, "Q4045294": {"object": 0.001880128175732034, "dictionary": 0.0165167351779204, "combined": 0.009157584934215326}, "Q28205439": {"object": 0.006017658441833781, "dictionary": 0.0, "combined": 0.003025622849758405}, "Q28018471": {"object": 0.007149674944280636, "dictionary": 0.0, "combined": 0.003594790247544955}, "Q336284": {"object": 0.006242566063761182, "dictionary": 0.0, "combined": 0.0031387043160074272}, "Q28018470": {"object": 0.0073183822997212955, "dictionary": 0.0, "combined": 0.0036796147410713812}, "Q1076355": {"object": 0.0018472219389768054, "dictionary": 0.0, "combined": 0.0009287660576229208}, "Q28858032": {"object": 0.0031094839257200624, "dictionary": 0.0, "combined": 0.001563419676864897}, "Q3807693": {"object": 0.0020868221157418097, "dictionary": 0.008079612001665324, "combined": 0.00506649283115856}, "Q95994246": {"object": 0.0020871328088625, "dictionary": 0.0, "combined": 0.0010493910177877212}, "Q58006953": {"object": 0.0020871328088625, "dictionary": 0.0, "combined": 0.0010493910177877212}, "Q723030": {"object": 0.0019915919560328245, "dictionary": 0.0, "combined": 0.0010013539631424622}, "Q27979156": {"object": 0.0019915919560328245, "dictionary": 0.0, "combined": 0.0010013539631424622}, "Q47233167": {"object": 0.002759181910378173, "dictionary": 0.008894832819458272, "combined": 0.005809884451568429}, "Q29650304": {"object": 0.002759181910378173, "dictionary": 0.008894832819458272, "combined": 0.005809884451568429}, "Q1601331": {"object": 0.002759181910378173, "dictionary": 0.008894832819458272, "combined": 0.005809884451568429}, "Q81526237": {"object": 0.002759181910378173, "dictionary": 0.008894832819458272, "combined": 0.005809884451568429}, "Q28009496": {"object": 0.002759181910378173, "dictionary": 0.008894832819458272, "combined": 0.005809884451568429}, "Q34747804": {"object": 0.002759181910378173, "dictionary": 0.008894832819458272, "combined": 0.005809884451568429}, "Q28049770": {"object": 0.002759181910378173, "dictionary": 0.008894832819458272, "combined": 0.005809884451568429}, "Q28755606": {"object": 0.002759181910378173, "dictionary": 0.008894832819458272, "combined": 0.005809884451568429}, "Q81526528": {"object": 0.002759181910378173, "dictionary": 0.008894832819458272, "combined": 0.005809884451568429}, "Q81526664": {"object": 0.002759181910378173, "dictionary": 0.008894832819458272, "combined": 0.005809884451568429}, "Q28758112": {"object": 0.002759181910378173, "dictionary": 0.008894832819458272, "combined": 0.005809884451568429}, "Q32097899": {"object": 0.002759181910378173, "dictionary": 0.008894832819458272, "combined": 0.005809884451568429}, "Q66439259": {"object": 0.002759181910378173, "dictionary": 0.008894832819458272, "combined": 0.005809884451568429}, "Q28207108": {"object": 0.002759181910378173, "dictionary": 0.008894832819458272, "combined": 0.005809884451568429}, "Q32097740": {"object": 0.002759181910378173, "dictionary": 0.008894832819458272, "combined": 0.005809884451568429}, "Q6912474": {"object": 0.002759181910378173, "dictionary": 0.008894832819458272, "combined": 0.005809884451568429}, "Q16996920": {"object": 0.0023234565012882364, "dictionary": 0.0, "combined": 0.0011682123783973294}, "Q66811836": {"object": 0.0023234565012882364, "dictionary": 0.0, "combined": 0.0011682123783973294}, "Q28600763": {"object": 0.0023234565012882364, "dictionary": 0.0, "combined": 0.0011682123783973294}, "Q1662484": {"object": 0.0023234565012882364, "dictionary": 0.0, "combined": 0.0011682123783973294}, "Q684554": {"object": 0.0023234565012882364, "dictionary": 0.0, "combined": 0.0011682123783973294}, "Q28206109": {"object": 0.0025890933827832654, "dictionary": 0.0, "combined": 0.0013017721385862118}, "Q1676669": {"object": 0.0027502209424552873, "dictionary": 0.0, "combined": 0.0013827855811040495}, "Q47512572": {"object": 0.005443049268131209, "dictionary": 0.0, "combined": 0.0027367146868176213}, "Q194831": {"object": 0.003926457065820376, "dictionary": 0.0, "combined": 0.001974186194143855}, "Q1141412": {"object": 0.002930277952297405, "dictionary": 0.0, "combined": 0.0014733165755935723}, "Q28206359": {"object": 0.0038242082993773944, "dictionary": 0.0, "combined": 0.0019227764627508547}, "Q28206497": {"object": 0.004885011409936933, "dictionary": 0.0, "combined": 0.0024561384276126663}, "Q26385770": {"object": 0.004885011409936933, "dictionary": 0.0, "combined": 0.0024561384276126663}, "Q17092932": {"object": 0.004885011409936933, "dictionary": 0.0, "combined": 0.0024561384276126663}, "Q1952321": {"object": 0.004885011409936933, "dictionary": 0.0, "combined": 0.0024561384276126663}, "Q26329648": {"object": 0.004885011409936933, "dictionary": 0.0, "combined": 0.0024561384276126663}, "Q28206262": {"object": 0.004885011409936933, "dictionary": 0.0, "combined": 0.0024561384276126663}, "Q28205580": {"object": 0.002867193429131689, "dictionary": 0.0, "combined": 0.0014415982624654284}, "Q28206771": {"object": 0.002801541994942326, "dictionary": 0.0, "combined": 0.0014085893302831264}, "Q28205626": {"object": 0.002867193429131689, "dictionary": 0.0, "combined": 0.0014415982624654284}, "Q729366": {"object": 0.002867193429131689, "dictionary": 0.0, "combined": 0.0014415982624654284}, "Q66134804": {"object": 0.002851809271140329, "dictionary": 0.0, "combined": 0.001433863250518029}, "Q939636": {"object": 0.005689402254247378, "dictionary": 0.0, "combined": 0.0028605786832713903}, "Q27596243": {"object": 0.0031916282401387368, "dictionary": 0.016643410369976006, "combined": 0.009879979082638811}, "Q2193155": {"object": 0.007303911379805924, "dictionary": 0.0, "combined": 0.003672338896758152}, "Q26211936": {"object": 0.0038841314341978984, "dictionary": 0.0, "combined": 0.0019529052591414355}, "Q26211977": {"object": 0.0038841314341978984, "dictionary": 0.0, "combined": 0.0019529052591414355}, "Q26211940": {"object": 0.0038841314341978984, "dictionary": 0.0, "combined": 0.0019529052591414355}, "Q26211915": {"object": 0.0038841314341978984, "dictionary": 0.0, "combined": 0.0019529052591414355}, "Q10394822": {"object": 0.0038841314341978984, "dictionary": 0.0, "combined": 0.0019529052591414355}, "Q26211975": {"object": 0.0038841314341978984, "dictionary": 0.0, "combined": 0.0019529052591414355}, "Q26211905": {"object": 0.0038841314341978984, "dictionary": 0.0, "combined": 0.0019529052591414355}, "Q5532250": {"object": 0.0038841314341978984, "dictionary": 0.0, "combined": 0.0019529052591414355}, "Q26211927": {"object": 0.0038841314341978984, "dictionary": 0.0, "combined": 0.0019529052591414355},