{"name": "Q29000735", "Q99184084": {"object": 0.001831361952313417, "dictionary": 0.00526588036084534, "combined": 0.003751113271254517}, "Q4045294": {"object": 0.0015322868444890875, "dictionary": 0.0, "combined": 0.0006758029533570557}, "Q1144005": {"object": 0.003229878210291058, "dictionary": 0.0, "combined": 0.0014245121540713216}, "Q2693033": {"object": 0.02699473487733909, "dictionary": 0.0, "combined": 0.011905813601942986}, "Q1076355": {"object": 0.0015054685698988202, "dictionary": 0.0, "combined": 0.0006639749661644318}, "Q28858032": {"object": 0.0025342002604029986, "dictionary": 0.0, "combined": 0.001117688914799505}, "Q3807693": {"object": 0.001700740468662494, "dictionary": 0.0, "combined": 0.0007500980875413122}, "Q95994246": {"object": 0.001700993680644343, "dictionary": 0.0, "combined": 0.0007502097646765525}, "Q58006953": {"object": 0.001700993680644343, "dictionary": 0.0, "combined": 0.0007502097646765525}, "Q723030": {"object": 0.0016231287809041007, "dictionary": 0.0, "combined": 0.0007158680685401137}, "Q27979156": {"object": 0.0016231287809041007, "dictionary": 0.0, "combined": 0.0007158680685401137}, "Q26549229": {"object": 0.001964747871855828, "dictionary": 0.0, "combined": 0.0008665364576988737}, "Q47233167": {"object": 0.0022487074005891183, "dictionary": 0.0, "combined": 0.000991774554496488}, "Q29650304": {"object": 0.0022487074005891183, "dictionary": 0.0, "combined": 0.000991774554496488}, "Q1601331": {"object": 0.0022487074005891183, "dictionary": 0.0, "combined": 0.000991774554496488}, "Q81526237": {"object": 0.0022487074005891183, "dictionary": 0.0, "combined": 0.000991774554496488}, "Q28009496": {"object": 0.0022487074005891183, "dictionary": 0.0, "combined": 0.000991774554496488}, "Q34747804": {"object": 0.0022487074005891183, "dictionary": 0.0, "combined": 0.000991774554496488}, "Q28049770": {"object": 0.0022487074005891183, "dictionary": 0.0, "combined": 0.000991774554496488}, "Q28755606": {"object": 0.0022487074005891183, "dictionary": 0.0, "combined": 0.000991774554496488}, "Q81526528": {"object": 0.0022487074005891183, "dictionary": 0.0, "combined": 0.000991774554496488}, "Q81526664": {"object": 0.0022487074005891183, "dictionary": 0.0, "combined": 0.000991774554496488}, "Q28758112": {"object": 0.0022487074005891183, "dictionary": 0.0, "combined": 0.000991774554496488}, "Q32097899": {"object": 0.0022487074005891183, "dictionary": 0.0, "combined": 0.000991774554496488}, "Q66439259": {"object": 0.0022487074005891183, "dictionary": 0.0, "combined": 0.000991774554496488}, "Q28207108": {"object": 0.0022487074005891183, "dictionary": 0.0, "combined": 0.000991774554496488}, "Q32097740": {"object": 0.0022487074005891183, "dictionary": 0.0, "combined": 0.000991774554496488}, "Q6912474": {"object": 0.0022487074005891183, "dictionary": 0.0, "combined": 0.000991774554496488}, "Q16996920": {"object": 0.0018935952753755373, "dictionary": 0.0, "combined": 0.0008351551696500054}, "Q66811836": {"object": 0.0018935952753755373, "dictionary": 0.0, "combined": 0.0008351551696500054}, "Q28600763": {"object": 0.0018935952753755373, "dictionary": 0.0, "combined": 0.0008351551696500054}, "Q1662484": {"object": 0.0018935952753755373, "dictionary": 0.0, "combined": 0.0008351551696500054}, "Q684554": {"object": 0.0018935952753755373, "dictionary": 0.0, "combined": 0.0008351551696500054}, "Q28206109": {"object": 0.0021100868445035094, "dictionary": 0.0, "combined": 0.0009306370582531602}, "Q1676669": {"object": 0.0022414042957054417, "dictionary": 0.0, "combined": 0.0009885535780410576}, "Q47512572": {"object": 0.004436034146563481, "dictionary": 0.0, "combined": 0.0019564776583590234}, "Q283579": {"object": 0.006695282121159027, "dictionary": 0.0, "combined": 0.002952901049376716}, "Q47455968": {"object": 0.0050808696189236936, "dictionary": 0.021392337903217956, "combined": 0.01419829425547555}, "Q1141412": {"object": 0.0023881490714076073, "dictionary": 0.0, "combined": 0.001053274196876827}, "Q5448342": {"object": 0.0037499243398369897, "dictionary": 0.0, "combined": 0.0016538743727009743}, "Q29904540": {"object": 0.0037499243398369897, "dictionary": 0.0, "combined": 0.0016538743727009743}, "Q5421818": {"object": 0.0037499243398369897, "dictionary": 0.0, "combined": 0.0016538743727009743}, "Q50223812": {"object": 0.0037499243398369897, "dictionary": 0.0, "combined": 0.0016538743727009743}, "Q5153426": {"object": 0.0037499243398369897, "dictionary": 0.0, "combined": 0.0016538743727009743}, "Q66134804": {"object": 0.002324197831596746, "dictionary": 0.0, "combined": 0.0010250690100409147}, "Q29944987": {"object": 0.004216190665223161, "dictionary": 0.0, "combined": 0.001859517435473586}, "Q29944777": {"object": 0.004216190665223161, "dictionary": 0.0, "combined": 0.001859517435473586}, "Q29944782": {"object": 0.004216190665223161, "dictionary": 0.0, "combined": 0.001859517435473586}, "Q29944783": {"object": 0.004216190665223161, "dictionary": 0.0, "combined": 0.001859517435473586}, "Q29944780": {"object": 0.004216190665223161, "dictionary": 0.0, "combined": 0.001859517435473586}, "Q29944776": {"object": 0.004216190665223161, "dictionary": 0.0, "combined": 0.001859517435473586}, "Q29944786": {"object": 0.004216190665223161, "dictionary": 0.0, "combined": 0.001859517435473586}, "Q29944773": {"object": 0.004216190665223161, "dictionary": 0.0, "combined": 0.001859517435473586}, "Q29944785": {"object": 0.004216190665223161, "dictionary": 0.0, "combined": 0.001859517435473586}, "Q29944758": {"object": 0.004216190665223161, "dictionary": 0.0, "combined": 0.001859517435473586}, "Q29944779": {"object": 0.004216190665223161, "dictionary": 0.0, "combined": 0.001859517435473586}, "Q27526733": {"object": 0.0029551125600758804, "dictionary": 0.0, "combined": 0.0013033289444364425}, "Q1888930": {"object": 0.0030965721199955674, "dictionary": 0.0, "combined": 0.0013657185607919818}, "Q28786544": {"object": 0.0030965721199955674, "dictionary": 0.0, "combined": 0.0013657185607919818}, "Q8811": {"object": 0.0030965721199955674, "dictionary": 0.0, "combined": 0.0013657185607919818}, "Q2053": {"object": 0.0030965721199955674, "dictionary": 0.0, "combined": 0.0013657185607919818}, "Q166074": {"object": 0.002931386870486478, "dictionary": 0.0, "combined": 0.0012928649173173576}, "Q62626012": {"object": 0.0030965721199955674, "dictionary": 0.0, "combined": 0.0013657185607919818}, "Q60615282": {"object": 0.006953371364022016, "dictionary": 0.0, "combined": 0.003066729261883918}, "Q27526866": {"object": 0.006953371364022016, "dictionary": 0.0, "combined": 0.003066729261883918}, "Q777561": {"object": 0.006613779541668547, "dictionary": 0.0, "combined": 0.002916954983453106}, "Q2193155": {"object": 0.005952619329388666, "dictionary": 0.0, "combined": 0.0026253555184391625}, "Q26211936": {"object": 0.003165530720569461, "dictionary": 0.007459158345220809, "combined": 0.005565487953289519}, "Q26211977": {"object": 0.003165530720569461, "dictionary": 0.007459158345220809, "combined": 0.005565487953289519}, "Q26211940": {"object": 0.003165530720569461, "dictionary": 0.007459158345220809, "combined": 0.005565487953289519}, "Q26211915": {"object": 0.003165530720569461, "dictionary": 0.007459158345220809, "combined": 0.005565487953289519}, "Q10394822": {"object": 0.003165530720569461, "dictionary": 0.007459158345220809, "combined": 0.005565487953289519}, "Q26211975": {"object": 0.003165530720569461, "dictionary": 0.007459158345220809, "combined": 0.005565487953289519}, "Q26211905": {"object": 0.003165530720569461, "dictionary": 0.007459158345220809, "combined": 0.005565487953289519}, "Q5532250": {"object": 0.003165530720569461, "dictionary": 0.007459158345220809, "combined": 0.005565487953289519}, "Q26211927": {"object": 0.003165530720569461, "dictionary": 0.007459158345220809, "combined": 0.005565487953289519}, "Q26211957": {"object": 0.003165530720569461, "dictionary": 0.007459158345220809, "combined": 0.005565487953289519},