{"name": "Q29000565", "Q99184084": {"object": 0.0036978100577868644, "dictionary": 0.003529229910403772, "combined": 0.003579300882120557}, "Q79241659": {"object": 0.0032351399781355935, "dictionary": 0.00399667842898518, "combined": 0.0037704894569997515}, "Q28600412": {"object": 0.0024254840036011804, "dictionary": 0.0034603635132070777, "combined": 0.0031529879208841943}, "Q4045294": {"object": 0.0030939300108363045, "dictionary": 0.0015827247782527777, "combined": 0.0020315766486156336}, "Q28205439": {"object": 0.0033008767324959826, "dictionary": 0.0, "combined": 0.0009804126291206206}, "Q1144005": {"object": 0.004347757367626008, "dictionary": 0.004376616414248917, "combined": 0.004368044820679567}, "Q1076355": {"object": 0.003039779663665933, "dictionary": 0.0015462329765936244, "combined": 0.0019898399794760734}, "Q3807693": {"object": 0.003434064578419844, "dictionary": 0.0030969321663034204, "combined": 0.003197065828148741}, "Q95994246": {"object": 0.0034345758535460143, "dictionary": 0.00310456156813158, "combined": 0.003202581033695165}, "Q58006953": {"object": 0.0034345758535460143, "dictionary": 0.00310456156813158, "combined": 0.003202581033695165}, "Q723030": {"object": 0.0032773542791629086, "dictionary": 0.003043571835952331, "combined": 0.0031130089214193215}, "Q27979156": {"object": 0.0032773542791629086, "dictionary": 0.003044817849760367, "combined": 0.0031138848494069965}, "Q26549229": {"object": 0.0013223791237965774, "dictionary": 0.0, "combined": 0.00039276752769718974}, "Q47233167": {"object": 0.004540496668293308, "dictionary": 0.0, "combined": 0.0013485993682377773}, "Q29650304": {"object": 0.004540496668293308, "dictionary": 0.0, "combined": 0.0013485993682377773}, "Q1601331": {"object": 0.004540496668293308, "dictionary": 0.0, "combined": 0.0013485993682377773}, "Q81526237": {"object": 0.004540496668293308, "dictionary": 0.0, "combined": 0.0013485993682377773}, "Q28009496": {"object": 0.004540496668293308, "dictionary": 0.0, "combined": 0.0013485993682377773}, "Q34747804": {"object": 0.004540496668293308, "dictionary": 0.0, "combined": 0.0013485993682377773}, "Q28049770": {"object": 0.004540496668293308, "dictionary": 0.0, "combined": 0.0013485993682377773}, "Q28755606": {"object": 0.004540496668293308, "dictionary": 0.0, "combined": 0.0013485993682377773}, "Q81526528": {"object": 0.004540496668293308, "dictionary": 0.0, "combined": 0.0013485993682377773}, "Q81526664": {"object": 0.004540496668293308, "dictionary": 0.0, "combined": 0.0013485993682377773}, "Q28758112": {"object": 0.004540496668293308, "dictionary": 0.0, "combined": 0.0013485993682377773}, "Q32097899": {"object": 0.004540496668293308, "dictionary": 0.0, "combined": 0.0013485993682377773}, "Q66439259": {"object": 0.004540496668293308, "dictionary": 0.0, "combined": 0.0013485993682377773}, "Q28207108": {"object": 0.004540496668293308, "dictionary": 0.0, "combined": 0.0013485993682377773}, "Q32097740": {"object": 0.004540496668293308, "dictionary": 0.0, "combined": 0.0013485993682377773}, "Q6912474": {"object": 0.004540496668293308, "dictionary": 0.0, "combined": 0.0013485993682377773}, "Q16996920": {"object": 0.003823469001207583, "dictionary": 0.0025169231135144664, "combined": 0.0029049879195126413}, "Q66811836": {"object": 0.003823469001207583, "dictionary": 0.0025169231135144664, "combined": 0.0029049879195126413}, "Q28600763": {"object": 0.003823469001207583, "dictionary": 0.0025169231135144664, "combined": 0.0029049879195126413}, "Q1662484": {"object": 0.003823469001207583, "dictionary": 0.0025169231135144664, "combined": 0.0029049879195126413}, "Q684554": {"object": 0.003823469001207583, "dictionary": 0.0025169231135144664, "combined": 0.0029049879195126413}, "Q28206109": {"object": 0.002840399862536651, "dictionary": 0.0025759369254282683, "combined": 0.00265448660313142}, "Q1676669": {"object": 0.0030171670279802117, "dictionary": 0.0, "combined": 0.0008961463568987511}, "Q29650301": {"object": 0.003312514036210755, "dictionary": 0.005672438352880372, "combined": 0.00497150348274294}, "Q28758103": {"object": 0.003312514036210755, "dictionary": 0.005672438352880372, "combined": 0.00497150348274294}, "Q29209269": {"object": 0.003312514036210755, "dictionary": 0.005672438352880372, "combined": 0.00497150348274294}, "Q1343830": {"object": 0.0017965123639506677, "dictionary": 0.0029855222161617543, "combined": 0.0026323674728232706}, "Q47512572": {"object": 0.005971370710607664, "dictionary": 0.005626529681760228, "combined": 0.005728952924770981}, "Q61777776": {"object": 0.005746403170782654, "dictionary": 0.0, "combined": 0.0017067726841147495}, "Q28600764": {"object": 0.003706054549561334, "dictionary": 0.0, "combined": 0.0011007568531201692}, "Q942350": {"object": 0.0035951123225251235, "dictionary": 0.0, "combined": 0.0010678052559222875}, "Q28758102": {"object": 0.0026018678949619547, "dictionary": 0.0, "combined": 0.0007727959418815677}, "Q194831": {"object": 0.004307572752753761, "dictionary": 0.003701258661112284, "combined": 0.0038813435418371734}, "Q27473691": {"object": 0.003451555482230154, "dictionary": 0.0, "combined": 0.0010251666024287307}, "Q47455968": {"object": 0.003419693697619635, "dictionary": 0.0, "combined": 0.001015703148155825}, "Q28206310": {"object": 0.003451555482230154, "dictionary": 0.0, "combined": 0.0010251666024287307}, "Q3928271": {"object": 0.00303236167887838, "dictionary": 0.0, "combined": 0.0009006594086855649}, "Q1882400": {"object": 0.002014456005127815, "dictionary": 0.0033246415498352994, "combined": 0.002935495708102762}, "Q27979410": {"object": 0.002014456005127815, "dictionary": 0.0033246415498352994, "combined": 0.002935495708102762}, "Q28055391": {"object": 0.001995421228127582, "dictionary": 0.0032480332036600654, "combined": 0.002875987623129963}, "Q1141412": {"object": 0.0048220515035763386, "dictionary": 0.005035172362982923, "combined": 0.004971872094895282}, "Q28205580": {"object": 0.004718239911387571, "dictionary": 0.005973534961913486, "combined": 0.0056006924656480765}, "Q28206771": {"object": 0.004610204222590008, "dictionary": 0.005676948672636511, "combined": 0.005360108688709242}, "Q28205626": {"object": 0.004718239911387571, "dictionary": 0.005968142747884998, "combined": 0.0055969018245230545}, "Q729366": {"object": 0.004718239911387571, "dictionary": 0.005973534961913486, "combined": 0.0056006924656480765}, "Q29904539": {"object": 0.0023564177989185684, "dictionary": 0.0, "combined": 0.0006998933788713333}, "Q28755628": {"object": 0.0023564177989185684, "dictionary": 0.0, "combined": 0.0006998933788713333}, "Q58103465": {"object": 0.0023564177989185684, "dictionary": 0.0, "combined": 0.0006998933788713333}, "Q66134804": {"object": 0.003128615875963489, "dictionary": 0.002686242265911536, "combined": 0.0028176342290875326}, "Q27526733": {"object": 0.003977893768346226, "dictionary": 0.003040810413228148, "combined": 0.003319138999949344}, "Q1888930": {"object": 0.0041683132838258915, "dictionary": 0.002281190156039321, "combined": 0.002841695590542035}, "Q28786544": {"object": 0.0041683132838258915, "dictionary": 0.002281190156039321, "combined": 0.002841695590542035}, "Q8811": {"object": 0.0041683132838258915, "dictionary": 0.002281190156039321, "combined": 0.002841695590542035}, "Q2053": {"object": 0.0041683132838258915, "dictionary": 0.002281190156039321, "combined": 0.002841695590542035}, "Q166074": {"object": 0.003945956483099475, "dictionary": 0.0017068962524737499, "combined": 0.0023719325762649964}, "Q62626012": {"object": 0.0041683132838258915, "dictionary": 0.002281190156039321, "combined": 0.002841695590542035}, "Q60615282": {"object": 0.004679986304350796, "dictionary": 0.0, "combined": 0.001390029997705358}, "Q27526866": {"object": 0.004679986304350796, "dictionary": 0.0, "combined": 0.001390029997705358}, "Q939636": {"object": 0.003120817790571122, "dictionary": 0.0, "combined": 0.0009269322737618964}, "Q27596243": {"object": 0.0035014188653221864,