{"name": "Q29000616", "Q4045294": {"object": 0.006014994231412011, "dictionary": 0.006384061824716812, "combined": 0.006305068635774429}, "Q1144005": {"object": 0.012678891601096967, "dictionary": 0.0, "combined": 0.002713719920129329}, "Q1076355": {"object": 0.005909719055594218, "dictionary": 0.0062368688818322535, "combined": 0.006166847540199189}, "Q28858032": {"object": 0.009948006799372747, "dictionary": 0.009707981622690992, "combined": 0.009759355285609403}, "Q3807693": {"object": 0.006676259177533333, "dictionary": 0.006245876316683774, "combined": 0.0063379930867860325}, "Q95994246": {"object": 0.006677253161535496, "dictionary": 0.006261263253700818, "combined": 0.006350299435646411}, "Q58006953": {"object": 0.006677253161535496, "dictionary": 0.006261263253700818, "combined": 0.006350299435646411}, "Q723030": {"object": 0.006371594384622092, "dictionary": 0.006138259486319644, "combined": 0.006188201199010832}, "Q27979156": {"object": 0.006371594384622092, "dictionary": 0.006140772440338642, "combined": 0.006190176294233156}, "Q47233167": {"object": 0.008827304163919142, "dictionary": 0.0, "combined": 0.001889347421236364}, "Q29650304": {"object": 0.008827304163919142, "dictionary": 0.0, "combined": 0.001889347421236364}, "Q1601331": {"object": 0.008827304163919142, "dictionary": 0.0, "combined": 0.001889347421236364}, "Q81526237": {"object": 0.008827304163919142, "dictionary": 0.0, "combined": 0.001889347421236364}, "Q28009496": {"object": 0.008827304163919142, "dictionary": 0.0, "combined": 0.001889347421236364}, "Q34747804": {"object": 0.008827304163919142, "dictionary": 0.0, "combined": 0.001889347421236364}, "Q28049770": {"object": 0.008827304163919142, "dictionary": 0.0, "combined": 0.001889347421236364}, "Q28755606": {"object": 0.008827304163919142, "dictionary": 0.0, "combined": 0.001889347421236364}, "Q81526528": {"object": 0.008827304163919142, "dictionary": 0.0, "combined": 0.001889347421236364}, "Q81526664": {"object": 0.008827304163919142, "dictionary": 0.0, "combined": 0.001889347421236364}, "Q28758112": {"object": 0.008827304163919142, "dictionary": 0.0, "combined": 0.001889347421236364}, "Q32097899": {"object": 0.008827304163919142, "dictionary": 0.0, "combined": 0.001889347421236364}, "Q66439259": {"object": 0.008827304163919142, "dictionary": 0.0, "combined": 0.001889347421236364}, "Q28207108": {"object": 0.008827304163919142, "dictionary": 0.0, "combined": 0.001889347421236364}, "Q32097740": {"object": 0.008827304163919142, "dictionary": 0.0, "combined": 0.001889347421236364}, "Q6912474": {"object": 0.008827304163919142, "dictionary": 0.0, "combined": 0.001889347421236364}, "Q16996920": {"object": 0.0074333110011204654, "dictionary": 0.010152234289573259, "combined": 0.00957029096823912}, "Q66811836": {"object": 0.0074333110011204654, "dictionary": 0.010152234289573259, "combined": 0.00957029096823912}, "Q28600763": {"object": 0.0074333110011204654, "dictionary": 0.010152234289573259, "combined": 0.00957029096823912}, "Q1662484": {"object": 0.0074333110011204654, "dictionary": 0.010152234289573259, "combined": 0.00957029096823912}, "Q684554": {"object": 0.0074333110011204654, "dictionary": 0.010152234289573259, "combined": 0.00957029096823912}, "Q673906": {"object": 0.01684804438487633, "dictionary": 0.0, "combined": 0.003606062351578608}, "Q1888930": {"object": 0.012155598350212977, "dictionary": 0.0, "combined": 0.0026017171233808927}, "Q28786544": {"object": 0.012155598350212977, "dictionary": 0.0, "combined": 0.0026017171233808927}, "Q8811": {"object": 0.012155598350212977, "dictionary": 0.0, "combined": 0.0026017171233808927}, "Q2053": {"object": 0.012155598350212977, "dictionary": 0.0, "combined": 0.0026017171233808927}, "Q29151645": {"object": 0.01684804438487633, "dictionary": 0.0, "combined": 0.003606062351578608}, "Q17073241": {"object": 0.01684804438487633, "dictionary": 0.0, "combined": 0.003606062351578608}, "Q288405": {"object": 0.01684804438487633, "dictionary": 0.0, "combined": 0.003606062351578608}, "Q166074": {"object": 0.01150716341357889, "dictionary": 0.0, "combined": 0.002462929691496904}, "Q62626012": {"object": 0.012155598350212977, "dictionary": 0.0, "combined": 0.0026017171233808927}, "Q27596243": {"object": 0.010210806742349634, "dictionary": 0.0, "combined": 0.00218546467065841}, "Q49243748": {"object": 0.022071850398772037, "dictionary": 0.0, "combined": 0.004724136934499852}, "Q751800": {"object": 0.020711184628320528, "dictionary": 0.03641668210997391, "combined": 0.03305516418613454}, "Q95994804": {"object": 0.04870156098548086, "dictionary": 0.0, "combined": 0.010423813086015987}, "Q29644119": {"object": 0.04870156098548086, "dictionary": 0.0, "combined": 0.010423813086015987}, "Q1093556": {"object": 0.18769344777051067, "dictionary": 0.4170730385980433, "combined": 0.3679778980696761}, "Q1546911": {"object": 0.27650326819930326, "dictionary": 0.4423727607641327, "combined": 0.4068709708382706}, "type": "co-oc"}