{"name": "Q29465146", "Q4045294": {"object": 0.0038819609166168664, "dictionary": 0.0, "combined": 0.00332627914906695}, "Q2693033": {"object": 0.06838961394542656, "dictionary": 0.0, "combined": 0.05860000957394036}, "Q1076355": {"object": 0.0038140183546971173, "dictionary": 0.16727867424572176, "combined": 0.027213102185923682}, "Q28858032": {"object": 0.006420251143672067, "dictionary": 0.0, "combined": 0.005501226820588658}, "Q3807693": {"object": 0.004308728520643168, "dictionary": 0.16752026209835505, "combined": 0.027671579257954267}, "Q95994246": {"object": 0.004309370018689499, "dictionary": 0.16793295418370754, "combined": 0.027731203575145982}, "Q58006953": {"object": 0.004309370018689499, "dictionary": 0.16793295418370754, "combined": 0.027731203575145982}, "Q723030": {"object": 0.004112103757052502, "dictionary": 0.16463387775215252, "combined": 0.02708992991754414}, "Q27979156": {"object": 0.004112103757052502, "dictionary": 0.16470127753635558, "combined": 0.02709957783312673}, "Q1343830": {"object": 0.00676226426452714, "dictionary": 0.0, "combined": 0.005794282607868193}, "Q1882400": {"object": 0.007582627389205095, "dictionary": 0.0, "combined": 0.0064972151759420125}, "Q27979410": {"object": 0.007582627389205095, "dictionary": 0.0, "combined": 0.0064972151759420125}, "Q28055391": {"object": 0.007510978457154966, "dictionary": 0.0, "combined": 0.0064358224020706675}, "Q479833": {"object": 0.007770261550595522, "dictionary": 0.0, "combined": 0.006657990519149117}, "Q51954585": {"object": 0.009676591462618645, "dictionary": 0.0, "combined": 0.008291439586207558}, "Q60628025": {"object": 0.009676591462618645, "dictionary": 0.0, "combined": 0.008291439586207558}, "Q51954521": {"object": 0.009676591462618645, "dictionary": 0.0, "combined": 0.008291439586207558}, "Q61971917": {"object": 0.009676591462618645, "dictionary": 0.0, "combined": 0.008291439586207558}, "Q60628005": {"object": 0.009676591462618645, "dictionary": 0.0, "combined": 0.008291439586207558}, "Q61971919": {"object": 0.009676591462618645, "dictionary": 0.0, "combined": 0.008291439586207558}, "Q44933672": {"object": 0.009676591462618645, "dictionary": 0.0, "combined": 0.008291439586207558}, "Q27487130": {"object": 0.009676591462618645, "dictionary": 0.0, "combined": 0.008291439586207558}, "Q52834849": {"object": 0.009676591462618645, "dictionary": 0.0, "combined": 0.008291439586207558}, "Q28858035": {"object": 0.00779577661614453, "dictionary": 0.0, "combined": 0.006679853240682311}, "Q61641368": {"object": 0.00779577661614453, "dictionary": 0.0, "combined": 0.006679853240682311}, "Q51801746": {"object": 0.00779577661614453, "dictionary": 0.0, "combined": 0.006679853240682311}, "Q85621726": {"object": 0.00779577661614453, "dictionary": 0.0, "combined": 0.006679853240682311}, "Q28858042": {"object": 0.00779577661614453, "dictionary": 0.0, "combined": 0.006679853240682311}, "Q48915661": {"object": 0.00779577661614453, "dictionary": 0.0, "combined": 0.006679853240682311}, "Q48782098": {"object": 0.00779577661614453, "dictionary": 0.0, "combined": 0.006679853240682311}, "Q61639409": {"object": 0.00779577661614453, "dictionary": 0.0, "combined": 0.006679853240682311}, "Q85621806": {"object": 0.00779577661614453, "dictionary": 0.0, "combined": 0.006679853240682311}, "Q28858037": {"object": 0.00779577661614453, "dictionary": 0.0, "combined": 0.006679853240682311}, "Q28858038": {"object": 0.00779577661614453, "dictionary": 0.0, "combined": 0.006679853240682311}, "Q28858039": {"object": 0.00779577661614453, "dictionary": 0.0, "combined": 0.006679853240682311}, "Q28858044": {"object": 0.00779577661614453, "dictionary": 0.0, "combined": 0.006679853240682311}, "Q48782394": {"object": 0.00779577661614453, "dictionary": 0.0, "combined": 0.006679853240682311}, "Q60628185": {"object": 0.00779577661614453, "dictionary": 0.0, "combined": 0.006679853240682311}, "Q62664770": {"object": 0.007572452678059538, "dictionary": 0.0, "combined": 0.006488496919818831}, "Q48782202": {"object": 0.00779577661614453, "dictionary": 0.0, "combined": 0.006679853240682311}, "Q66439286": {"object": 0.00779577661614453, "dictionary": 0.0, "combined": 0.006679853240682311}, "Q63061396": {"object": 0.00779577661614453, "dictionary": 0.0, "combined": 0.006679853240682311}, "Q28858041": {"object": 0.00779577661614453, "dictionary": 0.0, "combined": 0.006679853240682311}, "Q686498": {"object": 0.00779577661614453, "dictionary": 0.0, "combined": 0.006679853240682311}, "Q48782238": {"object": 0.00779577661614453, "dictionary": 0.0, "combined": 0.006679853240682311}, "Q62664735": {"object": 0.00779577661614453, "dictionary": 0.0, "combined": 0.006679853240682311}, "Q63061514": {"object": 0.00779577661614453, "dictionary": 0.0, "combined": 0.006679853240682311}, "Q60000066": {"object": 0.00779577661614453, "dictionary": 0.0, "combined": 0.006679853240682311}, "Q51035227": {"object": 0.01764526074242244, "dictionary": 0.0, "combined": 0.015119436838256589}, "Q28600435": {"object": 0.01764526074242244, "dictionary": 0.0, "combined": 0.015119436838256589}, "Q930281": {"object": 0.01764526074242244, "dictionary": 0.0, "combined": 0.015119436838256589}, "Q51837224": {"object": 0.01764526074242244, "dictionary": 0.0, "combined": 0.015119436838256589}, "Q28600453": {"object": 0.017439677871859318, "dictionary": 0.0, "combined": 0.014943282046787076}, "Q28600454": {"object": 0.01764526074242244, "dictionary": 0.0, "combined": 0.015119436838256589}, "Q51034969": {"object": 0.01764526074242244, "dictionary": 0.0, "combined": 0.015119436838256589}, "Q51035340": {"object": 0.01764526074242244, "dictionary": 0.0, "combined": 0.015119436838256589}, "Q29000614": {"object": 0.023676064293859718, "dictionary": 0.0, "combined": 0.020286963388922424}, "Q3596396": {"object": 0.02822290742951745, "dictionary": 0.0, "combined": 0.02418295045346947}, "Q27966906": {"object": 0.02822290742951745, "dictionary": 0.0, "combined": 0.02418295045346947}, "Q45347222": {"object": 0.05128720218776382, "dictionary": 0.0, "combined": 0.04394571581617413}, "Q45350500": {"object": 0.07543749646547689, "dictionary": 0.0, "combined": 0.06463902572455828}, "Q45347388": {"object": 0.07543749646547689, "dictionary": 0.0, "combined": 0.06463902572455828}, "Q45347570": {"object": 0.15413272854724785, "dictionary": 0.0, "combined": 0.1320694597827933}, "type": "co-oc"}