{"name": "Q29465141", "Q99184084": {"object": 0.01733867750869307, "dictionary": 0.0, "combined": 0.0037703204050991753}, "Q79241659": {"object": 0.004550778533763715, "dictionary": 0.0, "combined": 0.000989573348736327}, "Q28205439": {"object": 0.04643248538970401, "dictionary": 0.0, "combined": 0.010096810845953968}, "Q1141412": {"object": 0.02261013806665288, "dictionary": 0.0, "combined": 0.004916607098325149}, "Q51916170": {"object": 0.0980767292772919, "dictionary": 0.5, "combined": 0.4126012057072828}, "Q7671270": {"object": 0.0980767292772919, "dictionary": 0.5, "combined": 0.4126012057072828}, "Q51035227": {"object": 0.06594149307459285, "dictionary": 0.0, "combined": 0.014339072674786917}, "Q28600435": {"object": 0.06594149307459285, "dictionary": 0.0, "combined": 0.014339072674786917}, "Q930281": {"object": 0.06594149307459285, "dictionary": 0.0, "combined": 0.014339072674786917}, "Q51837224": {"object": 0.06594149307459285, "dictionary": 0.0, "combined": 0.014339072674786917}, "Q28600453": {"object": 0.06517321644590575, "dictionary": 0.0, "combined": 0.01417200981497841}, "Q28600454": {"object": 0.06594149307459285, "dictionary": 0.0, "combined": 0.014339072674786917}, "Q51034969": {"object": 0.06594149307459285, "dictionary": 0.0, "combined": 0.014339072674786917}, "Q51035340": {"object": 0.06594149307459285, "dictionary": 0.0, "combined": 0.014339072674786917}, "Q1381134": {"object": 0.007390377221786998, "dictionary": 0.0, "combined": 0.0016070481746207857}, "Q1886335": {"object": 0.014142874651558734, "dictionary": 0.0, "combined": 0.003075388469437603}, "Q6746668": {"object": 0.014142874651558734, "dictionary": 0.0, "combined": 0.003075388469437603}, "Q28206593": {"object": 0.014142874651558734, "dictionary": 0.0, "combined": 0.003075388469437603}, "Q6731061": {"object": 0.014142874651558734, "dictionary": 0.0, "combined": 0.003075388469437603}, "Q27967414": {"object": 0.1221889181505248, "dictionary": 0.0, "combined": 0.0265701562964615}, "type": "co-oc"}