{"name": "Q29650316", "Q99184084": {"object": 0.00689037888106805, "dictionary": 0.0010239774091710132, "combined": 0.0022911526545320885}, "Q28600412": {"object": 0.0022597839658622665, "dictionary": 0.0, "combined": 0.0004881258664485076}, "Q4045294": {"object": 0.00576512846063492, "dictionary": 0.0, "combined": 0.0012452997134000776}, "Q28205439": {"object": 0.012301492489428547, "dictionary": 0.0, "combined": 0.0026571905857916433}, "Q1144005": {"object": 0.0020253673848669713, "dictionary": 0.0, "combined": 0.00043749058518410393}, "Q28018471": {"object": 0.010961697994210425, "dictionary": 0.0, "combined": 0.002367787546067116}, "Q336284": {"object": 0.009570941956542614, "dictionary": 0.0, "combined": 0.0020673765306070345}, "Q28018470": {"object": 0.01122035577853694, "dictionary": 0.0, "combined": 0.002423659061661243}, "Q1076355": {"object": 0.0056642264665588546, "dictionary": 0.0, "combined": 0.0012235043232084457}, "Q28858032": {"object": 0.003178253927834072, "dictionary": 0.0, "combined": 0.0006865204708740444}, "Q3807693": {"object": 0.00533243678411325, "dictionary": 0.0013478245919944646, "combined": 0.002208522918967998}, "Q95994246": {"object": 0.005333230695301389, "dictionary": 0.0013511450055049986, "combined": 0.0022112975939681994}, "Q58006953": {"object": 0.005333230695301389, "dictionary": 0.0013511450055049986, "combined": 0.0022112975939681994}, "Q723030": {"object": 0.005089096059113957, "dictionary": 0.0013246014919644782, "combined": 0.002137753191458631}, "Q27979156": {"object": 0.005089096059113957, "dictionary": 0.001325143773151877, "combined": 0.002138178336902766}, "Q26549229": {"object": 0.003696117314700535, "dictionary": 0.0, "combined": 0.0007983818338338868}, "Q16996920": {"object": 0.004749685110310332, "dictionary": 0.0, "combined": 0.0010259583194020747}, "Q66811836": {"object": 0.004749685110310332, "dictionary": 0.0, "combined": 0.0010259583194020747}, "Q28600763": {"object": 0.004749685110310332, "dictionary": 0.0, "combined": 0.0010259583194020747}, "Q1662484": {"object": 0.004749685110310332, "dictionary": 0.0, "combined": 0.0010259583194020747}, "Q684554": {"object": 0.004749685110310332, "dictionary": 0.0, "combined": 0.0010259583194020747}, "Q28206109": {"object": 0.002646354317929004, "dictionary": 0.0, "combined": 0.0005716272059112294}, "Q1676669": {"object": 0.005622090817366687, "dictionary": 0.0, "combined": 0.0012144027893534386}, "Q1343830": {"object": 0.001673781327150147, "dictionary": 0.0, "combined": 0.00036154604727835096}, "Q28600764": {"object": 0.0034528706993223602, "dictionary": 0.0, "combined": 0.0007458392161828971}, "Q942350": {"object": 0.0033495076322309063, "dictionary": 0.0, "combined": 0.0007235122205740316}, "Q1882400": {"object": 0.001876835870104263, "dictionary": 0.0, "combined": 0.00040540695443279384}, "Q27979410": {"object": 0.001876835870104263, "dictionary": 0.0, "combined": 0.00040540695443279384}, "Q28055391": {"object": 0.001859101478207625, "dictionary": 0.0, "combined": 0.0004015762274512521}, "Q1141412": {"object": 0.0029950845973188813, "dictionary": 0.0, "combined": 0.0006469548798639301}, "Q28205580": {"object": 0.0029306048835379054, "dictionary": 0.0, "combined": 0.0006330269041666246}, "Q28206771": {"object": 0.002863501488387868, "dictionary": 0.0, "combined": 0.0006185321987460777}, "Q28205626": {"object": 0.0029306048835379054, "dictionary": 0.0, "combined": 0.0006330269041666246}, "Q729366": {"object": 0.0029306048835379054, "dictionary": 0.0, "combined": 0.0006330269041666246}, "Q66134804": {"object": 0.007287201215661917, "dictionary": 0.0023381741618009842, "combined": 0.0034071914463010954}, "Q178051": {"object": 0.005745981633236934, "dictionary": 0.0, "combined": 0.0012411638925187147}, "Q27526733": {"object": 0.001853069437329984, "dictionary": 0.0, "combined": 0.00040027327317582976}, "Q1888930": {"object": 0.003883549637719762, "dictionary": 0.0, "combined": 0.0008388682548618839}, "Q28786544": {"object": 0.003883549637719762, "dictionary": 0.0, "combined": 0.0008388682548618839}, "Q8811": {"object": 0.003883549637719762, "dictionary": 0.0, "combined": 0.0008388682548618839}, "Q2053": {"object": 0.003883549637719762, "dictionary": 0.0, "combined": 0.0008388682548618839}, "Q166074": {"object": 0.0036763834258478445, "dictionary": 0.0, "combined": 0.0007941192044232287}, "Q62626012": {"object": 0.003883549637719762, "dictionary": 0.0, "combined": 0.0008388682548618839}, "Q939636": {"object": 0.005815230274072705, "dictionary": 0.0, "combined": 0.0012561219829021221}, "Q27596243": {"object": 0.006524429926459959, "dictionary": 0.0, "combined": 0.0014093130401164858}, "Q217570": {"object": 0.019041408002621506, "dictionary": 0.06844542924366323, "combined": 0.05777388672516312}, "Q5924007": {"object": 0.0020030445548321766, "dictionary": 0.0, "combined": 0.0004326687301232114}, "Q28205846": {"object": 0.008838608927092874, "dictionary": 0.0, "combined": 0.0019091885356795574}, "Q34746472": {"object": 0.0019915315855842564, "dictionary": 0.0, "combined": 0.00043018186492970974}, "Q27826464": {"object": 0.002022248616916831, "dictionary": 0.0, "combined": 0.0004368169140142436}, "Q27826469": {"object": 0.002022248616916831, "dictionary": 0.0, "combined": 0.0004368169140142436}, "Q27826466": {"object": 0.002022248616916831, "dictionary": 0.0, "combined": 0.0004368169140142436}, "Q27826468": {"object": 0.002022248616916831, "dictionary": 0.0, "combined": 0.0004368169140142436}, "Q28600483": {"object": 0.006598459231411947, "dictionary": 0.0, "combined": 0.0014253037804563403}, "Q28600482": {"object": 0.006598459231411947, "dictionary": 0.0, "combined": 0.0014253037804563403}, "Q1569639": {"object": 0.006907088641330011, "dictionary": 0.0, "combined": 0.0014919694442558722}, "Q10287816": {"object": 0.002961627767695212, "dictionary": 0.0, "combined": 0.0006397280191571625}, "Q1072083": {"object": 0.006952452905635783, "dictionary": 0.00720720970173211, "combined": 0.007152180821225509}, "Q61901831": {"object": 0.15025994411706642, "dictionary": 0.5574925600953794, "combined": 0.46952805706171985}, "Q935809": {"object": 0.011692069292115645, "dictionary": 0.0, "combined": 0.002525551796103766}, "Q34284437": {"object": 0.004039635732897384, "dictionary": 0.0, "combined": 0.0008725837168706911}, "Q4042979": {"object": 0.002831989373611603, "dictionary": 0.0, "combined": 0.0006117254072292082}, "Q47455565": {"object": 0.002853661959263583, "dictionary": 0.0, "combined": 0.0006164068058980033}, "Q47455466": {"object": 0.002853661959263583, "dictionary": 0.0, "combined": 0.0006164068058980033}, "Q48004607": {"object": 0.0037466975224558744, "dictionary": 0.006499096287544209, "combined": 0.005904562893062007}, "Q48004869": {"object": 0.0037466975224558744, "dictionary": 0.006499096287544209, "combined": 0.005904562893062007}, "Q48021763": {"object": 0.0037466975224558744, "dictionary": 0.006499096287544209, "combined": 0.005904562893062007}, "Q48005022": {"object": 0.0037466975224558744, "dictionary": 0.006499096287544209, "combined": 0.005904562893062007}, "Q48021588": {"object": 0.0037466975224558744, "dictionary": 0.006499096287544209, "combined": 0.005904562893062007}, "Q751800": {"object": 0.0033084719995972894, "dictionary": 0.0, "combined": 0.0007146482963949326}, "Q50288102": {"object": 0.02138525989963132, "dictionary": 0.0, "combined": 0.004619334713152974}, "Q1192568": {"object": 0.004577026720936637, "dictionary": 0.0, "combined": 0.00098866314995853}, "Q28600476": {"object": 0.003850987402350487, "dictionary": 0.0, "combined": 0.0008318346314743213}, "Q28206493": {"object": 0.009084785793412532, "dictionary": 0.0385722814481196, "combined": 0.03220281888741047}, "Q29000599": {"object": 0.005729757652714566, "dictionary": 0.0, "combined": 0.001237659422768792}, "Q29000614": {"object": 0.005860249284155979, "dictionary": 0.0, "combined": 0.0012658463386969767}, "Q47462143": {"object": 0.036520386907328804, "dictionary": 0.0,