{"name": "Q29650336", "Q27866062": {"object": 0.008959778077331051, "dictionary": 0.0, "combined": 0.0010923104683984533}, "Q28207379": {"object": 0.008818334462482542, "dictionary": 0.0, "combined": 0.0010750666996517646}, "Q27231634": {"object": 0.008959778077331051, "dictionary": 0.0, "combined": 0.0010923104683984533}, "Q27866063": {"object": 0.008959778077331051, "dictionary": 0.0, "combined": 0.0010923104683984533}, "Q28205771": {"object": 0.00886028471297517, "dictionary": 0.0, "combined": 0.0010801809666982855}, "Q7670377": {"object": 0.00886028471297517, "dictionary": 0.0, "combined": 0.0010801809666982855}, "Q27866059": {"object": 0.008959778077331051, "dictionary": 0.0, "combined": 0.0010923104683984533}, "Q28207384": {"object": 0.00886028471297517, "dictionary": 0.0, "combined": 0.0010801809666982855}, "Q28205372": {"object": 0.008959778077331051, "dictionary": 0.0, "combined": 0.0010923104683984533}, "Q27231651": {"object": 0.008959778077331051, "dictionary": 0.0, "combined": 0.0010923104683984533}, "Q27231654": {"object": 0.008959778077331051, "dictionary": 0.0, "combined": 0.0010923104683984533}, "Q1502796": {"object": 0.008959778077331051, "dictionary": 0.0, "combined": 0.0010923104683984533}, "Q99184084": {"object": 0.005999288098557637, "dictionary": 0.0, "combined": 0.0007313892304512076}, "Q4045294": {"object": 0.0025097797347235166, "dictionary": 0.0, "combined": 0.0003059739486794765}, "Q28205439": {"object": 0.00803296147717265, "dictionary": 0.006857751081425382, "combined": 0.0070010241186329964}, "Q1076355": {"object": 0.002465853258209685, "dictionary": 0.0, "combined": 0.0003006187546421026}, "Q28858032": {"object": 0.004150844523768801, "dictionary": 0.0, "combined": 0.0005060405388252261}, "Q3807693": {"object": 0.005571390210162053, "dictionary": 0.0, "combined": 0.0006792230563712221}, "Q95994246": {"object": 0.005572219697542853, "dictionary": 0.0, "combined": 0.0006793241813925823}, "Q58006953": {"object": 0.005572219697542853, "dictionary": 0.0, "combined": 0.0006793241813925823}, "Q723030": {"object": 0.005317145070860275, "dictionary": 0.0, "combined": 0.0006482273525935365}, "Q27979156": {"object": 0.005317145070860275, "dictionary": 0.0, "combined": 0.0006482273525935365}, "Q26549229": {"object": 0.003218120948019424, "dictionary": 0.0, "combined": 0.00039232971729374346}, "Q47233167": {"object": 0.0036832269908335423, "dictionary": 0.0, "combined": 0.00044903203682625757}, "Q29650304": {"object": 0.0036832269908335423, "dictionary": 0.0, "combined": 0.00044903203682625757}, "Q1601331": {"object": 0.0036832269908335423, "dictionary": 0.0, "combined": 0.00044903203682625757}, "Q81526237": {"object": 0.0036832269908335423, "dictionary": 0.0, "combined": 0.00044903203682625757}, "Q28009496": {"object": 0.0036832269908335423, "dictionary": 0.0, "combined": 0.00044903203682625757}, "Q34747804": {"object": 0.0036832269908335423, "dictionary": 0.0, "combined": 0.00044903203682625757}, "Q28049770": {"object": 0.0036832269908335423, "dictionary": 0.0, "combined": 0.00044903203682625757}, "Q28755606": {"object": 0.0036832269908335423, "dictionary": 0.0, "combined": 0.00044903203682625757}, "Q81526528": {"object": 0.0036832269908335423, "dictionary": 0.0, "combined": 0.00044903203682625757}, "Q81526664": {"object": 0.0036832269908335423, "dictionary": 0.0, "combined": 0.00044903203682625757}, "Q28758112": {"object": 0.0036832269908335423, "dictionary": 0.0, "combined": 0.00044903203682625757}, "Q32097899": {"object": 0.0036832269908335423, "dictionary": 0.0, "combined": 0.00044903203682625757}, "Q66439259": {"object": 0.0036832269908335423, "dictionary": 0.0, "combined": 0.00044903203682625757}, "Q28207108": {"object": 0.0036832269908335423, "dictionary": 0.0, "combined": 0.00044903203682625757}, "Q32097740": {"object": 0.0036832269908335423, "dictionary": 0.0, "combined": 0.00044903203682625757}, "Q6912474": {"object": 0.0036832269908335423, "dictionary": 0.0, "combined": 0.00044903203682625757}, "Q1343830": {"object": 0.0043719641120823485, "dictionary": 0.0, "combined": 0.0005329978182352974}, "Q27960138": {"object": 0.03478598612757872, "dictionary": 0.0, "combined": 0.0042408524488852335}, "Q5448342": {"object": 0.006142116372478172, "dictionary": 0.004995739187515731, "combined": 0.00513549709101066}, "Q29904540": {"object": 0.006142116372478172, "dictionary": 0.004995739187515731, "combined": 0.00513549709101066}, "Q5421818": {"object": 0.006142116372478172, "dictionary": 0.004995739187515731, "combined": 0.00513549709101066}, "Q50223812": {"object": 0.006142116372478172, "dictionary": 0.004995739187515731, "combined": 0.00513549709101066}, "Q5153426": {"object": 0.006142116372478172, "dictionary": 0.004995739187515731, "combined": 0.00513549709101066}, "Q29904539": {"object": 0.005734541134628652, "dictionary": 0.0, "combined": 0.000699113221192898}, "Q28755628": {"object": 0.005734541134628652, "dictionary": 0.0, "combined": 0.000699113221192898}, "Q58103465": {"object": 0.005734541134628652, "dictionary": 0.0, "combined": 0.000699113221192898}, "Q27596243": {"object": 0.004260498821976674, "dictionary": 0.0, "combined": 0.0005194087871014184}, "Q48106551": {"object": 0.007084974532241257, "dictionary": 0.0, "combined": 0.0008637481624108328}, "Q28106155": {"object": 0.04252179031865977, "dictionary": 0.08804768872871936, "combined": 0.08249750489745131}, "Q627554": {"object": 0.04414658101651812, "dictionary": 0.08945654120496481, "combined": 0.08393268297885788}, "Q28205667": {"object": 0.03488735395623633, "dictionary": 0.08418969324346784, "combined": 0.07817911342160495}, "Q3359717": {"object": 0.18642894350258302, "dictionary": 0.2662311861602471, "combined": 0.25650228168244704}, "Q28205645": {"object": 0.04252179031865977, "dictionary": 0.08804768872871936, "combined": 0.08249750489745131}, "Q34735519": {"object": 0.11416394621687044, "dictionary": 0.17609537745743872, "combined": 0.1685451513153284}, "Q27967486": {"object": 0.11416394621687044, "dictionary": 0.17609537745743872, "combined": 0.1685451513153284}, "Q29905267": {"object": 0.030534325498030625, "dictionary": 0.0, "combined": 0.0037225211494211347}, "Q85415853": {"object": 0.009013723430002299, "dictionary": 0.0, "combined": 0.001098887090379006}, "Q29944206": {"object": 0.009013723430002299, "dictionary": 0.0, "combined": 0.001098887090379006}, "Q1601835": {"object": 0.009013723430002299, "dictionary": 0.0, "combined": 0.001098887090379006}, "Q73675958": {"object": 0.008935160896703282, "dictionary": 0.0, "combined": 0.001089309322179196}, "Q34746769": {"object": 0.02592237270419628, "dictionary": 0.0, "combined": 0.003160265670213397}, "Q62625561": {"object": 0.010578977343695705, "dictionary": 0.0, "combined": 0.0012897113742923257}, "type": "co-oc"}