{"name": "Q29876949", "Q3807693": {"object": 0.006718920323146448, "dictionary": 0.004887171173795911, "combined": 0.005437411717334458}, "Q95994246": {"object": 0.006719920658683973, "dictionary": 0.004899210892680808, "combined": 0.005446135307318439}, "Q58006953": {"object": 0.006719920658683973, "dictionary": 0.004899210892680808, "combined": 0.005446135307318439}, "Q723030": {"object": 0.006412308729077859, "dictionary": 0.004802964916018123, "combined": 0.005286396948593303}, "Q27979156": {"object": 0.006412308729077859, "dictionary": 0.004804931211189533, "combined": 0.005287772586837559}, "Q307271": {"object": 0.03381404930708014, "dictionary": 0.040393746991981526, "combined": 0.03841726651606968}, "Q34285550": {"object": 0.06711348956304748, "dictionary": 0.1326170277851564, "combined": 0.11294036928210183}, "Q1983918": {"object": 0.15842783952745917, "dictionary": 0.5652452403432241, "combined": 0.4430410467039516}, "Q28207313": {"object": 0.10438600275706982, "dictionary": 0.23745049579327276, "combined": 0.19747914982601436}, "Q1593782": {"object": 0.6032752397466733, "dictionary": 0.0, "combined": 0.1812183158044602}, "type": "co-oc"}