{"name": "Q29944082", "Q99184084": {"object": 0.0027892426736801697, "dictionary": 0.0, "combined": 0.0005122976401202695}, "Q4045294": {"object": 0.002333738477840922, "dictionary": 0.0, "combined": 0.000428635602824161}, "Q1076355": {"object": 0.002292893097261101, "dictionary": 0.0, "combined": 0.00042113356928713357}, "Q3807693": {"object": 0.0025903005607688825, "dictionary": 0.0, "combined": 0.0004757581249584277}, "Q95994246": {"object": 0.0025906862134599676, "dictionary": 0.0, "combined": 0.0004758289574340001}, "Q58006953": {"object": 0.0025906862134599676, "dictionary": 0.0, "combined": 0.0004758289574340001}, "Q723030": {"object": 0.0024720946369215556, "dictionary": 0.0, "combined": 0.00045404735149054496}, "Q27979156": {"object": 0.0024720946369215556, "dictionary": 0.0, "combined": 0.00045404735149054496}, "Q26549229": {"object": 0.0029923951408294333, "dictionary": 0.0, "combined": 0.0005496104671780388}, "Q16996920": {"object": 0.0028840266895818413, "dictionary": 0.0, "combined": 0.000529706533267412}, "Q66811836": {"object": 0.0028840266895818413, "dictionary": 0.0, "combined": 0.000529706533267412}, "Q28600763": {"object": 0.0028840266895818413, "dictionary": 0.0, "combined": 0.000529706533267412}, "Q1662484": {"object": 0.0028840266895818413, "dictionary": 0.0, "combined": 0.000529706533267412}, "Q684554": {"object": 0.0028840266895818413, "dictionary": 0.0, "combined": 0.000529706533267412}, "Q28206109": {"object": 0.0032137526196968176, "dictionary": 0.0, "combined": 0.0005902669920178478}, "Q1676669": {"object": 0.0034137547209901497, "dictionary": 0.0, "combined": 0.0006270011942722831}, "Q1343830": {"object": 0.004065305305857922, "dictionary": 0.0, "combined": 0.0007466708917842377}, "Q1882400": {"object": 0.004558487239160654, "dictionary": 0.0, "combined": 0.000837253164515489}, "Q27979410": {"object": 0.004558487239160654, "dictionary": 0.0, "combined": 0.000837253164515489}, "Q28055391": {"object": 0.004515413680922124, "dictionary": 0.0, "combined": 0.000829341883634336}, "Q28205580": {"object": 0.00355894864794099, "dictionary": 0.0, "combined": 0.0006536688294833022}, "Q28206771": {"object": 0.0034774577793551266, "dictionary": 0.0, "combined": 0.0006387014764946839}, "Q28205626": {"object": 0.00355894864794099, "dictionary": 0.0, "combined": 0.0006536688294833022}, "Q729366": {"object": 0.00355894864794099, "dictionary": 0.0, "combined": 0.0006536688294833022}, "Q29904539": {"object": 0.0053323082952212615, "dictionary": 0.0, "combined": 0.0009793801671732292}, "Q28755628": {"object": 0.0053323082952212615, "dictionary": 0.0, "combined": 0.0009793801671732292}, "Q58103465": {"object": 0.0053323082952212615, "dictionary": 0.0, "combined": 0.0009793801671732292}, "Q66134804": {"object": 0.0035398528214345645, "dictionary": 0.0024337918127589225, "combined": 0.002636941022370703}, "Q178051": {"object": 0.006977963382090245, "dictionary": 0.0052910261567680975, "combined": 0.005600864367590864}, "Q27526733": {"object": 0.004500762969155147, "dictionary": 0.0, "combined": 0.0008266510008599083}, "Q26211936": {"object": 0.004821238837851984, "dictionary": 0.0015097873524886963, "combined": 0.0021179986054328703}, "Q26211977": {"object": 0.004821238837851984, "dictionary": 0.0015097873524886963, "combined": 0.0021179986054328703}, "Q26211940": {"object": 0.004821238837851984, "dictionary": 0.0015097873524886963, "combined": 0.0021179986054328703}, "Q26211915": {"object": 0.004821238837851984, "dictionary": 0.0015097873524886963, "combined": 0.0021179986054328703}, "Q10394822": {"object": 0.004821238837851984, "dictionary": 0.0015097873524886963, "combined": 0.0021179986054328703}, "Q26211975": {"object": 0.004821238837851984, "dictionary": 0.0015097873524886963, "combined": 0.0021179986054328703}, "Q26211905": {"object": 0.004821238837851984, "dictionary": 0.0015097873524886963, "combined": 0.0021179986054328703}, "Q5532250": {"object": 0.004821238837851984, "dictionary": 0.0015097873524886963, "combined": 0.0021179986054328703}, "Q26211927": {"object": 0.004821238837851984, "dictionary": 0.0015097873524886963, "combined": 0.0021179986054328703}, "Q26211957": {"object": 0.004821238837851984, "dictionary": 0.0015097873524886963, "combined": 0.0021179986054328703}, "Q26211948": {"object": 0.004821238837851984, "dictionary": 0.0015097873524886963, "combined": 0.0021179986054328703}, "Q26211958": {"object": 0.004821238837851984, "dictionary": 0.0015097873524886963, "combined": 0.0021179986054328703}, "Q26211874": {"object": 0.004821238837851984, "dictionary": 0.0015097873524886963, "combined": 0.0021179986054328703}, "Q26211954": {"object": 0.004821238837851984, "dictionary": 0.0015097873524886963, "combined": 0.0021179986054328703}, "Q26211891": {"object": 0.004821238837851984, "dictionary": 0.0015097873524886963, "combined": 0.0021179986054328703}, "Q26211983": {"object": 0.004821238837851984, "dictionary": 0.0015097873524886963, "combined": 0.0021179986054328703}, "Q26211840": {"object": 0.004821238837851984, "dictionary": 0.0015097873524886963, "combined": 0.0021179986054328703}, "Q26211965": {"object": 0.004821238837851984, "dictionary": 0.0015097873524886963, "combined": 0.0021179986054328703}, "Q26211978": {"object": 0.004821238837851984, "dictionary": 0.0015097873524886963, "combined": 0.0021179986054328703}, "Q26211931": {"object": 0.004821238837851984, "dictionary": 0.0015097873524886963, "combined": 0.0021179986054328703}, "Q27967388": {"object": 0.005209959079168602, "dictionary": 0.0, "combined": 0.000956908399031362}, "Q10287816": {"object": 0.007193246144337858, "dictionary": 0.005818654446404012, "combined": 0.006071124441082278}, "Q1072083": {"object": 0.016886222368206083, "dictionary": 0.0, "combined": 0.003101476953371046}, "Q29944575": {"object": 0.009065405404573942, "dictionary": 0.018103869672885593, "combined": 0.0164437832420201}, "Q85415853": {"object": 0.008381481811402847, "dictionary": 0.011478505379758565, "combined": 0.010909677905391803}, "Q29944206": {"object": 0.008381481811402847, "dictionary": 0.011478505379758565, "combined": 0.010909677905391803}, "Q1601835": {"object": 0.008381481811402847, "dictionary": 0.011478505379758565, "combined": 0.010909677905391803}, "Q73675958": {"object": 0.008308429820289863, "dictionary": 0.011268983512436027, "combined": 0.010725221334893158}, "Q1228757": {"object": 0.011404380774482019, "dictionary": 0.0, "combined": 0.0020946321425993055}, "Q1887604": {"object": 0.020541027162857897, "dictionary": 0.0, "combined": 0.003772751593282519}, "Q47524710": {"object": 0.022983501377698373, "dictionary": 0.0, "combined": 0.0042213585890540405}, "Q62625561": {"object": 0.009836945506259643, "dictionary": 0.0, "combined": 0.0018067427464815691}, "Q89029185": {"object": 0.010327056356362656, "dictionary": 0.007475358572426735, "combined": 0.00799912728528635}, "Q28205507": {"object": 0.016784776206688615, "dictionary": 0.04026395126192386, "combined": 0.035951552743763604}, "Q28205548": {"object": 0.016784776206688615, "dictionary": 0.04026395126192386, "combined": 0.035951552743763604}, "Q28205479": {"object": 0.016784776206688615, "dictionary": 0.04026395126192386, "combined": 0.035951552743763604}, "Q28205475": {"object": 0.016784776206688615, "dictionary": 0.04026395126192386, "combined": 0.035951552743763604}, "Q261907": {"object": 0.03486471857654186, "dictionary": 0.0, "combined": 0.006403570839769738}, "Q29944393": {"object": 0.06150326204507913, "dictionary": 0.07026190887004993, "combined": 0.06865321625200707}, "Q28205711": {"object": 0.06150326204507913, "dictionary": 0.07026190887004993, "combined": 0.06865321625200707}, "Q50375294": {"object": 0.08492499652693945, "dictionary": 0.22047190424040775, "combined": 0.19557612819249973}, "Q29944088": {"object": 0.08492499652693945, "dictionary": 0.10349012785736486, "combined": 0.10008028723688166}, "Q29944334": {"object": 0.08492499652693945, "dictionary": 0.08287642629581823,