{"name": "Q29905095", "Q79241659": {"object": 0.0007445622656793017, "dictionary": 4.1633881471629554e-05, "combined": 0.00015856800575182468}, "Q28600412": {"object": 0.0011164424892248094, "dictionary": 7.20940485543123e-05, "combined": 0.0002458243646103971}, "Q4045294": {"object": 0.004509732451714167, "dictionary": 0.00014838691501394363, "combined": 0.0008739090769796034}, "Q1144005": {"object": 0.0010006293694064753, "dictionary": 0.0008206513435983671, "combined": 0.0008505911970889494}, "Q1076355": {"object": 0.004430802554447422, "dictionary": 0.00014496565950199028, "combined": 0.0008579267454070552}, "Q28858032": {"object": 0.0043180803543627945, "dictionary": 0.0002256459106373198, "combined": 0.0009064339519262673}, "Q3807693": {"object": 0.004742066656053946, "dictionary": 0.0001290444643256353, "combined": 0.0008964337494842937}, "Q95994246": {"object": 0.004742772670944616, "dictionary": 0.0001293623699235532, "combined": 0.0008968162181604605}, "Q58006953": {"object": 0.004742772670944616, "dictionary": 0.0001293623699235532, "combined": 0.0008968162181604605}, "Q723030": {"object": 0.0045256669152230694, "dictionary": 0.0001268210203247244, "combined": 0.0008585814729108913}, "Q27979156": {"object": 0.0045256669152230694, "dictionary": 0.00012687293982950075, "combined": 0.000858624755459243}, "Q26549229": {"object": 0.0030434342969864617, "dictionary": 0.0, "combined": 0.0005062839007754197}, "Q16996920": {"object": 0.0005866434964243923, "dictionary": 0.0, "combined": 9.758980439576533e-05}, "Q66811836": {"object": 0.0005866434964243923, "dictionary": 0.0, "combined": 9.758980439576533e-05}, "Q28600763": {"object": 0.0005866434964243923, "dictionary": 0.0, "combined": 9.758980439576533e-05}, "Q1662484": {"object": 0.0005866434964243923, "dictionary": 0.0, "combined": 9.758980439576533e-05}, "Q684554": {"object": 0.0005866434964243923, "dictionary": 0.0, "combined": 9.758980439576533e-05}, "Q856364": {"object": 0.022651818089781037, "dictionary": 0.10819357966329195, "combined": 0.09396346575167537}, "Q1343830": {"object": 0.0037211798950207036, "dictionary": 0.0002799049066830754, "combined": 0.0008523707313803948}, "Q3928271": {"object": 0.006281038494530123, "dictionary": 0.0003393060872175444, "combined": 0.001327730073737178}, "Q1882400": {"object": 0.00417261430319396, "dictionary": 0.00031169872986498855, "combined": 0.0009539729524316054}, "Q27979410": {"object": 0.00417261430319396, "dictionary": 0.00031169872986498855, "combined": 0.0009539729524316054}, "Q28055391": {"object": 0.0041331868932296305, "dictionary": 0.0003045163843874555, "combined": 0.0009414265493020653}, "Q1141412": {"object": 0.0029594330730580857, "dictionary": 0.0, "combined": 0.0004923100596570232}, "Q5448342": {"object": 0.0011617417695619385, "dictionary": 9.167294522192731e-05, "combined": 0.0002696819198271833}, "Q29904540": {"object": 0.0011617417695619385, "dictionary": 9.167294522192731e-05, "combined": 0.0002696819198271833}, "Q5421818": {"object": 0.0011617417695619385, "dictionary": 9.167294522192731e-05, "combined": 0.0002696819198271833}, "Q50223812": {"object": 0.0011617417695619385, "dictionary": 9.167294522192731e-05, "combined": 0.0002696819198271833}, "Q5153426": {"object": 0.0011617417695619385, "dictionary": 9.167294522192731e-05, "combined": 0.0002696819198271833}, "Q49799747": {"object": 0.0016191553308250281, "dictionary": 0.0, "combined": 0.00026935106753022737}, "Q49798508": {"object": 0.0016191553308250281, "dictionary": 0.0, "combined": 0.00026935106753022737}, "Q49798739": {"object": 0.0016191553308250281, "dictionary": 0.0, "combined": 0.00026935106753022737}, "Q49799499": {"object": 0.0016191553308250281, "dictionary": 0.0, "combined": 0.00026935106753022737}, "Q29904539": {"object": 0.004880931917619413, "dictionary": 0.0004539434588966836, "combined": 0.001190385506549627}, "Q28755628": {"object": 0.004880931917619413, "dictionary": 0.0004539434588966836, "combined": 0.001190385506549627}, "Q58103465": {"object": 0.004880931917619413, "dictionary": 0.0004539434588966836, "combined": 0.001190385506549627}, "Q66134804": {"object": 0.0007200459147953367, "dictionary": 0.0, "combined": 0.00011978167389417778}, "Q27596243": {"object": 0.000805845923538357, "dictionary": 0.0, "combined": 0.00013405474795264978}, "Q217570": {"object": 0.0013439108257336887, "dictionary": 0.0, "combined": 0.00022356336583986188}, "Q28206528": {"object": 0.009178305956237393, "dictionary": 0.0005042409689025293, "combined": 0.0019471962059240042}, "Q29905267": {"object": 0.0028876855456053453, "dictionary": 0.0, "combined": 0.00048037465559532466}, "Q29000741": {"object": 0.0017740906842631536, "dictionary": 0.0, "combined": 0.00029512500166258015}, "Q29000651": {"object": 0.0017740906842631536, "dictionary": 0.0, "combined": 0.00029512500166258015}, "Q58335745": {"object": 0.0015857026581978415, "dictionary": 0.0, "combined": 0.0002637861208494906}, "Q34310996": {"object": 0.0015857026581978415, "dictionary": 0.0, "combined": 0.0002637861208494906}, "Q28206952": {"object": 0.0016975184457921366, "dictionary": 0.0, "combined": 0.0002823869932808653}, "Q58335773": {"object": 0.001405546979968878, "dictionary": 0.0, "combined": 0.00023381671437637733}, "Q3509055": {"object": 0.0014034425885769194, "dictionary": 0.0, "combined": 0.00023346664291804686}, "Q26211936": {"object": 0.0014710413841617295, "dictionary": 1.7359021066495598e-05, "combined": 0.00025918319253128835}, "Q26211977": {"object": 0.0014710413841617295, "dictionary": 1.7359021066495598e-05, "combined": 0.00025918319253128835}, "Q26211940": {"object": 0.0014710413841617295, "dictionary": 1.7359021066495598e-05, "combined": 0.00025918319253128835}, "Q26211915": {"object": 0.0014710413841617295, "dictionary": 1.7359021066495598e-05, "combined": 0.00025918319253128835}, "Q10394822": {"object": 0.0014710413841617295, "dictionary": 1.7359021066495598e-05, "combined": 0.00025918319253128835}, "Q26211975": {"object": 0.0014710413841617295, "dictionary": 1.7359021066495598e-05, "combined": 0.00025918319253128835}, "Q26211905": {"object": 0.0014710413841617295, "dictionary": 1.7359021066495598e-05, "combined": 0.00025918319253128835}, "Q5532250": {"object": 0.0014710413841617295, "dictionary": 1.7359021066495598e-05, "combined": 0.00025918319253128835}, "Q26211927": {"object": 0.0014710413841617295, "dictionary": 1.7359021066495598e-05, "combined": 0.00025918319253128835}, "Q26211957": {"object": 0.0014710413841617295, "dictionary": 1.7359021066495598e-05, "combined": 0.00025918319253128835}, "Q26211948": {"object": 0.0014710413841617295, "dictionary": 1.7359021066495598e-05, "combined": 0.00025918319253128835}, "Q26211958": {"object": 0.0014710413841617295, "dictionary": 1.7359021066495598e-05, "combined": 0.00025918319253128835}, "Q26211874": {"object": 0.0014710413841617295, "dictionary": 1.7359021066495598e-05, "combined": 0.00025918319253128835}, "Q26211954": {"object": 0.0014710413841617295, "dictionary": 1.7359021066495598e-05, "combined": 0.00025918319253128835}, "Q26211891": {"object": 0.0014710413841617295, "dictionary": 1.7359021066495598e-05, "combined": 0.00025918319253128835}, "Q26211983": {"object": 0.0014710413841617295, "dictionary": 1.7359021066495598e-05, "combined": 0.00025918319253128835}, "Q26211840": {"object": 0.0014710413841617295, "dictionary": 1.7359021066495598e-05, "combined": 0.00025918319253128835}, "Q26211965": {"object": 0.0014710413841617295, "dictionary": 1.7359021066495598e-05, "combined": 0.00025918319253128835}, "Q26211978": {"object": 0.0014710413841617295, "dictionary": 1.7359021066495598e-05, "combined": 0.00025918319253128835}, "Q26211931": {"object": 0.0014710413841617295, "dictionary": 1.7359021066495598e-05, "combined": 0.00025918319253128835}, "Q479833": {"object": 0.005226059386003499, "dictionary": 0.00034427419527930633, "combined": 0.001156372965262549}, "Q2119595": {"object": 0.024089835028711048, "dictionary": 0.10835236516369738,