{"name": "Q29944334", "Q99184084": {"object": 0.0027892426736801697, "dictionary": 0.0, "combined": 0.0004919502447040688}, "Q4045294": {"object": 0.002333738477840922, "dictionary": 0.0, "combined": 0.00041161108930487706}, "Q1076355": {"object": 0.002292893097261101, "dictionary": 0.0, "combined": 0.00040440702091710867}, "Q3807693": {"object": 0.0025903005607688825, "dictionary": 0.0, "combined": 0.0004568620029916609}, "Q95994246": {"object": 0.0025906862134599676, "dictionary": 0.0, "combined": 0.0004569300221488108}, "Q58006953": {"object": 0.0025906862134599676, "dictionary": 0.0, "combined": 0.0004569300221488108}, "Q723030": {"object": 0.0024720946369215556, "dictionary": 0.0, "combined": 0.00043601353623368}, "Q27979156": {"object": 0.0024720946369215556, "dictionary": 0.0, "combined": 0.00043601353623368}, "Q26549229": {"object": 0.0029923951408294333, "dictionary": 0.0, "combined": 0.000527781083974304}, "Q16996920": {"object": 0.0028840266895818413, "dictionary": 0.0, "combined": 0.0005086676928690713}, "Q66811836": {"object": 0.0028840266895818413, "dictionary": 0.0, "combined": 0.0005086676928690713}, "Q28600763": {"object": 0.0028840266895818413, "dictionary": 0.0, "combined": 0.0005086676928690713}, "Q1662484": {"object": 0.0028840266895818413, "dictionary": 0.0, "combined": 0.0005086676928690713}, "Q684554": {"object": 0.0028840266895818413, "dictionary": 0.0, "combined": 0.0005086676928690713}, "Q28206109": {"object": 0.0032137526196968176, "dictionary": 0.0, "combined": 0.0005668228163138588}, "Q1676669": {"object": 0.0034137547209901497, "dictionary": 0.0, "combined": 0.0006020980125529741}, "Q1343830": {"object": 0.004065305305857922, "dictionary": 0.0, "combined": 0.0007170146788894556}, "Q1882400": {"object": 0.004558487239160654, "dictionary": 0.0, "combined": 0.0008039992123835552}, "Q27979410": {"object": 0.004558487239160654, "dictionary": 0.0, "combined": 0.0008039992123835552}, "Q28055391": {"object": 0.004515413680922124, "dictionary": 0.0, "combined": 0.0007964021511039207}, "Q28205580": {"object": 0.00355894864794099, "dictionary": 0.0, "combined": 0.0006277064648282174}, "Q28206771": {"object": 0.0034774577793551266, "dictionary": 0.0, "combined": 0.0006133335839311}, "Q28205626": {"object": 0.00355894864794099, "dictionary": 0.0, "combined": 0.0006277064648282174}, "Q729366": {"object": 0.00355894864794099, "dictionary": 0.0, "combined": 0.0006277064648282174}, "Q29904539": {"object": 0.0053323082952212615, "dictionary": 0.0, "combined": 0.0009404812264723113}, "Q28755628": {"object": 0.0053323082952212615, "dictionary": 0.0, "combined": 0.0009404812264723113}, "Q58103465": {"object": 0.0053323082952212615, "dictionary": 0.0, "combined": 0.0009404812264723113}, "Q66134804": {"object": 0.0035398528214345645, "dictionary": 0.003483022424896105, "combined": 0.003493045836536669}, "Q178051": {"object": 0.006977963382090245, "dictionary": 0.0, "combined": 0.0012307322076160637}, "Q27526733": {"object": 0.004500762969155147, "dictionary": 0.0, "combined": 0.0007938181445895848}, "Q26211936": {"object": 0.004821238837851984, "dictionary": 0.0, "combined": 0.0008503417965166298}, "Q26211977": {"object": 0.004821238837851984, "dictionary": 0.0, "combined": 0.0008503417965166298}, "Q26211940": {"object": 0.004821238837851984, "dictionary": 0.0, "combined": 0.0008503417965166298}, "Q26211915": {"object": 0.004821238837851984, "dictionary": 0.0, "combined": 0.0008503417965166298}, "Q10394822": {"object": 0.004821238837851984, "dictionary": 0.0, "combined": 0.0008503417965166298}, "Q26211975": {"object": 0.004821238837851984, "dictionary": 0.0, "combined": 0.0008503417965166298}, "Q26211905": {"object": 0.004821238837851984, "dictionary": 0.0, "combined": 0.0008503417965166298}, "Q5532250": {"object": 0.004821238837851984, "dictionary": 0.0, "combined": 0.0008503417965166298}, "Q26211927": {"object": 0.004821238837851984, "dictionary": 0.0, "combined": 0.0008503417965166298}, "Q26211957": {"object": 0.004821238837851984, "dictionary": 0.0, "combined": 0.0008503417965166298}, "Q26211948": {"object": 0.004821238837851984, "dictionary": 0.0, "combined": 0.0008503417965166298}, "Q26211958": {"object": 0.004821238837851984, "dictionary": 0.0, "combined": 0.0008503417965166298}, "Q26211874": {"object": 0.004821238837851984, "dictionary": 0.0, "combined": 0.0008503417965166298}, "Q26211954": {"object": 0.004821238837851984, "dictionary": 0.0, "combined": 0.0008503417965166298}, "Q26211891": {"object": 0.004821238837851984, "dictionary": 0.0, "combined": 0.0008503417965166298}, "Q26211983": {"object": 0.004821238837851984, "dictionary": 0.0, "combined": 0.0008503417965166298}, "Q26211840": {"object": 0.004821238837851984, "dictionary": 0.0, "combined": 0.0008503417965166298}, "Q26211965": {"object": 0.004821238837851984, "dictionary": 0.0, "combined": 0.0008503417965166298}, "Q26211978": {"object": 0.004821238837851984, "dictionary": 0.0, "combined": 0.0008503417965166298}, "Q26211931": {"object": 0.004821238837851984, "dictionary": 0.0, "combined": 0.0008503417965166298}, "Q27967388": {"object": 0.005209959079168602, "dictionary": 0.0, "combined": 0.0009189019901640408}, "Q10287816": {"object": 0.007193246144337858, "dictionary": 0.0, "combined": 0.0012687025171081896}, "Q1072083": {"object": 0.016886222368206083, "dictionary": 0.0, "combined": 0.0029782927475455827}, "Q29944575": {"object": 0.009065405404573942, "dictionary": 0.02590861869018171, "combined": 0.022937911632080928}, "Q85415853": {"object": 0.008381481811402847, "dictionary": 0.016426997343157654, "combined": 0.01500797655591474}, "Q29944206": {"object": 0.008381481811402847, "dictionary": 0.016426997343157654, "combined": 0.01500797655591474}, "Q1601835": {"object": 0.008381481811402847, "dictionary": 0.016426997343157654, "combined": 0.01500797655591474}, "Q73675958": {"object": 0.008308429820289863, "dictionary": 0.016127148622094186, "combined": 0.014748128910358269}, "Q1228757": {"object": 0.011404380774482019, "dictionary": 0.0, "combined": 0.0020114377159239335}, "Q1887604": {"object": 0.020541027162857897, "dictionary": 0.0, "combined": 0.003622905756675505}, "Q47524710": {"object": 0.022983501377698373, "dictionary": 0.0, "combined": 0.004053695016789891}, "Q62625561": {"object": 0.009836945506259643, "dictionary": 0.0, "combined": 0.0017349826870962039}, "Q89029185": {"object": 0.010327056356362656, "dictionary": 0.02139611235883529, "combined": 0.019443817257213784}, "Q28205507": {"object": 0.016784776206688615, "dictionary": 0.03841474701465383, "combined": 0.03459977977199343}, "Q28205548": {"object": 0.016784776206688615, "dictionary": 0.03841474701465383, "combined": 0.03459977977199343}, "Q28205479": {"object": 0.016784776206688615, "dictionary": 0.03841474701465383, "combined": 0.03459977977199343}, "Q28205475": {"object": 0.016784776206688615, "dictionary": 0.03841474701465383, "combined": 0.03459977977199343}, "Q261907": {"object": 0.03486471857654186, "dictionary": 0.0, "combined": 0.006149234341319621}, "Q29944393": {"object": 0.06150326204507913, "dictionary": 0.1005524806712921, "combined": 0.09366520878206568}, "Q28205711": {"object": 0.06150326204507913, "dictionary": 0.1005524806712921, "combined": 0.09366520878206568}, "Q50375294": {"object": 0.08492499652693945, "dictionary": 0.07887985555124304, "combined": 0.07994606202023434}, "Q29944082": {"object": 0.08492499652693945, "dictionary": 0.07887985555124304, "combined": 0.07994606202023434}, "Q29944088": {"object": 0.08492499652693945, "dictionary": 0.0, "combined": 0.014978572218600241}, "Q34746956": {"object": 0.08492499652693945, "dictionary": 0.23721047114244467, "combined": 0.21035125333077728}, "Q29944551": {"object": 0.08492499652693945, "dictionary": 0.13406997422838945, "combined": 0.12540207163449107}, "type": "co-oc"}