{"name": "Q29904472", "Q99184084": {"object": 0.004035502425805441, "dictionary": 0.0, "combined": 0.0008868888636316072}, "Q79241659": {"object": 0.01059174080785534, "dictionary": 0.009895946190857739, "combined": 0.010048862093780739}, "Q28600412": {"object": 0.007940954046306256, "dictionary": 0.0, "combined": 0.001745196252452683}, "Q4045294": {"object": 0.0033764746887715363, "dictionary": 0.0, "combined": 0.0007420532770979048}, "Q1076355": {"object": 0.0033173792095691716, "dictionary": 0.0, "combined": 0.0007290657685139916}, "Q3807693": {"object": 0.0012492237044827122, "dictionary": 0.0, "combined": 0.0002745439042746233}, "Q95994246": {"object": 0.0012494096931246086, "dictionary": 0.0, "combined": 0.0002745847792978187}, "Q58006953": {"object": 0.0012494096931246086, "dictionary": 0.0, "combined": 0.0002745847792978187}, "Q723030": {"object": 0.0011922165585488338, "dictionary": 0.0, "combined": 0.0002620153520544899}, "Q27979156": {"object": 0.0011922165585488338, "dictionary": 0.0, "combined": 0.0002620153520544899}, "Q47233167": {"object": 0.0033034300541702377, "dictionary": 0.0, "combined": 0.0007260001401795192}, "Q29650304": {"object": 0.0033034300541702377, "dictionary": 0.0, "combined": 0.0007260001401795192}, "Q1601331": {"object": 0.0033034300541702377, "dictionary": 0.0, "combined": 0.0007260001401795192}, "Q81526237": {"object": 0.0033034300541702377, "dictionary": 0.0, "combined": 0.0007260001401795192}, "Q28009496": {"object": 0.0033034300541702377, "dictionary": 0.0, "combined": 0.0007260001401795192}, "Q34747804": {"object": 0.0033034300541702377, "dictionary": 0.0, "combined": 0.0007260001401795192}, "Q28049770": {"object": 0.0033034300541702377, "dictionary": 0.0, "combined": 0.0007260001401795192}, "Q28755606": {"object": 0.0033034300541702377, "dictionary": 0.0, "combined": 0.0007260001401795192}, "Q81526528": {"object": 0.0033034300541702377, "dictionary": 0.0, "combined": 0.0007260001401795192}, "Q81526664": {"object": 0.0033034300541702377, "dictionary": 0.0, "combined": 0.0007260001401795192}, "Q28758112": {"object": 0.0033034300541702377, "dictionary": 0.0, "combined": 0.0007260001401795192}, "Q32097899": {"object": 0.0033034300541702377, "dictionary": 0.0, "combined": 0.0007260001401795192}, "Q66439259": {"object": 0.0033034300541702377, "dictionary": 0.0, "combined": 0.0007260001401795192}, "Q28207108": {"object": 0.0033034300541702377, "dictionary": 0.0, "combined": 0.0007260001401795192}, "Q32097740": {"object": 0.0033034300541702377, "dictionary": 0.0, "combined": 0.0007260001401795192}, "Q6912474": {"object": 0.0033034300541702377, "dictionary": 0.0, "combined": 0.0007260001401795192}, "Q16996920": {"object": 0.004172636827809301, "dictionary": 0.006232008939530731, "combined": 0.005779417415788876}, "Q66811836": {"object": 0.004172636827809301, "dictionary": 0.006232008939530731, "combined": 0.005779417415788876}, "Q28600763": {"object": 0.004172636827809301, "dictionary": 0.006232008939530731, "combined": 0.005779417415788876}, "Q1662484": {"object": 0.004172636827809301, "dictionary": 0.006232008939530731, "combined": 0.005779417415788876}, "Q684554": {"object": 0.004172636827809301, "dictionary": 0.006232008939530731, "combined": 0.005779417415788876}, "Q28206109": {"object": 0.0046496873918874405, "dictionary": 0.0, "combined": 0.0010218692822146444}, "Q29650301": {"object": 0.010845060903406924, "dictionary": 0.0, "combined": 0.002383436490864807}, "Q28758103": {"object": 0.010845060903406924, "dictionary": 0.0, "combined": 0.002383436490864807}, "Q29209269": {"object": 0.010845060903406924, "dictionary": 0.0, "combined": 0.002383436490864807}, "Q856364": {"object": 0.005114802136428837, "dictionary": 0.0, "combined": 0.0011240882982674705}, "Q8041715": {"object": 0.013349158078043688, "dictionary": 0.0, "combined": 0.0029337659575094615}, "Q279254": {"object": 0.011829772168969115, "dictionary": 0.0, "combined": 0.002599848070680767}, "Q2627217": {"object": 0.013349158078043688, "dictionary": 0.0, "combined": 0.0029337659575094615}, "Q5322705": {"object": 0.011829772168969115, "dictionary": 0.0, "combined": 0.002599848070680767}, "Q1343830": {"object": 0.005881721794319044, "dictionary": 0.0, "combined": 0.0012926354659097328}, "Q47512572": {"object": 0.0032583448867656425, "dictionary": 0.0, "combined": 0.0007160917003702873}, "Q27960138": {"object": 0.015599509930256404, "dictionary": 0.0, "combined": 0.003428329406218546}, "Q28206328": {"object": 0.010088973726805612, "dictionary": 0.0, "combined": 0.0022172699950712797}, "Q28205727": {"object": 0.006586538390278465, "dictionary": 0.0, "combined": 0.001447534143670876}, "Q4545483": {"object": 0.006586538390278465, "dictionary": 0.0, "combined": 0.001447534143670876}, "Q1882400": {"object": 0.006595262034824774, "dictionary": 0.0, "combined": 0.0014494513530743268}, "Q27979410": {"object": 0.006595262034824774, "dictionary": 0.0, "combined": 0.0014494513530743268}, "Q28055391": {"object": 0.006532942807315497, "dictionary": 0.0, "combined": 0.0014357553561360839}, "Q1141412": {"object": 0.0035082747600954428, "dictionary": 0.0, "combined": 0.0007710191909170976}, "Q53756551": {"object": 0.013986634304655977, "dictionary": 0.026259702392133943, "combined": 0.023562430463916935}, "Q53756539": {"object": 0.013986634304655977, "dictionary": 0.026259702392133943, "combined": 0.023562430463916935}, "Q27979378": {"object": 0.013986634304655977, "dictionary": 0.026259702392133943, "combined": 0.023562430463916935}, "Q5448342": {"object": 0.00275438519965663, "dictionary": 0.0, "combined": 0.0006053356687648685}, "Q29904540": {"object": 0.00275438519965663, "dictionary": 0.0, "combined": 0.0006053356687648685}, "Q5421818": {"object": 0.00275438519965663, "dictionary": 0.0, "combined": 0.0006053356687648685}, "Q50223812": {"object": 0.00275438519965663, "dictionary": 0.0, "combined": 0.0006053356687648685}, "Q5153426": {"object": 0.00275438519965663, "dictionary": 0.0, "combined": 0.0006053356687648685}, "Q29904539": {"object": 0.007714833586751339, "dictionary": 0.011988633306837762, "combined": 0.011049373463280613}, "Q28755628": {"object": 0.007714833586751339, "dictionary": 0.011988633306837762, "combined": 0.011049373463280613}, "Q58103465": {"object": 0.007714833586751339, "dictionary": 0.011988633306837762, "combined": 0.011049373463280613}, "Q27526733": {"object": 0.006511746020304703, "dictionary": 0.0, "combined": 0.0014310969041365434}, "Q1888930": {"object": 0.0022744865346685664, "dictionary": 0.0, "combined": 0.0004998675667193987}, "Q28786544": {"object": 0.0022744865346685664, "dictionary": 0.0, "combined": 0.0004998675667193987}, "Q8811": {"object": 0.0022744865346685664, "dictionary": 0.0, "combined": 0.0004998675667193987}, "Q2053": {"object": 0.0022744865346685664, "dictionary": 0.0, "combined": 0.0004998675667193987}, "Q166074": {"object": 0.002153155071626514, "dictionary": 0.0, "combined": 0.0004732023557924968}, "Q62626012": {"object": 0.0022744865346685664, "dictionary": 0.0, "combined": 0.0004998675667193987}, "Q58335745": {"object": 0.011278674953152185, "dictionary": 0.0, "combined": 0.00247873254851902}, "Q34310996": {"object": 0.011278674953152185, "dictionary": 0.0, "combined": 0.00247873254851902}, "Q777561": {"object": 0.014573811228539789, "dictionary": 0.0, "combined": 0.0032029099515858807}, "Q2193155": {"object": 0.01311690991139105, "dictionary": 0.0, "combined": 0.0028827244040994246}, "Q218170": {"object": 0.004093220818103728, "dictionary": 0.0, "combined": 0.0008995737276100629}, "Q28205883": {"object": 0.0029481321050255204, "dictionary": 0.0, "combined": 0.0006479157380112549}, "Q10287816": {"object": 0.010407255897383283, "dictionary": 0.0, "combined": 0.0022872193800035643}, "Q921122": {"object": 0.01322792674762667, "dictionary": 0.0, "combined": 0.002907122752890736}, "Q51916170": {"object": 0.007608978610876153, "dictionary": 0.0, "combined": 0.0016722374766632105},