{"name": "Q3077345", "Q28600412": {"object": 0.006815788284051597, "dictionary": 0.0, "combined": 0.0013179991800606685}, "Q4045294": {"object": 0.0028980568947921917, "dictionary": 0.0, "combined": 0.0005604101025325158}, "Q1076355": {"object": 0.0028473347432170612, "dictionary": 0.0, "combined": 0.0005506017353413924}, "Q28858032": {"object": 0.004793003714584447, "dictionary": 0.0, "combined": 0.0009268443652558467}, "Q3807693": {"object": 0.0032166579378960047, "dictionary": 0.0, "combined": 0.0006220193979033637}, "Q95994246": {"object": 0.003217136844787675, "dictionary": 0.0, "combined": 0.0006221120062509591}, "Q58006953": {"object": 0.003217136844787675, "dictionary": 0.0, "combined": 0.0006221120062509591}, "Q723030": {"object": 0.00306986878569933, "dictionary": 0.0, "combined": 0.0005936341291458646}, "Q27979156": {"object": 0.00306986878569933, "dictionary": 0.0, "combined": 0.0005936341291458646}, "Q47512572": {"object": 0.008389995248094978, "dictionary": 0.0, "combined": 0.0016224105557352687}, "Q28055391": {"object": 0.005607280282297057, "dictionary": 0.0, "combined": 0.0010843046330724214}, "Q59961105": {"object": 0.017095976242527938, "dictionary": 0.0, "combined": 0.003305924675317851}, "Q5448342": {"object": 0.007092336612494516, "dictionary": 0.0, "combined": 0.0013714765556692675}, "Q29904540": {"object": 0.007092336612494516, "dictionary": 0.0, "combined": 0.0013714765556692675}, "Q5421818": {"object": 0.007092336612494516, "dictionary": 0.0, "combined": 0.0013714765556692675}, "Q50223812": {"object": 0.007092336612494516, "dictionary": 0.0, "combined": 0.0013714765556692675}, "Q5153426": {"object": 0.007092336612494516, "dictionary": 0.0, "combined": 0.0013714765556692675}, "Q66134804": {"object": 0.004395820257117649, "dictionary": 0.0, "combined": 0.0008500392402346045}, "Q27596243": {"object": 0.004919622154668367, "dictionary": 0.0, "combined": 0.0009513291340391818}, "Q26211936": {"object": 0.005987056642440655, "dictionary": 0.0, "combined": 0.0011577436705564527}, "Q26211977": {"object": 0.005987056642440655, "dictionary": 0.0, "combined": 0.0011577436705564527}, "Q26211940": {"object": 0.005987056642440655, "dictionary": 0.0, "combined": 0.0011577436705564527}, "Q26211915": {"object": 0.005987056642440655, "dictionary": 0.0, "combined": 0.0011577436705564527}, "Q10394822": {"object": 0.005987056642440655, "dictionary": 0.0, "combined": 0.0011577436705564527}, "Q26211975": {"object": 0.005987056642440655, "dictionary": 0.0, "combined": 0.0011577436705564527}, "Q26211905": {"object": 0.005987056642440655, "dictionary": 0.0, "combined": 0.0011577436705564527}, "Q5532250": {"object": 0.005987056642440655, "dictionary": 0.0, "combined": 0.0011577436705564527}, "Q26211927": {"object": 0.005987056642440655, "dictionary": 0.0, "combined": 0.0011577436705564527}, "Q26211957": {"object": 0.005987056642440655, "dictionary": 0.0, "combined": 0.0011577436705564527}, "Q26211948": {"object": 0.005987056642440655, "dictionary": 0.0, "combined": 0.0011577436705564527}, "Q26211958": {"object": 0.005987056642440655, "dictionary": 0.0, "combined": 0.0011577436705564527}, "Q26211874": {"object": 0.005987056642440655, "dictionary": 0.0, "combined": 0.0011577436705564527}, "Q26211954": {"object": 0.005987056642440655, "dictionary": 0.0, "combined": 0.0011577436705564527}, "Q26211891": {"object": 0.005987056642440655, "dictionary": 0.0, "combined": 0.0011577436705564527}, "Q26211983": {"object": 0.005987056642440655, "dictionary": 0.0, "combined": 0.0011577436705564527}, "Q26211840": {"object": 0.005987056642440655, "dictionary": 0.0, "combined": 0.0011577436705564527}, "Q26211965": {"object": 0.005987056642440655, "dictionary": 0.0, "combined": 0.0011577436705564527}, "Q26211978": {"object": 0.005987056642440655, "dictionary": 0.0, "combined": 0.0011577436705564527}, "Q26211931": {"object": 0.005987056642440655, "dictionary": 0.0, "combined": 0.0011577436705564527}, "Q10287816": {"object": 0.008932636104034216, "dictionary": 0.0, "combined": 0.0017273434223955856}, "Q28771319": {"object": 0.007274933126601519, "dictionary": 0.0, "combined": 0.0014067860526555656}, "Q6043826": {"object": 0.007274933126601519, "dictionary": 0.0, "combined": 0.0014067860526555656}, "Q29000498": {"object": 0.007274933126601519, "dictionary": 0.0, "combined": 0.0014067860526555656}, "Q28858035": {"object": 0.005819894805217894, "dictionary": 0.0, "combined": 0.0011254188454276318}, "Q61641368": {"object": 0.005819894805217894, "dictionary": 0.0, "combined": 0.0011254188454276318}, "Q51801746": {"object": 0.005819894805217894, "dictionary": 0.0, "combined": 0.0011254188454276318}, "Q85621726": {"object": 0.005819894805217894, "dictionary": 0.0, "combined": 0.0011254188454276318}, "Q28858042": {"object": 0.005819894805217894, "dictionary": 0.0, "combined": 0.0011254188454276318}, "Q48915661": {"object": 0.005819894805217894, "dictionary": 0.0, "combined": 0.0011254188454276318}, "Q48782098": {"object": 0.005819894805217894, "dictionary": 0.0, "combined": 0.0011254188454276318}, "Q61639409": {"object": 0.005819894805217894, "dictionary": 0.0, "combined": 0.0011254188454276318}, "Q85621806": {"object": 0.005819894805217894, "dictionary": 0.0, "combined": 0.0011254188454276318}, "Q28858037": {"object": 0.005819894805217894, "dictionary": 0.0, "combined": 0.0011254188454276318}, "Q28858038": {"object": 0.005819894805217894, "dictionary": 0.0, "combined": 0.0011254188454276318}, "Q28858039": {"object": 0.005819894805217894, "dictionary": 0.0, "combined": 0.0011254188454276318}, "Q28858044": {"object": 0.005819894805217894, "dictionary": 0.0, "combined": 0.0011254188454276318}, "Q48782394": {"object": 0.005819894805217894, "dictionary": 0.0, "combined": 0.0011254188454276318}, "Q60628185": {"object": 0.005819894805217894, "dictionary": 0.0, "combined": 0.0011254188454276318}, "Q62664770": {"object": 0.0056531735289245206, "dictionary": 0.0, "combined": 0.0010931792135177756}, "Q48782202": {"object": 0.005819894805217894, "dictionary": 0.0, "combined": 0.0011254188454276318}, "Q66439286": {"object": 0.005819894805217894, "dictionary": 0.0, "combined": 0.0011254188454276318}, "Q63061396": {"object": 0.005819894805217894, "dictionary": 0.0, "combined": 0.0011254188454276318}, "Q28858041": {"object": 0.005819894805217894, "dictionary": 0.0, "combined": 0.0011254188454276318}, "Q686498": {"object": 0.005819894805217894, "dictionary": 0.0, "combined": 0.0011254188454276318}, "Q48782238": {"object": 0.005819894805217894, "dictionary": 0.0, "combined": 0.0011254188454276318}, "Q62664735": {"object": 0.005819894805217894, "dictionary": 0.0, "combined": 0.0011254188454276318}, "Q63061514": {"object": 0.005819894805217894, "dictionary": 0.0, "combined": 0.0011254188454276318}, "Q60000066": {"object": 0.005819894805217894, "dictionary": 0.0, "combined": 0.0011254188454276318}, "Q28206138": {"object": 0.009738190806152701, "dictionary": 0.0, "combined": 0.001883117104417153}, "Q28206147": {"object": 0.009738190806152701, "dictionary": 0.0, "combined": 0.001883117104417153}, "Q50288102": {"object": 0.03225029606307718, "dictionary": 0.05437887751962123, "combined": 0.0500997756754698}, "Q28791524": {"object": 0.022926218472692, "dictionary": 0.031003198401962577, "combined": 0.02944131700534486}, "Q61752184": {"object": 0.01385243337143041, "dictionary": 0.0, "combined": 0.0026787064187588413}, "Q47493628": {"object": 0.01385243337143041, "dictionary": 0.0, "combined": 0.0026787064187588413}, "Q47493509": {"object": 0.01385243337143041, "dictionary": 0.0, "combined": 0.0026787064187588413}, "Q47493633": {"object": 0.01385243337143041, "dictionary": 0.0, "combined": 0.0026787064187588413}, "Q47493619": {"object": 0.01385243337143041, "dictionary": 0.0, "combined": 0.0026787064187588413}, "Q47493614": {"object": 0.01385243337143041, "dictionary": 0.0, "combined": 0.0026787064187588413}, "Q21040945": {"object": 0.037600609445953774, "dictionary": 0.2964911275916588,