{"name": "Q3334595", "Q99184084": {"object": 0.0044914078755854915, "dictionary": 0.0, "combined": 0.0005921396244771056}, "Q4045294": {"object": 0.003757927367826265, "dictionary": 0.0, "combined": 0.0004954387938117972}, "Q1144005": {"object": 0.003960631707063163, "dictionary": 0.0, "combined": 0.0005221629913553057}, "Q1076355": {"object": 0.003692155656476587, "dictionary": 0.0, "combined": 0.0004867675625322871}, "Q28858032": {"object": 0.006215116019805193, "dictionary": 0.0, "combined": 0.0008193903933895881}, "Q3807693": {"object": 0.00417105920849141, "dictionary": 0.0, "combined": 0.0005499053975510769}, "Q95994246": {"object": 0.004171680209865843, "dictionary": 0.0, "combined": 0.0005499872693228781}, "Q58006953": {"object": 0.004171680209865843, "dictionary": 0.0, "combined": 0.0005499872693228781}, "Q723030": {"object": 0.0039807168541604225, "dictionary": 0.0, "combined": 0.0005248109832075684}, "Q27979156": {"object": 0.0039807168541604225, "dictionary": 0.0, "combined": 0.0005248109832075684}, "Q26549229": {"object": 0.004818536310665304, "dictionary": 0.0, "combined": 0.0006352676845575303}, "Q47233167": {"object": 0.0027574729605294506, "dictionary": 0.0, "combined": 0.00036354057537934734}, "Q29650304": {"object": 0.0027574729605294506, "dictionary": 0.0, "combined": 0.00036354057537934734}, "Q1601331": {"object": 0.0027574729605294506, "dictionary": 0.0, "combined": 0.00036354057537934734}, "Q81526237": {"object": 0.0027574729605294506, "dictionary": 0.0, "combined": 0.00036354057537934734}, "Q28009496": {"object": 0.0027574729605294506, "dictionary": 0.0, "combined": 0.00036354057537934734}, "Q34747804": {"object": 0.0027574729605294506, "dictionary": 0.0, "combined": 0.00036354057537934734}, "Q28049770": {"object": 0.0027574729605294506, "dictionary": 0.0, "combined": 0.00036354057537934734}, "Q28755606": {"object": 0.0027574729605294506, "dictionary": 0.0, "combined": 0.00036354057537934734}, "Q81526528": {"object": 0.0027574729605294506, "dictionary": 0.0, "combined": 0.00036354057537934734}, "Q81526664": {"object": 0.0027574729605294506, "dictionary": 0.0, "combined": 0.00036354057537934734}, "Q28758112": {"object": 0.0027574729605294506, "dictionary": 0.0, "combined": 0.00036354057537934734}, "Q32097899": {"object": 0.0027574729605294506, "dictionary": 0.0, "combined": 0.00036354057537934734}, "Q66439259": {"object": 0.0027574729605294506, "dictionary": 0.0, "combined": 0.00036354057537934734}, "Q28207108": {"object": 0.0027574729605294506, "dictionary": 0.0, "combined": 0.00036354057537934734}, "Q32097740": {"object": 0.0027574729605294506, "dictionary": 0.0, "combined": 0.00036354057537934734}, "Q6912474": {"object": 0.0027574729605294506, "dictionary": 0.0, "combined": 0.00036354057537934734}, "Q28206109": {"object": 0.002587489780379164, "dictionary": 0.0, "combined": 0.0003411302801557157}, "Q1343830": {"object": 0.003273100694981592, "dictionary": 0.0, "combined": 0.0004315200645520314}, "Q47512572": {"object": 0.0054396780158812675, "dictionary": 0.0, "combined": 0.0007171579573321229}, "Q283579": {"object": 0.00821007633424232, "dictionary": 0.0, "combined": 0.0010824025900459733}, "Q28758102": {"object": 0.004740393545927257, "dictionary": 0.0, "combined": 0.0006249654745046172}, "Q194831": {"object": 0.003924025142726285, "dictionary": 0.0, "combined": 0.0005173368437730155}, "Q1882400": {"object": 0.003670176438916371, "dictionary": 0.0, "combined": 0.0004838698596308978}, "Q27979410": {"object": 0.003670176438916371, "dictionary": 0.0, "combined": 0.0004838698596308978}, "Q28055391": {"object": 0.0036354966097771643, "dictionary": 0.0, "combined": 0.0004792977295611604}, "Q1141412": {"object": 0.005856926061963226, "dictionary": 0.0, "combined": 0.0007721672346377539}, "Q28206359": {"object": 0.00764367941185883, "dictionary": 0.0, "combined": 0.0010077297769291223}, "Q28206528": {"object": 0.01614623342682934, "dictionary": 0.0, "combined": 0.002128692130156646}, "Q48106551": {"object": 0.005304214415053949, "dictionary": 0.0, "combined": 0.0006992986651132553}, "Q479833": {"object": 0.0037609959455231923, "dictionary": 0.0, "combined": 0.0004958433499099006}, "Q218170": {"object": 0.0068334703882400455, "dictionary": 0.0, "combined": 0.0009009131883931617}, "Q27967388": {"object": 0.004194696191275033, "dictionary": 0.0, "combined": 0.0005530216574181327}, "Q49243488": {"object": 0.011880500029630075, "dictionary": 0.0, "combined": 0.0015663050475522302}, "Q87066066": {"object": 0.012825202563147854, "dictionary": 0.0, "combined": 0.001690853033158384}, "Q87066063": {"object": 0.012825202563147854, "dictionary": 0.0, "combined": 0.001690853033158384}, "Q28858035": {"object": 0.0075466917180611465, "dictionary": 0.0, "combined": 0.0009949430832742348}, "Q61641368": {"object": 0.0075466917180611465, "dictionary": 0.0, "combined": 0.0009949430832742348}, "Q51801746": {"object": 0.0075466917180611465, "dictionary": 0.0, "combined": 0.0009949430832742348}, "Q85621726": {"object": 0.0075466917180611465, "dictionary": 0.0, "combined": 0.0009949430832742348}, "Q28858042": {"object": 0.0075466917180611465, "dictionary": 0.0, "combined": 0.0009949430832742348}, "Q48915661": {"object": 0.0075466917180611465, "dictionary": 0.0, "combined": 0.0009949430832742348}, "Q48782098": {"object": 0.0075466917180611465, "dictionary": 0.0, "combined": 0.0009949430832742348}, "Q61639409": {"object": 0.0075466917180611465, "dictionary": 0.0, "combined": 0.0009949430832742348}, "Q85621806": {"object": 0.0075466917180611465, "dictionary": 0.0, "combined": 0.0009949430832742348}, "Q28858037": {"object": 0.0075466917180611465, "dictionary": 0.0, "combined": 0.0009949430832742348}, "Q28858038": {"object": 0.0075466917180611465, "dictionary": 0.0, "combined": 0.0009949430832742348}, "Q28858039": {"object": 0.0075466917180611465, "dictionary": 0.0, "combined": 0.0009949430832742348}, "Q28858044": {"object": 0.0075466917180611465, "dictionary": 0.0, "combined": 0.0009949430832742348}, "Q48782394": {"object": 0.0075466917180611465, "dictionary": 0.0, "combined": 0.0009949430832742348}, "Q60628185": {"object": 0.0075466917180611465, "dictionary": 0.0, "combined": 0.0009949430832742348}, "Q62664770": {"object": 0.007330503261544761, "dictionary": 0.0, "combined": 0.0009664411624948379}, "Q48782202": {"object": 0.0075466917180611465, "dictionary": 0.0, "combined": 0.0009949430832742348}, "Q66439286": {"object": 0.0075466917180611465, "dictionary": 0.0, "combined": 0.0009949430832742348}, "Q63061396": {"object": 0.0075466917180611465, "dictionary": 0.0, "combined": 0.0009949430832742348}, "Q28858041": {"object": 0.0075466917180611465, "dictionary": 0.0, "combined": 0.0009949430832742348}, "Q686498": {"object": 0.0075466917180611465, "dictionary": 0.0, "combined": 0.0009949430832742348}, "Q48782238": {"object": 0.0075466917180611465, "dictionary": 0.0, "combined": 0.0009949430832742348}, "Q62664735": {"object": 0.0075466917180611465, "dictionary": 0.0, "combined": 0.0009949430832742348}, "Q63061514": {"object": 0.0075466917180611465, "dictionary": 0.0, "combined": 0.0009949430832742348}, "Q60000066": {"object": 0.0075466917180611465, "dictionary": 0.0, "combined": 0.0009949430832742348}, "Q29904535": {"object": 0.027875570315423807, "dictionary": 0.0, "combined": 0.0036750680846389366}, "Q28347555": {"object": 0.0064559019302159164, "dictionary": 0.0, "combined": 0.0008511352009242184}, "Q28755621": {"object": 0.0064559019302159164, "dictionary": 0.0, "combined": 0.0008511352009242184}, "Q28106114": {"object": 0.01581742623999573, "dictionary": 0.0, "combined": 0.0020853427462818523}, "Q27826340": {"object": 0.018540962823214914, "dictionary": 0.0, "combined": 0.0024444092070242617}, "Q27826389": {"object": 0.018540962823214914, "dictionary": 0.0, "combined": 0.0024444092070242617}, "Q59210786": {"object": 0.030578539248306127, "dictionary": 0.0, "combined": 0.004031422941117336}, "Q79241919": {"object": 0.028597647091130794, "dictionary": 0.0,