{"name": "Q34740514", "Q4045294": {"object": 0.001561804628578656, "dictionary": 0.0, "combined": 0.000461409728206174}, "Q1144005": {"object": 0.02304468729013937, "dictionary": 0.02960762837167921, "combined": 0.027668714371006608}, "Q3807693": {"object": 0.012134523257606174, "dictionary": 0.010475308776625645, "combined": 0.010965496658449059}, "Q95994246": {"object": 0.012136329886389031, "dictionary": 0.010501115069963455, "combined": 0.010984212641964048}, "Q58006953": {"object": 0.012136329886389031, "dictionary": 0.010501115069963455, "combined": 0.010984212641964048}, "Q723030": {"object": 0.011580775729679745, "dictionary": 0.010294818566690695, "combined": 0.010674733656070056}, "Q27979156": {"object": 0.011580775729679745, "dictionary": 0.010299033182535736, "combined": 0.01067770313234004}, "Q26549229": {"object": 0.00200259653164199, "dictionary": 0.0, "combined": 0.0005916345133465723}, "Q29650301": {"object": 0.005016435151279295, "dictionary": 0.0, "combined": 0.0014820240235951553}, "Q28758103": {"object": 0.005016435151279295, "dictionary": 0.0, "combined": 0.0014820240235951553}, "Q29209269": {"object": 0.005016435151279295, "dictionary": 0.0, "combined": 0.0014820240235951553}, "Q34312361": {"object": 0.034242278886624254, "dictionary": 0.028878145536692428, "combined": 0.030462891327403905}, "Q27923693": {"object": 0.034242278886624254, "dictionary": 0.028878145536692428, "combined": 0.030462891327403905}, "Q34312151": {"object": 0.034242278886624254, "dictionary": 0.028878145536692428, "combined": 0.030462891327403905}, "Q27925722": {"object": 0.034242278886624254, "dictionary": 0.028878145536692428, "combined": 0.030462891327403905}, "Q51839184": {"object": 0.2723822085754323, "dictionary": 0.26868406283569113, "combined": 0.2697766197339209}, "Q28955450": {"object": 0.2170393389086965, "dictionary": 0.26544027314438967, "combined": 0.25114100580841037}, "Q27350220": {"object": 0.2723822085754323, "dictionary": 0.26868406283569113, "combined": 0.2697766197339209}, "type": "co-oc"}