{"name": "Q34743987", "Q99184084": {"object": 0.0018200771687209593, "dictionary": 0.0, "combined": 0.0015436645140989359}, "Q28600412": {"object": 0.003581499310995867, "dictionary": 0.0, "combined": 0.0030375818611797097}, "Q4045294": {"object": 0.001522844950482397, "dictionary": 0.08090258616306001, "combined": 0.01357813874178746}, "Q28205439": {"object": 0.004874114908844619, "dictionary": 0.0, "combined": 0.004133889678815884}, "Q1076355": {"object": 0.0014961919290932743, "dictionary": 0.07903727062081264, "combined": 0.01327225053351799}, "Q28858032": {"object": 0.0025185846135438554, "dictionary": 0.0, "combined": 0.002136090579288667}, "Q3807693": {"object": 0.0016902605697481658, "dictionary": 0.07915141813288121, "combined": 0.013454181660614342}, "Q95994246": {"object": 0.0016905122214472895, "dictionary": 0.07934641044842981, "combined": 0.013484008313188467}, "Q58006953": {"object": 0.0016905122214472895, "dictionary": 0.07934641044842981, "combined": 0.013484008313188467}, "Q723030": {"object": 0.001613127122295842, "dictionary": 0.07778763436477593, "combined": 0.01318164637151819}, "Q27979156": {"object": 0.001613127122295842, "dictionary": 0.07781947999607271, "combined": 0.013186482724413622}, "Q26549229": {"object": 0.0019526411692350671, "dictionary": 0.0, "combined": 0.0016560961993908436}, "Q47233167": {"object": 0.002234850950013441, "dictionary": 0.0, "combined": 0.001895447162968589}, "Q29650304": {"object": 0.002234850950013441, "dictionary": 0.0, "combined": 0.001895447162968589}, "Q1601331": {"object": 0.002234850950013441, "dictionary": 0.0, "combined": 0.001895447162968589}, "Q81526237": {"object": 0.002234850950013441, "dictionary": 0.0, "combined": 0.001895447162968589}, "Q28009496": {"object": 0.002234850950013441, "dictionary": 0.0, "combined": 0.001895447162968589}, "Q34747804": {"object": 0.002234850950013441, "dictionary": 0.0, "combined": 0.001895447162968589}, "Q28049770": {"object": 0.002234850950013441, "dictionary": 0.0, "combined": 0.001895447162968589}, "Q28755606": {"object": 0.002234850950013441, "dictionary": 0.0, "combined": 0.001895447162968589}, "Q81526528": {"object": 0.002234850950013441, "dictionary": 0.0, "combined": 0.001895447162968589}, "Q81526664": {"object": 0.002234850950013441, "dictionary": 0.0, "combined": 0.001895447162968589}, "Q28758112": {"object": 0.002234850950013441, "dictionary": 0.0, "combined": 0.001895447162968589}, "Q32097899": {"object": 0.002234850950013441, "dictionary": 0.0, "combined": 0.001895447162968589}, "Q66439259": {"object": 0.002234850950013441, "dictionary": 0.0, "combined": 0.001895447162968589}, "Q28207108": {"object": 0.002234850950013441, "dictionary": 0.0, "combined": 0.001895447162968589}, "Q32097740": {"object": 0.002234850950013441, "dictionary": 0.0, "combined": 0.001895447162968589}, "Q6912474": {"object": 0.002234850950013441, "dictionary": 0.0, "combined": 0.001895447162968589}, "Q28206109": {"object": 0.0020970845685899827, "dictionary": 0.0, "combined": 0.0017786031753102745}, "Q1676669": {"object": 0.0022275928465878662, "dictionary": 0.0, "combined": 0.001889291337880363}, "Q28445577": {"object": 0.004890028984991366, "dictionary": 0.0, "combined": 0.004147386905771191}, "Q856364": {"object": 0.006920576628706601, "dictionary": 0.0, "combined": 0.005869558028874254}, "Q1343830": {"object": 0.002652752103964336, "dictionary": 0.0, "combined": 0.002249882234646527}, "Q28205727": {"object": 0.008911907524865825, "dictionary": 0.0, "combined": 0.007558468198760079}, "Q4545483": {"object": 0.008911907524865825, "dictionary": 0.0, "combined": 0.007558468198760079}, "Q1882400": {"object": 0.0029745703470667262, "dictionary": 0.0, "combined": 0.0025228263770182115}, "Q27979410": {"object": 0.0029745703470667262, "dictionary": 0.0, "combined": 0.0025228263770182115}, "Q28055391": {"object": 0.0029464633628070586, "dictionary": 0.0, "combined": 0.002498987962391827}, "Q1141412": {"object": 0.0023734333864916246, "dictionary": 0.0, "combined": 0.002012983272505678}, "Q28206359": {"object": 0.003097488976267415, "dictionary": 0.0, "combined": 0.0026270775204750184}, "Q28206497": {"object": 0.003956706279227431, "dictionary": 0.0, "combined": 0.003355806655301344}, "Q26385770": {"object": 0.003956706279227431, "dictionary": 0.0, "combined": 0.003355806655301344}, "Q17092932": {"object": 0.003956706279227431, "dictionary": 0.0, "combined": 0.003355806655301344}, "Q1952321": {"object": 0.003956706279227431, "dictionary": 0.0, "combined": 0.003355806655301344}, "Q26329648": {"object": 0.003956706279227431, "dictionary": 0.0, "combined": 0.003355806655301344}, "Q28206262": {"object": 0.003956706279227431, "dictionary": 0.0, "combined": 0.003355806655301344}, "Q28205580": {"object": 0.002322336898073171, "dictionary": 0.0, "combined": 0.001969646738581645}, "Q28206771": {"object": 0.002269161292102438, "dictionary": 0.0, "combined": 0.0019245468398721786}, "Q28205626": {"object": 0.002322336898073171, "dictionary": 0.0, "combined": 0.001969646738581645}, "Q729366": {"object": 0.002322336898073171, "dictionary": 0.0, "combined": 0.001969646738581645}, "Q66134804": {"object": 0.002309876211819456, "dictionary": 0.0, "combined": 0.0019590784398733556}, "Q27526733": {"object": 0.0029369032674291242, "dictionary": 0.0, "combined": 0.0024908797457513805}, "Q27596243": {"object": 0.0025851189360639733, "dictionary": 0.0, "combined": 0.0021925204243573226}, "Q217570": {"object": 0.00431120791519418, "dictionary": 0.44660878982553776, "combined": 0.07148234266145051}, "Q26211936": {"object": 0.003146024839117803, "dictionary": 0.0, "combined": 0.002668242307568067}, "Q26211977": {"object": 0.003146024839117803, "dictionary": 0.0, "combined": 0.002668242307568067}, "Q26211940": {"object": 0.003146024839117803, "dictionary": 0.0, "combined": 0.002668242307568067}, "Q26211915": {"object": 0.003146024839117803, "dictionary": 0.0, "combined": 0.002668242307568067}, "Q10394822": {"object": 0.003146024839117803, "dictionary": 0.0, "combined": 0.002668242307568067}, "Q26211975": {"object": 0.003146024839117803, "dictionary": 0.0, "combined": 0.002668242307568067}, "Q26211905": {"object": 0.003146024839117803, "dictionary": 0.0, "combined": 0.002668242307568067}, "Q5532250": {"object": 0.003146024839117803, "dictionary": 0.0, "combined": 0.002668242307568067}, "Q26211927": {"object": 0.003146024839117803, "dictionary": 0.0, "combined": 0.002668242307568067}, "Q26211957": {"object": 0.003146024839117803, "dictionary": 0.0, "combined": 0.002668242307568067}, "Q26211948": {"object": 0.003146024839117803, "dictionary": 0.0, "combined": 0.002668242307568067}, "Q26211958": {"object": 0.003146024839117803, "dictionary": 0.0, "combined": 0.002668242307568067}, "Q26211874": {"object": 0.003146024839117803, "dictionary": 0.0, "combined": 0.002668242307568067}, "Q26211954": {"object": 0.003146024839117803, "dictionary": 0.0, "combined": 0.002668242307568067}, "Q26211891": {"object": 0.003146024839117803, "dictionary": 0.0, "combined": 0.002668242307568067}, "Q26211983": {"object": 0.003146024839117803, "dictionary": 0.0, "combined": 0.002668242307568067}, "Q26211840": {"object": 0.003146024839117803, "dictionary": 0.0, "combined": 0.002668242307568067}, "Q26211965": {"object": 0.003146024839117803, "dictionary": 0.0, "combined": 0.002668242307568067}, "Q26211978": {"object": 0.003146024839117803, "dictionary": 0.0, "combined": 0.002668242307568067}, "Q26211931": {"object": 0.003146024839117803, "dictionary": 0.0, "combined": 0.002668242307568067}, "Q28206625": {"object": 0.0072715289041431225, "dictionary": 0.0, "combined": 0.0061672116575466835}, "Q28205846": {"object": 0.007004092484226972, "dictionary": 0.0, "combined": 0.005940390444525075}, "Q85415606": {"object": 0.0103238642871093, "dictionary": 0.0, "combined": 0.008755992999782095}, "Q479833": {"object": 0.0030481768931780746, "dictionary": 0.0, "combined": 0.002585254396659446}, "Q55758993": {"object": 0.007816259962006229,