{"name": "Q34742508", "Q26549229": {"object": 0.024947556122818022, "dictionary": 0.0, "combined": 0.02494755612281802}, "Q47233167": {"object": 0.02855315681141495, "dictionary": 0.0, "combined": 0.02855315681141494}, "Q29650304": {"object": 0.02855315681141495, "dictionary": 0.0, "combined": 0.02855315681141494}, "Q1601331": {"object": 0.02855315681141495, "dictionary": 0.0, "combined": 0.02855315681141494}, "Q81526237": {"object": 0.02855315681141495, "dictionary": 0.0, "combined": 0.02855315681141494}, "Q28009496": {"object": 0.02855315681141495, "dictionary": 0.0, "combined": 0.02855315681141494}, "Q34747804": {"object": 0.02855315681141495, "dictionary": 0.0, "combined": 0.02855315681141494}, "Q28049770": {"object": 0.02855315681141495, "dictionary": 0.0, "combined": 0.02855315681141494}, "Q28755606": {"object": 0.02855315681141495, "dictionary": 0.0, "combined": 0.02855315681141494}, "Q81526528": {"object": 0.02855315681141495, "dictionary": 0.0, "combined": 0.02855315681141494}, "Q81526664": {"object": 0.02855315681141495, "dictionary": 0.0, "combined": 0.02855315681141494}, "Q28758112": {"object": 0.02855315681141495, "dictionary": 0.0, "combined": 0.02855315681141494}, "Q32097899": {"object": 0.02855315681141495, "dictionary": 0.0, "combined": 0.02855315681141494}, "Q66439259": {"object": 0.02855315681141495, "dictionary": 0.0, "combined": 0.02855315681141494}, "Q28207108": {"object": 0.02855315681141495, "dictionary": 0.0, "combined": 0.02855315681141494}, "Q32097740": {"object": 0.02855315681141495, "dictionary": 0.0, "combined": 0.02855315681141494}, "Q6912474": {"object": 0.02855315681141495, "dictionary": 0.0, "combined": 0.02855315681141494}, "Q1343830": {"object": 0.0338923930501267, "dictionary": 0.0, "combined": 0.033892393050126694}, "Q47512572": {"object": 0.056326927449269364, "dictionary": 0.0, "combined": 0.05632692744926935}, "Q28206138": {"object": 0.06537814990417926, "dictionary": 0.0, "combined": 0.06537814990417924}, "Q28206147": {"object": 0.06537814990417926, "dictionary": 0.0, "combined": 0.06537814990417924}, "Q1817318": {"object": 0.11433542122016131, "dictionary": 0.0, "combined": 0.11433542122016128}, "Q360194": {"object": 0.1828908933666268, "dictionary": 0.0, "combined": 0.18289089336662676}, "type": "co-oc"}