{"name": "Q34745138", "Q99184084": {"object": 0.0011969216961561497, "dictionary": 0.0, "combined": 0.0011969216961561487}, "Q79241659": {"object": 0.0031414884778452924, "dictionary": 0.0, "combined": 0.00314148847784529}, "Q28600412": {"object": 0.0023552705916924065, "dictionary": 0.0, "combined": 0.0023552705916924043}, "Q28858032": {"object": 0.0016562751400668002, "dictionary": 0.0, "combined": 0.001656275140066799}, "Q3807693": {"object": 0.0011115515225711852, "dictionary": 0.0, "combined": 0.0011115515225711844}, "Q95994246": {"object": 0.0011117170141139244, "dictionary": 0.0, "combined": 0.0011117170141139235}, "Q58006953": {"object": 0.0011117170141139244, "dictionary": 0.0, "combined": 0.0011117170141139235}, "Q723030": {"object": 0.0010608269168557664, "dictionary": 0.0, "combined": 0.0010608269168557655}, "Q27979156": {"object": 0.0010608269168557664, "dictionary": 0.0, "combined": 0.0010608269168557655}, "Q47233167": {"object": 0.0014696858109736405, "dictionary": 0.0, "combined": 0.0014696858109736395}, "Q29650304": {"object": 0.0014696858109736405, "dictionary": 0.0, "combined": 0.0014696858109736395}, "Q1601331": {"object": 0.0014696858109736405, "dictionary": 0.0, "combined": 0.0014696858109736395}, "Q81526237": {"object": 0.0014696858109736405, "dictionary": 0.0, "combined": 0.0014696858109736395}, "Q28009496": {"object": 0.0014696858109736405, "dictionary": 0.0, "combined": 0.0014696858109736395}, "Q34747804": {"object": 0.0014696858109736405, "dictionary": 0.0, "combined": 0.0014696858109736395}, "Q28049770": {"object": 0.0014696858109736405, "dictionary": 0.0, "combined": 0.0014696858109736395}, "Q28755606": {"object": 0.0014696858109736405, "dictionary": 0.0, "combined": 0.0014696858109736395}, "Q81526528": {"object": 0.0014696858109736405, "dictionary": 0.0, "combined": 0.0014696858109736395}, "Q81526664": {"object": 0.0014696858109736405, "dictionary": 0.0, "combined": 0.0014696858109736395}, "Q28758112": {"object": 0.0014696858109736405, "dictionary": 0.0, "combined": 0.0014696858109736395}, "Q32097899": {"object": 0.0014696858109736405, "dictionary": 0.0, "combined": 0.0014696858109736395}, "Q66439259": {"object": 0.0014696858109736405, "dictionary": 0.0, "combined": 0.0014696858109736395}, "Q28207108": {"object": 0.0014696858109736405, "dictionary": 0.0, "combined": 0.0014696858109736395}, "Q32097740": {"object": 0.0014696858109736405, "dictionary": 0.0, "combined": 0.0014696858109736395}, "Q6912474": {"object": 0.0014696858109736405, "dictionary": 0.0, "combined": 0.0014696858109736395}, "Q29650301": {"object": 0.00321662269570604, "dictionary": 0.0, "combined": 0.003216622695706037}, "Q28758103": {"object": 0.00321662269570604, "dictionary": 0.0, "combined": 0.003216622695706037}, "Q29209269": {"object": 0.00321662269570604, "dictionary": 0.0, "combined": 0.003216622695706037}, "Q1343830": {"object": 0.0017445065529776863, "dictionary": 0.0, "combined": 0.0017445065529776847}, "Q47512572": {"object": 0.002899255118958966, "dictionary": 0.0, "combined": 0.0028992551189589632}, "Q34312361": {"object": 0.0031366751230936284, "dictionary": 0.0, "combined": 0.0031366751230936254}, "Q27923693": {"object": 0.0031366751230936284, "dictionary": 0.0, "combined": 0.0031366751230936254}, "Q34312151": {"object": 0.0031366751230936284, "dictionary": 0.0, "combined": 0.0031366751230936254}, "Q27925722": {"object": 0.0031366751230936284, "dictionary": 0.0, "combined": 0.0031366751230936254}, "Q1882400": {"object": 0.0019561411166147845, "dictionary": 0.0, "combined": 0.0019561411166147827}, "Q27979410": {"object": 0.0019561411166147845, "dictionary": 0.0, "combined": 0.0019561411166147827}, "Q28055391": {"object": 0.0019376573622706997, "dictionary": 0.0, "combined": 0.001937657362270698}, "Q1141412": {"object": 0.0015608205868927758, "dictionary": 0.0, "combined": 0.0015608205868927745}, "Q5448342": {"object": 0.0024508349076626367, "dictionary": 0.0, "combined": 0.002450834907662635}, "Q29904540": {"object": 0.0024508349076626367, "dictionary": 0.0, "combined": 0.002450834907662635}, "Q5421818": {"object": 0.0024508349076626367, "dictionary": 0.0, "combined": 0.002450834907662635}, "Q50223812": {"object": 0.0024508349076626367, "dictionary": 0.0, "combined": 0.002450834907662635}, "Q5153426": {"object": 0.0024508349076626367, "dictionary": 0.0, "combined": 0.002450834907662635}, "Q28205580": {"object": 0.0015272184426340153, "dictionary": 0.0, "combined": 0.001527218442634014}, "Q28206771": {"object": 0.0014922490261793557, "dictionary": 0.0, "combined": 0.0014922490261793544}, "Q28205626": {"object": 0.0015272184426340153, "dictionary": 0.0, "combined": 0.001527218442634014}, "Q729366": {"object": 0.0015272184426340153, "dictionary": 0.0, "combined": 0.001527218442634014}, "Q29904539": {"object": 0.002288203729768253, "dictionary": 0.0, "combined": 0.0022882037297682514}, "Q28755628": {"object": 0.002288203729768253, "dictionary": 0.0, "combined": 0.0022882037297682514}, "Q58103465": {"object": 0.002288203729768253, "dictionary": 0.0, "combined": 0.0022882037297682514}, "Q66134804": {"object": 0.001519024028692464, "dictionary": 0.0, "combined": 0.0015190240286924628}, "Q27526733": {"object": 0.0019313704389622704, "dictionary": 0.0, "combined": 0.0019313704389622686}, "Q673906": {"object": 0.0028050842380980493, "dictionary": 0.0, "combined": 0.0028050842380980467}, "Q1888930": {"object": 0.0020238240449699145, "dictionary": 0.0, "combined": 0.002023824044969913}, "Q28786544": {"object": 0.0020238240449699145, "dictionary": 0.0, "combined": 0.002023824044969913}, "Q8811": {"object": 0.0020238240449699145, "dictionary": 0.0, "combined": 0.002023824044969913}, "Q2053": {"object": 0.0020238240449699145, "dictionary": 0.0, "combined": 0.002023824044969913}, "Q29151645": {"object": 0.0028050842380980493, "dictionary": 0.0, "combined": 0.0028050842380980467}, "Q17073241": {"object": 0.0028050842380980493, "dictionary": 0.0, "combined": 0.0028050842380980467}, "Q288405": {"object": 0.0028050842380980493, "dictionary": 0.0, "combined": 0.0028050842380980467}, "Q166074": {"object": 0.0019158640599038054, "dictionary": 0.0, "combined": 0.0019158640599038037}, "Q62626012": {"object": 0.0020238240449699145, "dictionary": 0.0, "combined": 0.002023824044969913}, "Q28205667": {"object": 0.01392079532961178, "dictionary": 0.0, "combined": 0.01392079532961177}, "Q58335745": {"object": 0.0033452317285192577, "dictionary": 0.0, "combined": 0.0033452317285192546}, "Q34310996": {"object": 0.0033452317285192577, "dictionary": 0.0, "combined": 0.0033452317285192546}, "Q26211936": {"object": 0.0020688932597470342, "dictionary": 0.0, "combined": 0.0020688932597470325}, "Q26211977": {"object": 0.0020688932597470342, "dictionary": 0.0, "combined": 0.0020688932597470325}, "Q26211940": {"object": 0.0020688932597470342, "dictionary": 0.0, "combined": 0.0020688932597470325}, "Q26211915": {"object": 0.0020688932597470342, "dictionary": 0.0, "combined": 0.0020688932597470325}, "Q10394822": {"object": 0.0020688932597470342, "dictionary": 0.0, "combined": 0.0020688932597470325}, "Q26211975": {"object": 0.0020688932597470342, "dictionary": 0.0, "combined": 0.0020688932597470325}, "Q26211905": {"object": 0.0020688932597470342, "dictionary": 0.0, "combined": 0.0020688932597470325}, "Q5532250": {"object": 0.0020688932597470342, "dictionary": 0.0, "combined": 0.0020688932597470325}, "Q26211927": {"object": 0.0020688932597470342, "dictionary": 0.0, "combined": 0.0020688932597470325}, "Q26211957": {"object": 0.0020688932597470342, "dictionary": 0.0, "combined": 0.0020688932597470325}, "Q26211948": {"object": 0.0020688932597470342, "dictionary": 0.0, "combined": 0.0020688932597470325}, "Q26211958": {"object": 0.0020688932597470342, "dictionary": 0.0, "combined": 0.0020688932597470325}, "Q26211874": {"object": 0.0020688932597470342, "dictionary": 0.0, "combined": 0.0020688932597470325}, "Q26211954": {"object": 0.0020688932597470342, "dictionary": 0.0,