{"name": "Q34735750", "Q99184084": {"object": 0.002720981508220522, "dictionary": 0.0, "combined": 0.0009665443753376137}, "Q79241659": {"object": 0.0035707983588049684, "dictionary": 0.0, "combined": 0.0012684154812300954}, "Q4045294": {"object": 0.0011383124356923544, "dictionary": 0.0, "combined": 0.0004043502239068271}, "Q28018471": {"object": 0.0043287282246402764, "dictionary": 0.0, "combined": 0.0015376465827683784}, "Q336284": {"object": 0.003779524541322128, "dictionary": 0.0, "combined": 0.0013425589905072274}, "Q28018470": {"object": 0.004430871090839334, "dictionary": 0.0, "combined": 0.0015739296712448322}, "Q1076355": {"object": 0.0011183895501179551, "dictionary": 0.0, "combined": 0.00039727323608671367}, "Q26549229": {"object": 0.0014595811114460724, "dictionary": 0.0, "combined": 0.0005184709669489197}, "Q47233167": {"object": 0.0016705302975941931, "dictionary": 0.0024723379136390223, "combined": 0.0021875206008239055}, "Q29650304": {"object": 0.0016705302975941931, "dictionary": 0.0024723379136390223, "combined": 0.0021875206008239055}, "Q1601331": {"object": 0.0016705302975941931, "dictionary": 0.0024723379136390223, "combined": 0.0021875206008239055}, "Q81526237": {"object": 0.0016705302975941931, "dictionary": 0.0024723379136390223, "combined": 0.0021875206008239055}, "Q28009496": {"object": 0.0016705302975941931, "dictionary": 0.0024723379136390223, "combined": 0.0021875206008239055}, "Q34747804": {"object": 0.0016705302975941931, "dictionary": 0.0024723379136390223, "combined": 0.0021875206008239055}, "Q28049770": {"object": 0.0016705302975941931, "dictionary": 0.0024723379136390223, "combined": 0.0021875206008239055}, "Q28755606": {"object": 0.0016705302975941931, "dictionary": 0.0024723379136390223, "combined": 0.0021875206008239055}, "Q81526528": {"object": 0.0016705302975941931, "dictionary": 0.0024723379136390223, "combined": 0.0021875206008239055}, "Q81526664": {"object": 0.0016705302975941931, "dictionary": 0.0024723379136390223, "combined": 0.0021875206008239055}, "Q28758112": {"object": 0.0016705302975941931, "dictionary": 0.0024723379136390223, "combined": 0.0021875206008239055}, "Q32097899": {"object": 0.0016705302975941931, "dictionary": 0.0024723379136390223, "combined": 0.0021875206008239055}, "Q66439259": {"object": 0.0016705302975941931, "dictionary": 0.0024723379136390223, "combined": 0.0021875206008239055}, "Q28207108": {"object": 0.0016705302975941931, "dictionary": 0.0024723379136390223, "combined": 0.0021875206008239055}, "Q32097740": {"object": 0.0016705302975941931, "dictionary": 0.0024723379136390223, "combined": 0.0021875206008239055}, "Q6912474": {"object": 0.0016705302975941931, "dictionary": 0.0024723379136390223, "combined": 0.0021875206008239055}, "Q16996920": {"object": 0.0014067229369491684, "dictionary": 0.0, "combined": 0.0004996947381887292}, "Q66811836": {"object": 0.0014067229369491684, "dictionary": 0.0, "combined": 0.0004996947381887292}, "Q28600763": {"object": 0.0014067229369491684, "dictionary": 0.0, "combined": 0.0004996947381887292}, "Q1662484": {"object": 0.0014067229369491684, "dictionary": 0.0, "combined": 0.0004996947381887292}, "Q684554": {"object": 0.0014067229369491684, "dictionary": 0.0, "combined": 0.0004996947381887292}, "Q28206109": {"object": 0.0015675512089187622, "dictionary": 0.0, "combined": 0.0005568239987874677}, "Q1676669": {"object": 0.0016651049327950672, "dictionary": 0.0, "combined": 0.0005914769366413326}, "Q47512572": {"object": 0.0032954618466836893, "dictionary": 0.0, "combined": 0.0011706107161804642}, "Q283579": {"object": 0.004973822575318914, "dictionary": 0.0, "combined": 0.0017667963635834172}, "Q28600764": {"object": 0.004090572152257161, "dictionary": 0.0, "combined": 0.0014530490169565701}, "Q942350": {"object": 0.003968119236803601, "dictionary": 0.0, "combined": 0.0014095514127583214}, "Q1141412": {"object": 0.0017741193798324671, "dictionary": 0.0, "combined": 0.0006302009413051672}, "Q53756551": {"object": 0.00471532033556093, "dictionary": 0.015381210956287346, "combined": 0.011592483779610831}, "Q53756539": {"object": 0.00471532033556093, "dictionary": 0.015381210956287346, "combined": 0.011592483779610831}, "Q27979378": {"object": 0.00471532033556093, "dictionary": 0.015381210956287346, "combined": 0.011592483779610831}, "Q66134804": {"object": 0.001726610982944207, "dictionary": 0.0, "combined": 0.0006133250552857562}, "Q29944987": {"object": 0.0031321434904531837, "dictionary": 0.0, "combined": 0.0011125969302994958}, "Q29944777": {"object": 0.0031321434904531837, "dictionary": 0.0, "combined": 0.0011125969302994958}, "Q29944782": {"object": 0.0031321434904531837, "dictionary": 0.0, "combined": 0.0011125969302994958}, "Q29944783": {"object": 0.0031321434904531837, "dictionary": 0.0, "combined": 0.0011125969302994958}, "Q29944780": {"object": 0.0031321434904531837, "dictionary": 0.0, "combined": 0.0011125969302994958}, "Q29944776": {"object": 0.0031321434904531837, "dictionary": 0.0, "combined": 0.0011125969302994958}, "Q29944786": {"object": 0.0031321434904531837, "dictionary": 0.0, "combined": 0.0011125969302994958}, "Q29944773": {"object": 0.0031321434904531837, "dictionary": 0.0, "combined": 0.0011125969302994958}, "Q29944785": {"object": 0.0031321434904531837, "dictionary": 0.0, "combined": 0.0011125969302994958}, "Q29944758": {"object": 0.0031321434904531837, "dictionary": 0.0, "combined": 0.0011125969302994958}, "Q29944779": {"object": 0.0031321434904531837, "dictionary": 0.0, "combined": 0.0011125969302994958}, "Q51717333": {"object": 0.011355602780431613, "dictionary": 0.0, "combined": 0.0040337260517335416}, "Q61718355": {"object": 0.011355602780431613, "dictionary": 0.0, "combined": 0.0040337260517335416}, "Q51334664": {"object": 0.011355602780431613, "dictionary": 0.0, "combined": 0.0040337260517335416}, "Q24834502": {"object": 0.005236051632836758, "dictionary": 0.0, "combined": 0.0018599451114996472}, "Q27526733": {"object": 0.002195307874699306, "dictionary": 0.0, "combined": 0.000779815104224155}, "Q673906": {"object": 0.0031884217511376376, "dictionary": 0.0, "combined": 0.0011325880387116646}, "Q1888930": {"object": 0.002300396015854651, "dictionary": 0.0, "combined": 0.0008171444103739829}, "Q28786544": {"object": 0.002300396015854651, "dictionary": 0.0, "combined": 0.0008171444103739829}, "Q8811": {"object": 0.002300396015854651, "dictionary": 0.0, "combined": 0.0008171444103739829}, "Q2053": {"object": 0.002300396015854651, "dictionary": 0.0, "combined": 0.0008171444103739829}, "Q29151645": {"object": 0.0031884217511376376, "dictionary": 0.0, "combined": 0.0011325880387116646}, "Q17073241": {"object": 0.0031884217511376376, "dictionary": 0.0, "combined": 0.0011325880387116646}, "Q288405": {"object": 0.0031884217511376376, "dictionary": 0.0, "combined": 0.0011325880387116646}, "Q166074": {"object": 0.0021776824231710067, "dictionary": 0.0, "combined": 0.0007735542086664323}, "Q62626012": {"object": 0.002300396015854651, "dictionary": 0.0, "combined": 0.0008171444103739829}, "Q27596243": {"object": 0.001932352359137579, "dictionary": 0.0, "combined": 0.0006864083045960293}, "Q777561": {"object": 0.004913275556913916, "dictionary": 0.0, "combined": 0.0017452889112519658}, "Q28205846": {"object": 0.005235493983159174, "dictionary": 0.0, "combined": 0.001859747023729609}, "Q44071250": {"object": 0.018933383810117093, "dictionary": 0.022368727175880027, "combined": 0.02114842788406196}, "Q44069766": {"object": 0.018933383810117093, "dictionary": 0.022368727175880027, "combined": 0.02114842788406196}, "Q44070042": {"object": 0.018933383810117093, "dictionary": 0.022368727175880027, "combined": 0.02114842788406196}, "Q44070148": {"object": 0.018933383810117093, "dictionary": 0.022368727175880027, "combined": 0.02114842788406196}, "Q28207569": {"object": 0.018933383810117093, "dictionary": 0.022368727175880027, "combined": 0.02114842788406196}, "Q44071424": {"object": 0.018933383810117093, "dictionary": 0.022368727175880027,