{"name": "Q34745668", "Q99184084": {"object": 0.003760462726314329, "dictionary": 0.0, "combined": 0.000561154310405752}, "Q28858032": {"object": 0.005203649452377959, "dictionary": 0.0, "combined": 0.000776513565633556}, "Q47233167": {"object": 0.004617427129367043, "dictionary": 0.005540185209829933, "combined": 0.005402486816839608}, "Q29650304": {"object": 0.004617427129367043, "dictionary": 0.005540185209829933, "combined": 0.005402486816839608}, "Q1601331": {"object": 0.004617427129367043, "dictionary": 0.005540185209829933, "combined": 0.005402486816839608}, "Q81526237": {"object": 0.004617427129367043, "dictionary": 0.005540185209829933, "combined": 0.005402486816839608}, "Q28009496": {"object": 0.004617427129367043, "dictionary": 0.005540185209829933, "combined": 0.005402486816839608}, "Q34747804": {"object": 0.004617427129367043, "dictionary": 0.005540185209829933, "combined": 0.005402486816839608}, "Q28049770": {"object": 0.004617427129367043, "dictionary": 0.005540185209829933, "combined": 0.005402486816839608}, "Q28755606": {"object": 0.004617427129367043, "dictionary": 0.005540185209829933, "combined": 0.005402486816839608}, "Q81526528": {"object": 0.004617427129367043, "dictionary": 0.005540185209829933, "combined": 0.005402486816839608}, "Q81526664": {"object": 0.004617427129367043, "dictionary": 0.005540185209829933, "combined": 0.005402486816839608}, "Q28758112": {"object": 0.004617427129367043, "dictionary": 0.005540185209829933, "combined": 0.005402486816839608}, "Q32097899": {"object": 0.004617427129367043, "dictionary": 0.005540185209829933, "combined": 0.005402486816839608}, "Q66439259": {"object": 0.004617427129367043, "dictionary": 0.005540185209829933, "combined": 0.005402486816839608}, "Q28207108": {"object": 0.004617427129367043, "dictionary": 0.005540185209829933, "combined": 0.005402486816839608}, "Q32097740": {"object": 0.004617427129367043, "dictionary": 0.005540185209829933, "combined": 0.005402486816839608}, "Q6912474": {"object": 0.004617427129367043, "dictionary": 0.005540185209829933, "combined": 0.005402486816839608}, "Q16996920": {"object": 0.0038882507320737343, "dictionary": 0.0, "combined": 0.0005802234504209564}, "Q66811836": {"object": 0.0038882507320737343, "dictionary": 0.0, "combined": 0.0005802234504209564}, "Q28600763": {"object": 0.0038882507320737343, "dictionary": 0.0, "combined": 0.0005802234504209564}, "Q1662484": {"object": 0.0038882507320737343, "dictionary": 0.0, "combined": 0.0005802234504209564}, "Q684554": {"object": 0.0038882507320737343, "dictionary": 0.0, "combined": 0.0005802234504209564}, "Q27996239": {"object": 0.03200262040702693, "dictionary": 0.0407180295287578, "combined": 0.03941747431745741}, "Q28848214": {"object": 0.03200262040702693, "dictionary": 0.0407180295287578, "combined": 0.03941747431745741}, "Q7271574": {"object": 0.03200262040702693, "dictionary": 0.0407180295287578, "combined": 0.03941747431745741}, "Q27995538": {"object": 0.03200262040702693, "dictionary": 0.0407180295287578, "combined": 0.03941747431745741}, "Q28757684": {"object": 0.03200262040702693, "dictionary": 0.0407180295287578, "combined": 0.03941747431745741}, "Q44071250": {"object": 0.05233279526953568, "dictionary": 0.0501253856840807, "combined": 0.05045478594512862}, "Q44069766": {"object": 0.05233279526953568, "dictionary": 0.0501253856840807, "combined": 0.05045478594512862}, "Q44070042": {"object": 0.05233279526953568, "dictionary": 0.0501253856840807, "combined": 0.05045478594512862}, "Q44070148": {"object": 0.05233279526953568, "dictionary": 0.0501253856840807, "combined": 0.05045478594512862}, "Q28207569": {"object": 0.05233279526953568, "dictionary": 0.0501253856840807, "combined": 0.05045478594512862}, "Q44071424": {"object": 0.05233279526953568, "dictionary": 0.0501253856840807, "combined": 0.05045478594512862}, "Q44069463": {"object": 0.05233279526953568, "dictionary": 0.0501253856840807, "combined": 0.05045478594512862}, "Q44069213": {"object": 0.05233279526953568, "dictionary": 0.0501253856840807, "combined": 0.05045478594512862}, "Q32979463": {"object": 0.05233279526953568, "dictionary": 0.0501253856840807, "combined": 0.05045478594512862}, "Q44070571": {"object": 0.05233279526953568, "dictionary": 0.0501253856840807, "combined": 0.05045478594512862}, "Q32979267": {"object": 0.05233279526953568, "dictionary": 0.0501253856840807, "combined": 0.05045478594512862}, "Q27979407": {"object": 0.054013983363679886, "dictionary": 0.052129215491348184, "combined": 0.052410469606239976}, "Q27978800": {"object": 0.054013983363679886, "dictionary": 0.052129215491348184, "combined": 0.052410469606239976}, "Q34290760": {"object": 0.054013983363679886, "dictionary": 0.052129215491348184, "combined": 0.052410469606239976}, "type": "co-oc"}