{"name": "Q3570403", "Q99184084": {"object": 0.0012394725098345532, "dictionary": 0.0, "combined": 0.00021824890960851616}, "Q28600412": {"object": 0.0012195004740074703, "dictionary": 0.0, "combined": 0.00021473219180530737}, "Q42591": {"object": 0.0025558262614411155, "dictionary": 0.0, "combined": 0.0004500352289239481}, "Q4045294": {"object": 0.0010370573760835266, "dictionary": 0.0, "combined": 0.00018260722987870886}, "Q1076355": {"object": 0.0010189066691335211, "dictionary": 0.0, "combined": 0.00017941121547013507}, "Q28858032": {"object": 0.0008575780318077515, "dictionary": 0.0007088603008755557, "combined": 0.0007350468297076766}, "Q3807693": {"object": 0.000575533704467158, "dictionary": 0.0, "combined": 0.00010134117735267382}, "Q95994246": {"object": 0.0005756193918678016, "dictionary": 0.0, "combined": 0.00010135626536923674}, "Q58006953": {"object": 0.0005756193918678016, "dictionary": 0.0, "combined": 0.00010135626536923674}, "Q723030": {"object": 0.0005492697665009705, "dictionary": 0.0, "combined": 9.671656827287158e-05}, "Q27979156": {"object": 0.0005492697665009705, "dictionary": 0.0, "combined": 9.671656827287158e-05}, "Q26549229": {"object": 0.0019946228866813934, "dictionary": 0.0, "combined": 0.00035121736597168473}, "Q16996920": {"object": 0.0019223883779083471, "dictionary": 0.0, "combined": 0.000338498162721321}, "Q66811836": {"object": 0.0019223883779083471, "dictionary": 0.0, "combined": 0.000338498162721321}, "Q28600763": {"object": 0.0019223883779083471, "dictionary": 0.0, "combined": 0.000338498162721321}, "Q1662484": {"object": 0.0019223883779083471, "dictionary": 0.0, "combined": 0.000338498162721321}, "Q684554": {"object": 0.0019223883779083471, "dictionary": 0.0, "combined": 0.000338498162721321}, "Q28206109": {"object": 0.0021421718141150193, "dictionary": 0.0, "combined": 0.00037719808944137545}, "Q1676669": {"object": 0.0022754860155655256, "dictionary": 0.0, "combined": 0.0004006723326142125}, "Q1141412": {"object": 0.0008081540406737866, "dictionary": 0.0, "combined": 0.00014230145224948445}, "Q28205580": {"object": 0.0015815113739155145, "dictionary": 0.0, "combined": 0.000278475827541024}, "Q28206771": {"object": 0.001545298787478405, "dictionary": 0.0, "combined": 0.0002720994396491633}, "Q28205626": {"object": 0.0015815113739155145, "dictionary": 0.0, "combined": 0.000278475827541024}, "Q729366": {"object": 0.0015815113739155145, "dictionary": 0.0, "combined": 0.000278475827541024}, "Q66134804": {"object": 0.0015730256468647176, "dictionary": 0.0015823354780713746, "combined": 0.0015806961835381184}, "Q27229642": {"object": 0.0031524843451967545, "dictionary": 0.0, "combined": 0.0005550960311245205}, "Q29012120": {"object": 0.001251408526805868, "dictionary": 0.0, "combined": 0.00022035062841904943}, "Q29011315": {"object": 0.001251408526805868, "dictionary": 0.0, "combined": 0.00022035062841904943}, "Q29011363": {"object": 0.001251408526805868, "dictionary": 0.0, "combined": 0.00022035062841904943}, "Q29012190": {"object": 0.001251408526805868, "dictionary": 0.0, "combined": 0.00022035062841904943}, "Q29011569": {"object": 0.001251408526805868, "dictionary": 0.0, "combined": 0.00022035062841904943}, "Q29011484": {"object": 0.001251408526805868, "dictionary": 0.0, "combined": 0.00022035062841904943}, "Q29011271": {"object": 0.001251408526805868, "dictionary": 0.0, "combined": 0.00022035062841904943}, "Q29017311": {"object": 0.001251408526805868, "dictionary": 0.0, "combined": 0.00022035062841904943}, "Q29011357": {"object": 0.001251408526805868, "dictionary": 0.0, "combined": 0.00022035062841904943}, "Q29012206": {"object": 0.001251408526805868, "dictionary": 0.0, "combined": 0.00022035062841904943}, "Q29011646": {"object": 0.001251408526805868, "dictionary": 0.0, "combined": 0.00022035062841904943}, "Q29017312": {"object": 0.001251408526805868, "dictionary": 0.0, "combined": 0.00022035062841904943}, "Q29012350": {"object": 0.001251408526805868, "dictionary": 0.0, "combined": 0.00022035062841904943}, "Q29012285": {"object": 0.001251408526805868, "dictionary": 0.0, "combined": 0.00022035062841904943}, "Q29017304": {"object": 0.001251408526805868, "dictionary": 0.0, "combined": 0.00022035062841904943}, "Q29011538": {"object": 0.001251408526805868, "dictionary": 0.0, "combined": 0.00022035062841904943}, "Q29011892": {"object": 0.001251408526805868, "dictionary": 0.0, "combined": 0.00022035062841904943}, "Q29011549": {"object": 0.001251408526805868, "dictionary": 0.0, "combined": 0.00022035062841904943}, "Q29011710": {"object": 0.001251408526805868, "dictionary": 0.0, "combined": 0.00022035062841904943}, "Q29011079": {"object": 0.001251408526805868, "dictionary": 0.0, "combined": 0.00022035062841904943}, "Q29012054": {"object": 0.001251408526805868, "dictionary": 0.0, "combined": 0.00022035062841904943}, "Q29017314": {"object": 0.001251408526805868, "dictionary": 0.0, "combined": 0.00022035062841904943}, "Q29011566": {"object": 0.001251408526805868, "dictionary": 0.0, "combined": 0.00022035062841904943}, "Q29017309": {"object": 0.001251408526805868, "dictionary": 0.0, "combined": 0.00022035062841904943}, "Q29017306": {"object": 0.001251408526805868, "dictionary": 0.0, "combined": 0.00022035062841904943}, "Q29011365": {"object": 0.001251408526805868, "dictionary": 0.0, "combined": 0.00022035062841904943}, "Q29012224": {"object": 0.001251408526805868, "dictionary": 0.0, "combined": 0.00022035062841904943}, "Q29011514": {"object": 0.001251408526805868, "dictionary": 0.0, "combined": 0.00022035062841904943}, "Q29011358": {"object": 0.001251408526805868, "dictionary": 0.0, "combined": 0.00022035062841904943}, "Q29011977": {"object": 0.001251408526805868, "dictionary": 0.0, "combined": 0.00022035062841904943}, "Q29011824": {"object": 0.001251408526805868, "dictionary": 0.0, "combined": 0.00022035062841904943}, "Q29011579": {"object": 0.001251408526805868, "dictionary": 0.0, "combined": 0.00022035062841904943}, "Q29011774": {"object": 0.001251408526805868, "dictionary": 0.0, "combined": 0.00022035062841904943}, "Q29011347": {"object": 0.001251408526805868, "dictionary": 0.0, "combined": 0.00022035062841904943}, "Q29011361": {"object": 0.001251408526805868, "dictionary": 0.0, "combined": 0.00022035062841904943}, "Q29011223": {"object": 0.001251408526805868, "dictionary": 0.0, "combined": 0.00022035062841904943}, "Q673906": {"object": 0.001452402781258946, "dictionary": 0.0, "combined": 0.00025574211675291847}, "Q1888930": {"object": 0.0010478857040265078, "dictionary": 0.0, "combined": 0.0001845139044904391}, "Q28786544": {"object": 0.0010478857040265078, "dictionary": 0.0, "combined": 0.0001845139044904391}, "Q8811": {"object": 0.0010478857040265078, "dictionary": 0.0, "combined": 0.0001845139044904391}, "Q2053": {"object": 0.0010478857040265078, "dictionary": 0.0, "combined": 0.0001845139044904391}, "Q29151645": {"object": 0.001452402781258946, "dictionary": 0.0, "combined": 0.00025574211675291847}, "Q17073241": {"object": 0.001452402781258946, "dictionary": 0.0, "combined": 0.00025574211675291847}, "Q288405": {"object": 0.001452402781258946, "dictionary": 0.0, "combined": 0.00025574211675291847}, "Q166074": {"object": 0.0009919867116023058, "dictionary": 0.0, "combined": 0.0001746710930944645}, "Q62626012": {"object": 0.0010478857040265078, "dictionary": 0.0, "combined": 0.0001845139044904391}, "Q27596243": {"object": 0.000880232967857003, "dictionary": 0.0, "combined": 0.00015499326036839823}, "Q5924007": {"object": 0.002161900270979093, "dictionary": 0.0, "combined": 0.00038067191735178017}, "Q34746472": {"object": 0.002149474241175209, "dictionary": 0.0, "combined": 0.0003784839160577276}, "Q27826464": {"object": 0.0021826273521239215, "dictionary": 0.0, "combined": 0.0003843215851123261}, "Q27826469": {"object": 0.0021826273521239215, "dictionary": 0.0, "combined": 0.0003843215851123261}, "Q27826466": {"object": 0.0021826273521239215, "dictionary": 0.0, "combined": 0.0003843215851123261},