{"name": "Q361923", "Q4045294": {"object": 0.001004966218264827, "dictionary": 0.0, "combined": 0.0005099338914071693}, "Q1144005": {"object": 0.002118349121201561, "dictionary": 0.0, "combined": 0.001074879922430002}, "Q1076355": {"object": 0.000987377174743178, "dictionary": 0.0, "combined": 0.0005010089651299351}, "Q723030": {"object": 0.001064545844381952, "dictionary": 0.0, "combined": 0.0005401654256043554}, "Q27979156": {"object": 0.001064545844381952, "dictionary": 0.0, "combined": 0.0005401654256043554}, "Q47233167": {"object": 0.0014748380699618213, "dictionary": 0.0, "combined": 0.0007483534297397512}, "Q29650304": {"object": 0.0014748380699618213, "dictionary": 0.0, "combined": 0.0007483534297397512}, "Q1601331": {"object": 0.0014748380699618213, "dictionary": 0.0, "combined": 0.0007483534297397512}, "Q81526237": {"object": 0.0014748380699618213, "dictionary": 0.0, "combined": 0.0007483534297397512}, "Q28009496": {"object": 0.0014748380699618213, "dictionary": 0.0, "combined": 0.0007483534297397512}, "Q34747804": {"object": 0.0014748380699618213, "dictionary": 0.0, "combined": 0.0007483534297397512}, "Q28049770": {"object": 0.0014748380699618213, "dictionary": 0.0, "combined": 0.0007483534297397512}, "Q28755606": {"object": 0.0014748380699618213, "dictionary": 0.0, "combined": 0.0007483534297397512}, "Q81526528": {"object": 0.0014748380699618213, "dictionary": 0.0, "combined": 0.0007483534297397512}, "Q81526664": {"object": 0.0014748380699618213, "dictionary": 0.0, "combined": 0.0007483534297397512}, "Q28758112": {"object": 0.0014748380699618213, "dictionary": 0.0, "combined": 0.0007483534297397512}, "Q32097899": {"object": 0.0014748380699618213, "dictionary": 0.0, "combined": 0.0007483534297397512}, "Q66439259": {"object": 0.0014748380699618213, "dictionary": 0.0, "combined": 0.0007483534297397512}, "Q28207108": {"object": 0.0014748380699618213, "dictionary": 0.0, "combined": 0.0007483534297397512}, "Q32097740": {"object": 0.0014748380699618213, "dictionary": 0.0, "combined": 0.0007483534297397512}, "Q6912474": {"object": 0.0014748380699618213, "dictionary": 0.0, "combined": 0.0007483534297397512}, "Q34312361": {"object": 0.003147671325462389, "dictionary": 0.0, "combined": 0.0015971723812121458}, "Q27923693": {"object": 0.003147671325462389, "dictionary": 0.0, "combined": 0.0015971723812121458}, "Q34312151": {"object": 0.003147671325462389, "dictionary": 0.0, "combined": 0.0015971723812121458}, "Q27925722": {"object": 0.003147671325462389, "dictionary": 0.0, "combined": 0.0015971723812121458}, "Q28206359": {"object": 0.0020441160353261035, "dictionary": 0.0, "combined": 0.0010372130181464}, "Q28205580": {"object": 0.0015325723930424795, "dictionary": 0.0, "combined": 0.0007776486314104213}, "Q28206771": {"object": 0.0014974803847461527, "dictionary": 0.0, "combined": 0.0007598424564140762}, "Q28205626": {"object": 0.0015325723930424795, "dictionary": 0.0, "combined": 0.0007776486314104213}, "Q729366": {"object": 0.0015325723930424795, "dictionary": 0.0, "combined": 0.0007776486314104213}, "Q47538629": {"object": 0.02015194500847242, "dictionary": 0.0, "combined": 0.010225378277228489}, "Q34746472": {"object": 0.0020829599684921633, "dictionary": 0.0, "combined": 0.0010569229722094619}, "Q479833": {"object": 0.002011573669380472, "dictionary": 0.0, "combined": 0.0010207005672792414}, "Q27925705": {"object": 0.004647499379563464, "dictionary": 0.0, "combined": 0.0023582060778372213}, "Q29904535": {"object": 0.0074546428762062925, "dictionary": 0.07014881585810646, "combined": 0.03833691709357509}, "Q34284437": {"object": 0.004225089664569501, "dictionary": 0.0, "combined": 0.0021438694903776184}, "Q29650311": {"object": 0.004834322169604254, "dictionary": 0.0, "combined": 0.0024530025700949735}, "Q4042979": {"object": 0.002962001978340503, "dictionary": 0.0, "combined": 0.0015029611619968724}, "Q47455565": {"object": 0.002984669521578863, "dictionary": 0.0, "combined": 0.0015144629899410346}, "Q47455466": {"object": 0.002984669521578863, "dictionary": 0.0, "combined": 0.0015144629899410346}, "Q51370033": {"object": 0.018285414883931463, "dictionary": 0.0, "combined": 0.00927827482983175}, "Q61752184": {"object": 0.004803641917475241, "dictionary": 0.04139713402916291, "combined": 0.02282908517981029}, "Q47493628": {"object": 0.004803641917475241, "dictionary": 0.04139713402916291, "combined": 0.02282908517981029}, "Q47493509": {"object": 0.004803641917475241, "dictionary": 0.04139713402916291, "combined": 0.02282908517981029}, "Q47493633": {"object": 0.004803641917475241, "dictionary": 0.04139713402916291, "combined": 0.02282908517981029}, "Q47493619": {"object": 0.004803641917475241, "dictionary": 0.04139713402916291, "combined": 0.02282908517981029}, "Q47493614": {"object": 0.004803641917475241, "dictionary": 0.04139713402916291, "combined": 0.02282908517981029}, "Q62625561": {"object": 0.0042360350221627525, "dictionary": 0.0, "combined": 0.002149423317649551}, "Q62619688": {"object": 0.0030048857392870583, "dictionary": 0.0, "combined": 0.0015247209810835367}, "Q29650330": {"object": 0.0030048857392870583, "dictionary": 0.0, "combined": 0.0015247209810835367}, "Q28049670": {"object": 0.0030048857392870583, "dictionary": 0.0, "combined": 0.0015247209810835367}, "Q27349828": {"object": 0.0030048857392870583, "dictionary": 0.0, "combined": 0.0015247209810835367}, "Q28600256": {"object": 0.0030048857392870583, "dictionary": 0.0, "combined": 0.0015247209810835367}, "Q63036182": {"object": 0.0030048857392870583, "dictionary": 0.0, "combined": 0.0015247209810835367}, "Q27967116": {"object": 0.0030048857392870583, "dictionary": 0.0, "combined": 0.0015247209810835367}, "Q1192568": {"object": 0.004787151508638033, "dictionary": 0.0, "combined": 0.0024290675180807034}, "Q28600476": {"object": 0.004027780757446752, "dictionary": 0.0, "combined": 0.0020437521958957014}, "Q48814895": {"object": 0.007094336703883144, "dictionary": 0.0, "combined": 0.003599765501182775}, "Q59999653": {"object": 0.007094336703883144, "dictionary": 0.0, "combined": 0.003599765501182775}, "Q46118194": {"object": 0.007094336703883144, "dictionary": 0.0, "combined": 0.003599765501182775}, "Q96143857": {"object": 0.014963267467730013, "dictionary": 0.0, "combined": 0.007592570843983483}, "Q72724699": {"object": 0.005459751945425017, "dictionary": 0.0, "combined": 0.002770354371170293}, "Q28207102": {"object": 0.005459751945425017, "dictionary": 0.0, "combined": 0.002770354371170293}, "Q66663022": {"object": 0.01843972491828082, "dictionary": 0.0, "combined": 0.009356573895878772}, "Q817650": {"object": 0.006105322325629747, "dictionary": 0.0, "combined": 0.0030979257961316186}, "Q86995619": {"object": 0.013016810807051474, "dictionary": 0.0, "combined": 0.006604911556142972}, "Q86996249": {"object": 0.013016810807051474, "dictionary": 0.0, "combined": 0.006604911556142972}, "Q28771225": {"object": 0.013016810807051474, "dictionary": 0.0, "combined": 0.006604911556142972}, "Q27925703": {"object": 0.013016810807051474, "dictionary": 0.0, "combined": 0.006604911556142972}, "Q86996065": {"object": 0.013016810807051474, "dictionary": 0.0, "combined": 0.006604911556142972}, "Q29651047": {"object": 0.013016810807051474, "dictionary": 0.0, "combined": 0.006604911556142972}, "Q28206548": {"object": 0.013016810807051474, "dictionary": 0.0, "combined": 0.006604911556142972}, "Q27684861": {"object": 0.012509398603514396, "dictionary": 0.0, "combined": 0.006347443519113925}, "Q27684843": {"object": 0.012509398603514396, "dictionary": 0.0, "combined": 0.006347443519113925}, "Q27684948": {"object": 0.012509398603514396, "dictionary": 0.0, "combined": 0.006347443519113925}, "Q27684882": {"object": 0.012509398603514396, "dictionary": 0.0, "combined": 0.006347443519113925}, "Q27684919": {"object": 0.012509398603514396, "dictionary": 0.0, "combined": 0.006347443519113925}, "Q27684906": {"object": 0.012509398603514396, "dictionary": 0.0, "combined": 0.006347443519113925},