{"name": "Q3943569", "Q4045294": {"object": 0.005635486508047053, "dictionary": 0.036719034483605875, "combined": 0.02002523076806406}, "Q1144005": {"object": 0.01187893451033283, "dictionary": 0.0, "combined": 0.006379728633977054}, "Q1076355": {"object": 0.005536853523520617, "dictionary": 0.0, "combined": 0.002973635635032347}, "Q3807693": {"object": 0.006255029859003245, "dictionary": 0.03592423666148034, "combined": 0.01999002235795805}, "Q95994246": {"object": 0.006255961128962599, "dictionary": 0.03601273728795272, "combined": 0.02003149277892512}, "Q58006953": {"object": 0.006255961128962599, "dictionary": 0.03601273728795272, "combined": 0.02003149277892512}, "Q723030": {"object": 0.005969587468890562, "dictionary": 0.035305259869955904, "combined": 0.01955017434008348}, "Q27979156": {"object": 0.005969587468890562, "dictionary": 0.035319713559129474, "combined": 0.019556865496800368}, "Q26549229": {"object": 0.00722600351453747, "dictionary": 0.05226055494895195, "combined": 0.02807419235434947}, "Q28206109": {"object": 0.007760535167272848, "dictionary": 0.0, "combined": 0.004167891352424781}, "Q29650301": {"object": 0.01810088925095262, "dictionary": 0.0, "combined": 0.009721306347324443}, "Q28758103": {"object": 0.01810088925095262, "dictionary": 0.0, "combined": 0.009721306347324443}, "Q29209269": {"object": 0.01810088925095262, "dictionary": 0.0, "combined": 0.009721306347324443}, "Q1343830": {"object": 0.009816855410229927, "dictionary": 0.0, "combined": 0.005272263560488446}, "Q1882400": {"object": 0.011007785824040228, "dictionary": 0.0, "combined": 0.00591186746229048}, "Q27979410": {"object": 0.011007785824040228, "dictionary": 0.0, "combined": 0.00591186746229048}, "Q28055391": {"object": 0.010903772260133362, "dictionary": 0.0, "combined": 0.005856005691910197}, "Q1141412": {"object": 0.008783200038247481, "dictionary": 0.0, "combined": 0.004717126164237589}, "Q27526733": {"object": 0.010868393879359322, "dictionary": 0.0, "combined": 0.005837005295144682}, "Q60615282": {"object": 0.025573299573979254, "dictionary": 0.0, "combined": 0.01373445669015793}, "Q27526866": {"object": 0.025573299573979254, "dictionary": 0.0, "combined": 0.01373445669015793}, "Q26211936": {"object": 0.011642275550910863, "dictionary": 0.0, "combined": 0.006252628014085748}, "Q26211977": {"object": 0.011642275550910863, "dictionary": 0.0, "combined": 0.006252628014085748}, "Q26211940": {"object": 0.011642275550910863, "dictionary": 0.0, "combined": 0.006252628014085748}, "Q26211915": {"object": 0.011642275550910863, "dictionary": 0.0, "combined": 0.006252628014085748}, "Q10394822": {"object": 0.011642275550910863, "dictionary": 0.0, "combined": 0.006252628014085748}, "Q26211975": {"object": 0.011642275550910863, "dictionary": 0.0, "combined": 0.006252628014085748}, "Q26211905": {"object": 0.011642275550910863, "dictionary": 0.0, "combined": 0.006252628014085748}, "Q5532250": {"object": 0.011642275550910863, "dictionary": 0.0, "combined": 0.006252628014085748}, "Q26211927": {"object": 0.011642275550910863, "dictionary": 0.0, "combined": 0.006252628014085748}, "Q26211957": {"object": 0.011642275550910863, "dictionary": 0.0, "combined": 0.006252628014085748}, "Q26211948": {"object": 0.011642275550910863, "dictionary": 0.0, "combined": 0.006252628014085748}, "Q26211958": {"object": 0.011642275550910863, "dictionary": 0.0, "combined": 0.006252628014085748}, "Q26211874": {"object": 0.011642275550910863, "dictionary": 0.0, "combined": 0.006252628014085748}, "Q26211954": {"object": 0.011642275550910863, "dictionary": 0.0, "combined": 0.006252628014085748}, "Q26211891": {"object": 0.011642275550910863, "dictionary": 0.0, "combined": 0.006252628014085748}, "Q26211983": {"object": 0.011642275550910863, "dictionary": 0.0, "combined": 0.006252628014085748}, "Q26211840": {"object": 0.011642275550910863, "dictionary": 0.0, "combined": 0.006252628014085748}, "Q26211965": {"object": 0.011642275550910863, "dictionary": 0.0, "combined": 0.006252628014085748}, "Q26211978": {"object": 0.011642275550910863, "dictionary": 0.0, "combined": 0.006252628014085748}, "Q26211931": {"object": 0.011642275550910863, "dictionary": 0.0, "combined": 0.006252628014085748}, "Q479833": {"object": 0.011280176455393108, "dictionary": 0.08519225598219778, "combined": 0.04549685992257819}, "Q27967388": {"object": 0.012580952997482029, "dictionary": 0.0, "combined": 0.0067567563413148835}, "Q28771319": {"object": 0.014146646863828119, "dictionary": 0.0, "combined": 0.007597631588373596}, "Q6043826": {"object": 0.014146646863828119, "dictionary": 0.0, "combined": 0.007597631588373596}, "Q29000498": {"object": 0.014146646863828119, "dictionary": 0.0, "combined": 0.007597631588373596}, "Q3888665": {"object": 0.03215320676229974, "dictionary": 0.32362673495938665, "combined": 0.16708727325364375}, "Q382011": {"object": 0.03215320676229974, "dictionary": 0.32362673495938665, "combined": 0.16708727325364375}, "Q19599377": {"object": 0.020155920361342557, "dictionary": 0.0, "combined": 0.01082498621080582}, "Q28344713": {"object": 0.020155920361342557, "dictionary": 0.0, "combined": 0.01082498621080582}, "Q1952708": {"object": 0.0377447530962283, "dictionary": 0.0, "combined": 0.020271286275797044}, "Q51753051": {"object": 0.032280420737944474, "dictionary": 0.0, "combined": 0.017336599029109466}, "Q28207085": {"object": 0.032280420737944474, "dictionary": 0.0, "combined": 0.017336599029109466}, "Q27486884": {"object": 0.032280420737944474, "dictionary": 0.0, "combined": 0.017336599029109466}, "Q535473": {"object": 0.024925381567762066, "dictionary": 0.0, "combined": 0.013386484314930372}, "Q43870624": {"object": 0.024925381567762066, "dictionary": 0.0, "combined": 0.013386484314930372}, "Q43866871": {"object": 0.024925381567762066, "dictionary": 0.0, "combined": 0.013386484314930372}, "Q43870269": {"object": 0.024925381567762066, "dictionary": 0.0, "combined": 0.013386484314930372}, "Q43869672": {"object": 0.024925381567762066, "dictionary": 0.0, "combined": 0.013386484314930372}, "Q1381134": {"object": 0.028708874446370013, "dictionary": 0.0, "combined": 0.015418455939414655}, "Q47539001": {"object": 0.07173236667960867, "dictionary": 0.0, "combined": 0.03852475432798887}, "type": "co-oc"}