{"name": "Q4039139", "Q27866062": {"object": 0.06283529060488188, "dictionary": 0.07147262315177409, "combined": 0.06691181519119496}, "Q28207379": {"object": 0.06184334074111266, "dictionary": 0.07129601219199347, "combined": 0.06630467731309866}, "Q27231634": {"object": 0.06283529060488188, "dictionary": 0.07147262315177409, "combined": 0.06691181519119496}, "Q27866063": {"object": 0.06283529060488188, "dictionary": 0.07147262315177409, "combined": 0.06691181519119496}, "Q28205771": {"object": 0.062137539565893934, "dictionary": 0.07131662095443922, "combined": 0.0664697510162493}, "Q7670377": {"object": 0.062137539565893934, "dictionary": 0.07131662095443922, "combined": 0.0664697510162493}, "Q27866059": {"object": 0.06283529060488188, "dictionary": 0.07147262315177409, "combined": 0.06691181519119496}, "Q28207384": {"object": 0.062137539565893934, "dictionary": 0.07131662095443922, "combined": 0.0664697510162493}, "Q28205372": {"object": 0.06283529060488188, "dictionary": 0.07147262315177409, "combined": 0.06691181519119496}, "Q27231651": {"object": 0.06283529060488188, "dictionary": 0.07147262315177409, "combined": 0.06691181519119496}, "Q27231654": {"object": 0.06283529060488188, "dictionary": 0.07147262315177409, "combined": 0.06691181519119496}, "Q1502796": {"object": 0.06283529060488188, "dictionary": 0.07147262315177409, "combined": 0.06691181519119496}, "Q99184084": {"object": 0.03155493985244748, "dictionary": 0.01948178188150357, "combined": 0.025856823560664446}, "Q79241659": {"object": 0.08282035515265036, "dictionary": 0.06618646507653414, "combined": 0.07496972980122579}, "Q28600412": {"object": 0.06209296906871046, "dictionary": 0.05730489277245839, "combined": 0.05983316135182022}, "Q4045294": {"object": 0.008800594033941308, "dictionary": 0.0, "combined": 0.00464701562778972}, "Q1144005": {"object": 0.01855060428801257, "dictionary": 0.0, "combined": 0.009795355597459697}, "Q27596243": {"object": 0.014939526363827468, "dictionary": 0.0, "combined": 0.007888582545307053}, "Q751800": {"object": 0.03030272696256049, "dictionary": 0.0, "combined": 0.016000879624326805}, "type": "co-oc"}