{"name": "Q45315877", "Q27866062": {"object": 0.016916831891460905, "dictionary": 0.020961763697474496, "combined": 0.019115860657948996}, "Q28207379": {"object": 0.01664977417710002, "dictionary": 0.020909966561143793, "combined": 0.018965829441457735}, "Q27231634": {"object": 0.016916831891460905, "dictionary": 0.020961763697474496, "combined": 0.019115860657948996}, "Q27866063": {"object": 0.016916831891460905, "dictionary": 0.020961763697474496, "combined": 0.019115860657948996}, "Q28205771": {"object": 0.0167289798593461, "dictionary": 0.020916010777648448, "combined": 0.01900526086409216}, "Q7670377": {"object": 0.0167289798593461, "dictionary": 0.020916010777648448, "combined": 0.01900526086409216}, "Q27866059": {"object": 0.016916831891460905, "dictionary": 0.020961763697474496, "combined": 0.019115860657948996}, "Q28207384": {"object": 0.0167289798593461, "dictionary": 0.020916010777648448, "combined": 0.01900526086409216}, "Q28205372": {"object": 0.016916831891460905, "dictionary": 0.020961763697474496, "combined": 0.019115860657948996}, "Q27231651": {"object": 0.016916831891460905, "dictionary": 0.020961763697474496, "combined": 0.019115860657948996}, "Q27231654": {"object": 0.016916831891460905, "dictionary": 0.020961763697474496, "combined": 0.019115860657948996}, "Q1502796": {"object": 0.016916831891460905, "dictionary": 0.020961763697474496, "combined": 0.019115860657948996}, "Q79241659": {"object": 0.014864874094596994, "dictionary": 0.0, "combined": 0.006783579449370885}, "Q4045294": {"object": 0.0047386800756074494, "dictionary": 0.0, "combined": 0.0021624947896274438}, "Q1076355": {"object": 0.004655743108602789, "dictionary": 0.0, "combined": 0.002124646537339154}, "Q26549229": {"object": 0.006076089230577256, "dictionary": 0.02188145720328553, "combined": 0.014668683742366725}, "Q16996920": {"object": 0.005856045971391465, "dictionary": 0.0, "combined": 0.0026724042769081598}, "Q66811836": {"object": 0.005856045971391465, "dictionary": 0.0, "combined": 0.0026724042769081598}, "Q28600763": {"object": 0.005856045971391465, "dictionary": 0.0, "combined": 0.0026724042769081598}, "Q1662484": {"object": 0.005856045971391465, "dictionary": 0.0, "combined": 0.0026724042769081598}, "Q684554": {"object": 0.005856045971391465, "dictionary": 0.0, "combined": 0.0026724042769081598}, "Q1676669": {"object": 0.006931664208721834, "dictionary": 0.01835908867032374, "combined": 0.013144188009635531}, "Q28445577": {"object": 0.015216442693644642, "dictionary": 0.0, "combined": 0.006944017641337179}, "Q307271": {"object": 0.02646994582207274, "dictionary": 0.04144051156428887, "combined": 0.03460869977307662}, "Q28206359": {"object": 0.009638544811540079, "dictionary": 0.029966271359066706, "combined": 0.020689721340364974}, "Q28206497": {"object": 0.0123121958046133, "dictionary": 0.03173297354245806, "combined": 0.02287030925651376}, "Q26385770": {"object": 0.0123121958046133, "dictionary": 0.03173297354245806, "combined": 0.02287030925651376}, "Q17092932": {"object": 0.0123121958046133, "dictionary": 0.03173297354245806, "combined": 0.02287030925651376}, "Q1952321": {"object": 0.0123121958046133, "dictionary": 0.03173297354245806, "combined": 0.02287030925651376}, "Q26329648": {"object": 0.0123121958046133, "dictionary": 0.03173297354245806, "combined": 0.02287030925651376}, "Q28206262": {"object": 0.0123121958046133, "dictionary": 0.03173297354245806, "combined": 0.02287030925651376}, "Q28205580": {"object": 0.007226481976554023, "dictionary": 0.0, "combined": 0.0032978022091165243}, "Q28206771": {"object": 0.007061013926479691, "dictionary": 0.0, "combined": 0.0032222909295141163}, "Q28205626": {"object": 0.007226481976554023, "dictionary": 0.0, "combined": 0.0032978022091165243}, "Q729366": {"object": 0.007226481976554023, "dictionary": 0.0, "combined": 0.0032978022091165243}, "Q29012120": {"object": 0.011436251820155076, "dictionary": 0.0, "combined": 0.0052189290222937204}, "Q29011315": {"object": 0.011436251820155076, "dictionary": 0.0, "combined": 0.0052189290222937204}, "Q29011363": {"object": 0.011436251820155076, "dictionary": 0.0, "combined": 0.0052189290222937204}, "Q29012190": {"object": 0.011436251820155076, "dictionary": 0.0, "combined": 0.0052189290222937204}, "Q29011569": {"object": 0.011436251820155076, "dictionary": 0.0, "combined": 0.0052189290222937204}, "Q29011484": {"object": 0.011436251820155076, "dictionary": 0.0, "combined": 0.0052189290222937204}, "Q29011271": {"object": 0.011436251820155076, "dictionary": 0.0, "combined": 0.0052189290222937204}, "Q29017311": {"object": 0.011436251820155076, "dictionary": 0.0, "combined": 0.0052189290222937204}, "Q29011357": {"object": 0.011436251820155076, "dictionary": 0.0, "combined": 0.0052189290222937204}, "Q29012206": {"object": 0.011436251820155076, "dictionary": 0.0, "combined": 0.0052189290222937204}, "Q29011646": {"object": 0.011436251820155076, "dictionary": 0.0, "combined": 0.0052189290222937204}, "Q29017312": {"object": 0.011436251820155076, "dictionary": 0.0, "combined": 0.0052189290222937204}, "Q29012350": {"object": 0.011436251820155076, "dictionary": 0.0, "combined": 0.0052189290222937204}, "Q29012285": {"object": 0.011436251820155076, "dictionary": 0.0, "combined": 0.0052189290222937204}, "Q29017304": {"object": 0.011436251820155076, "dictionary": 0.0, "combined": 0.0052189290222937204}, "Q29011538": {"object": 0.011436251820155076, "dictionary": 0.0, "combined": 0.0052189290222937204}, "Q29011892": {"object": 0.011436251820155076, "dictionary": 0.0, "combined": 0.0052189290222937204}, "Q29011549": {"object": 0.011436251820155076, "dictionary": 0.0, "combined": 0.0052189290222937204}, "Q29011710": {"object": 0.011436251820155076, "dictionary": 0.0, "combined": 0.0052189290222937204}, "Q29011079": {"object": 0.011436251820155076, "dictionary": 0.0, "combined": 0.0052189290222937204}, "Q29012054": {"object": 0.011436251820155076, "dictionary": 0.0, "combined": 0.0052189290222937204}, "Q29017314": {"object": 0.011436251820155076, "dictionary": 0.0, "combined": 0.0052189290222937204}, "Q29011566": {"object": 0.011436251820155076, "dictionary": 0.0, "combined": 0.0052189290222937204}, "Q29017309": {"object": 0.011436251820155076, "dictionary": 0.0, "combined": 0.0052189290222937204}, "Q29017306": {"object": 0.011436251820155076, "dictionary": 0.0, "combined": 0.0052189290222937204}, "Q29011365": {"object": 0.011436251820155076, "dictionary": 0.0, "combined": 0.0052189290222937204}, "Q29012224": {"object": 0.011436251820155076, "dictionary": 0.0, "combined": 0.0052189290222937204}, "Q29011514": {"object": 0.011436251820155076, "dictionary": 0.0, "combined": 0.0052189290222937204}, "Q29011358": {"object": 0.011436251820155076, "dictionary": 0.0, "combined": 0.0052189290222937204}, "Q29011977": {"object": 0.011436251820155076, "dictionary": 0.0, "combined": 0.0052189290222937204}, "Q29011824": {"object": 0.011436251820155076, "dictionary": 0.0, "combined": 0.0052189290222937204}, "Q29011579": {"object": 0.011436251820155076, "dictionary": 0.0, "combined": 0.0052189290222937204}, "Q29011774": {"object": 0.011436251820155076, "dictionary": 0.0, "combined": 0.0052189290222937204}, "Q29011347": {"object": 0.011436251820155076, "dictionary": 0.0, "combined": 0.0052189290222937204}, "Q29011361": {"object": 0.011436251820155076, "dictionary": 0.0, "combined": 0.0052189290222937204}, "Q29011223": {"object": 0.011436251820155076, "dictionary": 0.0, "combined": 0.0052189290222937204}, "Q479833": {"object": 0.009485098995833014, "dictionary": 0.0, "combined": 0.0043285211979540595}, "Q66134564": {"object": 0.029383881819126486, "dictionary": 0.10630087089333494, "combined": 0.07119983316702572}, "Q48625328": {"object": 0.029383881819126486, "dictionary": 0.10630087089333494, "combined": 0.07119983316702572}, "Q28205883": {"object": 0.012412580712778171, "dictionary": 0.025425011679614144, "combined": 0.019486793923362167}, "Q1047541": {"object": 0.026757303590599635,