{"name": "Q45350500", "Q4045294": {"object": 0.0006839925866893432, "dictionary": 0.0, "combined": 0.00030112600676507567}, "Q28205439": {"object": 0.0021892304027837143, "dictionary": 0.0, "combined": 0.0009638031491975368}, "Q2693033": {"object": 0.01205009271087277, "dictionary": 0.0, "combined": 0.005305022846427582}, "Q1076355": {"object": 0.00134404252703474, "dictionary": 0.0, "combined": 0.0005917113240179483}, "Q28858032": {"object": 0.0033937004632050116, "dictionary": 0.0031978613282291055, "combined": 0.0032840790122087788}, "Q3807693": {"object": 0.002277564171417755, "dictionary": 0.0020574252311458922, "combined": 0.002154340842963289}, "Q95994246": {"object": 0.0022779032628595475, "dictionary": 0.002062493770906175, "combined": 0.0021573272550601094}, "Q58006953": {"object": 0.0022779032628595475, "dictionary": 0.002062493770906175, "combined": 0.0021573272550601094}, "Q723030": {"object": 0.0021736296778375607, "dictionary": 0.012131854012613548, "combined": 0.007747770929321532}, "Q27979156": {"object": 0.0021736296778375607, "dictionary": 0.012136820695981501, "combined": 0.007750551042895364}, "Q47233167": {"object": 0.0020075865000972067, "dictionary": 0.0, "combined": 0.0008838348803395956}, "Q29650304": {"object": 0.0020075865000972067, "dictionary": 0.0, "combined": 0.0008838348803395956}, "Q1601331": {"object": 0.0020075865000972067, "dictionary": 0.0, "combined": 0.0008838348803395956}, "Q81526237": {"object": 0.0020075865000972067, "dictionary": 0.0, "combined": 0.0008838348803395956}, "Q28009496": {"object": 0.0020075865000972067, "dictionary": 0.0, "combined": 0.0008838348803395956}, "Q34747804": {"object": 0.0020075865000972067, "dictionary": 0.0, "combined": 0.0008838348803395956}, "Q28049770": {"object": 0.0020075865000972067, "dictionary": 0.0, "combined": 0.0008838348803395956}, "Q28755606": {"object": 0.0020075865000972067, "dictionary": 0.0, "combined": 0.0008838348803395956}, "Q81526528": {"object": 0.0020075865000972067, "dictionary": 0.0, "combined": 0.0008838348803395956}, "Q81526664": {"object": 0.0020075865000972067, "dictionary": 0.0, "combined": 0.0008838348803395956}, "Q28758112": {"object": 0.0020075865000972067, "dictionary": 0.0, "combined": 0.0008838348803395956}, "Q32097899": {"object": 0.0020075865000972067, "dictionary": 0.0, "combined": 0.0008838348803395956}, "Q66439259": {"object": 0.0020075865000972067, "dictionary": 0.0, "combined": 0.0008838348803395956}, "Q28207108": {"object": 0.0020075865000972067, "dictionary": 0.0, "combined": 0.0008838348803395956}, "Q32097740": {"object": 0.0020075865000972067, "dictionary": 0.0, "combined": 0.0008838348803395956}, "Q6912474": {"object": 0.0020075865000972067, "dictionary": 0.0, "combined": 0.0008838348803395956}, "Q1343830": {"object": 0.0011914954131485216, "dictionary": 0.0, "combined": 0.0005245528428559919}, "Q1882400": {"object": 0.0013360415092390626, "dictionary": 0.0, "combined": 0.0005881888961645557}, "Q27979410": {"object": 0.0013360415092390626, "dictionary": 0.0, "combined": 0.0005881888961645557}, "Q28055391": {"object": 0.0013234171321731528, "dictionary": 0.0, "combined": 0.0005826310460829427}, "Q5448342": {"object": 0.0016739166418606533, "dictionary": 0.0, "combined": 0.0007369375689594112}, "Q29904540": {"object": 0.0016739166418606533, "dictionary": 0.0, "combined": 0.0007369375689594112}, "Q5421818": {"object": 0.0016739166418606533, "dictionary": 0.0, "combined": 0.0007369375689594112}, "Q50223812": {"object": 0.0016739166418606533, "dictionary": 0.0, "combined": 0.0007369375689594112}, "Q5153426": {"object": 0.0016739166418606533, "dictionary": 0.0, "combined": 0.0007369375689594112}, "Q939636": {"object": 0.0020698104601744364, "dictionary": 0.0, "combined": 0.000911228821425796}, "Q28206625": {"object": 0.00326603956808318, "dictionary": 0.0, "combined": 0.0014378656614304848}, "Q28205846": {"object": 0.0031459193098944266, "dictionary": 0.0, "combined": 0.0013849830214956785}, "Q479833": {"object": 0.0027382044339984923, "dictionary": 0.004879065312025217, "combined": 0.003936556723796089}, "Q28600483": {"object": 0.004697169086872952, "dictionary": 0.0, "combined": 0.0020679168133628054}, "Q28600482": {"object": 0.004697169086872952, "dictionary": 0.0, "combined": 0.0020679168133628054}, "Q60806257": {"object": 0.003974148061845652, "dictionary": 0.0, "combined": 0.0017496086353056836}, "Q52834888": {"object": 0.003974148061845652, "dictionary": 0.0, "combined": 0.0017496086353056836}, "Q60806040": {"object": 0.003974148061845652, "dictionary": 0.0, "combined": 0.0017496086353056836}, "Q60886323": {"object": 0.003974148061845652, "dictionary": 0.0, "combined": 0.0017496086353056836}, "Q60886160": {"object": 0.003974148061845652, "dictionary": 0.0, "combined": 0.0017496086353056836}, "Q60873199": {"object": 0.003974148061845652, "dictionary": 0.0, "combined": 0.0017496086353056836}, "Q28858068": {"object": 0.003974148061845652, "dictionary": 0.0, "combined": 0.0017496086353056836}, "Q51954585": {"object": 0.005114979491308811, "dictionary": 0.0, "combined": 0.0022518567874517553}, "Q60628025": {"object": 0.005114979491308811, "dictionary": 0.0, "combined": 0.0022518567874517553}, "Q51954521": {"object": 0.005114979491308811, "dictionary": 0.0, "combined": 0.0022518567874517553}, "Q61971917": {"object": 0.005114979491308811, "dictionary": 0.0, "combined": 0.0022518567874517553}, "Q60628005": {"object": 0.005114979491308811, "dictionary": 0.0, "combined": 0.0022518567874517553}, "Q61971919": {"object": 0.005114979491308811, "dictionary": 0.0, "combined": 0.0022518567874517553}, "Q44933672": {"object": 0.005114979491308811, "dictionary": 0.0, "combined": 0.0022518567874517553}, "Q27487130": {"object": 0.005114979491308811, "dictionary": 0.0, "combined": 0.0022518567874517553}, "Q52834849": {"object": 0.005114979491308811, "dictionary": 0.0, "combined": 0.0022518567874517553}, "Q28858035": {"object": 0.004120793738626346, "dictionary": 0.003457903443723761, "combined": 0.0037497392198883924}, "Q61641368": {"object": 0.004120793738626346, "dictionary": 0.003457903443723761, "combined": 0.0037497392198883924}, "Q51801746": {"object": 0.004120793738626346, "dictionary": 0.003457903443723761, "combined": 0.0037497392198883924}, "Q85621726": {"object": 0.004120793738626346, "dictionary": 0.003457903443723761, "combined": 0.0037497392198883924}, "Q28858042": {"object": 0.004120793738626346, "dictionary": 0.003457903443723761, "combined": 0.0037497392198883924}, "Q48915661": {"object": 0.004120793738626346, "dictionary": 0.003457903443723761, "combined": 0.0037497392198883924}, "Q48782098": {"object": 0.004120793738626346, "dictionary": 0.003457903443723761, "combined": 0.0037497392198883924}, "Q61639409": {"object": 0.004120793738626346, "dictionary": 0.003457903443723761, "combined": 0.0037497392198883924}, "Q85621806": {"object": 0.004120793738626346, "dictionary": 0.003457903443723761, "combined": 0.0037497392198883924}, "Q28858037": {"object": 0.004120793738626346, "dictionary": 0.003457903443723761, "combined": 0.0037497392198883924}, "Q28858038": {"object": 0.004120793738626346, "dictionary": 0.003457903443723761, "combined": 0.0037497392198883924}, "Q28858039": {"object": 0.004120793738626346, "dictionary": 0.003457903443723761, "combined": 0.0037497392198883924}, "Q28858044": {"object": 0.004120793738626346, "dictionary": 0.003457903443723761, "combined": 0.0037497392198883924}, "Q48782394": {"object": 0.004120793738626346, "dictionary": 0.003457903443723761, "combined": 0.0037497392198883924}, "Q60628185": {"object": 0.004120793738626346, "dictionary": 0.003457903443723761, "combined": 0.0037497392198883924}, "Q62664770": {"object": 0.0040027462455978526, "dictionary": 0.006817541467944308, "combined": 0.00557833498872033}, "Q48782202": {"object": 0.004120793738626346, "dictionary": 0.003457903443723761, "combined": 0.0037497392198883924}, "Q66439286": {"object": 0.004120793738626346, "dictionary": 0.003457903443723761,