{"name": "Q46118844", "Q4045294": {"object": 0.054969437075827646, "dictionary": 0.0, "combined": 0.029557891804284774}, "Q1144005": {"object": 0.11586902784013658, "dictionary": 0.0, "combined": 0.06230451630134057}, "Q3807693": {"object": 0.061012562047825104, "dictionary": 0.2011720571063979, "combined": 0.1258061918062009}, "Q95994246": {"object": 0.061021645804011586, "dictionary": 0.20166765157790817, "combined": 0.12604018216003887}, "Q58006953": {"object": 0.061021645804011586, "dictionary": 0.20166765157790817, "combined": 0.12604018216003887}, "Q723030": {"object": 0.05822831130395978, "dictionary": 0.19770585027713478, "combined": 0.12270668300514674}, "Q27979156": {"object": 0.05822831130395978, "dictionary": 0.19778678946065098, "combined": 0.12274409997420403}, "Q1141412": {"object": 0.08567273848272709, "dictionary": 0.0, "combined": 0.04606751804927601}, "Q479833": {"object": 0.1100286459711256, "dictionary": 0.0, "combined": 0.059164055264022686}, "Q817650": {"object": 0.33394767436641515, "dictionary": 0.0, "combined": 0.17956867947544658}, "type": "co-oc"}