{"name": "Q4684000", "Q99184084": {"object": 0.006128236854598522, "dictionary": 0.0, "combined": 0.006128236854598523}, "Q4045294": {"object": 0.005127449928919059, "dictionary": 0.0, "combined": 0.00512744992891906}, "Q28018471": {"object": 0.019498458008360305, "dictionary": 0.0, "combined": 0.019498458008360312}, "Q336284": {"object": 0.017024607860813647, "dictionary": 0.0, "combined": 0.01702460786081365}, "Q28018470": {"object": 0.01995855351079887, "dictionary": 0.0, "combined": 0.019958553510798876}, "Q1076355": {"object": 0.0050377086636747915, "dictionary": 0.0, "combined": 0.005037708663674793}, "Q28858032": {"object": 0.008480125631700908, "dictionary": 0.0, "combined": 0.008480125631700912}, "Q3807693": {"object": 0.005691141724877856, "dictionary": 0.0, "combined": 0.005691141724877858}, "Q95994246": {"object": 0.005691989041268389, "dictionary": 0.0, "combined": 0.0056919890412683895}, "Q58006953": {"object": 0.005691989041268389, "dictionary": 0.0, "combined": 0.0056919890412683895}, "Q723030": {"object": 0.005431431838108743, "dictionary": 0.0, "combined": 0.0054314318381087434}, "Q27979156": {"object": 0.005431431838108743, "dictionary": 0.0, "combined": 0.0054314318381087434}, "Q16996920": {"object": 0.006336486536476894, "dictionary": 0.0, "combined": 0.006336486536476896}, "Q66811836": {"object": 0.006336486536476894, "dictionary": 0.0, "combined": 0.006336486536476896}, "Q28600763": {"object": 0.006336486536476894, "dictionary": 0.0, "combined": 0.006336486536476896}, "Q1662484": {"object": 0.006336486536476894, "dictionary": 0.0, "combined": 0.006336486536476896}, "Q684554": {"object": 0.006336486536476894, "dictionary": 0.0, "combined": 0.006336486536476896}, "Q28206109": {"object": 0.007060926405375541, "dictionary": 0.0, "combined": 0.007060926405375542}, "Q1676669": {"object": 0.007500350432445151, "dictionary": 0.0, "combined": 0.007500350432445153}, "Q5448342": {"object": 0.012548270161622443, "dictionary": 0.0, "combined": 0.012548270161622445}, "Q29904540": {"object": 0.012548270161622443, "dictionary": 0.0, "combined": 0.012548270161622445}, "Q5421818": {"object": 0.012548270161622443, "dictionary": 0.0, "combined": 0.012548270161622445}, "Q50223812": {"object": 0.012548270161622443, "dictionary": 0.0, "combined": 0.012548270161622445}, "Q5153426": {"object": 0.012548270161622443, "dictionary": 0.0, "combined": 0.012548270161622445}, "Q178051": {"object": 0.015331262773110643, "dictionary": 0.0, "combined": 0.015331262773110645}, "Q27526733": {"object": 0.009888613049576308, "dictionary": 0.0, "combined": 0.00988861304957631}, "Q1888930": {"object": 0.010361975340105512, "dictionary": 0.0, "combined": 0.010361975340105514}, "Q28786544": {"object": 0.010361975340105512, "dictionary": 0.0, "combined": 0.010361975340105514}, "Q8811": {"object": 0.010361975340105512, "dictionary": 0.0, "combined": 0.010361975340105514}, "Q2053": {"object": 0.010361975340105512, "dictionary": 0.0, "combined": 0.010361975340105514}, "Q166074": {"object": 0.009809220417683484, "dictionary": 0.0, "combined": 0.009809220417683485}, "Q62626012": {"object": 0.010361975340105512, "dictionary": 0.0, "combined": 0.010361975340105514}, "Q939636": {"object": 0.01551603000299402, "dictionary": 0.0, "combined": 0.015516030002994025}, "Q27596243": {"object": 0.008704148049195474, "dictionary": 0.0, "combined": 0.008704148049195476}, "Q26211936": {"object": 0.010592729635805848, "dictionary": 0.0, "combined": 0.010592729635805851}, "Q26211977": {"object": 0.010592729635805848, "dictionary": 0.0, "combined": 0.010592729635805851}, "Q26211940": {"object": 0.010592729635805848, "dictionary": 0.0, "combined": 0.010592729635805851}, "Q26211915": {"object": 0.010592729635805848, "dictionary": 0.0, "combined": 0.010592729635805851}, "Q10394822": {"object": 0.010592729635805848, "dictionary": 0.0, "combined": 0.010592729635805851}, "Q26211975": {"object": 0.010592729635805848, "dictionary": 0.0, "combined": 0.010592729635805851}, "Q26211905": {"object": 0.010592729635805848, "dictionary": 0.0, "combined": 0.010592729635805851}, "Q5532250": {"object": 0.010592729635805848, "dictionary": 0.0, "combined": 0.010592729635805851}, "Q26211927": {"object": 0.010592729635805848, "dictionary": 0.0, "combined": 0.010592729635805851}, "Q26211957": {"object": 0.010592729635805848, "dictionary": 0.0, "combined": 0.010592729635805851}, "Q26211948": {"object": 0.010592729635805848, "dictionary": 0.0, "combined": 0.010592729635805851}, "Q26211958": {"object": 0.010592729635805848, "dictionary": 0.0, "combined": 0.010592729635805851}, "Q26211874": {"object": 0.010592729635805848, "dictionary": 0.0, "combined": 0.010592729635805851}, "Q26211954": {"object": 0.010592729635805848, "dictionary": 0.0, "combined": 0.010592729635805851}, "Q26211891": {"object": 0.010592729635805848, "dictionary": 0.0, "combined": 0.010592729635805851}, "Q26211983": {"object": 0.010592729635805848, "dictionary": 0.0, "combined": 0.010592729635805851}, "Q26211840": {"object": 0.010592729635805848, "dictionary": 0.0, "combined": 0.010592729635805851}, "Q26211965": {"object": 0.010592729635805848, "dictionary": 0.0, "combined": 0.010592729635805851}, "Q26211978": {"object": 0.010592729635805848, "dictionary": 0.0, "combined": 0.010592729635805851}, "Q26211931": {"object": 0.010592729635805848, "dictionary": 0.0, "combined": 0.010592729635805851}, "Q34746472": {"object": 0.010627494485164818, "dictionary": 0.0, "combined": 0.01062749448516482}, "Q27826464": {"object": 0.010791411082546725, "dictionary": 0.0, "combined": 0.010791411082546727}, "Q27826469": {"object": 0.010791411082546725, "dictionary": 0.0, "combined": 0.010791411082546727}, "Q27826466": {"object": 0.010791411082546725, "dictionary": 0.0, "combined": 0.010791411082546727}, "Q27826468": {"object": 0.010791411082546725, "dictionary": 0.0, "combined": 0.010791411082546727}, "Q479833": {"object": 0.010263273611215418, "dictionary": 0.0, "combined": 0.010263273611215422}, "Q10287816": {"object": 0.015804259895309727, "dictionary": 0.0, "combined": 0.01580425989530973}, "Q921122": {"object": 0.020087676737935763, "dictionary": 0.0, "combined": 0.02008767673793577}, "Q27526739": {"object": 0.01891919975494369, "dictionary": 0.0, "combined": 0.01891919975494369}, "Q2192": {"object": 0.01891919975494369, "dictionary": 0.0, "combined": 0.01891919975494369}, "Q27967203": {"object": 0.04485161282694806, "dictionary": 0.0, "combined": 0.04485161282694807}, "Q27967223": {"object": 0.03240894162881987, "dictionary": 0.0, "combined": 0.032408941628819875}, "Q49414097": {"object": 0.0428363995492464, "dictionary": 0.0, "combined": 0.042836399549246416}, "Q1370814": {"object": 0.04485161282694806, "dictionary": 0.0, "combined": 0.04485161282694807}, "Q2276274": {"object": 0.021556879531411968, "dictionary": 0.0, "combined": 0.02155687953141197}, "Q29167914": {"object": 0.02131175704006049, "dictionary": 0.0, "combined": 0.021311757040060494}, "Q28771288": {"object": 0.021556879531411968, "dictionary": 0.0, "combined": 0.02155687953141197}, "Q28009488": {"object": 0.021556879531411968, "dictionary": 0.0, "combined": 0.02155687953141197}, "Q47539012": {"object": 0.07019036098402136, "dictionary": 0.0, "combined": 0.07019036098402137}, "type": "co-oc"}