{"name": "Q47018470", "Q4045294": {"object": 0.0017466484011171982, "dictionary": 0.0, "combined": 0.00047804233754661753}, "Q1076355": {"object": 0.001716078343949194, "dictionary": 0.0, "combined": 0.00046967558120448294}, "Q28858032": {"object": 0.0028887259907393976, "dictionary": 0.0, "combined": 0.0007906189501341267}, "Q3807693": {"object": 0.0019386680966350977, "dictionary": 0.0, "combined": 0.0005305964429072918}, "Q95994246": {"object": 0.0019389567320853278, "dictionary": 0.0, "combined": 0.000530675439896748}, "Q58006953": {"object": 0.0019389567320853278, "dictionary": 0.0, "combined": 0.000530675439896748}, "Q723030": {"object": 0.0018501988059022615, "dictionary": 0.0, "combined": 0.000506383174503665}, "Q27979156": {"object": 0.0018501988059022615, "dictionary": 0.0, "combined": 0.000506383174503665}, "Q26549229": {"object": 0.0022396092098014744, "dictionary": 0.0, "combined": 0.0006129613843058686}, "Q47233167": {"object": 0.0025632936809093427, "dictionary": 0.0, "combined": 0.0007015509831610095}, "Q29650304": {"object": 0.0025632936809093427, "dictionary": 0.0, "combined": 0.0007015509831610095}, "Q1601331": {"object": 0.0025632936809093427, "dictionary": 0.0, "combined": 0.0007015509831610095}, "Q81526237": {"object": 0.0025632936809093427, "dictionary": 0.0, "combined": 0.0007015509831610095}, "Q28009496": {"object": 0.0025632936809093427, "dictionary": 0.0, "combined": 0.0007015509831610095}, "Q34747804": {"object": 0.0025632936809093427, "dictionary": 0.0, "combined": 0.0007015509831610095}, "Q28049770": {"object": 0.0025632936809093427, "dictionary": 0.0, "combined": 0.0007015509831610095}, "Q28755606": {"object": 0.0025632936809093427, "dictionary": 0.0, "combined": 0.0007015509831610095}, "Q81526528": {"object": 0.0025632936809093427, "dictionary": 0.0, "combined": 0.0007015509831610095}, "Q81526664": {"object": 0.0025632936809093427, "dictionary": 0.0, "combined": 0.0007015509831610095}, "Q28758112": {"object": 0.0025632936809093427, "dictionary": 0.0, "combined": 0.0007015509831610095}, "Q32097899": {"object": 0.0025632936809093427, "dictionary": 0.0, "combined": 0.0007015509831610095}, "Q66439259": {"object": 0.0025632936809093427, "dictionary": 0.0, "combined": 0.0007015509831610095}, "Q28207108": {"object": 0.0025632936809093427, "dictionary": 0.0, "combined": 0.0007015509831610095}, "Q32097740": {"object": 0.0025632936809093427, "dictionary": 0.0, "combined": 0.0007015509831610095}, "Q6912474": {"object": 0.0025632936809093427, "dictionary": 0.0, "combined": 0.0007015509831610095}, "Q66134804": {"object": 0.0026493449585101017, "dictionary": 0.0, "combined": 0.0007251024625926045}, "Q939636": {"object": 0.0052854829149212735, "dictionary": 0.0, "combined": 0.001446590284624855}, "Q28206528": {"object": 0.007504613591121525, "dictionary": 0.0, "combined": 0.002053946874018368}, "Q479833": {"object": 0.003496149292878005, "dictionary": 0.0, "combined": 0.0009568653767468868}, "Q28771319": {"object": 0.00438457586414094, "dictionary": 0.020282598412721738, "combined": 0.01593144917362399}, "Q6043826": {"object": 0.00438457586414094, "dictionary": 0.020282598412721738, "combined": 0.01593144917362399}, "Q29000498": {"object": 0.00438457586414094, "dictionary": 0.020282598412721738, "combined": 0.01593144917362399}, "Q28858035": {"object": 0.0035076295342824993, "dictionary": 0.0, "combined": 0.0009600074180604643}, "Q61641368": {"object": 0.0035076295342824993, "dictionary": 0.0, "combined": 0.0009600074180604643}, "Q51801746": {"object": 0.0035076295342824993, "dictionary": 0.0, "combined": 0.0009600074180604643}, "Q85621726": {"object": 0.0035076295342824993, "dictionary": 0.0, "combined": 0.0009600074180604643}, "Q28858042": {"object": 0.0035076295342824993, "dictionary": 0.0, "combined": 0.0009600074180604643}, "Q48915661": {"object": 0.0035076295342824993, "dictionary": 0.0, "combined": 0.0009600074180604643}, "Q48782098": {"object": 0.0035076295342824993, "dictionary": 0.0, "combined": 0.0009600074180604643}, "Q61639409": {"object": 0.0035076295342824993, "dictionary": 0.0, "combined": 0.0009600074180604643}, "Q85621806": {"object": 0.0035076295342824993, "dictionary": 0.0, "combined": 0.0009600074180604643}, "Q28858037": {"object": 0.0035076295342824993, "dictionary": 0.0, "combined": 0.0009600074180604643}, "Q28858038": {"object": 0.0035076295342824993, "dictionary": 0.0, "combined": 0.0009600074180604643}, "Q28858039": {"object": 0.0035076295342824993, "dictionary": 0.0, "combined": 0.0009600074180604643}, "Q28858044": {"object": 0.0035076295342824993, "dictionary": 0.0, "combined": 0.0009600074180604643}, "Q48782394": {"object": 0.0035076295342824993, "dictionary": 0.0, "combined": 0.0009600074180604643}, "Q60628185": {"object": 0.0035076295342824993, "dictionary": 0.0, "combined": 0.0009600074180604643}, "Q62664770": {"object": 0.0034071472244999236, "dictionary": 0.0, "combined": 0.0009325062917777952}, "Q48782202": {"object": 0.0035076295342824993, "dictionary": 0.0, "combined": 0.0009600074180604643}, "Q66439286": {"object": 0.0035076295342824993, "dictionary": 0.0, "combined": 0.0009600074180604643}, "Q63061396": {"object": 0.0035076295342824993, "dictionary": 0.0, "combined": 0.0009600074180604643}, "Q28858041": {"object": 0.0035076295342824993, "dictionary": 0.0, "combined": 0.0009600074180604643}, "Q686498": {"object": 0.0035076295342824993, "dictionary": 0.0, "combined": 0.0009600074180604643}, "Q48782238": {"object": 0.0035076295342824993, "dictionary": 0.0, "combined": 0.0009600074180604643}, "Q62664735": {"object": 0.0035076295342824993, "dictionary": 0.0, "combined": 0.0009600074180604643}, "Q63061514": {"object": 0.0035076295342824993, "dictionary": 0.0, "combined": 0.0009600074180604643}, "Q60000066": {"object": 0.0035076295342824993, "dictionary": 0.0, "combined": 0.0009600074180604643}, "Q3888665": {"object": 0.009965483388518234, "dictionary": 0.0, "combined": 0.0027274653392074352}, "Q382011": {"object": 0.009965483388518234, "dictionary": 0.0, "combined": 0.0027274653392074352}, "Q51916170": {"object": 0.011808360686681622, "dictionary": 0.0, "combined": 0.0032318446813017743}, "Q7671270": {"object": 0.011808360686681622, "dictionary": 0.0, "combined": 0.0032318446813017743}, "Q51799492": {"object": 0.060787257100722636, "dictionary": 0.0, "combined": 0.016636938755899538}, "Q62522500": {"object": 0.060787257100722636, "dictionary": 0.0, "combined": 0.016636938755899538}, "Q71858982": {"object": 0.03798479842039614, "dictionary": 0.0, "combined": 0.01039610594582672}, "Q71832451": {"object": 0.03798479842039614, "dictionary": 0.0, "combined": 0.01039610594582672}, "Q71828821": {"object": 0.03798479842039614, "dictionary": 0.0, "combined": 0.01039610594582672}, "Q71831258": {"object": 0.03798479842039614, "dictionary": 0.0, "combined": 0.01039610594582672}, "Q71432876": {"object": 0.03798479842039614, "dictionary": 0.0, "combined": 0.01039610594582672}, "Q71275233": {"object": 0.03798479842039614, "dictionary": 0.0, "combined": 0.01039610594582672}, "Q71973058": {"object": 0.03798479842039614, "dictionary": 0.0, "combined": 0.01039610594582672}, "Q71859659": {"object": 0.03798479842039614, "dictionary": 0.0, "combined": 0.01039610594582672}, "Q71856089": {"object": 0.03798479842039614, "dictionary": 0.0, "combined": 0.01039610594582672}, "Q71859354": {"object": 0.03798479842039614, "dictionary": 0.0, "combined": 0.01039610594582672}, "Q71433176": {"object": 0.03798479842039614, "dictionary": 0.0, "combined": 0.01039610594582672}, "Q71859512": {"object": 0.03798479842039614, "dictionary": 0.0, "combined": 0.01039610594582672}, "Q71829168": {"object": 0.03798479842039614, "dictionary": 0.0, "combined": 0.01039610594582672}, "Q71274998": {"object": 0.03798479842039614, "dictionary": 0.0, "combined": 0.01039610594582672}, "Q71859176": {"object": 0.03798479842039614, "dictionary": 0.0, "combined": 0.01039610594582672}, "Q47018292": {"object": 0.060787257100722636,