{"name": "Q47019464", "Q99184084": {"object": 0.01117481109048214, "dictionary": 0.0, "combined": 0.00495620561217794}, "Q3807693": {"object": 0.010377770176579959, "dictionary": 0.0, "combined": 0.004602705349969303}, "Q95994246": {"object": 0.010379315254034165, "dictionary": 0.0, "combined": 0.004603390616278307}, "Q58006953": {"object": 0.010379315254034165, "dictionary": 0.0, "combined": 0.004603390616278307}, "Q723030": {"object": 0.009904190419166115, "dictionary": 0.0, "combined": 0.0043926652309459495}, "Q27979156": {"object": 0.009904190419166115, "dictionary": 0.0, "combined": 0.0043926652309459495}, "Q28206109": {"object": 0.012875566100983877, "dictionary": 0.05106713621806655, "combined": 0.03412857031126644}, "Q1676669": {"object": 0.013676853748251795, "dictionary": 0.03746876024707078, "combined": 0.026916673096864477}, "Q66134564": {"object": 0.05797728252479969, "dictionary": 0.21694768825837135, "combined": 0.1464417968667936}, "Q48625328": {"object": 0.05797728252479969, "dictionary": 0.21694768825837135, "combined": 0.1464417968667936}, "Q28205883": {"object": 0.02449123990071959, "dictionary": 0.05188948558445184, "combined": 0.039737929918584644}, "Q1047541": {"object": 0.0527947859109702, "dictionary": 0.2087315531752967, "combined": 0.1395711284663189}, "Q59714459": {"object": 0.05797728252479969, "dictionary": 0.21694768825837135, "combined": 0.1464417968667936}, "Q60806257": {"object": 0.05432487358790212, "dictionary": 0.0, "combined": 0.024093941380945616}, "Q52834888": {"object": 0.05432487358790212, "dictionary": 0.0, "combined": 0.024093941380945616}, "Q60806040": {"object": 0.05432487358790212, "dictionary": 0.0, "combined": 0.024093941380945616}, "Q60886323": {"object": 0.05432487358790212, "dictionary": 0.0, "combined": 0.024093941380945616}, "Q60886160": {"object": 0.05432487358790212, "dictionary": 0.0, "combined": 0.024093941380945616}, "Q60873199": {"object": 0.05432487358790212, "dictionary": 0.0, "combined": 0.024093941380945616}, "Q28858068": {"object": 0.05432487358790212, "dictionary": 0.0, "combined": 0.024093941380945616}, "Q62664770": {"object": 0.018238599435872287, "dictionary": 0.0, "combined": 0.008089107560782538}, "Q48551303": {"object": 0.04398388980862372, "dictionary": 0.0, "combined": 0.019507551380496008}, "Q61641450": {"object": 0.04398388980862372, "dictionary": 0.0, "combined": 0.019507551380496008}, "Q28600734": {"object": 0.17362961998277823, "dictionary": 0.0, "combined": 0.07700748496159501}, "type": "co-oc"}