{"name": "Q47462053", "Q99184084": {"object": 0.0029783137473133894, "dictionary": 0.0, "combined": 0.0016501983399531768}, "Q28600412": {"object": 0.002930323180040884, "dictionary": 0.0, "combined": 0.0016236081412147336}, "Q42591": {"object": 0.006141364515789647, "dictionary": 0.0, "combined": 0.003402754171935477}, "Q4045294": {"object": 0.0037378992459719033, "dictionary": 0.013241865136492309, "combined": 0.007975989857349621}, "Q1144005": {"object": 0.002626348839372289, "dictionary": 0.0, "combined": 0.0014551846657457155}, "Q1076355": {"object": 0.003672478069297472, "dictionary": 0.01293655651758538, "combined": 0.0078035959991205345}, "Q28858032": {"object": 0.0020606640496350463, "dictionary": 0.0, "combined": 0.001141754926584345}, "Q3807693": {"object": 0.0027658861821558945, "dictionary": 0.0, "combined": 0.0015324983106330934}, "Q95994246": {"object": 0.0027662979766269837, "dictionary": 0.0, "combined": 0.001532726474154551}, "Q58006953": {"object": 0.0027662979766269837, "dictionary": 0.0, "combined": 0.001532726474154551}, "Q723030": {"object": 0.0026396675740260156, "dictionary": 0.0, "combined": 0.001462564195130651}, "Q27979156": {"object": 0.0026396675740260156, "dictionary": 0.0, "combined": 0.001462564195130651}, "Q26549229": {"object": 0.0015976185344904162, "dictionary": 0.0, "combined": 0.0008851946695920418}, "Q47233167": {"object": 0.001828517884299081, "dictionary": 0.0, "combined": 0.001013129385702538}, "Q29650304": {"object": 0.001828517884299081, "dictionary": 0.0, "combined": 0.001013129385702538}, "Q1601331": {"object": 0.001828517884299081, "dictionary": 0.0, "combined": 0.001013129385702538}, "Q81526237": {"object": 0.001828517884299081, "dictionary": 0.0, "combined": 0.001013129385702538}, "Q28009496": {"object": 0.001828517884299081, "dictionary": 0.0, "combined": 0.001013129385702538}, "Q34747804": {"object": 0.001828517884299081, "dictionary": 0.0, "combined": 0.001013129385702538}, "Q28049770": {"object": 0.001828517884299081, "dictionary": 0.0, "combined": 0.001013129385702538}, "Q28755606": {"object": 0.001828517884299081, "dictionary": 0.0, "combined": 0.001013129385702538}, "Q81526528": {"object": 0.001828517884299081, "dictionary": 0.0, "combined": 0.001013129385702538}, "Q81526664": {"object": 0.001828517884299081, "dictionary": 0.0, "combined": 0.001013129385702538}, "Q28758112": {"object": 0.001828517884299081, "dictionary": 0.0, "combined": 0.001013129385702538}, "Q32097899": {"object": 0.001828517884299081, "dictionary": 0.0, "combined": 0.001013129385702538}, "Q66439259": {"object": 0.001828517884299081, "dictionary": 0.0, "combined": 0.001013129385702538}, "Q28207108": {"object": 0.001828517884299081, "dictionary": 0.0, "combined": 0.001013129385702538}, "Q32097740": {"object": 0.001828517884299081, "dictionary": 0.0, "combined": 0.001013129385702538}, "Q6912474": {"object": 0.001828517884299081, "dictionary": 0.0, "combined": 0.001013129385702538}, "Q16996920": {"object": 0.001539761387249098, "dictionary": 0.0, "combined": 0.0008531376814999798}, "Q66811836": {"object": 0.001539761387249098, "dictionary": 0.0, "combined": 0.0008531376814999798}, "Q28600763": {"object": 0.001539761387249098, "dictionary": 0.0, "combined": 0.0008531376814999798}, "Q1662484": {"object": 0.001539761387249098, "dictionary": 0.0, "combined": 0.0008531376814999798}, "Q684554": {"object": 0.001539761387249098, "dictionary": 0.0, "combined": 0.0008531376814999798}, "Q28206109": {"object": 0.001715799721914942, "dictionary": 0.0, "combined": 0.0009506754804963897}, "Q1676669": {"object": 0.0018225794247701908, "dictionary": 0.0, "combined": 0.0010098390553720637}, "Q29650301": {"object": 0.004001979254494079, "dictionary": 0.0, "combined": 0.002217382076770932}, "Q28758103": {"object": 0.004001979254494079, "dictionary": 0.0, "combined": 0.002217382076770932}, "Q29209269": {"object": 0.004001979254494079, "dictionary": 0.0, "combined": 0.002217382076770932}, "Q1343830": {"object": 0.002170437659245969, "dictionary": 0.0, "combined": 0.0012025773394392762}, "Q47512572": {"object": 0.0036071245953242796, "dictionary": 0.0, "combined": 0.0019986044198929253}, "Q283579": {"object": 0.00544421346047951, "dictionary": 0.0, "combined": 0.0030164827405904236}, "Q28758102": {"object": 0.0031434195371691483, "dictionary": 0.0, "combined": 0.0017416787290097035}, "Q194831": {"object": 0.00260207452788099, "dictionary": 0.0, "combined": 0.0014417349650341694}, "Q27473691": {"object": 0.004169960726089899, "dictionary": 0.0, "combined": 0.0023104557987118682}, "Q47455968": {"object": 0.004131467243608443, "dictionary": 0.0, "combined": 0.0022891276626324456}, "Q28206310": {"object": 0.004169960726089899, "dictionary": 0.0, "combined": 0.0023104557987118682}, "Q3928271": {"object": 0.0036635161084105387, "dictionary": 0.0, "combined": 0.0020298493420796274}, "Q1882400": {"object": 0.0024337439942849525, "dictionary": 0.0, "combined": 0.001348467837837048}, "Q27979410": {"object": 0.0024337439942849525, "dictionary": 0.0, "combined": 0.001348467837837048}, "Q28055391": {"object": 0.0024107473271505267, "dictionary": 0.0, "combined": 0.001335726043268253}, "Q1141412": {"object": 0.003883807458717877, "dictionary": 0.0, "combined": 0.002151906469509917}, "Q59961105": {"object": 0.007350101467519209, "dictionary": 0.0, "combined": 0.004072480695201698}, "Q5448342": {"object": 0.0030492200623184725, "dictionary": 0.0, "combined": 0.001689485498137614}, "Q29904540": {"object": 0.0030492200623184725, "dictionary": 0.0, "combined": 0.001689485498137614}, "Q5421818": {"object": 0.0030492200623184725, "dictionary": 0.0, "combined": 0.001689485498137614}, "Q50223812": {"object": 0.0030492200623184725, "dictionary": 0.0, "combined": 0.001689485498137614}, "Q5153426": {"object": 0.0030492200623184725, "dictionary": 0.0, "combined": 0.001689485498137614}, "Q28206359": {"object": 0.0025343139727014704, "dictionary": 0.0, "combined": 0.0014041907822655087}, "Q28206497": {"object": 0.0032373112821874397, "dictionary": 0.0, "combined": 0.0017937014555959325}, "Q26385770": {"object": 0.0032373112821874397, "dictionary": 0.0, "combined": 0.0017937014555959325}, "Q17092932": {"object": 0.0032373112821874397, "dictionary": 0.0, "combined": 0.0017937014555959325}, "Q1952321": {"object": 0.0032373112821874397, "dictionary": 0.0, "combined": 0.0017937014555959325}, "Q26329648": {"object": 0.0032373112821874397, "dictionary": 0.0, "combined": 0.0017937014555959325}, "Q28206262": {"object": 0.0032373112821874397, "dictionary": 0.0, "combined": 0.0017937014555959325}, "Q29904539": {"object": 0.002846881565815263, "dictionary": 0.0, "combined": 0.001577375532779057}, "Q28755628": {"object": 0.002846881565815263, "dictionary": 0.0, "combined": 0.001577375532779057}, "Q58103465": {"object": 0.002846881565815263, "dictionary": 0.0, "combined": 0.001577375532779057}, "Q27526733": {"object": 0.002402925416085696, "dictionary": 0.0, "combined": 0.0013313921463891584}, "Q673906": {"object": 0.003489961363190801, "dictionary": 0.0, "combined": 0.0019336876288581924}, "Q1888930": {"object": 0.0025179520910325833, "dictionary": 0.0, "combined": 0.0013951251322839166}, "Q28786544": {"object": 0.0025179520910325833, "dictionary": 0.0, "combined": 0.0013951251322839166}, "Q8811": {"object": 0.0025179520910325833, "dictionary": 0.0, "combined": 0.0013951251322839166}, "Q2053": {"object": 0.0025179520910325833, "dictionary": 0.0, "combined": 0.0013951251322839166}, "Q29151645": {"object": 0.003489961363190801, "dictionary": 0.0, "combined": 0.0019336876288581924}, "Q17073241": {"object": 0.003489961363190801, "dictionary": 0.0, "combined": 0.0019336876288581924}, "Q288405": {"object": 0.003489961363190801, "dictionary": 0.0, "combined": 0.0019336876288581924}, "Q166074": {"object": 0.0023836330671922, "dictionary": 0.0, "combined": 0.0013207028084553823}, "Q62626012": {"object": 0.0025179520910325833, "dictionary": 0.0, "combined": 0.0013951251322839166},