{"name": "Q47538955", "Q99184084": {"object": 0.001240916783343302, "dictionary": 0.0, "combined": 0.00025007837270123043}, "Q28600412": {"object": 0.0024418429509065593, "dictionary": 0.0, "combined": 0.000492097552189964}, "Q4045294": {"object": 0.001038265788923219, "dictionary": 0.0010280278970238627, "combined": 0.001030091109787561}, "Q1144005": {"object": 0.0021885406509849093, "dictionary": 0.0, "combined": 0.0004410502718113244}, "Q1076355": {"object": 0.0010200939321816653, "dictionary": 0.0, "combined": 0.00020557658175521294}, "Q28858032": {"object": 0.0017171546190061187, "dictionary": 0.0, "combined": 0.00034605320724286694}, "Q3807693": {"object": 0.0011524086699564986, "dictionary": 0.0, "combined": 0.00023224158842711175}, "Q95994246": {"object": 0.0011525802444492545, "dictionary": 0.0, "combined": 0.00023227616533873173}, "Q58006953": {"object": 0.0011525802444492545, "dictionary": 0.0, "combined": 0.00023227616533873173}, "Q723030": {"object": 0.0010998195868419732, "dictionary": 0.0, "combined": 0.00022164346250629248}, "Q27979156": {"object": 0.0010998195868419732, "dictionary": 0.0, "combined": 0.00022164346250629248}, "Q26549229": {"object": 0.0013312980572431814, "dictionary": 0.0, "combined": 0.000268292649599517}, "Q47233167": {"object": 0.0015237068514470102, "dictionary": 0.0, "combined": 0.0003070682377725297}, "Q29650304": {"object": 0.0015237068514470102, "dictionary": 0.0, "combined": 0.0003070682377725297}, "Q1601331": {"object": 0.0015237068514470102, "dictionary": 0.0, "combined": 0.0003070682377725297}, "Q81526237": {"object": 0.0015237068514470102, "dictionary": 0.0, "combined": 0.0003070682377725297}, "Q28009496": {"object": 0.0015237068514470102, "dictionary": 0.0, "combined": 0.0003070682377725297}, "Q34747804": {"object": 0.0015237068514470102, "dictionary": 0.0, "combined": 0.0003070682377725297}, "Q28049770": {"object": 0.0015237068514470102, "dictionary": 0.0, "combined": 0.0003070682377725297}, "Q28755606": {"object": 0.0015237068514470102, "dictionary": 0.0, "combined": 0.0003070682377725297}, "Q81526528": {"object": 0.0015237068514470102, "dictionary": 0.0, "combined": 0.0003070682377725297}, "Q81526664": {"object": 0.0015237068514470102, "dictionary": 0.0, "combined": 0.0003070682377725297}, "Q28758112": {"object": 0.0015237068514470102, "dictionary": 0.0, "combined": 0.0003070682377725297}, "Q32097899": {"object": 0.0015237068514470102, "dictionary": 0.0, "combined": 0.0003070682377725297}, "Q66439259": {"object": 0.0015237068514470102, "dictionary": 0.0, "combined": 0.0003070682377725297}, "Q28207108": {"object": 0.0015237068514470102, "dictionary": 0.0, "combined": 0.0003070682377725297}, "Q32097740": {"object": 0.0015237068514470102, "dictionary": 0.0, "combined": 0.0003070682377725297}, "Q6912474": {"object": 0.0015237068514470102, "dictionary": 0.0, "combined": 0.0003070682377725297}, "Q28206109": {"object": 0.0014297786280580082, "dictionary": 0.0, "combined": 0.0002881391543955174}, "Q1141412": {"object": 0.0016181914558680605, "dictionary": 0.0, "combined": 0.00032610944701081177}, "Q49799747": {"object": 0.0035413584391105544, "dictionary": 0.0, "combined": 0.000713679730576687}, "Q49798508": {"object": 0.0035413584391105544, "dictionary": 0.0, "combined": 0.000713679730576687}, "Q49798739": {"object": 0.0035413584391105544, "dictionary": 0.0, "combined": 0.000713679730576687}, "Q49799499": {"object": 0.0035413584391105544, "dictionary": 0.0, "combined": 0.000713679730576687}, "Q66134804": {"object": 0.001574858587290845, "dictionary": 0.00697918431673307, "combined": 0.005890066172706474}, "Q28757976": {"object": 0.011776436013345324, "dictionary": 0.0, "combined": 0.0023732711121071328}, "Q27596243": {"object": 0.00176251728763495, "dictionary": 0.0, "combined": 0.0003551950147390308}, "Q58335745": {"object": 0.0034681919539292184, "dictionary": 0.0, "combined": 0.0006989347002926094}, "Q34310996": {"object": 0.0034681919539292184, "dictionary": 0.0, "combined": 0.0006989347002926094}, "Q28206952": {"object": 0.0037127514322475106, "dictionary": 0.0, "combined": 0.0007482200651030719}, "Q58335773": {"object": 0.0030741619190685484, "dictionary": 0.0, "combined": 0.0006195269662398219}, "Q3509055": {"object": 0.0030695592697283476, "dictionary": 0.0, "combined": 0.0006185994076214183}, "Q28771319": {"object": 0.002606337437897749, "dictionary": 0.0, "combined": 0.0005252476507116794}, "Q6043826": {"object": 0.002606337437897749, "dictionary": 0.0, "combined": 0.0005252476507116794}, "Q29000498": {"object": 0.002606337437897749, "dictionary": 0.0, "combined": 0.0005252476507116794}, "Q3888665": {"object": 0.005923814126393752, "dictionary": 0.0, "combined": 0.0011938091391767995}, "Q382011": {"object": 0.005923814126393752, "dictionary": 0.0, "combined": 0.0011938091391767995}, "Q48004607": {"object": 0.004048549362503782, "dictionary": 0.0, "combined": 0.0008158924514243209}, "Q48004869": {"object": 0.004048549362503782, "dictionary": 0.0, "combined": 0.0008158924514243209}, "Q48021763": {"object": 0.004048549362503782, "dictionary": 0.0, "combined": 0.0008158924514243209}, "Q48005022": {"object": 0.004048549362503782, "dictionary": 0.0, "combined": 0.0008158924514243209}, "Q48021588": {"object": 0.004048549362503782, "dictionary": 0.0, "combined": 0.0008158924514243209}, "Q28106114": {"object": 0.004370146340349185, "dictionary": 0.0, "combined": 0.0008807029608514969}, "Q28757747": {"object": 0.005591851748767733, "dictionary": 0.0, "combined": 0.0011269097206911527}, "Q25378623": {"object": 0.005206896678936378, "dictionary": 0.0, "combined": 0.001049330838111175}, "Q1023647": {"object": 0.006011138038546353, "dictionary": 0.0, "combined": 0.0012114072747989094}, "Q55394748": {"object": 0.006011138038546353, "dictionary": 0.0, "combined": 0.0012114072747989094}, "Q85513175": {"object": 0.0066569310987912205, "dictionary": 0.008253118042873148, "combined": 0.00793144310152252}, "Q27960107": {"object": 0.021209676687636972, "dictionary": 0.0, "combined": 0.004274324840117899}, "Q61752184": {"object": 0.004962810664186714, "dictionary": 0.0, "combined": 0.0010001408890452372}, "Q47493628": {"object": 0.004962810664186714, "dictionary": 0.0, "combined": 0.0010001408890452372}, "Q47493509": {"object": 0.004962810664186714, "dictionary": 0.0, "combined": 0.0010001408890452372}, "Q47493633": {"object": 0.004962810664186714, "dictionary": 0.0, "combined": 0.0010001408890452372}, "Q47493619": {"object": 0.004962810664186714, "dictionary": 0.0, "combined": 0.0010001408890452372}, "Q47493614": {"object": 0.004962810664186714, "dictionary": 0.0, "combined": 0.0010001408890452372}, "Q59653966": {"object": 0.0051472836522607635, "dictionary": 0.0, "combined": 0.0010373171971459305}, "Q28206381": {"object": 0.0051472836522607635, "dictionary": 0.0, "combined": 0.0010373171971459305}, "Q66439261": {"object": 0.0051472836522607635, "dictionary": 0.0, "combined": 0.0010373171971459305}, "Q86995619": {"object": 0.013448123027640082, "dictionary": 0.07632446069828956, "combined": 0.06365317410022676}, "Q86996249": {"object": 0.013448123027640082, "dictionary": 0.07632446069828956, "combined": 0.06365317410022676}, "Q28771225": {"object": 0.013448123027640082, "dictionary": 0.07632446069828956, "combined": 0.06365317410022676}, "Q27925703": {"object": 0.013448123027640082, "dictionary": 0.07632446069828956, "combined": 0.06365317410022676}, "Q86996065": {"object": 0.013448123027640082, "dictionary": 0.07632446069828956, "combined": 0.06365317410022676}, "Q29651047": {"object": 0.013448123027640082, "dictionary": 0.07632446069828956, "combined": 0.06365317410022676}, "Q28206548": {"object": 0.013448123027640082, "dictionary": 0.07632446069828956, "combined": 0.06365317410022676}, "Q76142694": {"object": 0.007786229084097968, "dictionary": 0.0, "combined": 0.0015691362426287082}, "Q61984337": {"object": 0.025244564676215536, "dictionary": 0.0, "combined": 0.005087464154340806},