{"name": "Q47538631", "Q99184084": {"object": 0.001113835101930959, "dictionary": 0.0, "combined": 0.0009689452701302305}, "Q79241659": {"object": 0.002923416084922613, "dictionary": 0.0, "combined": 0.002543132446802689}, "Q28600412": {"object": 0.002191775007502627, "dictionary": 0.0, "combined": 0.0019066646607093184}, "Q4045294": {"object": 0.0009319374968247048, "dictionary": 0.0, "combined": 0.0008107092585247656}, "Q1144005": {"object": 0.00196441327234063, "dictionary": 0.0, "combined": 0.001708878581322969}, "Q1076355": {"object": 0.0009156266110524364, "dictionary": 0.0, "combined": 0.000796520124430073}, "Q28858032": {"object": 0.0015413016535555757, "dictionary": 0.0, "combined": 0.0013408061430884488}, "Q3807693": {"object": 0.001034391061186904, "dictionary": 0.0, "combined": 0.0008998354643918972}, "Q95994246": {"object": 0.0010345450648196958, "dictionary": 0.0, "combined": 0.0008999694349332436}, "Q58006953": {"object": 0.0010345450648196958, "dictionary": 0.0, "combined": 0.0008999694349332436}, "Q723030": {"object": 0.000987187600376657, "dictionary": 0.0, "combined": 0.0008587723213767639}, "Q27979156": {"object": 0.000987187600376657, "dictionary": 0.0, "combined": 0.0008587723213767639}, "Q26549229": {"object": 0.0011949604737352597, "dictionary": 0.20018968589946642, "combined": 0.027080580567932538}, "Q47233167": {"object": 0.0013676647773445897, "dictionary": 0.0, "combined": 0.0011897562887310557}, "Q29650304": {"object": 0.0013676647773445897, "dictionary": 0.0, "combined": 0.0011897562887310557}, "Q1601331": {"object": 0.0013676647773445897, "dictionary": 0.0, "combined": 0.0011897562887310557}, "Q81526237": {"object": 0.0013676647773445897, "dictionary": 0.0, "combined": 0.0011897562887310557}, "Q28009496": {"object": 0.0013676647773445897, "dictionary": 0.0, "combined": 0.0011897562887310557}, "Q34747804": {"object": 0.0013676647773445897, "dictionary": 0.0, "combined": 0.0011897562887310557}, "Q28049770": {"object": 0.0013676647773445897, "dictionary": 0.0, "combined": 0.0011897562887310557}, "Q28755606": {"object": 0.0013676647773445897, "dictionary": 0.0, "combined": 0.0011897562887310557}, "Q81526528": {"object": 0.0013676647773445897, "dictionary": 0.0, "combined": 0.0011897562887310557}, "Q81526664": {"object": 0.0013676647773445897, "dictionary": 0.0, "combined": 0.0011897562887310557}, "Q28758112": {"object": 0.0013676647773445897, "dictionary": 0.0, "combined": 0.0011897562887310557}, "Q32097899": {"object": 0.0013676647773445897, "dictionary": 0.0, "combined": 0.0011897562887310557}, "Q66439259": {"object": 0.0013676647773445897, "dictionary": 0.0, "combined": 0.0011897562887310557}, "Q28207108": {"object": 0.0013676647773445897, "dictionary": 0.0, "combined": 0.0011897562887310557}, "Q32097740": {"object": 0.0013676647773445897, "dictionary": 0.0, "combined": 0.0011897562887310557}, "Q6912474": {"object": 0.0013676647773445897, "dictionary": 0.0, "combined": 0.0011897562887310557}, "Q16996920": {"object": 0.0011516854349297614, "dictionary": 0.0, "combined": 0.0010018719583522696}, "Q66811836": {"object": 0.0011516854349297614, "dictionary": 0.0, "combined": 0.0010018719583522696}, "Q28600763": {"object": 0.0011516854349297614, "dictionary": 0.0, "combined": 0.0010018719583522696}, "Q1662484": {"object": 0.0011516854349297614, "dictionary": 0.0, "combined": 0.0010018719583522696}, "Q684554": {"object": 0.0011516854349297614, "dictionary": 0.0, "combined": 0.0010018719583522696}, "Q28206109": {"object": 0.0012833556974151425, "dictionary": 0.0, "combined": 0.0011164142975466794}, "Q1676669": {"object": 0.001363223025913505, "dictionary": 0.0, "combined": 0.001185892328946719}, "Q28445577": {"object": 0.002992557692908595, "dictionary": 0.0, "combined": 0.002603279980231177}, "Q1343830": {"object": 0.001623408315260109, "dictionary": 0.0, "combined": 0.001412232210885082}, "Q47512572": {"object": 0.0026979978149950946, "dictionary": 0.0, "combined": 0.002347037022921222}, "Q1141412": {"object": 0.0014524732595964666, "dictionary": 0.0, "combined": 0.0012635327190145156}, "Q28206359": {"object": 0.001895574544257019, "dictionary": 0.0, "combined": 0.0016489945285913194}, "Q66134804": {"object": 0.0014135780889157823, "dictionary": 0.0, "combined": 0.0012296971076240844}, "Q178051": {"object": 0.0027865271918796845, "dictionary": 0.0, "combined": 0.002424050326642024}, "Q27526733": {"object": 0.0017973006894741205, "dictionary": 0.0, "combined": 0.0015635043275693938}, "Q673906": {"object": 0.002610363984795927, "dictionary": 0.0, "combined": 0.002270802771434917}, "Q1888930": {"object": 0.0018833364527175453, "dictionary": 0.0, "combined": 0.0016383483917511027}, "Q28786544": {"object": 0.0018833364527175453, "dictionary": 0.0, "combined": 0.0016383483917511027}, "Q8811": {"object": 0.0018833364527175453, "dictionary": 0.0, "combined": 0.0016383483917511027}, "Q2053": {"object": 0.0018833364527175453, "dictionary": 0.0, "combined": 0.0016383483917511027}, "Q29151645": {"object": 0.002610363984795927, "dictionary": 0.0, "combined": 0.002270802771434917}, "Q17073241": {"object": 0.002610363984795927, "dictionary": 0.0, "combined": 0.002270802771434917}, "Q288405": {"object": 0.002610363984795927, "dictionary": 0.0, "combined": 0.002270802771434917}, "Q166074": {"object": 0.001782870715187054, "dictionary": 0.0, "combined": 0.0015509514323434174}, "Q62626012": {"object": 0.0018833364527175453, "dictionary": 0.0, "combined": 0.0016383483917511027}, "Q26211936": {"object": 0.0019252771022992474, "dictionary": 0.0, "combined": 0.001674833320236413}, "Q26211977": {"object": 0.0019252771022992474, "dictionary": 0.0, "combined": 0.001674833320236413}, "Q26211940": {"object": 0.0019252771022992474, "dictionary": 0.0, "combined": 0.001674833320236413}, "Q26211915": {"object": 0.0019252771022992474, "dictionary": 0.0, "combined": 0.001674833320236413}, "Q10394822": {"object": 0.0019252771022992474, "dictionary": 0.0, "combined": 0.001674833320236413}, "Q26211975": {"object": 0.0019252771022992474, "dictionary": 0.0, "combined": 0.001674833320236413}, "Q26211905": {"object": 0.0019252771022992474, "dictionary": 0.0, "combined": 0.001674833320236413}, "Q5532250": {"object": 0.0019252771022992474, "dictionary": 0.0, "combined": 0.001674833320236413}, "Q26211927": {"object": 0.0019252771022992474, "dictionary": 0.0, "combined": 0.001674833320236413}, "Q26211957": {"object": 0.0019252771022992474, "dictionary": 0.0, "combined": 0.001674833320236413}, "Q26211948": {"object": 0.0019252771022992474, "dictionary": 0.0, "combined": 0.001674833320236413}, "Q26211958": {"object": 0.0019252771022992474, "dictionary": 0.0, "combined": 0.001674833320236413}, "Q26211874": {"object": 0.0019252771022992474, "dictionary": 0.0, "combined": 0.001674833320236413}, "Q26211954": {"object": 0.0019252771022992474, "dictionary": 0.0, "combined": 0.001674833320236413}, "Q26211891": {"object": 0.0019252771022992474, "dictionary": 0.0, "combined": 0.001674833320236413}, "Q26211983": {"object": 0.0019252771022992474, "dictionary": 0.0, "combined": 0.001674833320236413}, "Q26211840": {"object": 0.0019252771022992474, "dictionary": 0.0, "combined": 0.001674833320236413}, "Q26211965": {"object": 0.0019252771022992474, "dictionary": 0.0, "combined": 0.001674833320236413}, "Q26211978": {"object": 0.0019252771022992474, "dictionary": 0.0, "combined": 0.001674833320236413}, "Q26211931": {"object": 0.0019252771022992474, "dictionary": 0.0, "combined": 0.001674833320236413}, "Q34746472": {"object": 0.0019315957728154344, "dictionary": 0.0, "combined": 0.0016803300458285196}, "Q27826464": {"object": 0.00196138836476071, "dictionary": 0.0, "combined": 0.0017062471595918139}, "Q27826469": {"object": 0.00196138836476071, "dictionary": 0.0, "combined": 0.0017062471595918139}, "Q27826466": {"object": 0.00196138836476071, "dictionary": 0.0, "combined": 0.0017062471595918139}, "Q27826468": {"object": 0.00196138836476071, "dictionary": 0.0,