{"name": "Q47529246", "Q99184084": {"object": 0.016524109311382366, "dictionary": 0.07046041109237991, "combined": 0.034102064522019665}, "Q4045294": {"object": 0.013825598638623274, "dictionary": 0.0, "combined": 0.009319806702484466}, "Q28205439": {"object": 0.044251094917357785, "dictionary": 0.0, "combined": 0.029829569176914462}, "Q1076355": {"object": 0.013583621294760446, "dictionary": 0.0, "combined": 0.009156690288495558}, "Q28858032": {"object": 0.02286571590445836, "dictionary": 0.14415301792527668, "combined": 0.06239350502128854}, "Q28206109": {"object": 0.01903900298411285, "dictionary": 0.0, "combined": 0.01283415150822184}, "Q1676669": {"object": 0.02022386101581531, "dictionary": 0.0, "combined": 0.01363286179296165}, "Q27526733": {"object": 0.026663545624309243, "dictionary": 0.0, "combined": 0.0179738395216558}, "Q1888930": {"object": 0.027939914410010064, "dictionary": 0.13663059669243677, "combined": 0.06336243842234826}, "Q28786544": {"object": 0.027939914410010064, "dictionary": 0.13663059669243677, "combined": 0.06336243842234826}, "Q8811": {"object": 0.027939914410010064, "dictionary": 0.13663059669243677, "combined": 0.06336243842234826}, "Q2053": {"object": 0.027939914410010064, "dictionary": 0.13663059669243677, "combined": 0.06336243842234826}, "Q166074": {"object": 0.02644947221966743, "dictionary": 0.10223358752015968, "combined": 0.05114767622035685}, "Q62626012": {"object": 0.027939914410010064, "dictionary": 0.13663059669243677, "combined": 0.06336243842234826}, "Q217570": {"object": 0.039140577157411365, "dictionary": 0.0, "combined": 0.026384580000152324}, "Q61901831": {"object": 0.30886691444102565, "dictionary": 0.0, "combined": 0.20820653156685376}, "Q29650316": {"object": 0.30886691444102565, "dictionary": 0.0, "combined": 0.20820653156685376}, "type": "co-oc"}