{"name": "Q47538961", "Q99184084": {"object": 0.002976914784214991, "dictionary": 0.002488088182578146, "combined": 0.002661804884923768}, "Q4045294": {"object": 0.0024907623286896012, "dictionary": 0.0, "combined": 0.0008851544016176756}, "Q28205439": {"object": 0.007972093151577127, "dictionary": 0.01277475341651462, "combined": 0.011068008528004816}, "Q1076355": {"object": 0.0024471686971772435, "dictionary": 0.0, "combined": 0.0008696623193859826}, "Q3807693": {"object": 0.002764586999789128, "dictionary": 0.003274980882873729, "combined": 0.0030935997101430657}, "Q95994246": {"object": 0.0027649986008335616, "dictionary": 0.0032830489140068778, "combined": 0.0030989468382355504}, "Q58006953": {"object": 0.0027649986008335616, "dictionary": 0.0032830489140068778, "combined": 0.0030989468382355504}, "Q723030": {"object": 0.002638427678621633, "dictionary": 0.003218552762262926, "combined": 0.0030123908714396967}, "Q27979156": {"object": 0.002638427678621633, "dictionary": 0.0032198704118535488, "combined": 0.0030132402614450934}, "Q16996920": {"object": 0.0030780762718501495, "dictionary": 0.0, "combined": 0.00109387103263943}, "Q66811836": {"object": 0.0030780762718501495, "dictionary": 0.0, "combined": 0.00109387103263943}, "Q28600763": {"object": 0.0030780762718501495, "dictionary": 0.0, "combined": 0.00109387103263943}, "Q1662484": {"object": 0.0030780762718501495, "dictionary": 0.0, "combined": 0.00109387103263943}, "Q684554": {"object": 0.0030780762718501495, "dictionary": 0.0, "combined": 0.00109387103263943}, "Q28206109": {"object": 0.003429987564962275, "dictionary": 0.005448065203401412, "combined": 0.004730891074061502}, "Q1676669": {"object": 0.003643446658296962, "dictionary": 0.003997331043686731, "combined": 0.0038715694173029227}, "Q28206359": {"object": 0.00506624712724316, "dictionary": 0.006524567145904288, "combined": 0.006006316822050951}, "Q28206497": {"object": 0.006471581327348798, "dictionary": 0.00690923185390991, "combined": 0.006753701843882949}, "Q26385770": {"object": 0.006471581327348798, "dictionary": 0.00690923185390991, "combined": 0.006753701843882949}, "Q17092932": {"object": 0.006471581327348798, "dictionary": 0.00690923185390991, "combined": 0.006753701843882949}, "Q1952321": {"object": 0.006471581327348798, "dictionary": 0.00690923185390991, "combined": 0.006753701843882949}, "Q26329648": {"object": 0.006471581327348798, "dictionary": 0.00690923185390991, "combined": 0.006753701843882949}, "Q28206262": {"object": 0.006471581327348798, "dictionary": 0.00690923185390991, "combined": 0.006753701843882949}, "Q178051": {"object": 0.0074474704377182534, "dictionary": 0.0, "combined": 0.002646644026582813}, "Q27596243": {"object": 0.004228215655894979, "dictionary": 0.006746221325511565, "combined": 0.005851385324466059}, "Q26211936": {"object": 0.005145632292975164, "dictionary": 0.003524395249979386, "combined": 0.004100542194287925}, "Q26211977": {"object": 0.005145632292975164, "dictionary": 0.003524395249979386, "combined": 0.004100542194287925}, "Q26211940": {"object": 0.005145632292975164, "dictionary": 0.003524395249979386, "combined": 0.004100542194287925}, "Q26211915": {"object": 0.005145632292975164, "dictionary": 0.003524395249979386, "combined": 0.004100542194287925}, "Q10394822": {"object": 0.005145632292975164, "dictionary": 0.003524395249979386, "combined": 0.004100542194287925}, "Q26211975": {"object": 0.005145632292975164, "dictionary": 0.003524395249979386, "combined": 0.004100542194287925}, "Q26211905": {"object": 0.005145632292975164, "dictionary": 0.003524395249979386, "combined": 0.004100542194287925}, "Q5532250": {"object": 0.005145632292975164, "dictionary": 0.003524395249979386, "combined": 0.004100542194287925}, "Q26211927": {"object": 0.005145632292975164, "dictionary": 0.003524395249979386, "combined": 0.004100542194287925}, "Q26211957": {"object": 0.005145632292975164, "dictionary": 0.003524395249979386, "combined": 0.004100542194287925}, "Q26211948": {"object": 0.005145632292975164, "dictionary": 0.003524395249979386, "combined": 0.004100542194287925}, "Q26211958": {"object": 0.005145632292975164, "dictionary": 0.003524395249979386, "combined": 0.004100542194287925}, "Q26211874": {"object": 0.005145632292975164, "dictionary": 0.003524395249979386, "combined": 0.004100542194287925}, "Q26211954": {"object": 0.005145632292975164, "dictionary": 0.003524395249979386, "combined": 0.004100542194287925}, "Q26211891": {"object": 0.005145632292975164, "dictionary": 0.003524395249979386, "combined": 0.004100542194287925}, "Q26211983": {"object": 0.005145632292975164, "dictionary": 0.003524395249979386, "combined": 0.004100542194287925}, "Q26211840": {"object": 0.005145632292975164, "dictionary": 0.003524395249979386, "combined": 0.004100542194287925}, "Q26211965": {"object": 0.005145632292975164, "dictionary": 0.003524395249979386, "combined": 0.004100542194287925}, "Q26211978": {"object": 0.005145632292975164, "dictionary": 0.003524395249979386, "combined": 0.004100542194287925}, "Q26211931": {"object": 0.005145632292975164, "dictionary": 0.003524395249979386, "combined": 0.004100542194287925}, "Q935809": {"object": 0.015154301904674063, "dictionary": 0.03576483500423341, "combined": 0.028440368963204204}, "Q48004607": {"object": 0.009712324479479156, "dictionary": 0.015791681071916756, "combined": 0.013631230359772473}, "Q48004869": {"object": 0.009712324479479156, "dictionary": 0.015791681071916756, "combined": 0.013631230359772473}, "Q48021763": {"object": 0.009712324479479156, "dictionary": 0.015791681071916756, "combined": 0.013631230359772473}, "Q48005022": {"object": 0.009712324479479156, "dictionary": 0.015791681071916756, "combined": 0.013631230359772473}, "Q48021588": {"object": 0.009712324479479156, "dictionary": 0.015791681071916756, "combined": 0.013631230359772473}, "Q751800": {"object": 0.00857634047017964, "dictionary": 0.0, "combined": 0.003047816096104669}, "Q10397009": {"object": 0.025138766468379235, "dictionary": 0.0, "combined": 0.008933686500081042}, "Q47539012": {"object": 0.03409638502564196, "dictionary": 0.09232154654477187, "combined": 0.071629785869769}, "Q47539298": {"object": 0.04154436864368701, "dictionary": 0.016891806695651112, "combined": 0.025652708315251505}, "Q47922320": {"object": 0.036678666028388845, "dictionary": 0.07116055019123457, "combined": 0.05890655421929796}, "Q27863117": {"object": 0.025281786205848096, "dictionary": 0.019082708746289492, "combined": 0.02128570524904453}, "Q27863143": {"object": 0.025281786205848096, "dictionary": 0.019082708746289492, "combined": 0.02128570524904453}, "Q27863119": {"object": 0.025281786205848096, "dictionary": 0.019082708746289492, "combined": 0.02128570524904453}, "Q27863142": {"object": 0.025281786205848096, "dictionary": 0.019082708746289492, "combined": 0.02128570524904453}, "Q27863110": {"object": 0.025281786205848096, "dictionary": 0.019082708746289492, "combined": 0.02128570524904453}, "Q27863134": {"object": 0.025281786205848096, "dictionary": 0.019082708746289492, "combined": 0.02128570524904453}, "Q27863111": {"object": 0.025281786205848096, "dictionary": 0.019082708746289492, "combined": 0.02128570524904453}, "Q27863127": {"object": 0.025281786205848096, "dictionary": 0.019082708746289492, "combined": 0.02128570524904453}, "Q27863113": {"object": 0.025281786205848096, "dictionary": 0.019082708746289492, "combined": 0.02128570524904453}, "Q27863131": {"object": 0.025281786205848096, "dictionary": 0.019082708746289492, "combined": 0.02128570524904453}, "Q27863132": {"object": 0.025281786205848096, "dictionary": 0.019082708746289492, "combined": 0.02128570524904453}, "Q27863123": {"object": 0.025281786205848096, "dictionary": 0.019082708746289492, "combined": 0.02128570524904453}, "Q27863107": {"object": 0.025281786205848096, "dictionary": 0.019082708746289492, "combined": 0.02128570524904453}, "Q27863116": {"object": 0.025281786205848096, "dictionary": 0.019082708746289492,