{"name": "Q47539217", "Q99184084": {"object": 0.018010856075688114, "dictionary": 0.0, "combined": 0.018010856075688114}, "Q4045294": {"object": 0.01506954853348411, "dictionary": 0.0, "combined": 0.015069548533484111}, "Q1144005": {"object": 0.031764813893871764, "dictionary": 0.0, "combined": 0.031764813893871764}, "Q1076355": {"object": 0.014805799424121309, "dictionary": 0.0, "combined": 0.014805799424121309}, "Q47233167": {"object": 0.02211531439603373, "dictionary": 0.0, "combined": 0.02211531439603373}, "Q29650304": {"object": 0.02211531439603373, "dictionary": 0.0, "combined": 0.02211531439603373}, "Q1601331": {"object": 0.02211531439603373, "dictionary": 0.0, "combined": 0.02211531439603373}, "Q81526237": {"object": 0.02211531439603373, "dictionary": 0.0, "combined": 0.02211531439603373}, "Q28009496": {"object": 0.02211531439603373, "dictionary": 0.0, "combined": 0.02211531439603373}, "Q34747804": {"object": 0.02211531439603373, "dictionary": 0.0, "combined": 0.02211531439603373}, "Q28049770": {"object": 0.02211531439603373, "dictionary": 0.0, "combined": 0.02211531439603373}, "Q28755606": {"object": 0.02211531439603373, "dictionary": 0.0, "combined": 0.02211531439603373}, "Q81526528": {"object": 0.02211531439603373, "dictionary": 0.0, "combined": 0.02211531439603373}, "Q81526664": {"object": 0.02211531439603373, "dictionary": 0.0, "combined": 0.02211531439603373}, "Q28758112": {"object": 0.02211531439603373, "dictionary": 0.0, "combined": 0.02211531439603373}, "Q32097899": {"object": 0.02211531439603373, "dictionary": 0.0, "combined": 0.02211531439603373}, "Q66439259": {"object": 0.02211531439603373, "dictionary": 0.0, "combined": 0.02211531439603373}, "Q28207108": {"object": 0.02211531439603373, "dictionary": 0.0, "combined": 0.02211531439603373}, "Q32097740": {"object": 0.02211531439603373, "dictionary": 0.0, "combined": 0.02211531439603373}, "Q6912474": {"object": 0.02211531439603373, "dictionary": 0.0, "combined": 0.02211531439603373}, "Q16996920": {"object": 0.018622900801946483, "dictionary": 0.0, "combined": 0.018622900801946483}, "Q66811836": {"object": 0.018622900801946483, "dictionary": 0.0, "combined": 0.018622900801946483}, "Q28600763": {"object": 0.018622900801946483, "dictionary": 0.0, "combined": 0.018622900801946483}, "Q1662484": {"object": 0.018622900801946483, "dictionary": 0.0, "combined": 0.018622900801946483}, "Q684554": {"object": 0.018622900801946483, "dictionary": 0.0, "combined": 0.018622900801946483}, "Q28206109": {"object": 0.020752025789084184, "dictionary": 0.0, "combined": 0.020752025789084184}, "Q1676669": {"object": 0.02204349070722148, "dictionary": 0.0, "combined": 0.02204349070722148}, "Q28205580": {"object": 0.02298104517175475, "dictionary": 0.0, "combined": 0.02298104517175475}, "Q28206771": {"object": 0.022454837710700004, "dictionary": 0.0, "combined": 0.022454837710700004}, "Q28205626": {"object": 0.02298104517175475, "dictionary": 0.0, "combined": 0.02298104517175475}, "Q729366": {"object": 0.02298104517175475, "dictionary": 0.0, "combined": 0.02298104517175475}, "Q1888930": {"object": 0.030453791349534305, "dictionary": 0.0, "combined": 0.030453791349534305}, "Q28786544": {"object": 0.030453791349534305, "dictionary": 0.0, "combined": 0.030453791349534305}, "Q8811": {"object": 0.030453791349534305, "dictionary": 0.0, "combined": 0.030453791349534305}, "Q2053": {"object": 0.030453791349534305, "dictionary": 0.0, "combined": 0.030453791349534305}, "Q166074": {"object": 0.028829247522478927, "dictionary": 0.0, "combined": 0.028829247522478927}, "Q62626012": {"object": 0.030453791349534305, "dictionary": 0.0, "combined": 0.030453791349534305}, "Q34746472": {"object": 0.031234150728662154, "dictionary": 0.0, "combined": 0.031234150728662154}, "Q27826464": {"object": 0.03171590075137003, "dictionary": 0.0, "combined": 0.03171590075137003}, "Q27826469": {"object": 0.03171590075137003, "dictionary": 0.0, "combined": 0.03171590075137003}, "Q27826466": {"object": 0.03171590075137003, "dictionary": 0.0, "combined": 0.03171590075137003}, "Q27826468": {"object": 0.03171590075137003, "dictionary": 0.0, "combined": 0.03171590075137003}, "type": "co-oc"}