{"name": "Q47916123", "Q99184084": {"object": 0.004282221703545999, "dictionary": 0.0, "combined": 0.0042822217035459985}, "Q4045294": {"object": 0.0035829028626702853, "dictionary": 0.0, "combined": 0.003582902862670285}, "Q1076355": {"object": 0.003520194451939666, "dictionary": 0.0, "combined": 0.003520194451939666}, "Q3807693": {"object": 0.003976793193615028, "dictionary": 0.0, "combined": 0.003976793193615028}, "Q95994246": {"object": 0.0039773852720094175, "dictionary": 0.0, "combined": 0.0039773852720094175}, "Q58006953": {"object": 0.0039773852720094175, "dictionary": 0.0, "combined": 0.0039773852720094175}, "Q723030": {"object": 0.0037953159857108255, "dictionary": 0.0, "combined": 0.0037953159857108255}, "Q27979156": {"object": 0.0037953159857108255, "dictionary": 0.0, "combined": 0.0037953159857108255}, "Q26549229": {"object": 0.004594114215504334, "dictionary": 0.0, "combined": 0.004594114215504334}, "Q47233167": {"object": 0.005258088726569359, "dictionary": 0.0, "combined": 0.005258088726569358}, "Q29650304": {"object": 0.005258088726569359, "dictionary": 0.0, "combined": 0.005258088726569358}, "Q1601331": {"object": 0.005258088726569359, "dictionary": 0.0, "combined": 0.005258088726569358}, "Q81526237": {"object": 0.005258088726569359, "dictionary": 0.0, "combined": 0.005258088726569358}, "Q28009496": {"object": 0.005258088726569359, "dictionary": 0.0, "combined": 0.005258088726569358}, "Q34747804": {"object": 0.005258088726569359, "dictionary": 0.0, "combined": 0.005258088726569358}, "Q28049770": {"object": 0.005258088726569359, "dictionary": 0.0, "combined": 0.005258088726569358}, "Q28755606": {"object": 0.005258088726569359, "dictionary": 0.0, "combined": 0.005258088726569358}, "Q81526528": {"object": 0.005258088726569359, "dictionary": 0.0, "combined": 0.005258088726569358}, "Q81526664": {"object": 0.005258088726569359, "dictionary": 0.0, "combined": 0.005258088726569358}, "Q28758112": {"object": 0.005258088726569359, "dictionary": 0.0, "combined": 0.005258088726569358}, "Q32097899": {"object": 0.005258088726569359, "dictionary": 0.0, "combined": 0.005258088726569358}, "Q66439259": {"object": 0.005258088726569359, "dictionary": 0.0, "combined": 0.005258088726569358}, "Q28207108": {"object": 0.005258088726569359, "dictionary": 0.0, "combined": 0.005258088726569358}, "Q32097740": {"object": 0.005258088726569359, "dictionary": 0.0, "combined": 0.005258088726569358}, "Q6912474": {"object": 0.005258088726569359, "dictionary": 0.0, "combined": 0.005258088726569358}, "Q16996920": {"object": 0.004427740117513133, "dictionary": 0.0, "combined": 0.004427740117513133}, "Q66811836": {"object": 0.004427740117513133, "dictionary": 0.0, "combined": 0.004427740117513133}, "Q28600763": {"object": 0.004427740117513133, "dictionary": 0.0, "combined": 0.004427740117513133}, "Q1662484": {"object": 0.004427740117513133, "dictionary": 0.0, "combined": 0.004427740117513133}, "Q684554": {"object": 0.004427740117513133, "dictionary": 0.0, "combined": 0.004427740117513133}, "Q28206109": {"object": 0.00493395621247101, "dictionary": 0.0, "combined": 0.00493395621247101}, "Q1676669": {"object": 0.005241012083584259, "dictionary": 0.0, "combined": 0.005241012083584259}, "Q1343830": {"object": 0.0062413137360029, "dictionary": 0.0, "combined": 0.0062413137360029}, "Q47512572": {"object": 0.010372652809614736, "dictionary": 0.0, "combined": 0.010372652809614736}, "Q28758102": {"object": 0.00903922186006003, "dictionary": 0.0, "combined": 0.00903922186006003}, "Q194831": {"object": 0.00748252935244818, "dictionary": 0.0, "combined": 0.007482529352448179}, "Q1882400": {"object": 0.006998477821621611, "dictionary": 0.0, "combined": 0.0069984778216216105}, "Q27979410": {"object": 0.006998477821621611, "dictionary": 0.0, "combined": 0.0069984778216216105}, "Q28055391": {"object": 0.006932348571671976, "dictionary": 0.0, "combined": 0.006932348571671975}, "Q1141412": {"object": 0.005584141229955353, "dictionary": 0.0, "combined": 0.0055841412299553524}, "Q28205580": {"object": 0.005463922980179574, "dictionary": 0.0, "combined": 0.005463922980179573}, "Q28206771": {"object": 0.005338813046435884, "dictionary": 0.0, "combined": 0.005338813046435884}, "Q28205626": {"object": 0.005463922980179574, "dictionary": 0.0, "combined": 0.005463922980179573}, "Q729366": {"object": 0.005463922980179574, "dictionary": 0.0, "combined": 0.005463922980179573}, "Q29904539": {"object": 0.008186496832011808, "dictionary": 0.0, "combined": 0.008186496832011806}, "Q28755628": {"object": 0.008186496832011808, "dictionary": 0.0, "combined": 0.008186496832011806}, "Q58103465": {"object": 0.008186496832011808, "dictionary": 0.0, "combined": 0.008186496832011806}, "Q66134804": {"object": 0.00543460585998613, "dictionary": 0.0, "combined": 0.0054346058599861295}, "Q27526733": {"object": 0.006909855872670576, "dictionary": 0.0, "combined": 0.006909855872670575}, "Q27596243": {"object": 0.006082188494260524, "dictionary": 0.0, "combined": 0.006082188494260524}, "Q48106551": {"object": 0.010114343973021881, "dictionary": 0.0, "combined": 0.010114343973021881}, "Q28205883": {"object": 0.009385117851248459, "dictionary": 0.0, "combined": 0.009385117851248459}, "Q27967388": {"object": 0.007998658579952777, "dictionary": 0.0, "combined": 0.007998658579952777}, "Q28771319": {"object": 0.008994087994571453, "dictionary": 0.0, "combined": 0.00899408799457145}, "Q6043826": {"object": 0.008994087994571453, "dictionary": 0.0, "combined": 0.00899408799457145}, "Q29000498": {"object": 0.008994087994571453, "dictionary": 0.0, "combined": 0.00899408799457145}, "Q27967091": {"object": 0.018847870430670717, "dictionary": 0.0, "combined": 0.018847870430670714}, "Q19599377": {"object": 0.012814635375186954, "dictionary": 0.0, "combined": 0.012814635375186954}, "Q28344713": {"object": 0.012814635375186954, "dictionary": 0.0, "combined": 0.012814635375186954}, "Q28347555": {"object": 0.012310439900954786, "dictionary": 0.0, "combined": 0.012310439900954786}, "Q28755621": {"object": 0.012310439900954786, "dictionary": 0.0, "combined": 0.012310439900954786}, "Q28206138": {"object": 0.012039443317794442, "dictionary": 0.0, "combined": 0.01203944331779444}, "Q28206147": {"object": 0.012039443317794442, "dictionary": 0.0, "combined": 0.01203944331779444}, "Q1134089": {"object": 0.02831720954565334, "dictionary": 0.0, "combined": 0.02831720954565334}, "Q29905206": {"object": 0.13692872377087398, "dictionary": 0.0, "combined": 0.13692872377087395}, "Q29905236": {"object": 0.13692872377087398, "dictionary": 0.0, "combined": 0.13692872377087395}, "Q29905223": {"object": 0.13692872377087398, "dictionary": 0.0, "combined": 0.13692872377087395}, "Q29905245": {"object": 0.13692872377087398, "dictionary": 0.0, "combined": 0.13692872377087395}, "type": "co-oc"}