{"name": "Q48551601", "Q27866062": {"object": 0.00922528220647892, "dictionary": 0.0, "combined": 0.003942338936371286}, "Q28207379": {"object": 0.009079647208377416, "dictionary": 0.0, "combined": 0.003880103168330423}, "Q27231634": {"object": 0.00922528220647892, "dictionary": 0.0, "combined": 0.003942338936371286}, "Q27866063": {"object": 0.00922528220647892, "dictionary": 0.0, "combined": 0.003942338936371286}, "Q28205771": {"object": 0.00912284056607967, "dictionary": 0.0, "combined": 0.0038985614498280472}, "Q7670377": {"object": 0.00912284056607967, "dictionary": 0.0, "combined": 0.0038985614498280472}, "Q27866059": {"object": 0.00922528220647892, "dictionary": 0.0, "combined": 0.003942338936371286}, "Q28207384": {"object": 0.00912284056607967, "dictionary": 0.0, "combined": 0.0038985614498280472}, "Q28205372": {"object": 0.00922528220647892, "dictionary": 0.0, "combined": 0.003942338936371286}, "Q27231651": {"object": 0.00922528220647892, "dictionary": 0.0, "combined": 0.003942338936371286}, "Q27231654": {"object": 0.00922528220647892, "dictionary": 0.0, "combined": 0.003942338936371286}, "Q1502796": {"object": 0.00922528220647892, "dictionary": 0.0, "combined": 0.003942338936371286}, "Q99184084": {"object": 0.00308853217509885, "dictionary": 0.0, "combined": 0.001319855629085954}, "Q4045294": {"object": 0.0025841517645962962, "dictionary": 0.0, "combined": 0.00110431333058904}, "Q1144005": {"object": 0.0054470842104878524, "dictionary": 0.0, "combined": 0.002327761004169404}, "Q28018471": {"object": 0.009826907208791286, "dictionary": 0.0, "combined": 0.004199437810814908}, "Q336284": {"object": 0.008580126779386448, "dictionary": 0.0, "combined": 0.003666637737935139}, "Q28018470": {"object": 0.010058787894315618, "dictionary": 0.0, "combined": 0.00429852987484879}, "Q1076355": {"object": 0.0025389236195821198, "dictionary": 0.0, "combined": 0.00108498550157325}, "Q28858032": {"object": 0.0042738460480252725, "dictionary": 0.01863869915152895, "combined": 0.012500012178308293}, "Q3807693": {"object": 0.002868243305110367, "dictionary": 0.01199168005553549, "combined": 0.008092863831847335}, "Q95994246": {"object": 0.00286867033885543, "dictionary": 0.012021221983102997, "combined": 0.008109963779107297}, "Q58006953": {"object": 0.00286867033885543, "dictionary": 0.012021221983102997, "combined": 0.008109963779107297}, "Q723030": {"object": 0.002737353726181024, "dictionary": 0.011785062675862072, "combined": 0.007918608026677236}, "Q27979156": {"object": 0.002737353726181024, "dictionary": 0.011789887385648526, "combined": 0.007921370941407224}, "Q47233167": {"object": 0.003792371655602571, "dictionary": 0.0, "combined": 0.0016206349144065088}, "Q29650304": {"object": 0.003792371655602571, "dictionary": 0.0, "combined": 0.0016206349144065088}, "Q1601331": {"object": 0.003792371655602571, "dictionary": 0.0, "combined": 0.0016206349144065088}, "Q81526237": {"object": 0.003792371655602571, "dictionary": 0.0, "combined": 0.0016206349144065088}, "Q28009496": {"object": 0.003792371655602571, "dictionary": 0.0, "combined": 0.0016206349144065088}, "Q34747804": {"object": 0.003792371655602571, "dictionary": 0.0, "combined": 0.0016206349144065088}, "Q28049770": {"object": 0.003792371655602571, "dictionary": 0.0, "combined": 0.0016206349144065088}, "Q28755606": {"object": 0.003792371655602571, "dictionary": 0.0, "combined": 0.0016206349144065088}, "Q81526528": {"object": 0.003792371655602571, "dictionary": 0.0, "combined": 0.0016206349144065088}, "Q81526664": {"object": 0.003792371655602571, "dictionary": 0.0, "combined": 0.0016206349144065088}, "Q28758112": {"object": 0.003792371655602571, "dictionary": 0.0, "combined": 0.0016206349144065088}, "Q32097899": {"object": 0.003792371655602571, "dictionary": 0.0, "combined": 0.0016206349144065088}, "Q66439259": {"object": 0.003792371655602571, "dictionary": 0.0, "combined": 0.0016206349144065088}, "Q28207108": {"object": 0.003792371655602571, "dictionary": 0.0, "combined": 0.0016206349144065088}, "Q32097740": {"object": 0.003792371655602571, "dictionary": 0.0, "combined": 0.0016206349144065088}, "Q6912474": {"object": 0.003792371655602571, "dictionary": 0.0, "combined": 0.0016206349144065088}, "Q16996920": {"object": 0.0031934866437651217, "dictionary": 0.0, "combined": 0.0013647069495234597}, "Q66811836": {"object": 0.0031934866437651217, "dictionary": 0.0, "combined": 0.0013647069495234597}, "Q28600763": {"object": 0.0031934866437651217, "dictionary": 0.0, "combined": 0.0013647069495234597}, "Q1662484": {"object": 0.0031934866437651217, "dictionary": 0.0, "combined": 0.0013647069495234597}, "Q684554": {"object": 0.0031934866437651217, "dictionary": 0.0, "combined": 0.0013647069495234597}, "Q28206109": {"object": 0.0035585926109633235, "dictionary": 0.0, "combined": 0.0015207316041812974}, "Q1676669": {"object": 0.0037800552075171107, "dictionary": 0.0, "combined": 0.001615371594352082}, "Q1141412": {"object": 0.0040275354834457865, "dictionary": 0.0, "combined": 0.0017211299989125764}, "Q29904539": {"object": 0.005904472168284986, "dictionary": 0.0, "combined": 0.002523221513093956}, "Q28755628": {"object": 0.005904472168284986, "dictionary": 0.0, "combined": 0.002523221513093956}, "Q58103465": {"object": 0.005904472168284986, "dictionary": 0.0, "combined": 0.002523221513093956}, "Q27526733": {"object": 0.004983700907023711, "dictionary": 0.0, "combined": 0.0021297384397834535}, "Q60615282": {"object": 0.011726633916394509, "dictionary": 0.0, "combined": 0.005011268430217404}, "Q27526866": {"object": 0.011726633916394509, "dictionary": 0.0, "combined": 0.005011268430217404}, "Q27596243": {"object": 0.0043867497201240755, "dictionary": 0.0, "combined": 0.0018746368770827804}, "Q48106551": {"object": 0.007294922811872966, "dictionary": 0.0, "combined": 0.003117417721798516}, "Q26211936": {"object": 0.005338564268735791, "dictionary": 0.0, "combined": 0.002281386011820505}, "Q26211977": {"object": 0.005338564268735791, "dictionary": 0.0, "combined": 0.002281386011820505}, "Q26211940": {"object": 0.005338564268735791, "dictionary": 0.0, "combined": 0.002281386011820505}, "Q26211915": {"object": 0.005338564268735791, "dictionary": 0.0, "combined": 0.002281386011820505}, "Q10394822": {"object": 0.005338564268735791, "dictionary": 0.0, "combined": 0.002281386011820505}, "Q26211975": {"object": 0.005338564268735791, "dictionary": 0.0, "combined": 0.002281386011820505}, "Q26211905": {"object": 0.005338564268735791, "dictionary": 0.0, "combined": 0.002281386011820505}, "Q5532250": {"object": 0.005338564268735791, "dictionary": 0.0, "combined": 0.002281386011820505}, "Q26211927": {"object": 0.005338564268735791, "dictionary": 0.0, "combined": 0.002281386011820505}, "Q26211957": {"object": 0.005338564268735791, "dictionary": 0.0, "combined": 0.002281386011820505}, "Q26211948": {"object": 0.005338564268735791, "dictionary": 0.0, "combined": 0.002281386011820505}, "Q26211958": {"object": 0.005338564268735791, "dictionary": 0.0, "combined": 0.002281386011820505}, "Q26211874": {"object": 0.005338564268735791, "dictionary": 0.0, "combined": 0.002281386011820505}, "Q26211954": {"object": 0.005338564268735791, "dictionary": 0.0, "combined": 0.002281386011820505}, "Q26211891": {"object": 0.005338564268735791, "dictionary": 0.0, "combined": 0.002281386011820505}, "Q26211983": {"object": 0.005338564268735791, "dictionary": 0.0, "combined": 0.002281386011820505}, "Q26211840": {"object": 0.005338564268735791, "dictionary": 0.0, "combined": 0.002281386011820505}, "Q26211965": {"object": 0.005338564268735791, "dictionary": 0.0, "combined": 0.002281386011820505}, "Q26211978": {"object": 0.005338564268735791, "dictionary": 0.0, "combined": 0.002281386011820505}, "Q26211931": {"object": 0.005338564268735791, "dictionary": 0.0, "combined": 0.002281386011820505}, "Q218170": {"object": 0.009398119140499282, "dictionary": 0.0, "combined": 0.00401619919987119}, "Q27925705": {"object": 0.011950494956333255, "dictionary": 0.0,