{"name": "Q48803704", "Q27866062": {"object": 0.009233240786930084, "dictionary": 0.0, "combined": 0.003954591578232777}, "Q28207379": {"object": 0.009087480150628798, "dictionary": 0.0, "combined": 0.003892162383754186}, "Q27231634": {"object": 0.009233240786930084, "dictionary": 0.0, "combined": 0.003954591578232777}, "Q27866063": {"object": 0.009233240786930084, "dictionary": 0.0, "combined": 0.003954591578232777}, "Q28205771": {"object": 0.009130710770910617, "dictionary": 0.0, "combined": 0.003910678032899854}, "Q7670377": {"object": 0.009130710770910617, "dictionary": 0.0, "combined": 0.003910678032899854}, "Q27866059": {"object": 0.009233240786930084, "dictionary": 0.0, "combined": 0.003954591578232777}, "Q28207384": {"object": 0.009130710770910617, "dictionary": 0.0, "combined": 0.003910678032899854}, "Q28205372": {"object": 0.009233240786930084, "dictionary": 0.0, "combined": 0.003954591578232777}, "Q27231651": {"object": 0.009233240786930084, "dictionary": 0.0, "combined": 0.003954591578232777}, "Q27231654": {"object": 0.009233240786930084, "dictionary": 0.0, "combined": 0.003954591578232777}, "Q1502796": {"object": 0.009233240786930084, "dictionary": 0.0, "combined": 0.003954591578232777}, "Q4045294": {"object": 0.002586381092573072, "dictionary": 0.0, "combined": 0.0011077454950885826}, "Q28205439": {"object": 0.008278136680474854, "dictionary": 0.0, "combined": 0.0035455210532801614}, "Q1144005": {"object": 0.00545178336840445, "dictionary": 0.0, "combined": 0.00233499559824758}, "Q1076355": {"object": 0.002541113929583868, "dictionary": 0.0, "combined": 0.001088357595903608}, "Q28858032": {"object": 0.004277533062346114, "dictionary": 0.0, "combined": 0.0018320648853770976}, "Q3807693": {"object": 0.0028707177166878467, "dictionary": 0.0, "combined": 0.0012295267033398715}, "Q95994246": {"object": 0.0028711451188316575, "dictionary": 0.0, "combined": 0.0012297097594257506}, "Q58006953": {"object": 0.0028711451188316575, "dictionary": 0.0, "combined": 0.0012297097594257506}, "Q723030": {"object": 0.0027397152203191433, "dictionary": 0.0, "combined": 0.0011734184114819927}, "Q27979156": {"object": 0.0027397152203191433, "dictionary": 0.0, "combined": 0.0011734184114819927}, "Q26549229": {"object": 0.0033163416926257393, "dictionary": 0.0, "combined": 0.0014203871891616132}, "Q47233167": {"object": 0.0037956433056449542, "dictionary": 0.0, "combined": 0.0016256717870638173}, "Q29650304": {"object": 0.0037956433056449542, "dictionary": 0.0, "combined": 0.0016256717870638173}, "Q1601331": {"object": 0.0037956433056449542, "dictionary": 0.0, "combined": 0.0016256717870638173}, "Q81526237": {"object": 0.0037956433056449542, "dictionary": 0.0, "combined": 0.0016256717870638173}, "Q28009496": {"object": 0.0037956433056449542, "dictionary": 0.0, "combined": 0.0016256717870638173}, "Q34747804": {"object": 0.0037956433056449542, "dictionary": 0.0, "combined": 0.0016256717870638173}, "Q28049770": {"object": 0.0037956433056449542, "dictionary": 0.0, "combined": 0.0016256717870638173}, "Q28755606": {"object": 0.0037956433056449542, "dictionary": 0.0, "combined": 0.0016256717870638173}, "Q81526528": {"object": 0.0037956433056449542, "dictionary": 0.0, "combined": 0.0016256717870638173}, "Q81526664": {"object": 0.0037956433056449542, "dictionary": 0.0, "combined": 0.0016256717870638173}, "Q28758112": {"object": 0.0037956433056449542, "dictionary": 0.0, "combined": 0.0016256717870638173}, "Q32097899": {"object": 0.0037956433056449542, "dictionary": 0.0, "combined": 0.0016256717870638173}, "Q66439259": {"object": 0.0037956433056449542, "dictionary": 0.0, "combined": 0.0016256717870638173}, "Q28207108": {"object": 0.0037956433056449542, "dictionary": 0.0, "combined": 0.0016256717870638173}, "Q32097740": {"object": 0.0037956433056449542, "dictionary": 0.0, "combined": 0.0016256717870638173}, "Q6912474": {"object": 0.0037956433056449542, "dictionary": 0.0, "combined": 0.0016256717870638173}, "Q16996920": {"object": 0.0031962416402850405, "dictionary": 0.0, "combined": 0.0013689484076447114}, "Q66811836": {"object": 0.0031962416402850405, "dictionary": 0.0, "combined": 0.0013689484076447114}, "Q28600763": {"object": 0.0031962416402850405, "dictionary": 0.0, "combined": 0.0013689484076447114}, "Q1662484": {"object": 0.0031962416402850405, "dictionary": 0.0, "combined": 0.0013689484076447114}, "Q684554": {"object": 0.0031962416402850405, "dictionary": 0.0, "combined": 0.0013689484076447114}, "Q1343830": {"object": 0.00450540147426263, "dictionary": 0.0, "combined": 0.0019296607916796714}, "Q47512572": {"object": 0.007487680837268991, "dictionary": 0.0, "combined": 0.003206969282277759}, "Q28758102": {"object": 0.006525120386046002, "dictionary": 0.0, "combined": 0.002794705209262938}, "Q194831": {"object": 0.005401394674532632, "dictionary": 0.0, "combined": 0.0023134141504090582}, "Q1882400": {"object": 0.005051973611459816, "dictionary": 0.0, "combined": 0.002163757315374397}, "Q27979410": {"object": 0.005051973611459816, "dictionary": 0.0, "combined": 0.002163757315374397}, "Q28055391": {"object": 0.005004237055853531, "dictionary": 0.0, "combined": 0.0021433117767893227}, "Q1141412": {"object": 0.004031010007525104, "dictionary": 0.0, "combined": 0.001726479206531228}, "Q53756551": {"object": 0.010713768012120832, "dictionary": 0.0, "combined": 0.004588700514758232}, "Q53756539": {"object": 0.010713768012120832, "dictionary": 0.0, "combined": 0.004588700514758232}, "Q27979378": {"object": 0.010713768012120832, "dictionary": 0.0, "combined": 0.004588700514758232}, "Q5448342": {"object": 0.0063295808131589165, "dictionary": 0.0, "combined": 0.002710955725631459}, "Q29904540": {"object": 0.0063295808131589165, "dictionary": 0.0, "combined": 0.002710955725631459}, "Q5421818": {"object": 0.0063295808131589165, "dictionary": 0.0, "combined": 0.002710955725631459}, "Q50223812": {"object": 0.0063295808131589165, "dictionary": 0.0, "combined": 0.002710955725631459}, "Q5153426": {"object": 0.0063295808131589165, "dictionary": 0.0, "combined": 0.002710955725631459}, "Q28205580": {"object": 0.003944228361435328, "dictionary": 0.0, "combined": 0.0016893106787421988}, "Q28206771": {"object": 0.0038539155677229714, "dictionary": 0.0, "combined": 0.0016506297625110188}, "Q28205626": {"object": 0.003944228361435328, "dictionary": 0.0, "combined": 0.0016893106787421988}, "Q729366": {"object": 0.003944228361435328, "dictionary": 0.0, "combined": 0.0016893106787421988}, "Q66134804": {"object": 0.003923065285498486, "dictionary": 0.0, "combined": 0.0016802465458119929}, "Q27596243": {"object": 0.004390534135579919, "dictionary": 0.0, "combined": 0.0018804631783333726}, "Q48106551": {"object": 0.00730121608602804, "dictionary": 0.0, "combined": 0.0031271065394000326}, "Q27967388": {"object": 0.00577397158395723, "dictionary": 0.0, "combined": 0.0024729886207662194}, "Q28771319": {"object": 0.006492539715899841, "dictionary": 0.0, "combined": 0.002780750927473214}, "Q6043826": {"object": 0.006492539715899841, "dictionary": 0.0, "combined": 0.002780750927473214}, "Q29000498": {"object": 0.006492539715899841, "dictionary": 0.0, "combined": 0.002780750927473214}, "Q27967091": {"object": 0.013605664899556563, "dictionary": 0.0, "combined": 0.005827298244426376}, "Q28858035": {"object": 0.005193985636385912, "dictionary": 0.0, "combined": 0.0022245809818139724}, "Q61641368": {"object": 0.005193985636385912, "dictionary": 0.0, "combined": 0.0022245809818139724}, "Q51801746": {"object": 0.005193985636385912, "dictionary": 0.0, "combined": 0.0022245809818139724}, "Q85621726": {"object": 0.005193985636385912, "dictionary": 0.0, "combined": 0.0022245809818139724}, "Q28858042": {"object": 0.005193985636385912, "dictionary": 0.0, "combined": 0.0022245809818139724}, "Q48915661": {"object": 0.005193985636385912, "dictionary": 0.0, "combined": 0.0022245809818139724}, "Q48782098": {"object": 0.005193985636385912, "dictionary": 0.0, "combined": 0.0022245809818139724},