{"name": "Q48940", "Q99184084": {"object": 0.004335345827698648, "dictionary": 0.004797390059990272, "combined": 0.00465496373365603}, "Q79241659": {"object": 0.005689360886734726, "dictionary": 0.0, "combined": 0.001753760167654075}, "Q4045294": {"object": 0.003627351419910038, "dictionary": 0.0, "combined": 0.0011181404310551145}, "Q1144005": {"object": 0.003823012432160577, "dictionary": 0.0, "combined": 0.0011784534427411793}, "Q1076355": {"object": 0.0035638650650121873, "dictionary": 0.0, "combined": 0.0010985705984102913}, "Q3807693": {"object": 0.002013064125718041, "dictionary": 0.0, "combined": 0.0006205322089602727}, "Q95994246": {"object": 0.002013363837500206, "dictionary": 0.0, "combined": 0.0006206245958901585}, "Q58006953": {"object": 0.002013363837500206, "dictionary": 0.0, "combined": 0.0006206245958901585}, "Q723030": {"object": 0.0019211998423416827, "dictionary": 0.0, "combined": 0.0005922148066680079}, "Q27979156": {"object": 0.0019211998423416827, "dictionary": 0.0, "combined": 0.0005922148066680079}, "Q16996920": {"object": 0.004482669505107347, "dictionary": 0.0, "combined": 0.0013817944369014722}, "Q66811836": {"object": 0.004482669505107347, "dictionary": 0.0, "combined": 0.0013817944369014722}, "Q28600763": {"object": 0.004482669505107347, "dictionary": 0.0, "combined": 0.0013817944369014722}, "Q1662484": {"object": 0.004482669505107347, "dictionary": 0.0, "combined": 0.0013817944369014722}, "Q684554": {"object": 0.004482669505107347, "dictionary": 0.0, "combined": 0.0013817944369014722}, "Q28206109": {"object": 0.004995165584741015, "dictionary": 0.0, "combined": 0.0015397726753071288}, "Q1676669": {"object": 0.005306030710803702, "dictionary": 0.0, "combined": 0.0016355976522166877}, "Q28445577": {"object": 0.005823919755090889, "dictionary": 0.01434208129856574, "combined": 0.011716336032270508}, "Q29650301": {"object": 0.005825431950934692, "dictionary": 0.0, "combined": 0.0017957044241558207}, "Q28758103": {"object": 0.005825431950934692, "dictionary": 0.0, "combined": 0.0017957044241558207}, "Q29209269": {"object": 0.005825431950934692, "dictionary": 0.0, "combined": 0.0017957044241558207}, "Q1343830": {"object": 0.0031593709221468124, "dictionary": 0.0, "combined": 0.0009738842355781024}, "Q61777776": {"object": 0.010105702275701957, "dictionary": 0.0, "combined": 0.003115108791678166}, "Q1882400": {"object": 0.0035426495549126186, "dictionary": 0.0, "combined": 0.001092030862701868}, "Q27979410": {"object": 0.0035426495549126186, "dictionary": 0.0, "combined": 0.001092030862701868}, "Q28055391": {"object": 0.003509174738835185, "dictionary": 0.0, "combined": 0.0010817121643058795}, "Q1141412": {"object": 0.002826708313878276, "dictionary": 0.0, "combined": 0.0008713401285573038}, "Q28206359": {"object": 0.0036890430088303253, "dictionary": 0.0, "combined": 0.0011371570224581928}, "Q28206497": {"object": 0.004712352408423504, "dictionary": 0.0, "combined": 0.0014525947842596793}, "Q26385770": {"object": 0.004712352408423504, "dictionary": 0.0, "combined": 0.0014525947842596793}, "Q17092932": {"object": 0.004712352408423504, "dictionary": 0.0, "combined": 0.0014525947842596793}, "Q1952321": {"object": 0.004712352408423504, "dictionary": 0.0, "combined": 0.0014525947842596793}, "Q26329648": {"object": 0.004712352408423504, "dictionary": 0.0, "combined": 0.0014525947842596793}, "Q28206262": {"object": 0.004712352408423504, "dictionary": 0.0, "combined": 0.0014525947842596793}, "Q28205580": {"object": 0.002765853490884516, "dictionary": 0.0, "combined": 0.0008525814724093113}, "Q28206771": {"object": 0.002702522483429879, "dictionary": 0.0, "combined": 0.0008330595260145396}, "Q28205626": {"object": 0.002765853490884516, "dictionary": 0.0, "combined": 0.0008525814724093113}, "Q729366": {"object": 0.002765853490884516, "dictionary": 0.0, "combined": 0.0008525814724093113}, "Q29904539": {"object": 0.004144028186903676, "dictionary": 0.0, "combined": 0.001277407377122545}, "Q28755628": {"object": 0.004144028186903676, "dictionary": 0.0, "combined": 0.001277407377122545}, "Q58103465": {"object": 0.004144028186903676, "dictionary": 0.0, "combined": 0.001277407377122545}, "Q66134804": {"object": 0.0027510130805193152, "dictionary": 0.0, "combined": 0.0008480068776370208}, "Q27526733": {"object": 0.0034977888700595625, "dictionary": 0.0, "combined": 0.0010782024408887239}, "Q939636": {"object": 0.010976624685361328, "dictionary": 0.0, "combined": 0.003383572870787501}, "Q27596243": {"object": 0.0030788212681788626, "dictionary": 0.0, "combined": 0.000949054596984305}, "Q217570": {"object": 0.005134556261868032, "dictionary": 0.0, "combined": 0.0015827402110557692}, "Q58335773": {"object": 0.005370043837104268, "dictionary": 0.0, "combined": 0.0016553298635050763}, "Q3509055": {"object": 0.005362003782814875, "dictionary": 0.0, "combined": 0.0016528514960330125}, "Q28206625": {"object": 0.008660235136546601, "dictionary": 0.0, "combined": 0.002669539817803763}, "Q28205846": {"object": 0.008341724090096597, "dictionary": 0.0, "combined": 0.0025713579662140274}, "Q85415606": {"object": 0.012295501183144689, "dictionary": 0.0, "combined": 0.003790119952949317}, "Q28600483": {"object": 0.012455020192027766, "dictionary": 0.0, "combined": 0.0038392920988778835}, "Q28600482": {"object": 0.012455020192027766, "dictionary": 0.0, "combined": 0.0038392920988778835}, "Q29151494": {"object": 0.02023355404249042, "dictionary": 0.0, "combined": 0.006237045221112955}, "Q2043681": {"object": 0.025211115373835555, "dictionary": 0.0, "combined": 0.007771391339904926}, "Q27967388": {"object": 0.004048943924723604, "dictionary": 0.0, "combined": 0.0012480974080588858}, "Q28771319": {"object": 0.004552833150713701, "dictionary": 0.0, "combined": 0.0014034225616296333}, "Q6043826": {"object": 0.004552833150713701, "dictionary": 0.0, "combined": 0.0014034225616296333}, "Q29000498": {"object": 0.004552833150713701, "dictionary": 0.0, "combined": 0.0014034225616296333}, "Q49243748": {"object": 0.006655231476858223, "dictionary": 0.0, "combined": 0.0020514922682871393}, "Q921122": {"object": 0.007105389984120836, "dictionary": 0.0, "combined": 0.002190254789224862}, "Q64858274": {"object": 0.010561216207851273, "dictionary": 0.0, "combined": 0.0032555221361502264}, "Q34284437": {"object": 0.007625074711707751, "dictionary": 0.0, "combined": 0.0023504489469034703}, "Q29650311": {"object": 0.008724564601033968, "dictionary": 0.0, "combined": 0.00268936954115415}, "Q19599377": {"object": 0.006486805197555728, "dictionary": 0.0, "combined": 0.001999574433277657}, "Q28344713": {"object": 0.006486805197555728, "dictionary": 0.0, "combined": 0.001999574433277657}, "Q27979278": {"object": 0.019063110861021117, "dictionary": 0.0, "combined": 0.005876253091552466}, "Q751800": {"object": 0.006244955695653388, "dictionary": 0.0, "combined": 0.0019250237005244864}, "Q51916170": {"object": 0.0122615043406124, "dictionary": 0.0, "combined": 0.0037796403385521797}, "Q7671270": {"object": 0.0122615043406124, "dictionary": 0.0, "combined": 0.0037796403385521797}, "Q28347555": {"object": 0.006231580001748268, "dictionary": 0.0, "combined": 0.0019209006083788947}, "Q28755621": {"object": 0.006231580001748268, "dictionary": 0.0, "combined": 0.0019209006083788947}, "Q51035227": {"object": 0.008243972953814516, "dictionary": 0.0, "combined": 0.002541225926329873}, "Q28600435": {"object": 0.008243972953814516, "dictionary": 0.0, "combined": 0.002541225926329873}, "Q930281": {"object": 0.008243972953814516, "dictionary": 0.0, "combined": 0.002541225926329873}, "Q51837224": {"object": 0.008243972953814516, "dictionary": 0.0, "combined": 0.002541225926329873}, "Q28600453": {"object": 0.008147923388470587, "dictionary": 0.0, "combined": 0.0025116184000761915}, "Q28600454": {"object": 0.008243972953814516, "dictionary": 0.0, "combined": 0.002541225926329873}, "Q51034969": {"object": 0.008243972953814516, "dictionary": 0.0, "combined": 0.002541225926329873},