{"name": "Q49242813", "Q28600412": {"object": 0.009164763847118501, "dictionary": 0.008911452313029403, "combined": 0.008983774607129345}, "Q4045294": {"object": 0.027277849845927002, "dictionary": 0.0, "combined": 0.007788025468580771}, "Q1076355": {"object": 0.026800429531296507, "dictionary": 0.0, "combined": 0.007651718479922891}, "Q3807693": {"object": 0.030276669996821482, "dictionary": 0.027914284507908803, "combined": 0.028588762828530723}, "Q95994246": {"object": 0.030281177689649958, "dictionary": 0.027983052334202722, "combined": 0.028639183917128306}, "Q58006953": {"object": 0.030281177689649958, "dictionary": 0.027983052334202722, "combined": 0.028639183917128306}, "Q723030": {"object": 0.028895022707623275, "dictionary": 0.027433319681147927, "combined": 0.02785064657685234}, "Q27979156": {"object": 0.028895022707623275, "dictionary": 0.02744455066137951, "combined": 0.027858671030155487}, "Q26549229": {"object": 0.029979894407783227, "dictionary": 0.0, "combined": 0.00855947893664503}, "Q27596243": {"object": 0.04630575565127485, "dictionary": 0.0575013864717305, "combined": 0.05430495205849704}, "Q28771319": {"object": 0.06847503022566649, "dictionary": 0.08539630961679348, "combined": 0.08056516069547391}, "Q6043826": {"object": 0.06847503022566649, "dictionary": 0.08539630961679348, "combined": 0.08056516069547391}, "Q29000498": {"object": 0.06847503022566649, "dictionary": 0.08539630961679348, "combined": 0.08056516069547391}, "Q6753724": {"object": 0.1320915323777064, "dictionary": 0.1854172852490184, "combined": 0.17019239311716905}, "Q3513566": {"object": 0.1276033178185061, "dictionary": 0.18402837217018103, "combined": 0.1679186068170107}, "Q28106114": {"object": 0.11481471984201921, "dictionary": 0.16320461790627394, "combined": 0.14938894839144545}, "Q1228757": {"object": 0.11425701330017378, "dictionary": 0.0, "combined": 0.032621212249930746}, "Q796483": {"object": 0.017650561909826907, "dictionary": 0.005989697520544655, "combined": 0.00931895951745226}, "type": "co-oc"}