{"name": "Q4928413", "Q99184084": {"object": 0.0011449330054335441, "dictionary": 0.0011173554682054666, "combined": 0.0011279329392128387}, "Q28600412": {"object": 0.0022529686326312765, "dictionary": 0.0032866570257120945, "combined": 0.002890181846727023}, "Q28600258": {"object": 0.011841405821954696, "dictionary": 0.05291679145537137, "combined": 0.037162168514939024}, "Q4045294": {"object": 0.0014369353200477538, "dictionary": 0.0030065474291121473, "combined": 0.0024045166371984513}, "Q1144005": {"object": 0.002019259033869012, "dictionary": 0.0, "combined": 0.0007744946080746459}, "Q1076355": {"object": 0.0014117858996764373, "dictionary": 0.0029372275233587827, "combined": 0.0023521384918585033}, "Q28858032": {"object": 0.0015843342802052043, "dictionary": 0.0, "combined": 0.00060767753756468}, "Q3807693": {"object": 0.0015949063704652278, "dictionary": 0.001470734768715295, "combined": 0.0015183612665633926}, "Q95994246": {"object": 0.0015951438255092925, "dictionary": 0.0014743579757894648, "combined": 0.0015206858553584756}, "Q58006953": {"object": 0.0015951438255092925, "dictionary": 0.0014743579757894648, "combined": 0.0015206858553584756}, "Q723030": {"object": 0.0015221243219932664, "dictionary": 0.0014453939188344416, "combined": 0.0014748241615745409}, "Q27979156": {"object": 0.0015221243219932664, "dictionary": 0.001445985651468988, "combined": 0.0014751889328697093}, "Q47233167": {"object": 0.0014058495204865623, "dictionary": 0.0016191297164753454, "combined": 0.0015373252728493516}, "Q29650304": {"object": 0.0014058495204865623, "dictionary": 0.0016191297164753454, "combined": 0.0015373252728493516}, "Q1601331": {"object": 0.0014058495204865623, "dictionary": 0.0016191297164753454, "combined": 0.0015373252728493516}, "Q81526237": {"object": 0.0014058495204865623, "dictionary": 0.0016191297164753454, "combined": 0.0015373252728493516}, "Q28009496": {"object": 0.0014058495204865623, "dictionary": 0.0016191297164753454, "combined": 0.0015373252728493516}, "Q34747804": {"object": 0.0014058495204865623, "dictionary": 0.0016191297164753454, "combined": 0.0015373252728493516}, "Q28049770": {"object": 0.0014058495204865623, "dictionary": 0.0016191297164753454, "combined": 0.0015373252728493516}, "Q28755606": {"object": 0.0014058495204865623, "dictionary": 0.0016191297164753454, "combined": 0.0015373252728493516}, "Q81526528": {"object": 0.0014058495204865623, "dictionary": 0.0016191297164753454, "combined": 0.0015373252728493516}, "Q81526664": {"object": 0.0014058495204865623, "dictionary": 0.0016191297164753454, "combined": 0.0015373252728493516}, "Q28758112": {"object": 0.0014058495204865623, "dictionary": 0.0016191297164753454, "combined": 0.0015373252728493516}, "Q32097899": {"object": 0.0014058495204865623, "dictionary": 0.0016191297164753454, "combined": 0.0015373252728493516}, "Q66439259": {"object": 0.0014058495204865623, "dictionary": 0.0016191297164753454, "combined": 0.0015373252728493516}, "Q28207108": {"object": 0.0014058495204865623, "dictionary": 0.0016191297164753454, "combined": 0.0015373252728493516}, "Q32097740": {"object": 0.0014058495204865623, "dictionary": 0.0016191297164753454, "combined": 0.0015373252728493516}, "Q6912474": {"object": 0.0014058495204865623, "dictionary": 0.0016191297164753454, "combined": 0.0015373252728493516}, "Q16996920": {"object": 0.0005919200535349547, "dictionary": 0.0, "combined": 0.0002270332246555232}, "Q66811836": {"object": 0.0005919200535349547, "dictionary": 0.0, "combined": 0.0002270332246555232}, "Q28600763": {"object": 0.0005919200535349547, "dictionary": 0.0, "combined": 0.0002270332246555232}, "Q1662484": {"object": 0.0005919200535349547, "dictionary": 0.0, "combined": 0.0002270332246555232}, "Q684554": {"object": 0.0005919200535349547, "dictionary": 0.0, "combined": 0.0002270332246555232}, "Q1676669": {"object": 0.0007006418784205749, "dictionary": 0.0017951291803744386, "combined": 0.001375334344867256}, "Q1343830": {"object": 0.0016687333324423943, "dictionary": 0.00567130449140207, "combined": 0.004136102851070842}, "Q61777776": {"object": 0.0026688417806516695, "dictionary": 0.0, "combined": 0.001023644581625846}, "Q28758102": {"object": 0.002416807014557216, "dictionary": 0.007392028862975798, "combined": 0.005483763290830622}, "Q27473691": {"object": 0.003206059583862626, "dictionary": 0.009091883275138646, "combined": 0.00683435284614912}, "Q47455968": {"object": 0.0031764640057427235, "dictionary": 0.009078385415510083, "combined": 0.0068146806443659695}, "Q28206310": {"object": 0.003206059583862626, "dictionary": 0.009091883275138646, "combined": 0.00683435284614912}, "Q3928271": {"object": 0.002816681427361602, "dictionary": 0.006874863892885364, "combined": 0.005318332320950788}, "Q1882400": {"object": 0.001871175478638588, "dictionary": 0.0063154963147865305, "combined": 0.004610859878145153}, "Q27979410": {"object": 0.001871175478638588, "dictionary": 0.0063154963147865305, "combined": 0.004610859878145153}, "Q28055391": {"object": 0.0018534945722928921, "dictionary": 0.006169970933869735, "combined": 0.004514369739644847}, "Q1141412": {"object": 0.000746512913598551, "dictionary": 0.0, "combined": 0.0002863279137260392}, "Q29904539": {"object": 0.0010944074210457073, "dictionary": 0.0, "combined": 0.0004197641968760721}, "Q28755628": {"object": 0.0010944074210457073, "dictionary": 0.0, "combined": 0.0004197641968760721}, "Q58103465": {"object": 0.0010944074210457073, "dictionary": 0.0, "combined": 0.0004197641968760721}, "Q27526733": {"object": 0.0009237403617914251, "dictionary": 0.0, "combined": 0.0003543041865696518}, "Q28206528": {"object": 0.004115937825264071, "dictionary": 0.005108349306151623, "combined": 0.004727706046398033}, "Q28207070": {"object": 0.009397667928601448, "dictionary": 0.0, "combined": 0.0036045118615772374}, "Q479833": {"object": 0.0019174782209108135, "dictionary": 0.0, "combined": 0.0007354561838213004}, "Q28975647": {"object": 0.007105936798325581, "dictionary": 0.02685382783543755, "combined": 0.01927944789083803}, "Q28207194": {"object": 0.0058414814187122835, "dictionary": 0.02076856096964016, "combined": 0.015043221905863116}, "Q59608283": {"object": 0.007105936798325581, "dictionary": 0.02685382783543755, "combined": 0.01927944789083803}, "Q28205418": {"object": 0.007105936798325581, "dictionary": 0.02685382783543755, "combined": 0.01927944789083803}, "Q59608340": {"object": 0.007105936798325581, "dictionary": 0.02685382783543755, "combined": 0.01927944789083803}, "Q29650303": {"object": 0.007105936798325581, "dictionary": 0.02685382783543755, "combined": 0.01927944789083803}, "Q29000561": {"object": 0.007105936798325581, "dictionary": 0.02685382783543755, "combined": 0.01927944789083803}, "Q28206265": {"object": 0.006549082726832179, "dictionary": 0.025680599519627954, "combined": 0.018342632299088057}, "Q27996239": {"object": 0.009743709492974637, "dictionary": 0.011899921953756516, "combined": 0.01107289832938319}, "Q28848214": {"object": 0.009743709492974637, "dictionary": 0.011899921953756516, "combined": 0.01107289832938319}, "Q7271574": {"object": 0.009743709492974637, "dictionary": 0.011899921953756516, "combined": 0.01107289832938319}, "Q27995538": {"object": 0.009743709492974637, "dictionary": 0.011899921953756516, "combined": 0.01107289832938319}, "Q28757684": {"object": 0.009743709492974637, "dictionary": 0.011899921953756516, "combined": 0.01107289832938319}, "Q27925705": {"object": 0.004430103146435613, "dictionary": 0.0, "combined": 0.0016991831867924074}, "Q1569639": {"object": 0.0034431286987609247, "dictionary": 0.0, "combined": 0.0013206253221449715}, "Q51954585": {"object": 0.001193952948778199, "dictionary": 0.0, "combined": 0.000457945268840394}, "Q60628025": {"object": 0.001193952948778199, "dictionary": 0.0, "combined": 0.000457945268840394}, "Q51954521": {"object": 0.001193952948778199, "dictionary": 0.0, "combined": 0.000457945268840394}, "Q61971917": {"object": 0.001193952948778199,