{"name": "Q49620373", "Q99184084": {"object": 0.006016853355892919, "dictionary": 0.0, "combined": 0.0018368649341574045}, "Q4045294": {"object": 0.005034256188848089, "dictionary": 0.009766894917193281, "combined": 0.008322083549534069}, "Q3807693": {"object": 0.005587702629427316, "dictionary": 0.0, "combined": 0.0017058509515512324}, "Q95994246": {"object": 0.005588534545456158, "dictionary": 0.0, "combined": 0.0017061049243990243}, "Q58006953": {"object": 0.005588534545456158, "dictionary": 0.0, "combined": 0.0017061049243990243}, "Q723030": {"object": 0.005332713088252396, "dictionary": 0.0, "combined": 0.001628006051724588}, "Q27979156": {"object": 0.005332713088252396, "dictionary": 0.0, "combined": 0.001628006051724588}, "Q26549229": {"object": 0.006455086506152377, "dictionary": 0.0, "combined": 0.0019706516593912073}, "Q16996920": {"object": 0.0062213180048617785, "dictionary": 0.0, "combined": 0.0018992852594920519}, "Q66811836": {"object": 0.0062213180048617785, "dictionary": 0.0, "combined": 0.0018992852594920519}, "Q28600763": {"object": 0.0062213180048617785, "dictionary": 0.0, "combined": 0.0018992852594920519}, "Q1662484": {"object": 0.0062213180048617785, "dictionary": 0.0, "combined": 0.0018992852594920519}, "Q684554": {"object": 0.0062213180048617785, "dictionary": 0.0, "combined": 0.0018992852594920519}, "Q28206109": {"object": 0.006932590848869863, "dictionary": 0.0, "combined": 0.0021164273549525068}, "Q856364": {"object": 0.022878202874447116, "dictionary": 0.011236353448705346, "combined": 0.01479045452347087}, "Q5448342": {"object": 0.012320199630657924, "dictionary": 0.0, "combined": 0.0037611923284136786}, "Q29904540": {"object": 0.012320199630657924, "dictionary": 0.0, "combined": 0.0037611923284136786}, "Q5421818": {"object": 0.012320199630657924, "dictionary": 0.0, "combined": 0.0037611923284136786}, "Q50223812": {"object": 0.012320199630657924, "dictionary": 0.0, "combined": 0.0037611923284136786}, "Q5153426": {"object": 0.012320199630657924, "dictionary": 0.0, "combined": 0.0037611923284136786}, "Q49799747": {"object": 0.017171042163983043, "dictionary": 0.0, "combined": 0.0052420897383293405}, "Q49798508": {"object": 0.017171042163983043, "dictionary": 0.0, "combined": 0.0052420897383293405}, "Q49798739": {"object": 0.017171042163983043, "dictionary": 0.0, "combined": 0.0052420897383293405}, "Q49799499": {"object": 0.017171042163983043, "dictionary": 0.0, "combined": 0.0052420897383293405}, "Q28205580": {"object": 0.007677235228715608, "dictionary": 0.018431154000632957, "combined": 0.015148126290215952}, "Q28206771": {"object": 0.007501446076071337, "dictionary": 0.01751604634545165, "combined": 0.014458722695306276}, "Q28205626": {"object": 0.007677235228715608, "dictionary": 0.018414516494064885, "combined": 0.01513656799209772}, "Q729366": {"object": 0.007677235228715608, "dictionary": 0.018431154000632957, "combined": 0.015148126290215952}, "Q29000741": {"object": 0.018814122006867592, "dictionary": 0.0, "combined": 0.005743700060020086}, "Q29000651": {"object": 0.018814122006867592, "dictionary": 0.0, "combined": 0.005743700060020086}, "Q58335745": {"object": 0.016816278639295974, "dictionary": 0.0, "combined": 0.005133785174486592}, "Q34310996": {"object": 0.016816278639295974, "dictionary": 0.0, "combined": 0.005133785174486592}, "Q28206952": {"object": 0.018002078152677, "dictionary": 0.0, "combined": 0.005495793921623039}, "Q58335773": {"object": 0.014905738811486963, "dictionary": 0.0, "combined": 0.00455052289311881}, "Q3509055": {"object": 0.014883421870898911, "dictionary": 0.0, "combined": 0.00454370982934957}, "Q777561": {"object": 0.02172926088158351, "dictionary": 0.0, "combined": 0.006633653007256256}, "Q2119595": {"object": 0.024330591514305302, "dictionary": 0.011252843983639465, "combined": 0.015245305563796878}, "Q28344021": {"object": 0.024330591514305302, "dictionary": 0.011252843983639465, "combined": 0.015245305563796878}, "Q7311459": {"object": 0.024330591514305302, "dictionary": 0.011252843983639465, "combined": 0.015245305563796878}, "Q27967123": {"object": 0.022897256138523527, "dictionary": 0.030959265795171283, "combined": 0.02849804196916083}, "Q3888665": {"object": 0.028722893738328547, "dictionary": 0.0, "combined": 0.008768715671587983}, "Q382011": {"object": 0.028722893738328547, "dictionary": 0.0, "combined": 0.008768715671587983}, "Q34284437": {"object": 0.021165073418111677, "dictionary": 0.0, "combined": 0.0064614141131626125}, "Q29650311": {"object": 0.024216949643577408, "dictionary": 0.0, "combined": 0.007393111146539078}, "Q29650305": {"object": 0.01772912341119258, "dictionary": 0.03723438801792436, "combined": 0.031279691357006645}, "Q29000614": {"object": 0.030703908606788333, "dictionary": 0.053431192279014904, "combined": 0.04649285624905765}, "Q28770260": {"object": 0.05937453063320078, "dictionary": 0.0, "combined": 0.018126250857579004}, "Q572649": {"object": 0.05937453063320078, "dictionary": 0.0, "combined": 0.018126250857579004}, "Q28919155": {"object": 0.22664766822005455, "dictionary": 0.75082050275029, "combined": 0.5907975402090012}, "type": "co-oc"}