{"name": "Q49988510", "Q99184084": {"object": 0.0029486109340622173, "dictionary": 0.0, "combined": 0.002948610934062221}, "Q28600412": {"object": 0.005802197956342673, "dictionary": 0.0, "combined": 0.0058021979563426815}, "Q4045294": {"object": 0.0024670807090170404, "dictionary": 0.0, "combined": 0.002467080709017044}, "Q1076355": {"object": 0.0024239015561523356, "dictionary": 0.0, "combined": 0.002423901556152339}, "Q3807693": {"object": 0.0027383019154490432, "dictionary": 0.0, "combined": 0.0027383019154490467}, "Q95994246": {"object": 0.002738709603081394, "dictionary": 0.0, "combined": 0.002738709603081398}, "Q58006953": {"object": 0.002738709603081394, "dictionary": 0.0, "combined": 0.002738709603081398}, "Q723030": {"object": 0.002613342089322735, "dictionary": 0.0, "combined": 0.0026133420893227383}, "Q27979156": {"object": 0.002613342089322735, "dictionary": 0.0, "combined": 0.0026133420893227383}, "Q16996920": {"object": 0.0015244053002760308, "dictionary": 0.0, "combined": 0.001524405300276033}, "Q66811836": {"object": 0.0015244053002760308, "dictionary": 0.0, "combined": 0.001524405300276033}, "Q28600763": {"object": 0.0015244053002760308, "dictionary": 0.0, "combined": 0.001524405300276033}, "Q1662484": {"object": 0.0015244053002760308, "dictionary": 0.0, "combined": 0.001524405300276033}, "Q684554": {"object": 0.0015244053002760308, "dictionary": 0.0, "combined": 0.001524405300276033}, "Q28206109": {"object": 0.003397375998591836, "dictionary": 0.0, "combined": 0.003397375998591841}, "Q1676669": {"object": 0.003608805569877881, "dictionary": 0.0, "combined": 0.0036088055698778863}, "Q28445577": {"object": 0.003961038900114154, "dictionary": 0.0, "combined": 0.00396103890011416}, "Q29650301": {"object": 0.0039620673941205605, "dictionary": 0.0, "combined": 0.003962067394120566}, "Q28758103": {"object": 0.0039620673941205605, "dictionary": 0.0, "combined": 0.003962067394120566}, "Q29209269": {"object": 0.0039620673941205605, "dictionary": 0.0, "combined": 0.003962067394120566}, "Q28206328": {"object": 0.022115059121830167, "dictionary": 0.0, "combined": 0.022115059121830198}, "Q1141412": {"object": 0.003845074129244491, "dictionary": 0.0, "combined": 0.003845074129244496}, "Q28206359": {"object": 0.005018078365313273, "dictionary": 0.0, "combined": 0.005018078365313281}, "Q28206497": {"object": 0.0064100509573455896, "dictionary": 0.0, "combined": 0.006410050957345598}, "Q26385770": {"object": 0.0064100509573455896, "dictionary": 0.0, "combined": 0.006410050957345598}, "Q17092932": {"object": 0.0064100509573455896, "dictionary": 0.0, "combined": 0.006410050957345598}, "Q1952321": {"object": 0.0064100509573455896, "dictionary": 0.0, "combined": 0.006410050957345598}, "Q26329648": {"object": 0.0064100509573455896, "dictionary": 0.0, "combined": 0.006410050957345598}, "Q28206262": {"object": 0.0064100509573455896, "dictionary": 0.0, "combined": 0.006410050957345598}, "Q28205580": {"object": 0.0037622954058848033, "dictionary": 0.0, "combined": 0.003762295405884808}, "Q28206771": {"object": 0.00367614841394112, "dictionary": 0.0, "combined": 0.0036761484139411255}, "Q28205626": {"object": 0.0037622954058848033, "dictionary": 0.0, "combined": 0.003762295405884808}, "Q729366": {"object": 0.0037622954058848033, "dictionary": 0.0, "combined": 0.003762295405884808}, "Q66134804": {"object": 0.0018710542529598816, "dictionary": 0.0, "combined": 0.001871054252959884}, "Q178051": {"object": 0.0073766615289768585, "dictionary": 0.0, "combined": 0.007376661528976868}, "Q29012120": {"object": 0.0029770058116182106, "dictionary": 0.0, "combined": 0.0029770058116182145}, "Q29011315": {"object": 0.0029770058116182106, "dictionary": 0.0, "combined": 0.0029770058116182145}, "Q29011363": {"object": 0.0029770058116182106, "dictionary": 0.0, "combined": 0.0029770058116182145}, "Q29012190": {"object": 0.0029770058116182106, "dictionary": 0.0, "combined": 0.0029770058116182145}, "Q29011569": {"object": 0.0029770058116182106, "dictionary": 0.0, "combined": 0.0029770058116182145}, "Q29011484": {"object": 0.0029770058116182106, "dictionary": 0.0, "combined": 0.0029770058116182145}, "Q29011271": {"object": 0.0029770058116182106, "dictionary": 0.0, "combined": 0.0029770058116182145}, "Q29017311": {"object": 0.0029770058116182106, "dictionary": 0.0, "combined": 0.0029770058116182145}, "Q29011357": {"object": 0.0029770058116182106, "dictionary": 0.0, "combined": 0.0029770058116182145}, "Q29012206": {"object": 0.0029770058116182106, "dictionary": 0.0, "combined": 0.0029770058116182145}, "Q29011646": {"object": 0.0029770058116182106, "dictionary": 0.0, "combined": 0.0029770058116182145}, "Q29017312": {"object": 0.0029770058116182106, "dictionary": 0.0, "combined": 0.0029770058116182145}, "Q29012350": {"object": 0.0029770058116182106, "dictionary": 0.0, "combined": 0.0029770058116182145}, "Q29012285": {"object": 0.0029770058116182106, "dictionary": 0.0, "combined": 0.0029770058116182145}, "Q29017304": {"object": 0.0029770058116182106, "dictionary": 0.0, "combined": 0.0029770058116182145}, "Q29011538": {"object": 0.0029770058116182106, "dictionary": 0.0, "combined": 0.0029770058116182145}, "Q29011892": {"object": 0.0029770058116182106, "dictionary": 0.0, "combined": 0.0029770058116182145}, "Q29011549": {"object": 0.0029770058116182106, "dictionary": 0.0, "combined": 0.0029770058116182145}, "Q29011710": {"object": 0.0029770058116182106, "dictionary": 0.0, "combined": 0.0029770058116182145}, "Q29011079": {"object": 0.0029770058116182106, "dictionary": 0.0, "combined": 0.0029770058116182145}, "Q29012054": {"object": 0.0029770058116182106, "dictionary": 0.0, "combined": 0.0029770058116182145}, "Q29017314": {"object": 0.0029770058116182106, "dictionary": 0.0, "combined": 0.0029770058116182145}, "Q29011566": {"object": 0.0029770058116182106, "dictionary": 0.0, "combined": 0.0029770058116182145}, "Q29017309": {"object": 0.0029770058116182106, "dictionary": 0.0, "combined": 0.0029770058116182145}, "Q29017306": {"object": 0.0029770058116182106, "dictionary": 0.0, "combined": 0.0029770058116182145}, "Q29011365": {"object": 0.0029770058116182106, "dictionary": 0.0, "combined": 0.0029770058116182145}, "Q29012224": {"object": 0.0029770058116182106, "dictionary": 0.0, "combined": 0.0029770058116182145}, "Q29011514": {"object": 0.0029770058116182106, "dictionary": 0.0, "combined": 0.0029770058116182145}, "Q29011358": {"object": 0.0029770058116182106, "dictionary": 0.0, "combined": 0.0029770058116182145}, "Q29011977": {"object": 0.0029770058116182106, "dictionary": 0.0, "combined": 0.0029770058116182145}, "Q29011824": {"object": 0.0029770058116182106, "dictionary": 0.0, "combined": 0.0029770058116182145}, "Q29011579": {"object": 0.0029770058116182106, "dictionary": 0.0, "combined": 0.0029770058116182145}, "Q29011774": {"object": 0.0029770058116182106, "dictionary": 0.0, "combined": 0.0029770058116182145}, "Q29011347": {"object": 0.0029770058116182106, "dictionary": 0.0, "combined": 0.0029770058116182145}, "Q29011361": {"object": 0.0029770058116182106, "dictionary": 0.0, "combined": 0.0029770058116182145}, "Q29011223": {"object": 0.0029770058116182106, "dictionary": 0.0, "combined": 0.0029770058116182145}, "Q27526733": {"object": 0.004757921936194686, "dictionary": 0.0, "combined": 0.004757921936194693}, "Q673906": {"object": 0.006910311745524954, "dictionary": 0.0, "combined": 0.0069103117455249635}, "Q1888930": {"object": 0.004985680957058866, "dictionary": 0.0, "combined": 0.004985680957058873}, "Q28786544": {"object": 0.004985680957058866, "dictionary": 0.0, "combined": 0.004985680957058873}, "Q8811": {"object": 0.004985680957058866, "dictionary": 0.0, "combined": 0.004985680957058873}, "Q2053": {"object": 0.004985680957058866, "dictionary": 0.0, "combined": 0.004985680957058873}, "Q29151645": {"object": 0.006910311745524954, "dictionary": 0.0, "combined": 0.0069103117455249635}, "Q17073241": {"object": 0.006910311745524954, "dictionary": 0.0, "combined": 0.0069103117455249635},