{"name": "Q50375236", "Q99184084": {"object": 0.0014905461290360316, "dictionary": 0.0, "combined": 0.0005509807511480327}, "Q28600412": {"object": 0.005866113839449569, "dictionary": 0.0, "combined": 0.0021684104548109983}, "Q4045294": {"object": 0.0037413863847191695, "dictionary": 0.0, "combined": 0.0013830044172606477}, "Q28205439": {"object": 0.003991640153895577, "dictionary": 0.0, "combined": 0.0014755107859213859}, "Q1076355": {"object": 0.0036759041757094455, "dictionary": 0.0, "combined": 0.001358798902245595}, "Q3807693": {"object": 0.002768466516253106, "dictionary": 0.0, "combined": 0.0010233643434033168}, "Q95994246": {"object": 0.002768878694893046, "dictionary": 0.0, "combined": 0.0010235167053411444}, "Q58006953": {"object": 0.002768878694893046, "dictionary": 0.0, "combined": 0.0010235167053411444}, "Q723030": {"object": 0.0026421301570095476, "dictionary": 0.0, "combined": 0.0009766640764626747}, "Q27979156": {"object": 0.0026421301570095476, "dictionary": 0.0, "combined": 0.0009766640764626747}, "Q26549229": {"object": 0.004797326925833115, "dictionary": 0.0, "combined": 0.0017733331036240054}, "Q16996920": {"object": 0.001541197852290473, "dictionary": 0.0, "combined": 0.0005697041733769867}, "Q66811836": {"object": 0.001541197852290473, "dictionary": 0.0, "combined": 0.0005697041733769867}, "Q28600763": {"object": 0.001541197852290473, "dictionary": 0.0, "combined": 0.0005697041733769867}, "Q1662484": {"object": 0.001541197852290473, "dictionary": 0.0, "combined": 0.0005697041733769867}, "Q684554": {"object": 0.001541197852290473, "dictionary": 0.0, "combined": 0.0005697041733769867}, "Q28206109": {"object": 0.0017174004155931586, "dictionary": 0.0, "combined": 0.0006348374951786468}, "Q1676669": {"object": 0.0036485594694682386, "dictionary": 0.0, "combined": 0.0013486909247122554}, "Q28445577": {"object": 0.012014018800491324, "dictionary": 0.05053527923055708, "combined": 0.03629588563282057}, "Q856364": {"object": 0.005667583156303709, "dictionary": 0.0, "combined": 0.0020950235378986177}, "Q279254": {"object": 0.013108271972094613, "dictionary": 0.0, "combined": 0.0048454760283791285}, "Q5322705": {"object": 0.013108271972094613, "dictionary": 0.0, "combined": 0.0048454760283791285}, "Q1343830": {"object": 0.0021724624910464084, "dictionary": 0.0, "combined": 0.0008030513057195973}, "Q47512572": {"object": 0.0036104897325617605, "dictionary": 0.0, "combined": 0.0013346184368984737}, "Q283579": {"object": 0.0054492924437418025, "dictionary": 0.0, "combined": 0.002014332321147223}, "Q34312361": {"object": 0.0039061527398036914, "dictionary": 0.0, "combined": 0.0014439103418207313}, "Q27923693": {"object": 0.0039061527398036914, "dictionary": 0.0, "combined": 0.0014439103418207313}, "Q34312151": {"object": 0.0039061527398036914, "dictionary": 0.0, "combined": 0.0014439103418207313}, "Q27925722": {"object": 0.0039061527398036914, "dictionary": 0.0, "combined": 0.0014439103418207313}, "Q1882400": {"object": 0.0024360144682664393, "dictionary": 0.0, "combined": 0.0009004733603252831}, "Q27979410": {"object": 0.0024360144682664393, "dictionary": 0.0, "combined": 0.0009004733603252831}, "Q28055391": {"object": 0.0024129963472179976, "dictionary": 0.0, "combined": 0.0008919647060956494}, "Q1141412": {"object": 0.003887430717287731, "dictionary": 0.0, "combined": 0.0014369897414931684}, "Q307271": {"object": 0.006966376946240094, "dictionary": 0.0, "combined": 0.0025751229887142394}, "Q28206359": {"object": 0.0025366782698294545, "dictionary": 0.0, "combined": 0.0009376837598682187}, "Q28206497": {"object": 0.003240331415386922, "dictionary": 0.0, "combined": 0.0011977893219400635}, "Q26385770": {"object": 0.003240331415386922, "dictionary": 0.0, "combined": 0.0011977893219400635}, "Q17092932": {"object": 0.003240331415386922, "dictionary": 0.0, "combined": 0.0011977893219400635}, "Q1952321": {"object": 0.003240331415386922, "dictionary": 0.0, "combined": 0.0011977893219400635}, "Q26329648": {"object": 0.003240331415386922, "dictionary": 0.0, "combined": 0.0011977893219400635}, "Q28206262": {"object": 0.003240331415386922, "dictionary": 0.0, "combined": 0.0011977893219400635}, "Q28205580": {"object": 0.0019018700598134968, "dictionary": 0.0, "combined": 0.0007030267455188992}, "Q28206771": {"object": 0.0018583220745956386, "dictionary": 0.0, "combined": 0.0006869292218402215}, "Q28205626": {"object": 0.0019018700598134968, "dictionary": 0.0, "combined": 0.0007030267455188992}, "Q729366": {"object": 0.0019018700598134968, "dictionary": 0.0, "combined": 0.0007030267455188992}, "Q178051": {"object": 0.003728960698140539, "dictionary": 0.0, "combined": 0.001378411259094485}, "Q27526733": {"object": 0.002405167138982388, "dictionary": 0.0, "combined": 0.0008890706373040042}, "Q1884715": {"object": 0.018245942386128, "dictionary": 0.0, "combined": 0.006744617187939117}, "Q217570": {"object": 0.003530649348224081, "dictionary": 0.0, "combined": 0.0013051054187654676}, "Q2193155": {"object": 0.00968967787917315, "dictionary": 0.0, "combined": 0.0035817918628939273}, "Q26211936": {"object": 0.002576426552888194, "dictionary": 0.0, "combined": 0.0009523767226889751}, "Q26211977": {"object": 0.002576426552888194, "dictionary": 0.0, "combined": 0.0009523767226889751}, "Q26211940": {"object": 0.002576426552888194, "dictionary": 0.0, "combined": 0.0009523767226889751}, "Q26211915": {"object": 0.002576426552888194, "dictionary": 0.0, "combined": 0.0009523767226889751}, "Q10394822": {"object": 0.002576426552888194, "dictionary": 0.0, "combined": 0.0009523767226889751}, "Q26211975": {"object": 0.002576426552888194, "dictionary": 0.0, "combined": 0.0009523767226889751}, "Q26211905": {"object": 0.002576426552888194, "dictionary": 0.0, "combined": 0.0009523767226889751}, "Q5532250": {"object": 0.002576426552888194, "dictionary": 0.0, "combined": 0.0009523767226889751}, "Q26211927": {"object": 0.002576426552888194, "dictionary": 0.0, "combined": 0.0009523767226889751}, "Q26211957": {"object": 0.002576426552888194, "dictionary": 0.0, "combined": 0.0009523767226889751}, "Q26211948": {"object": 0.002576426552888194, "dictionary": 0.0, "combined": 0.0009523767226889751}, "Q26211958": {"object": 0.002576426552888194, "dictionary": 0.0, "combined": 0.0009523767226889751}, "Q26211874": {"object": 0.002576426552888194, "dictionary": 0.0, "combined": 0.0009523767226889751}, "Q26211954": {"object": 0.002576426552888194, "dictionary": 0.0, "combined": 0.0009523767226889751}, "Q26211891": {"object": 0.002576426552888194, "dictionary": 0.0, "combined": 0.0009523767226889751}, "Q26211983": {"object": 0.002576426552888194, "dictionary": 0.0, "combined": 0.0009523767226889751}, "Q26211840": {"object": 0.002576426552888194, "dictionary": 0.0, "combined": 0.0009523767226889751}, "Q26211965": {"object": 0.002576426552888194, "dictionary": 0.0, "combined": 0.0009523767226889751}, "Q26211978": {"object": 0.002576426552888194, "dictionary": 0.0, "combined": 0.0009523767226889751}, "Q26211931": {"object": 0.002576426552888194, "dictionary": 0.0, "combined": 0.0009523767226889751}, "Q34746472": {"object": 0.0025848822658229268, "dictionary": 0.0, "combined": 0.0009555023791000815}, "Q27826464": {"object": 0.002624751033220359, "dictionary": 0.0, "combined": 0.0009702398789869116}, "Q27826469": {"object": 0.002624751033220359, "dictionary": 0.0, "combined": 0.0009702398789869116}, "Q27826466": {"object": 0.002624751033220359, "dictionary": 0.0, "combined": 0.0009702398789869116}, "Q27826468": {"object": 0.002624751033220359, "dictionary": 0.0, "combined": 0.0009702398789869116}, "Q1250383": {"object": 0.01757681927374044, "dictionary": 0.0, "combined": 0.006497275661305361}, "Q28205883": {"object": 0.003266750778489926, "dictionary": 0.0, "combined": 0.0012075552461498428}, "Q1569639": {"object": 0.008964964988091352, "dictionary": 0.0, "combined": 0.0033139015605970447}, "Q28771319": {"object": 0.0031306419827391626, "dictionary": 0.0, "combined": 0.0011572425955986589},