{"name": "Q50374892", "Q99184084": {"object": 0.0018160156195466024, "dictionary": 0.0, "combined": 0.0010719190173569515}, "Q28600412": {"object": 0.0035735071028524293, "dictionary": 0.0, "combined": 0.0021092936541834435}, "Q4045294": {"object": 0.0015194466826739764, "dictionary": 0.0, "combined": 0.000896866622449429}, "Q1144005": {"object": 0.0032028126781340773, "dictionary": 0.0, "combined": 0.0018904880452410477}, "Q1076355": {"object": 0.001492853138189942, "dictionary": 0.0, "combined": 0.0008811695514746312}, "Q3807693": {"object": 0.0016864887096647095, "dictionary": 0.0, "combined": 0.000995464632016067}, "Q95994246": {"object": 0.0016867397997965719, "dictionary": 0.0, "combined": 0.0009956128401506872}, "Q58006953": {"object": 0.0016867397997965719, "dictionary": 0.0, "combined": 0.0009956128401506872}, "Q723030": {"object": 0.0016095273874910272, "dictionary": 0.0, "combined": 0.0009500375420995708}, "Q27979156": {"object": 0.0016095273874910272, "dictionary": 0.0, "combined": 0.0009500375420995708}, "Q1676669": {"object": 0.0022226219156612284, "dictionary": 0.0, "combined": 0.0013119219207962712}, "Q28758102": {"object": 0.003833376509400006, "dictionary": 0.0, "combined": 0.0022626838320593135}, "Q194831": {"object": 0.003173210337640767, "dictionary": 0.0, "combined": 0.001873015006247596}, "Q27473691": {"object": 0.005085235776993725, "dictionary": 0.0, "combined": 0.003001604654955803}, "Q47455968": {"object": 0.005038293264305042, "dictionary": 0.0, "combined": 0.0029738964284780583}, "Q28206310": {"object": 0.005085235776993725, "dictionary": 0.0, "combined": 0.003001604654955803}, "Q3928271": {"object": 0.004467630370598473, "dictionary": 0.0, "combined": 0.0026370576911456433}, "Q1141412": {"object": 0.0023681370086363544, "dictionary": 0.01327411470297062, "combined": 0.006836766495389507}, "Q5448342": {"object": 0.003718500957530275, "dictionary": 0.0, "combined": 0.002194877538240496}, "Q29904540": {"object": 0.003718500957530275, "dictionary": 0.0, "combined": 0.002194877538240496}, "Q5421818": {"object": 0.003718500957530275, "dictionary": 0.0, "combined": 0.002194877538240496}, "Q50223812": {"object": 0.003718500957530275, "dictionary": 0.0, "combined": 0.002194877538240496}, "Q5153426": {"object": 0.003718500957530275, "dictionary": 0.0, "combined": 0.002194877538240496}, "Q28205580": {"object": 0.0023171545433504997, "dictionary": 0.0, "combined": 0.001367720626649998}, "Q28206771": {"object": 0.002264097600116841, "dictionary": 0.0, "combined": 0.001336403304352304}, "Q28205626": {"object": 0.0023171545433504997, "dictionary": 0.0, "combined": 0.001367720626649998}, "Q729366": {"object": 0.0023171545433504997, "dictionary": 0.0, "combined": 0.001367720626649998}, "Q29904539": {"object": 0.0034717506811922875, "dictionary": 0.0, "combined": 0.0020492310410970362}, "Q28755628": {"object": 0.0034717506811922875, "dictionary": 0.0, "combined": 0.0020492310410970362}, "Q58103465": {"object": 0.0034717506811922875, "dictionary": 0.0, "combined": 0.0020492310410970362}, "Q29944987": {"object": 0.004180860093418327, "dictionary": 0.03757271904999519, "combined": 0.01786288381774526}, "Q29944777": {"object": 0.004180860093418327, "dictionary": 0.03757271904999519, "combined": 0.01786288381774526}, "Q29944782": {"object": 0.004180860093418327, "dictionary": 0.03757271904999519, "combined": 0.01786288381774526}, "Q29944783": {"object": 0.004180860093418327, "dictionary": 0.03757271904999519, "combined": 0.01786288381774526}, "Q29944780": {"object": 0.004180860093418327, "dictionary": 0.03757271904999519, "combined": 0.01786288381774526}, "Q29944776": {"object": 0.004180860093418327, "dictionary": 0.03757271904999519, "combined": 0.01786288381774526}, "Q29944786": {"object": 0.004180860093418327, "dictionary": 0.03757271904999519, "combined": 0.01786288381774526}, "Q29944773": {"object": 0.004180860093418327, "dictionary": 0.03757271904999519, "combined": 0.01786288381774526}, "Q29944785": {"object": 0.004180860093418327, "dictionary": 0.03757271904999519, "combined": 0.01786288381774526}, "Q29944758": {"object": 0.004180860093418327, "dictionary": 0.03757271904999519, "combined": 0.01786288381774526}, "Q29944779": {"object": 0.004180860093418327, "dictionary": 0.03757271904999519, "combined": 0.01786288381774526}, "Q27596243": {"object": 0.0025793501764416744, "dictionary": 0.0, "combined": 0.001522483879979584}, "Q217570": {"object": 0.004301587343468234, "dictionary": 0.0, "combined": 0.002539049349937182}, "Q28206528": {"object": 0.0065284233612707045, "dictionary": 0.0, "combined": 0.0038534586811817227}, "Q479833": {"object": 0.0030413748077739258, "dictionary": 0.019361343379557305, "combined": 0.00972833995906362}, "Q28600483": {"object": 0.010434466872737318, "dictionary": 0.0, "combined": 0.006159034843357096}, "Q28600482": {"object": 0.010434466872737318, "dictionary": 0.0, "combined": 0.006159034843357096}, "Q27967388": {"object": 0.003392091751014744, "dictionary": 0.0, "combined": 0.0020022116645891756}, "Q51954585": {"object": 0.003787535504164983, "dictionary": 0.011777346608750695, "combined": 0.007061291099143664}, "Q60628025": {"object": 0.003787535504164983, "dictionary": 0.011777346608750695, "combined": 0.007061291099143664}, "Q51954521": {"object": 0.003787535504164983, "dictionary": 0.011777346608750695, "combined": 0.007061291099143664}, "Q61971917": {"object": 0.003787535504164983, "dictionary": 0.011777346608750695, "combined": 0.007061291099143664}, "Q60628005": {"object": 0.003787535504164983, "dictionary": 0.011777346608750695, "combined": 0.007061291099143664}, "Q61971919": {"object": 0.003787535504164983, "dictionary": 0.011777346608750695, "combined": 0.007061291099143664}, "Q44933672": {"object": 0.003787535504164983, "dictionary": 0.011777346608750695, "combined": 0.007061291099143664}, "Q27487130": {"object": 0.003787535504164983, "dictionary": 0.011777346608750695, "combined": 0.007061291099143664}, "Q52834849": {"object": 0.003787535504164983, "dictionary": 0.011777346608750695, "combined": 0.007061291099143664}, "Q3888665": {"object": 0.008669186463767665, "dictionary": 0.0, "combined": 0.005117062725399953}, "Q382011": {"object": 0.008669186463767665, "dictionary": 0.0, "combined": 0.005117062725399953}, "Q48004607": {"object": 0.005924836360907127, "dictionary": 0.0, "combined": 0.0034971862034809593}, "Q48004869": {"object": 0.005924836360907127, "dictionary": 0.0, "combined": 0.0034971862034809593}, "Q48021763": {"object": 0.005924836360907127, "dictionary": 0.0, "combined": 0.0034971862034809593}, "Q48005022": {"object": 0.005924836360907127, "dictionary": 0.0, "combined": 0.0034971862034809593}, "Q48021588": {"object": 0.005924836360907127, "dictionary": 0.0, "combined": 0.0034971862034809593}, "Q751800": {"object": 0.005231848870844627, "dictionary": 0.0, "combined": 0.00308814430902087}, "Q51916170": {"object": 0.01027234471558211, "dictionary": 0.0, "combined": 0.006063340829759907}, "Q7671270": {"object": 0.01027234471558211, "dictionary": 0.0, "combined": 0.006063340829759907}, "Q28106114": {"object": 0.0063954764093016245, "dictionary": 0.0, "combined": 0.0037749855862471778}, "Q61752184": {"object": 0.007262809081148663, "dictionary": 0.0, "combined": 0.004286936240922699}, "Q47493628": {"object": 0.007262809081148663, "dictionary": 0.0, "combined": 0.004286936240922699}, "Q47493509": {"object": 0.007262809081148663, "dictionary": 0.0, "combined": 0.004286936240922699}, "Q47493633": {"object": 0.007262809081148663, "dictionary": 0.0, "combined": 0.004286936240922699}, "Q47493619": {"object": 0.007262809081148663, "dictionary": 0.0, "combined": 0.004286936240922699}, "Q47493614": {"object": 0.007262809081148663, "dictionary": 0.0, "combined": 0.004286936240922699}, "Q29650305": {"object": 0.005351030369397631, "dictionary": 0.0, "combined": 0.003158492225327867}, "Q48809727": {"object": 0.008225525699725018, "dictionary": 0.0, "combined": 0.004855188099921147},