{"name": "Q50308768", "Q99184084": {"object": 0.005563664757645848, "dictionary": 0.2537130559344826, "combined": 0.06848818744161221}, "Q28600412": {"object": 0.010948031126682155, "dictionary": 0.7462869440655173, "combined": 0.19741171692573073}, "Q4045294": {"object": 0.004655076679145358, "dictionary": 0.0, "combined": 0.003474664844551151}, "Q1076355": {"object": 0.004573602949165189, "dictionary": 0.0, "combined": 0.003413850829051728}, "Q3807693": {"object": 0.0051668376070861085, "dictionary": 0.0, "combined": 0.0038566559110134687}, "Q95994246": {"object": 0.005167606863309789, "dictionary": 0.0, "combined": 0.0038572301029636998}, "Q58006953": {"object": 0.005167606863309789, "dictionary": 0.0, "combined": 0.0038572301029636998}, "Q723030": {"object": 0.004931053844396641, "dictionary": 0.0, "combined": 0.00368066105473035}, "Q27979156": {"object": 0.004931053844396641, "dictionary": 0.0, "combined": 0.00368066105473035}, "Q47233167": {"object": 0.0068315573003528, "dictionary": 0.0, "combined": 0.005099244034242347}, "Q29650304": {"object": 0.0068315573003528, "dictionary": 0.0, "combined": 0.005099244034242347}, "Q1601331": {"object": 0.0068315573003528, "dictionary": 0.0, "combined": 0.005099244034242347}, "Q81526237": {"object": 0.0068315573003528, "dictionary": 0.0, "combined": 0.005099244034242347}, "Q28009496": {"object": 0.0068315573003528, "dictionary": 0.0, "combined": 0.005099244034242347}, "Q34747804": {"object": 0.0068315573003528, "dictionary": 0.0, "combined": 0.005099244034242347}, "Q28049770": {"object": 0.0068315573003528, "dictionary": 0.0, "combined": 0.005099244034242347}, "Q28755606": {"object": 0.0068315573003528, "dictionary": 0.0, "combined": 0.005099244034242347}, "Q81526528": {"object": 0.0068315573003528, "dictionary": 0.0, "combined": 0.005099244034242347}, "Q81526664": {"object": 0.0068315573003528, "dictionary": 0.0, "combined": 0.005099244034242347}, "Q28758112": {"object": 0.0068315573003528, "dictionary": 0.0, "combined": 0.005099244034242347}, "Q32097899": {"object": 0.0068315573003528, "dictionary": 0.0, "combined": 0.005099244034242347}, "Q66439259": {"object": 0.0068315573003528, "dictionary": 0.0, "combined": 0.005099244034242347}, "Q28207108": {"object": 0.0068315573003528, "dictionary": 0.0, "combined": 0.005099244034242347}, "Q32097740": {"object": 0.0068315573003528, "dictionary": 0.0, "combined": 0.005099244034242347}, "Q6912474": {"object": 0.0068315573003528, "dictionary": 0.0, "combined": 0.005099244034242347}, "Q16996920": {"object": 0.005752729156321666, "dictionary": 0.0, "combined": 0.004293979914282553}, "Q66811836": {"object": 0.005752729156321666, "dictionary": 0.0, "combined": 0.004293979914282553}, "Q28600763": {"object": 0.005752729156321666, "dictionary": 0.0, "combined": 0.004293979914282553}, "Q1662484": {"object": 0.005752729156321666, "dictionary": 0.0, "combined": 0.004293979914282553}, "Q684554": {"object": 0.005752729156321666, "dictionary": 0.0, "combined": 0.004293979914282553}, "Q1141412": {"object": 0.0072551801176227925, "dictionary": 0.0, "combined": 0.005415446625944445}, "Q59961105": {"object": 0.027460841247397758, "dictionary": 0.0, "combined": 0.02049745391125354}, "Q29904539": {"object": 0.010636283468258362, "dictionary": 0.0, "combined": 0.007939186138309344}, "Q28755628": {"object": 0.010636283468258362, "dictionary": 0.0, "combined": 0.007939186138309344}, "Q58103465": {"object": 0.010636283468258362, "dictionary": 0.0, "combined": 0.007939186138309344}, "Q939636": {"object": 0.014086594783205208, "dictionary": 0.0, "combined": 0.010514584194051768}, "Q27596243": {"object": 0.007902266654445964, "dictionary": 0.0, "combined": 0.005898448087758092}, "Q217570": {"object": 0.013178625584049105, "dictionary": 0.0, "combined": 0.009836853433916966}, "Q28207194": {"object": 0.02838597904636877, "dictionary": 0.0, "combined": 0.021187999740681248}, "Q28205796": {"object": 0.044827661767305974, "dictionary": 0.0, "combined": 0.03346048006128322}, "Q64858274": {"object": 0.02710698004209348, "dictionary": 0.0, "combined": 0.02023332311928837}, "Q751800": {"object": 0.016028635914108948, "dictionary": 0.0, "combined": 0.01196417192575428}, "Q27967105": {"object": 0.04953829159384388, "dictionary": 0.0, "combined": 0.036976611154739325}, "Q28205588": {"object": 0.03254460239659799, "dictionary": 0.0, "combined": 0.024292099490854188}, "Q28206493": {"object": 0.044013285848574044, "dictionary": 0.0, "combined": 0.03285260965009455}, "Q67377613": {"object": 0.04309224336543537, "dictionary": 0.0, "combined": 0.03216512066611339}, "Q904680": {"object": 0.2117484320558925, "dictionary": 0.0, "combined": 0.15805428856835016}, "Q28206609": {"object": 0.2117484320558925, "dictionary": 0.0, "combined": 0.15805428856835016}, "type": "co-oc"}