{"name": "Q50419827", "Q99184084": {"object": 0.007782758077128263, "dictionary": 0.0, "combined": 0.0014602308043162222}, "Q79241659": {"object": 0.010213468810730857, "dictionary": 0.0, "combined": 0.001916290038640807}, "Q4045294": {"object": 0.006511775457800885, "dictionary": 0.003102421733372713, "combined": 0.0037420977045237065}, "Q1144005": {"object": 0.0068630236359145825, "dictionary": 0.0, "combined": 0.0012876667146270383}, "Q1076355": {"object": 0.0031989027776409755, "dictionary": 0.0, "combined": 0.000600190360490772}, "Q3807693": {"object": 0.003613827294724932, "dictionary": 0.0, "combined": 0.0006780400835976207}, "Q95994246": {"object": 0.003614365333531098, "dictionary": 0.0, "combined": 0.0006781410324940011}, "Q58006953": {"object": 0.003614365333531098, "dictionary": 0.0, "combined": 0.0006781410324940011}, "Q723030": {"object": 0.0034489136933971974, "dictionary": 0.0, "combined": 0.0006470983636671023}, "Q27979156": {"object": 0.0034489136933971974, "dictionary": 0.0, "combined": 0.0006470983636671023}, "Q16996920": {"object": 0.004023615841102377, "dictionary": 0.0, "combined": 0.0007549261762586313}, "Q66811836": {"object": 0.004023615841102377, "dictionary": 0.0, "combined": 0.0007549261762586313}, "Q28600763": {"object": 0.004023615841102377, "dictionary": 0.0, "combined": 0.0007549261762586313}, "Q1662484": {"object": 0.004023615841102377, "dictionary": 0.0, "combined": 0.0007549261762586313}, "Q684554": {"object": 0.004023615841102377, "dictionary": 0.0, "combined": 0.0007549261762586313}, "Q28206109": {"object": 0.008967258171852246, "dictionary": 0.0, "combined": 0.0016824712374493645}, "Q1676669": {"object": 0.00952531932012428, "dictionary": 0.0, "combined": 0.0017871768021506115}, "Q28445577": {"object": 0.010455027191807938, "dictionary": 0.0, "combined": 0.001961612144967882}, "Q29650301": {"object": 0.01045774186668863, "dictionary": 0.011118986869353446, "combined": 0.010994921555678992}, "Q28758103": {"object": 0.01045774186668863, "dictionary": 0.011118986869353446, "combined": 0.010994921555678992}, "Q29209269": {"object": 0.01045774186668863, "dictionary": 0.011118986869353446, "combined": 0.010994921555678992}, "Q1343830": {"object": 0.017014988335568214, "dictionary": 0.017556461747782155, "combined": 0.017454868437493273}, "Q61777776": {"object": 0.018141629096524264, "dictionary": 0.0, "combined": 0.0034038017608532724}, "Q1882400": {"object": 0.006359719739490074, "dictionary": 0.0, "combined": 0.0011932349147165068}, "Q27979410": {"object": 0.006359719739490074, "dictionary": 0.0, "combined": 0.0011932349147165068}, "Q28055391": {"object": 0.006299626172434242, "dictionary": 0.0, "combined": 0.0011819599300791138}, "Q1141412": {"object": 0.005074471065483582, "dictionary": 0.004934916160041625, "combined": 0.0049610999845676185}, "Q28205580": {"object": 0.004965225255804241, "dictionary": 0.0, "combined": 0.0009315945320466061}, "Q28206771": {"object": 0.004851534231053421, "dictionary": 0.0, "combined": 0.000910263387628369}, "Q28205626": {"object": 0.004965225255804241, "dictionary": 0.0, "combined": 0.0009315945320466061}, "Q729366": {"object": 0.004965225255804241, "dictionary": 0.0, "combined": 0.0009315945320466061}, "Q29904539": {"object": 0.007439307064597481, "dictionary": 0.009490891110386092, "combined": 0.009105965073675771}, "Q28755628": {"object": 0.007439307064597481, "dictionary": 0.009490891110386092, "combined": 0.009105965073675771}, "Q58103465": {"object": 0.007439307064597481, "dictionary": 0.009490891110386092, "combined": 0.009105965073675771}, "Q29944987": {"object": 0.008958794822898741, "dictionary": 0.0, "combined": 0.0016808833115846372}, "Q29944777": {"object": 0.008958794822898741, "dictionary": 0.0, "combined": 0.0016808833115846372}, "Q29944782": {"object": 0.008958794822898741, "dictionary": 0.0, "combined": 0.0016808833115846372}, "Q29944783": {"object": 0.008958794822898741, "dictionary": 0.0, "combined": 0.0016808833115846372}, "Q29944780": {"object": 0.008958794822898741, "dictionary": 0.0, "combined": 0.0016808833115846372}, "Q29944776": {"object": 0.008958794822898741, "dictionary": 0.0, "combined": 0.0016808833115846372}, "Q29944786": {"object": 0.008958794822898741, "dictionary": 0.0, "combined": 0.0016808833115846372}, "Q29944773": {"object": 0.008958794822898741, "dictionary": 0.0, "combined": 0.0016808833115846372}, "Q29944785": {"object": 0.008958794822898741, "dictionary": 0.0, "combined": 0.0016808833115846372}, "Q29944758": {"object": 0.008958794822898741, "dictionary": 0.0, "combined": 0.0016808833115846372}, "Q29944779": {"object": 0.008958794822898741, "dictionary": 0.0, "combined": 0.0016808833115846372}, "Q178051": {"object": 0.00973522336122399, "dictionary": 0.0, "combined": 0.001826559800276303}, "Q27526733": {"object": 0.006279186404604777, "dictionary": 0.0, "combined": 0.001178124942749189}, "Q939636": {"object": 0.009852549003564694, "dictionary": 0.0, "combined": 0.0018485728855327447}, "Q2193155": {"object": 0.012648454366802578, "dictionary": 0.0, "combined": 0.0023731513314889305}, "Q34746472": {"object": 0.006748369923233914, "dictionary": 0.0, "combined": 0.0012661549470214712}, "Q27826464": {"object": 0.006852455588696743, "dictionary": 0.0, "combined": 0.0012856838972329953}, "Q27826469": {"object": 0.006852455588696743, "dictionary": 0.0, "combined": 0.0012856838972329953}, "Q27826466": {"object": 0.006852455588696743, "dictionary": 0.0, "combined": 0.0012856838972329953}, "Q27826468": {"object": 0.006852455588696743, "dictionary": 0.0, "combined": 0.0012856838972329953}, "Q27967388": {"object": 0.007268612997987677, "dictionary": 0.00772220410044178, "combined": 0.007637099604862799}, "Q28771319": {"object": 0.00817318857267351, "dictionary": 0.009285594889164353, "combined": 0.00907688096613628}, "Q6043826": {"object": 0.00817318857267351, "dictionary": 0.009285594889164353, "combined": 0.00907688096613628}, "Q29000498": {"object": 0.00817318857267351, "dictionary": 0.009285594889164353, "combined": 0.00907688096613628}, "Q921122": {"object": 0.025511012725560393, "dictionary": 0.0, "combined": 0.004786473671928902}, "Q19599377": {"object": 0.011645030766284623, "dictionary": 0.014154029484997584, "combined": 0.013683281559808773}, "Q28344713": {"object": 0.011645030766284623, "dictionary": 0.014154029484997584, "combined": 0.013683281559808773}, "Q751800": {"object": 0.011210865594880283, "dictionary": 0.0, "combined": 0.0021034254338191615}, "Q28347555": {"object": 0.011186853718108613, "dictionary": 0.010893645614023797, "combined": 0.010948658438708412}, "Q28755621": {"object": 0.011186853718108613, "dictionary": 0.010893645614023797, "combined": 0.010948658438708412}, "Q51370033": {"object": 0.0592410539343695, "dictionary": 0.0, "combined": 0.011115032868533482}, "Q1068805": {"object": 0.02143266110883424, "dictionary": 0.0, "combined": 0.004021277760330704}, "Q89029185": {"object": 0.014407670947539834, "dictionary": 0.016172948898875616, "combined": 0.015841740705433753}, "Q93431491": {"object": 0.14403411893119275, "dictionary": 0.40536463927736577, "combined": 0.3563328086415258}, "Q65533627": {"object": 0.14403411893119275, "dictionary": 0.40536463927736577, "combined": 0.3563328086415258}, "Q48940": {"object": 0.09739169273712397, "dictionary": 0.0, "combined": 0.01827300147452665}, "type": "co-oc"}