{"name": "Q51370239", "Q99184084": {"object": 0.0021940271037397792, "dictionary": 0.0, "combined": 0.001977520029612842}, "Q4045294": {"object": 0.0036714521269442754, "dictionary": 0.5058313030277624, "combined": 0.05322469596665688}, "Q1144005": {"object": 0.007738983903433576, "dictionary": 0.0, "combined": 0.0069752992803986755}, "Q1076355": {"object": 0.003607193915996676, "dictionary": 0.49416869697223753, "combined": 0.05201591025545387}, "Q3807693": {"object": 0.004075077217760181, "dictionary": 0.0, "combined": 0.003672947707256541}, "Q95994246": {"object": 0.004075683929011844, "dictionary": 0.0, "combined": 0.003673494548109286}, "Q58006953": {"object": 0.004075683929011844, "dictionary": 0.0, "combined": 0.003673494548109286}, "Q723030": {"object": 0.00388911491108039, "dictionary": 0.0, "combined": 0.003505336201644116}, "Q27979156": {"object": 0.00388911491108039, "dictionary": 0.0, "combined": 0.003505336201644116}, "Q26549229": {"object": 0.004707654953103456, "dictionary": 0.0, "combined": 0.004243102533418991}, "Q47233167": {"object": 0.005388039190221638, "dictionary": 0.0, "combined": 0.004856346305312538}, "Q29650304": {"object": 0.005388039190221638, "dictionary": 0.0, "combined": 0.004856346305312538}, "Q1601331": {"object": 0.005388039190221638, "dictionary": 0.0, "combined": 0.004856346305312538}, "Q81526237": {"object": 0.005388039190221638, "dictionary": 0.0, "combined": 0.004856346305312538}, "Q28009496": {"object": 0.005388039190221638, "dictionary": 0.0, "combined": 0.004856346305312538}, "Q34747804": {"object": 0.005388039190221638, "dictionary": 0.0, "combined": 0.004856346305312538}, "Q28049770": {"object": 0.005388039190221638, "dictionary": 0.0, "combined": 0.004856346305312538}, "Q28755606": {"object": 0.005388039190221638, "dictionary": 0.0, "combined": 0.004856346305312538}, "Q81526528": {"object": 0.005388039190221638, "dictionary": 0.0, "combined": 0.004856346305312538}, "Q81526664": {"object": 0.005388039190221638, "dictionary": 0.0, "combined": 0.004856346305312538}, "Q28758112": {"object": 0.005388039190221638, "dictionary": 0.0, "combined": 0.004856346305312538}, "Q32097899": {"object": 0.005388039190221638, "dictionary": 0.0, "combined": 0.004856346305312538}, "Q66439259": {"object": 0.005388039190221638, "dictionary": 0.0, "combined": 0.004856346305312538}, "Q28207108": {"object": 0.005388039190221638, "dictionary": 0.0, "combined": 0.004856346305312538}, "Q32097740": {"object": 0.005388039190221638, "dictionary": 0.0, "combined": 0.004856346305312538}, "Q6912474": {"object": 0.005388039190221638, "dictionary": 0.0, "combined": 0.004856346305312538}, "Q16996920": {"object": 0.00453716902050885, "dictionary": 0.0, "combined": 0.004089440189914484}, "Q66811836": {"object": 0.00453716902050885, "dictionary": 0.0, "combined": 0.004089440189914484}, "Q28600763": {"object": 0.00453716902050885, "dictionary": 0.0, "combined": 0.004089440189914484}, "Q1662484": {"object": 0.00453716902050885, "dictionary": 0.0, "combined": 0.004089440189914484}, "Q684554": {"object": 0.00453716902050885, "dictionary": 0.0, "combined": 0.004089440189914484}, "Q28206109": {"object": 0.002527947969126063, "dictionary": 0.0, "combined": 0.002278489511020556}, "Q1676669": {"object": 0.0026852702541976256, "dictionary": 0.0, "combined": 0.0024202871986166593}, "Q1343830": {"object": 0.006395564007531143, "dictionary": 0.0, "combined": 0.0057644483534437865}, "Q28758102": {"object": 0.009262620728518649, "dictionary": 0.0, "combined": 0.008348583290575976}, "Q194831": {"object": 0.0076674555127332015, "dictionary": 0.0, "combined": 0.0069108293269259675}, "Q27473691": {"object": 0.012287499076045401, "dictionary": 0.0, "combined": 0.011074965981646784}, "Q47455968": {"object": 0.0121740714776833, "dictionary": 0.0, "combined": 0.010972731443481962}, "Q28206310": {"object": 0.012287499076045401, "dictionary": 0.0, "combined": 0.011074965981646784}, "Q3928271": {"object": 0.010795173804761984, "dictionary": 0.0, "combined": 0.00972990369429849}, "Q1882400": {"object": 0.007171440942837957, "dictionary": 0.0, "combined": 0.006463761583197684}, "Q27979410": {"object": 0.007171440942837957, "dictionary": 0.0, "combined": 0.006463761583197684}, "Q28055391": {"object": 0.007103677348711413, "dictionary": 0.0, "combined": 0.006402684915350062}, "Q1141412": {"object": 0.005722149882845842, "dictionary": 0.0, "combined": 0.005157486881764845}, "Q5448342": {"object": 0.004492522970777445, "dictionary": 0.0, "combined": 0.004049199822128483}, "Q29904540": {"object": 0.004492522970777445, "dictionary": 0.0, "combined": 0.004049199822128483}, "Q5421818": {"object": 0.004492522970777445, "dictionary": 0.0, "combined": 0.004049199822128483}, "Q50223812": {"object": 0.004492522970777445, "dictionary": 0.0, "combined": 0.004049199822128483}, "Q5153426": {"object": 0.004492522970777445, "dictionary": 0.0, "combined": 0.004049199822128483}, "Q28205580": {"object": 0.005598960512172295, "dictionary": 0.0, "combined": 0.00504645386511382}, "Q28206771": {"object": 0.00547075856253786, "dictionary": 0.0, "combined": 0.004930902911889324}, "Q28205626": {"object": 0.005598960512172295, "dictionary": 0.0, "combined": 0.00504645386511382}, "Q729366": {"object": 0.005598960512172295, "dictionary": 0.0, "combined": 0.00504645386511382}, "Q66134804": {"object": 0.005568918837190942, "dictionary": 0.0, "combined": 0.005019376709185582}, "Q29944987": {"object": 0.010102248310170371, "dictionary": 0.0, "combined": 0.009105356238960027}, "Q29944777": {"object": 0.010102248310170371, "dictionary": 0.0, "combined": 0.009105356238960027}, "Q29944782": {"object": 0.010102248310170371, "dictionary": 0.0, "combined": 0.009105356238960027}, "Q29944783": {"object": 0.010102248310170371, "dictionary": 0.0, "combined": 0.009105356238960027}, "Q29944780": {"object": 0.010102248310170371, "dictionary": 0.0, "combined": 0.009105356238960027}, "Q29944776": {"object": 0.010102248310170371, "dictionary": 0.0, "combined": 0.009105356238960027}, "Q29944786": {"object": 0.010102248310170371, "dictionary": 0.0, "combined": 0.009105356238960027}, "Q29944773": {"object": 0.010102248310170371, "dictionary": 0.0, "combined": 0.009105356238960027}, "Q29944785": {"object": 0.010102248310170371, "dictionary": 0.0, "combined": 0.009105356238960027}, "Q29944758": {"object": 0.010102248310170371, "dictionary": 0.0, "combined": 0.009105356238960027}, "Q29944779": {"object": 0.010102248310170371, "dictionary": 0.0, "combined": 0.009105356238960027}, "Q939636": {"object": 0.011110076577233964, "dictionary": 0.0, "combined": 0.010013731792357306}, "Q27596243": {"object": 0.006232506082257064, "dictionary": 0.0, "combined": 0.0056174810198739425}, "Q48106551": {"object": 0.010364313830356409, "dictionary": 0.0, "combined": 0.009341561076336666}, "Q28206625": {"object": 0.017531049535145466, "dictionary": 0.0, "combined": 0.0158010817354045}, "Q27967388": {"object": 0.008196340560062557, "dictionary": 0.0, "combined": 0.007387523882190944}, "Q2138624": {"object": 0.014254175402707205, "dictionary": 0.0, "combined": 0.012847570258553834}, "Q28777715": {"object": 0.007461883989860247, "dictionary": 0.0, "combined": 0.006725543646860141}, "Q66244789": {"object": 0.007461883989860247, "dictionary": 0.0, "combined": 0.006725543646860141}, "Q28758002": {"object": 0.007461883989860247, "dictionary": 0.0, "combined": 0.006725543646860141}, "Q623334": {"object": 0.007461883989860247, "dictionary": 0.0, "combined": 0.006725543646860141}, "Q4042979": {"object": 0.005410554238414048, "dictionary": 0.0, "combined": 0.004876639563628398}, "Q47455565": {"object": 0.005451960008241202, "dictionary": 0.0, "combined": 0.004913959403039301}, "Q1882110": {"object": 0.006912717165525055, "dictionary": 0.0, "combined": 0.006230568724777082}, "Q47455466": {"object": 0.005451960008241202, "dictionary": 0.0, "combined": 0.004913959403039301}, "Q28106114": {"object": 0.015453444818761418, "dictionary": 0.0,