{"name": "Q51799492", "Q4045294": {"object": 0.001746648401117198, "dictionary": 0.009851125923843736, "combined": 0.004925657586098869}, "Q1076355": {"object": 0.0017160783439491938, "dictionary": 0.00962399525762071, "combined": 0.004817985953926275}, "Q28858032": {"object": 0.002888725990739397, "dictionary": 0.014980204148591875, "combined": 0.007631649888797975}, "Q3807693": {"object": 0.0019386680966350974, "dictionary": 0.0, "combined": 0.0011782188673601039}, "Q95994246": {"object": 0.0019389567320853274, "dictionary": 0.0, "combined": 0.0011783942845621717}, "Q58006953": {"object": 0.0019389567320853274, "dictionary": 0.0, "combined": 0.0011783942845621717}, "Q723030": {"object": 0.0018501988059022613, "dictionary": 0.0, "combined": 0.0011244519602219946}, "Q27979156": {"object": 0.0018501988059022613, "dictionary": 0.0, "combined": 0.0011244519602219946}, "Q26549229": {"object": 0.002239609209801474, "dictionary": 0.0, "combined": 0.0013611147937501878}, "Q47233167": {"object": 0.0025632936809093423, "dictionary": 0.0, "combined": 0.0015578329176996683}, "Q29650304": {"object": 0.0025632936809093423, "dictionary": 0.0, "combined": 0.0015578329176996683}, "Q1601331": {"object": 0.0025632936809093423, "dictionary": 0.0, "combined": 0.0015578329176996683}, "Q81526237": {"object": 0.0025632936809093423, "dictionary": 0.0, "combined": 0.0015578329176996683}, "Q28009496": {"object": 0.0025632936809093423, "dictionary": 0.0, "combined": 0.0015578329176996683}, "Q34747804": {"object": 0.0025632936809093423, "dictionary": 0.0, "combined": 0.0015578329176996683}, "Q28049770": {"object": 0.0025632936809093423, "dictionary": 0.0, "combined": 0.0015578329176996683}, "Q28755606": {"object": 0.0025632936809093423, "dictionary": 0.0, "combined": 0.0015578329176996683}, "Q81526528": {"object": 0.0025632936809093423, "dictionary": 0.0, "combined": 0.0015578329176996683}, "Q81526664": {"object": 0.0025632936809093423, "dictionary": 0.0, "combined": 0.0015578329176996683}, "Q28758112": {"object": 0.0025632936809093423, "dictionary": 0.0, "combined": 0.0015578329176996683}, "Q32097899": {"object": 0.0025632936809093423, "dictionary": 0.0, "combined": 0.0015578329176996683}, "Q66439259": {"object": 0.0025632936809093423, "dictionary": 0.0, "combined": 0.0015578329176996683}, "Q28207108": {"object": 0.0025632936809093423, "dictionary": 0.0, "combined": 0.0015578329176996683}, "Q32097740": {"object": 0.0025632936809093423, "dictionary": 0.0, "combined": 0.0015578329176996683}, "Q6912474": {"object": 0.0025632936809093423, "dictionary": 0.0, "combined": 0.0015578329176996683}, "Q66134804": {"object": 0.0026493449585101012, "dictionary": 0.016719590915016017, "combined": 0.008168447331889931}, "Q939636": {"object": 0.005285482914921273, "dictionary": 0.0, "combined": 0.003212234061249874}, "Q28206528": {"object": 0.007504613591121524, "dictionary": 0.0, "combined": 0.004560903096643225}, "Q479833": {"object": 0.0034961492928780044, "dictionary": 0.0, "combined": 0.0021247727071623053}, "Q28771319": {"object": 0.00438457586414094, "dictionary": 0.0, "combined": 0.002664710899957078}, "Q6043826": {"object": 0.00438457586414094, "dictionary": 0.0, "combined": 0.002664710899957078}, "Q29000498": {"object": 0.00438457586414094, "dictionary": 0.0, "combined": 0.002664710899957078}, "Q28858035": {"object": 0.003507629534282499, "dictionary": 0.016198357025626997, "combined": 0.008485611044620613}, "Q61641368": {"object": 0.003507629534282499, "dictionary": 0.016198357025626997, "combined": 0.008485611044620613}, "Q51801746": {"object": 0.003507629534282499, "dictionary": 0.016198357025626997, "combined": 0.008485611044620613}, "Q85621726": {"object": 0.003507629534282499, "dictionary": 0.016198357025626997, "combined": 0.008485611044620613}, "Q28858042": {"object": 0.003507629534282499, "dictionary": 0.016198357025626997, "combined": 0.008485611044620613}, "Q48915661": {"object": 0.003507629534282499, "dictionary": 0.016198357025626997, "combined": 0.008485611044620613}, "Q48782098": {"object": 0.003507629534282499, "dictionary": 0.016198357025626997, "combined": 0.008485611044620613}, "Q61639409": {"object": 0.003507629534282499, "dictionary": 0.016198357025626997, "combined": 0.008485611044620613}, "Q85621806": {"object": 0.003507629534282499, "dictionary": 0.016198357025626997, "combined": 0.008485611044620613}, "Q28858037": {"object": 0.003507629534282499, "dictionary": 0.016198357025626997, "combined": 0.008485611044620613}, "Q28858038": {"object": 0.003507629534282499, "dictionary": 0.016198357025626997, "combined": 0.008485611044620613}, "Q28858039": {"object": 0.003507629534282499, "dictionary": 0.016198357025626997, "combined": 0.008485611044620613}, "Q28858044": {"object": 0.003507629534282499, "dictionary": 0.016198357025626997, "combined": 0.008485611044620613}, "Q48782394": {"object": 0.003507629534282499, "dictionary": 0.016198357025626997, "combined": 0.008485611044620613}, "Q60628185": {"object": 0.003507629534282499, "dictionary": 0.016198357025626997, "combined": 0.008485611044620613}, "Q62664770": {"object": 0.003407147224499923, "dictionary": 0.015968197570007274, "combined": 0.008334262428337404}, "Q48782202": {"object": 0.003507629534282499, "dictionary": 0.016198357025626997, "combined": 0.008485611044620613}, "Q66439286": {"object": 0.003507629534282499, "dictionary": 0.016198357025626997, "combined": 0.008485611044620613}, "Q63061396": {"object": 0.003507629534282499, "dictionary": 0.016198357025626997, "combined": 0.008485611044620613}, "Q28858041": {"object": 0.003507629534282499, "dictionary": 0.016198357025626997, "combined": 0.008485611044620613}, "Q686498": {"object": 0.003507629534282499, "dictionary": 0.016198357025626997, "combined": 0.008485611044620613}, "Q48782238": {"object": 0.003507629534282499, "dictionary": 0.016198357025626997, "combined": 0.008485611044620613}, "Q62664735": {"object": 0.003507629534282499, "dictionary": 0.016198357025626997, "combined": 0.008485611044620613}, "Q63061514": {"object": 0.003507629534282499, "dictionary": 0.016198357025626997, "combined": 0.008485611044620613}, "Q60000066": {"object": 0.003507629534282499, "dictionary": 0.016198357025626997, "combined": 0.008485611044620613}, "Q3888665": {"object": 0.009965483388518232, "dictionary": 0.0, "combined": 0.0060564882514419945}, "Q382011": {"object": 0.009965483388518232, "dictionary": 0.0, "combined": 0.0060564882514419945}, "Q51916170": {"object": 0.01180836068668162, "dictionary": 0.03070656846138166, "combined": 0.01922124768982207}, "Q7671270": {"object": 0.01180836068668162, "dictionary": 0.03070656846138166, "combined": 0.01922124768982207}, "Q62522500": {"object": 0.06078725710072263, "dictionary": 0.48268318064710913, "combined": 0.22627738429266928}, "Q71858982": {"object": 0.037984798420396135, "dictionary": 0.0, "combined": 0.02308513058499297}, "Q71832451": {"object": 0.037984798420396135, "dictionary": 0.0, "combined": 0.02308513058499297}, "Q71828821": {"object": 0.037984798420396135, "dictionary": 0.0, "combined": 0.02308513058499297}, "Q71831258": {"object": 0.037984798420396135, "dictionary": 0.0, "combined": 0.02308513058499297}, "Q71432876": {"object": 0.037984798420396135, "dictionary": 0.0, "combined": 0.02308513058499297}, "Q71275233": {"object": 0.037984798420396135, "dictionary": 0.0, "combined": 0.02308513058499297}, "Q71973058": {"object": 0.037984798420396135, "dictionary": 0.0, "combined": 0.02308513058499297}, "Q71859659": {"object": 0.037984798420396135, "dictionary": 0.0, "combined": 0.02308513058499297}, "Q71856089": {"object": 0.037984798420396135, "dictionary": 0.0, "combined": 0.02308513058499297}, "Q71859354": {"object": 0.037984798420396135, "dictionary": 0.0, "combined": 0.02308513058499297}, "Q71433176": {"object": 0.037984798420396135, "dictionary": 0.0, "combined": 0.02308513058499297}, "Q71859512": {"object": 0.037984798420396135, "dictionary": 0.0, "combined": 0.02308513058499297},