{"name": "Q51789671", "Q99184084": {"object": 0.004827407309917897, "dictionary": 0.0045188230977173584, "combined": 0.004620910486899443}, "Q4045294": {"object": 0.001346351860270554, "dictionary": 0.0030397792720508756, "combined": 0.002479551054264773}, "Q1144005": {"object": 0.002837949403868071, "dictionary": 0.008405724128763661, "combined": 0.006563764745406638}, "Q1076355": {"object": 0.002645575685716934, "dictionary": 0.002969693162445805, "combined": 0.002862466980161292}, "Q28858032": {"object": 0.00445337666007221, "dictionary": 0.0, "combined": 0.0014732885815161938}, "Q3807693": {"object": 0.00448309355795191, "dictionary": 0.00594796412833643, "combined": 0.005463348240330304}, "Q95994246": {"object": 0.004483761016053567, "dictionary": 0.00596261714815014, "combined": 0.00547337448591196}, "Q58006953": {"object": 0.004483761016053567, "dictionary": 0.00596261714815014, "combined": 0.00547337448591196}, "Q723030": {"object": 0.004278511810282286, "dictionary": 0.005845480343170641, "combined": 0.005327087891034742}, "Q27979156": {"object": 0.004278511810282286, "dictionary": 0.005847873435765387, "combined": 0.0053286892886385915}, "Q26549229": {"object": 0.00172633600670096, "dictionary": 0.0, "combined": 0.0005711152055329511}, "Q47233167": {"object": 0.001975838533676638, "dictionary": 0.003274052425214396, "combined": 0.00284457074226659}, "Q29650304": {"object": 0.001975838533676638, "dictionary": 0.003274052425214396, "combined": 0.00284457074226659}, "Q1601331": {"object": 0.001975838533676638, "dictionary": 0.003274052425214396, "combined": 0.00284457074226659}, "Q81526237": {"object": 0.001975838533676638, "dictionary": 0.003274052425214396, "combined": 0.00284457074226659}, "Q28009496": {"object": 0.001975838533676638, "dictionary": 0.003274052425214396, "combined": 0.00284457074226659}, "Q34747804": {"object": 0.001975838533676638, "dictionary": 0.003274052425214396, "combined": 0.00284457074226659}, "Q28049770": {"object": 0.001975838533676638, "dictionary": 0.003274052425214396, "combined": 0.00284457074226659}, "Q28755606": {"object": 0.001975838533676638, "dictionary": 0.003274052425214396, "combined": 0.00284457074226659}, "Q81526528": {"object": 0.001975838533676638, "dictionary": 0.003274052425214396, "combined": 0.00284457074226659}, "Q81526664": {"object": 0.001975838533676638, "dictionary": 0.003274052425214396, "combined": 0.00284457074226659}, "Q28758112": {"object": 0.001975838533676638, "dictionary": 0.003274052425214396, "combined": 0.00284457074226659}, "Q32097899": {"object": 0.001975838533676638, "dictionary": 0.003274052425214396, "combined": 0.00284457074226659}, "Q66439259": {"object": 0.001975838533676638, "dictionary": 0.003274052425214396, "combined": 0.00284457074226659}, "Q28207108": {"object": 0.001975838533676638, "dictionary": 0.003274052425214396, "combined": 0.00284457074226659}, "Q32097740": {"object": 0.001975838533676638, "dictionary": 0.003274052425214396, "combined": 0.00284457074226659}, "Q6912474": {"object": 0.001975838533676638, "dictionary": 0.003274052425214396, "combined": 0.00284457074226659}, "Q28206109": {"object": 0.005562116568409829, "dictionary": 0.004947341306346021, "combined": 0.005150724366646725}, "Q1676669": {"object": 0.0019694216223253127, "dictionary": 0.0, "combined": 0.0006515340178559998}, "Q28445577": {"object": 0.008646579047505149, "dictionary": 0.0, "combined": 0.0028605049948009433}, "Q194831": {"object": 0.002811719351411481, "dictionary": 0.0, "combined": 0.0009301872109770037}, "Q1141412": {"object": 0.0020983596879767686, "dictionary": 0.0, "combined": 0.000694189960603945}, "Q5448342": {"object": 0.0032948906589984864, "dictionary": 0.0, "combined": 0.0010900323857106946}, "Q29904540": {"object": 0.0032948906589984864, "dictionary": 0.0, "combined": 0.0010900323857106946}, "Q5421818": {"object": 0.0032948906589984864, "dictionary": 0.0, "combined": 0.0010900323857106946}, "Q50223812": {"object": 0.0032948906589984864, "dictionary": 0.0, "combined": 0.0010900323857106946}, "Q5153426": {"object": 0.0032948906589984864, "dictionary": 0.0, "combined": 0.0010900323857106946}, "Q28205580": {"object": 0.0020531851268937866, "dictionary": 0.0, "combined": 0.0006792450839185123}, "Q28206771": {"object": 0.002006172411648527, "dictionary": 0.0, "combined": 0.0006636920997800025}, "Q28205626": {"object": 0.0020531851268937866, "dictionary": 0.0, "combined": 0.0006792450839185123}, "Q729366": {"object": 0.0020531851268937866, "dictionary": 0.0, "combined": 0.0006792450839185123}, "Q66134804": {"object": 0.006126505788641231, "dictionary": 0.010318387216555898, "combined": 0.008931607809777318}, "Q29012120": {"object": 0.0032492632266622325, "dictionary": 0.0, "combined": 0.0010749376878676842}, "Q29011315": {"object": 0.0032492632266622325, "dictionary": 0.0, "combined": 0.0010749376878676842}, "Q29011363": {"object": 0.0032492632266622325, "dictionary": 0.0, "combined": 0.0010749376878676842}, "Q29012190": {"object": 0.0032492632266622325, "dictionary": 0.0, "combined": 0.0010749376878676842}, "Q29011569": {"object": 0.0032492632266622325, "dictionary": 0.0, "combined": 0.0010749376878676842}, "Q29011484": {"object": 0.0032492632266622325, "dictionary": 0.0, "combined": 0.0010749376878676842}, "Q29011271": {"object": 0.0032492632266622325, "dictionary": 0.0, "combined": 0.0010749376878676842}, "Q29017311": {"object": 0.0032492632266622325, "dictionary": 0.0, "combined": 0.0010749376878676842}, "Q29011357": {"object": 0.0032492632266622325, "dictionary": 0.0, "combined": 0.0010749376878676842}, "Q29012206": {"object": 0.0032492632266622325, "dictionary": 0.0, "combined": 0.0010749376878676842}, "Q29011646": {"object": 0.0032492632266622325, "dictionary": 0.0, "combined": 0.0010749376878676842}, "Q29017312": {"object": 0.0032492632266622325, "dictionary": 0.0, "combined": 0.0010749376878676842}, "Q29012350": {"object": 0.0032492632266622325, "dictionary": 0.0, "combined": 0.0010749376878676842}, "Q29012285": {"object": 0.0032492632266622325, "dictionary": 0.0, "combined": 0.0010749376878676842}, "Q29017304": {"object": 0.0032492632266622325, "dictionary": 0.0, "combined": 0.0010749376878676842}, "Q29011538": {"object": 0.0032492632266622325, "dictionary": 0.0, "combined": 0.0010749376878676842}, "Q29011892": {"object": 0.0032492632266622325, "dictionary": 0.0, "combined": 0.0010749376878676842}, "Q29011549": {"object": 0.0032492632266622325, "dictionary": 0.0, "combined": 0.0010749376878676842}, "Q29011710": {"object": 0.0032492632266622325, "dictionary": 0.0, "combined": 0.0010749376878676842}, "Q29011079": {"object": 0.0032492632266622325, "dictionary": 0.0, "combined": 0.0010749376878676842}, "Q29012054": {"object": 0.0032492632266622325, "dictionary": 0.0, "combined": 0.0010749376878676842}, "Q29017314": {"object": 0.0032492632266622325, "dictionary": 0.0, "combined": 0.0010749376878676842}, "Q29011566": {"object": 0.0032492632266622325, "dictionary": 0.0, "combined": 0.0010749376878676842}, "Q29017309": {"object": 0.0032492632266622325, "dictionary": 0.0, "combined": 0.0010749376878676842}, "Q29017306": {"object": 0.0032492632266622325, "dictionary": 0.0, "combined": 0.0010749376878676842}, "Q29011365": {"object": 0.0032492632266622325, "dictionary": 0.0, "combined": 0.0010749376878676842}, "Q29012224": {"object": 0.0032492632266622325, "dictionary": 0.0, "combined": 0.0010749376878676842}, "Q29011514": {"object": 0.0032492632266622325, "dictionary": 0.0, "combined": 0.0010749376878676842}, "Q29011358": {"object": 0.0032492632266622325, "dictionary": 0.0, "combined": 0.0010749376878676842}, "Q29011977": {"object": 0.0032492632266622325, "dictionary": 0.0, "combined": 0.0010749376878676842}, "Q29011824": {"object": 0.0032492632266622325, "dictionary": 0.0, "combined": 0.0010749376878676842}, "Q29011579": {"object": 0.0032492632266622325, "dictionary": 0.0, "combined": 0.0010749376878676842}, "Q29011774": {"object": 0.0032492632266622325, "dictionary": 0.0,