{"name": "Q51913877", "Q4045294": {"object": 0.024295593851373053, "dictionary": 0.0, "combined": 0.024295593851373053}, "Q28018471": {"object": 0.04619514798451116, "dictionary": 0.0, "combined": 0.04619514798451115}, "Q336284": {"object": 0.04033417817815913, "dictionary": 0.0, "combined": 0.040334178178159125}, "Q28018470": {"object": 0.04728519212097797, "dictionary": 0.0, "combined": 0.04728519212097797}, "Q1076355": {"object": 0.02387036935141529, "dictionary": 0.0, "combined": 0.023870369351415288}, "Q3807693": {"object": 0.026966556439369137, "dictionary": 0.0, "combined": 0.026966556439369134}, "Q95994246": {"object": 0.026970571311317842, "dictionary": 0.0, "combined": 0.02697057131131784}, "Q58006953": {"object": 0.026970571311317842, "dictionary": 0.0, "combined": 0.02697057131131784}, "Q723030": {"object": 0.0257359630614522, "dictionary": 0.0, "combined": 0.025735963061452198}, "Q27979156": {"object": 0.0257359630614522, "dictionary": 0.0, "combined": 0.025735963061452198}, "Q16996920": {"object": 0.015012209331061257, "dictionary": 0.0, "combined": 0.015012209331061253}, "Q66811836": {"object": 0.015012209331061257, "dictionary": 0.0, "combined": 0.015012209331061253}, "Q28600763": {"object": 0.015012209331061257, "dictionary": 0.0, "combined": 0.015012209331061253}, "Q1662484": {"object": 0.015012209331061257, "dictionary": 0.0, "combined": 0.015012209331061253}, "Q684554": {"object": 0.015012209331061257, "dictionary": 0.0, "combined": 0.015012209331061253}, "Q29904539": {"object": 0.05551247402444981, "dictionary": 0.0, "combined": 0.05551247402444981}, "Q28755628": {"object": 0.05551247402444981, "dictionary": 0.0, "combined": 0.05551247402444981}, "Q58103465": {"object": 0.05551247402444981, "dictionary": 0.0, "combined": 0.05551247402444981}, "Q27596243": {"object": 0.02062160028445717, "dictionary": 0.0, "combined": 0.020621600284457167}, "Q479833": {"object": 0.024315432690746114, "dictionary": 0.0, "combined": 0.02431543269074611}, "Q3888665": {"object": 0.06930912277055298, "dictionary": 0.0, "combined": 0.06930912277055297}, "Q382011": {"object": 0.06930912277055298, "dictionary": 0.0, "combined": 0.06930912277055297}, "Q48906245": {"object": 0.2604861460836893, "dictionary": 0.0, "combined": 0.2604861460836893}, "type": "co-oc"}