{"name": "Q51993886", "Q99184084": {"object": 0.08995218573608887, "dictionary": 0.16013904754307756, "combined": 0.12902811791097066}, "Q4045294": {"object": 0.07526232084396796, "dictionary": 0.2154487338144806, "combined": 0.1533099016025975}, "Q1076355": {"object": 0.07394507036051338, "dictionary": 0.2104812798577965, "combined": 0.14996043170268467}, "Q16996920": {"object": 0.09300893998829246, "dictionary": 0.0, "combined": 0.04122701190273899}, "Q66811836": {"object": 0.09300893998829246, "dictionary": 0.0, "combined": 0.04122701190273899}, "Q28600763": {"object": 0.09300893998829246, "dictionary": 0.0, "combined": 0.04122701190273899}, "Q1662484": {"object": 0.09300893998829246, "dictionary": 0.0, "combined": 0.04122701190273899}, "Q684554": {"object": 0.09300893998829246, "dictionary": 0.0, "combined": 0.04122701190273899}, "Q27526733": {"object": 0.14514816884734688, "dictionary": 0.4139309387846454, "combined": 0.29479066628126016}, "Q479833": {"object": 0.15064755427062074, "dictionary": 0.0, "combined": 0.06677582298879205}, "type": "co-oc"}