{"name": "Q52063295", "Q28207379": {"object": 0.0025134340053512946, "dictionary": 0.0, "combined": 0.0007977695217616597}, "Q99184084": {"object": 0.0008549695398244783, "dictionary": 0.0, "combined": 0.0002713692261083377}, "Q4045294": {"object": 0.0014306932353345468, "dictionary": 0.0, "combined": 0.00045410520256765536}, "Q28205439": {"object": 0.0022895841188947967, "dictionary": 0.0, "combined": 0.0007267190718653862}, "Q1144005": {"object": 0.00301573097950772, "dictionary": 0.0, "combined": 0.0009571996941878871}, "Q1076355": {"object": 0.0014056530647048545, "dictionary": 0.0, "combined": 0.00044615739693378996}, "Q28858032": {"object": 0.0011830889179077063, "dictionary": 0.0, "combined": 0.00037551504365392475}, "Q3807693": {"object": 0.0023819670830494415, "dictionary": 0.001264092832371272, "combined": 0.0016189085961647413}, "Q95994246": {"object": 0.0023823217183491312, "dictionary": 0.0012672069697331405, "combined": 0.0016211468614584523}, "Q58006953": {"object": 0.0023823217183491312, "dictionary": 0.0012672069697331405, "combined": 0.0016211468614584523}, "Q723030": {"object": 0.0022732682610323526, "dictionary": 0.0012423124356729849, "combined": 0.00156954009870422}, "Q27979156": {"object": 0.0022732682610323526, "dictionary": 0.0012428210283831876, "combined": 0.0015698872629614274}, "Q47233167": {"object": 0.002099613709952788, "dictionary": 0.00278327583302278, "combined": 0.0025662799605205}, "Q29650304": {"object": 0.002099613709952788, "dictionary": 0.00278327583302278, "combined": 0.0025662799605205}, "Q1601331": {"object": 0.002099613709952788, "dictionary": 0.00278327583302278, "combined": 0.0025662799605205}, "Q81526237": {"object": 0.002099613709952788, "dictionary": 0.00278327583302278, "combined": 0.0025662799605205}, "Q28009496": {"object": 0.002099613709952788, "dictionary": 0.00278327583302278, "combined": 0.0025662799605205}, "Q34747804": {"object": 0.002099613709952788, "dictionary": 0.00278327583302278, "combined": 0.0025662799605205}, "Q28049770": {"object": 0.002099613709952788, "dictionary": 0.00278327583302278, "combined": 0.0025662799605205}, "Q28755606": {"object": 0.002099613709952788, "dictionary": 0.00278327583302278, "combined": 0.0025662799605205}, "Q81526528": {"object": 0.002099613709952788, "dictionary": 0.00278327583302278, "combined": 0.0025662799605205}, "Q81526664": {"object": 0.002099613709952788, "dictionary": 0.00278327583302278, "combined": 0.0025662799605205}, "Q28758112": {"object": 0.002099613709952788, "dictionary": 0.00278327583302278, "combined": 0.0025662799605205}, "Q32097899": {"object": 0.002099613709952788, "dictionary": 0.00278327583302278, "combined": 0.0025662799605205}, "Q66439259": {"object": 0.002099613709952788, "dictionary": 0.00278327583302278, "combined": 0.0025662799605205}, "Q28207108": {"object": 0.002099613709952788, "dictionary": 0.00278327583302278, "combined": 0.0025662799605205}, "Q32097740": {"object": 0.002099613709952788, "dictionary": 0.00278327583302278, "combined": 0.0025662799605205}, "Q6912474": {"object": 0.002099613709952788, "dictionary": 0.00278327583302278, "combined": 0.0025662799605205}, "Q28758102": {"object": 0.0018047312561298066, "dictionary": 0.0, "combined": 0.000572825699041883}, "Q27473691": {"object": 0.0023940992827147477, "dictionary": 0.0, "combined": 0.0007598924164131099}, "Q47455968": {"object": 0.0023719990221004322, "dictionary": 0.0, "combined": 0.0007528777447314373}, "Q28206310": {"object": 0.0023940992827147477, "dictionary": 0.0, "combined": 0.0007598924164131099}, "Q3928271": {"object": 0.0021033342670312974, "dictionary": 0.0, "combined": 0.0006676029562510609}, "Q1141412": {"object": 0.0011149050628874197, "dictionary": 0.0, "combined": 0.00035387333701050803}, "Q5448342": {"object": 0.0017506485177094906, "dictionary": 0.0, "combined": 0.000555659718048041}, "Q29904540": {"object": 0.0017506485177094906, "dictionary": 0.0, "combined": 0.000555659718048041}, "Q5421818": {"object": 0.0017506485177094906, "dictionary": 0.0, "combined": 0.000555659718048041}, "Q50223812": {"object": 0.0017506485177094906, "dictionary": 0.0, "combined": 0.000555659718048041}, "Q5153426": {"object": 0.0017506485177094906, "dictionary": 0.0, "combined": 0.000555659718048041}, "Q28205580": {"object": 0.0010909028162022025, "dictionary": 0.0, "combined": 0.0003462549707361189}, "Q28206771": {"object": 0.0010659239174236224, "dictionary": 0.0, "combined": 0.00033832661292354315}, "Q28205626": {"object": 0.0010909028162022025, "dictionary": 0.0, "combined": 0.0003462549707361189}, "Q729366": {"object": 0.0010909028162022025, "dictionary": 0.0, "combined": 0.0003462549707361189}, "Q29904539": {"object": 0.001634479929762586, "dictionary": 0.0, "combined": 0.0005187875508644923}, "Q28755628": {"object": 0.001634479929762586, "dictionary": 0.0, "combined": 0.0005187875508644923}, "Q58103465": {"object": 0.001634479929762586, "dictionary": 0.0, "combined": 0.0005187875508644923}, "Q939636": {"object": 0.0021646899991484866, "dictionary": 0.0, "combined": 0.0006870774015574637}, "Q27596243": {"object": 0.0012143429878368039, "dictionary": 0.0, "combined": 0.000385435154692192}, "Q28206625": {"object": 0.0034157539184805704, "dictionary": 0.0, "combined": 0.0010841678612607526}, "Q28205846": {"object": 0.006580254761764667, "dictionary": 0.007585407614652471, "combined": 0.007266369872249687}, "Q479833": {"object": 0.0014318614839256927, "dictionary": 0.0, "combined": 0.0004544760072587167}, "Q28600483": {"object": 0.004912486018553793, "dictionary": 0.0, "combined": 0.0015592339458042578}, "Q28600482": {"object": 0.004912486018553793, "dictionary": 0.0, "combined": 0.0015592339458042578}, "Q60806257": {"object": 0.004156321909730619, "dictionary": 0.0, "combined": 0.0013192257823972059}, "Q52834888": {"object": 0.004156321909730619, "dictionary": 0.0, "combined": 0.0013192257823972059}, "Q60806040": {"object": 0.004156321909730619, "dictionary": 0.0, "combined": 0.0013192257823972059}, "Q60886323": {"object": 0.004156321909730619, "dictionary": 0.0, "combined": 0.0013192257823972059}, "Q60886160": {"object": 0.004156321909730619, "dictionary": 0.0, "combined": 0.0013192257823972059}, "Q60873199": {"object": 0.004156321909730619, "dictionary": 0.0, "combined": 0.0013192257823972059}, "Q28858068": {"object": 0.004156321909730619, "dictionary": 0.0, "combined": 0.0013192257823972059}, "Q27996239": {"object": 0.0072760369225598875, "dictionary": 0.020455905942389684, "combined": 0.016272586315757464}, "Q28848214": {"object": 0.0072760369225598875, "dictionary": 0.020455905942389684, "combined": 0.016272586315757464}, "Q7271574": {"object": 0.0072760369225598875, "dictionary": 0.020455905942389684, "combined": 0.016272586315757464}, "Q27995538": {"object": 0.0072760369225598875, "dictionary": 0.020455905942389684, "combined": 0.016272586315757464}, "Q28757684": {"object": 0.0072760369225598875, "dictionary": 0.020455905942389684, "combined": 0.016272586315757464}, "Q27967388": {"object": 0.0015969769710084051, "dictionary": 0.0, "combined": 0.0005068840286688544}, "Q28771319": {"object": 0.0017957200271746787, "dictionary": 0.0, "combined": 0.0005699655150073265}, "Q6043826": {"object": 0.0017957200271746787, "dictionary": 0.0, "combined": 0.0005699655150073265}, "Q29000498": {"object": 0.0017957200271746787, "dictionary": 0.0, "combined": 0.0005699655150073265}, "Q51954585": {"object": 0.0017831495787868196, "dictionary": 0.0, "combined": 0.0005659756268394411}, "Q60628025": {"object": 0.0017831495787868196, "dictionary": 0.0, "combined": 0.0005659756268394411}, "Q51954521": {"object": 0.0017831495787868196, "dictionary": 0.0, "combined": 0.0005659756268394411}, "Q61971917": {"object": 0.0017831495787868196, "dictionary": 0.0, "combined": 0.0005659756268394411}, "Q60628005": {"object": 0.0017831495787868196, "dictionary": 0.0, "combined": 0.0005659756268394411}, "Q61971919": {"object": 0.0017831495787868196, "dictionary": 0.0,