{"name": "Q52006189", "Q4045294": {"object": 0.001604258922474598, "dictionary": 0.001684494657298048, "combined": 0.0016597630164847561}, "Q28205439": {"object": 0.005134693672657536, "dictionary": 0.0, "combined": 0.0015827037650726504}, "Q1144005": {"object": 0.001690793390285032, "dictionary": 0.0, "combined": 0.0005211654745859564}, "Q1076355": {"object": 0.0007880904918199392, "dictionary": 0.0016456564172106698, "combined": 0.0013813226700698305}, "Q28858032": {"object": 0.002653232580903956, "dictionary": 0.0, "combined": 0.0008178250667165346}, "Q3807693": {"object": 0.001780624875478311, "dictionary": 0.0032960662269478974, "combined": 0.002828950779440329}, "Q95994246": {"object": 0.0017808899809202978, "dictionary": 0.0016520931012856332, "combined": 0.0016917930949605987}, "Q58006953": {"object": 0.0017808899809202978, "dictionary": 0.0016520931012856332, "combined": 0.0016917930949605987}, "Q723030": {"object": 0.0016993677381332269, "dictionary": 0.001619637402285521, "combined": 0.0016442132603174484}, "Q27979156": {"object": 0.0016993677381332269, "dictionary": 0.0016203004687994837, "combined": 0.001644671945044484}, "Q47233167": {"object": 0.0023543300162135175, "dictionary": 0.0018143172001651381, "combined": 0.001980769255854158}, "Q29650304": {"object": 0.0023543300162135175, "dictionary": 0.0018143172001651381, "combined": 0.001980769255854158}, "Q1601331": {"object": 0.0023543300162135175, "dictionary": 0.0018143172001651381, "combined": 0.001980769255854158}, "Q81526237": {"object": 0.0023543300162135175, "dictionary": 0.0018143172001651381, "combined": 0.001980769255854158}, "Q28009496": {"object": 0.0023543300162135175, "dictionary": 0.0018143172001651381, "combined": 0.001980769255854158}, "Q34747804": {"object": 0.0023543300162135175, "dictionary": 0.0018143172001651381, "combined": 0.001980769255854158}, "Q28049770": {"object": 0.0023543300162135175, "dictionary": 0.0018143172001651381, "combined": 0.001980769255854158}, "Q28755606": {"object": 0.0023543300162135175, "dictionary": 0.0018143172001651381, "combined": 0.001980769255854158}, "Q81526528": {"object": 0.0023543300162135175, "dictionary": 0.0018143172001651381, "combined": 0.001980769255854158}, "Q81526664": {"object": 0.0023543300162135175, "dictionary": 0.0018143172001651381, "combined": 0.001980769255854158}, "Q28758112": {"object": 0.0023543300162135175, "dictionary": 0.0018143172001651381, "combined": 0.001980769255854158}, "Q32097899": {"object": 0.0023543300162135175, "dictionary": 0.0018143172001651381, "combined": 0.001980769255854158}, "Q66439259": {"object": 0.0023543300162135175, "dictionary": 0.0018143172001651381, "combined": 0.001980769255854158}, "Q28207108": {"object": 0.0023543300162135175, "dictionary": 0.0018143172001651381, "combined": 0.001980769255854158}, "Q32097740": {"object": 0.0023543300162135175, "dictionary": 0.0018143172001651381, "combined": 0.001980769255854158}, "Q6912474": {"object": 0.0023543300162135175, "dictionary": 0.0018143172001651381, "combined": 0.001980769255854158}, "Q16996920": {"object": 0.001982538143561399, "dictionary": 0.0, "combined": 0.0006110920698002945}, "Q66811836": {"object": 0.001982538143561399, "dictionary": 0.0, "combined": 0.0006110920698002945}, "Q28600763": {"object": 0.001982538143561399, "dictionary": 0.0, "combined": 0.0006110920698002945}, "Q1662484": {"object": 0.001982538143561399, "dictionary": 0.0, "combined": 0.0006110920698002945}, "Q684554": {"object": 0.001982538143561399, "dictionary": 0.0, "combined": 0.0006110920698002945}, "Q1141412": {"object": 0.0012501606568587767, "dictionary": 0.0, "combined": 0.000385346060485048}, "Q5448342": {"object": 0.0019630298342716737, "dictionary": 0.0, "combined": 0.0006050788825428998}, "Q29904540": {"object": 0.0019630298342716737, "dictionary": 0.0, "combined": 0.0006050788825428998}, "Q5421818": {"object": 0.0019630298342716737, "dictionary": 0.0, "combined": 0.0006050788825428998}, "Q50223812": {"object": 0.0019630298342716737, "dictionary": 0.0, "combined": 0.0006050788825428998}, "Q5153426": {"object": 0.0019630298342716737, "dictionary": 0.0, "combined": 0.0006050788825428998}, "Q28205580": {"object": 0.0012232465585369297, "dictionary": 0.0, "combined": 0.00037705013331526294}, "Q28206771": {"object": 0.0011952373247966466, "dictionary": 0.0, "combined": 0.0003684166446353819}, "Q28205626": {"object": 0.0012232465585369297, "dictionary": 0.0, "combined": 0.00037705013331526294}, "Q729366": {"object": 0.0012232465585369297, "dictionary": 0.0, "combined": 0.00037705013331526294}, "Q29904539": {"object": 0.0018327681617325434, "dictionary": 0.005153185718262323, "combined": 0.00412970940139509}, "Q28755628": {"object": 0.0018327681617325434, "dictionary": 0.005153185718262323, "combined": 0.00412970940139509}, "Q58103465": {"object": 0.0018327681617325434, "dictionary": 0.005153185718262323, "combined": 0.00412970940139509}, "Q60615282": {"object": 0.003639986890225869, "dictionary": 0.0, "combined": 0.001121979483733033}, "Q27526866": {"object": 0.003639986890225869, "dictionary": 0.0, "combined": 0.001121979483733033}, "Q939636": {"object": 0.004854602174327671, "dictionary": 0.0, "combined": 0.001496369136907368}, "Q28206625": {"object": 0.003830138820373094, "dictionary": 0.0, "combined": 0.0011805913883501354}, "Q28205846": {"object": 0.003689271799502309, "dictionary": 0.0, "combined": 0.001137170927750123}, "Q28600483": {"object": 0.00550844816495816, "dictionary": 0.0, "combined": 0.0016979088152447776}, "Q28600482": {"object": 0.00550844816495816, "dictionary": 0.0, "combined": 0.0016979088152447776}, "Q60806257": {"object": 0.004660549406178492, "dictionary": 0.0, "combined": 0.0014365548487818766}, "Q52834888": {"object": 0.004660549406178492, "dictionary": 0.0, "combined": 0.0014365548487818766}, "Q60806040": {"object": 0.004660549406178492, "dictionary": 0.0, "combined": 0.0014365548487818766}, "Q60886323": {"object": 0.004660549406178492, "dictionary": 0.0, "combined": 0.0014365548487818766}, "Q60886160": {"object": 0.004660549406178492, "dictionary": 0.0, "combined": 0.0014365548487818766}, "Q60873199": {"object": 0.004660549406178492, "dictionary": 0.0, "combined": 0.0014365548487818766}, "Q28858068": {"object": 0.004660549406178492, "dictionary": 0.0, "combined": 0.0014365548487818766}, "Q51954585": {"object": 0.0019994737874095415, "dictionary": 0.0, "combined": 0.0006163122657829911}, "Q60628025": {"object": 0.0019994737874095415, "dictionary": 0.0, "combined": 0.0006163122657829911}, "Q51954521": {"object": 0.0019994737874095415, "dictionary": 0.0, "combined": 0.0006163122657829911}, "Q61971917": {"object": 0.0019994737874095415, "dictionary": 0.0, "combined": 0.0006163122657829911}, "Q60628005": {"object": 0.0019994737874095415, "dictionary": 0.0, "combined": 0.0006163122657829911}, "Q61971919": {"object": 0.0019994737874095415, "dictionary": 0.0, "combined": 0.0006163122657829911}, "Q44933672": {"object": 0.0019994737874095415, "dictionary": 0.0, "combined": 0.0006163122657829911}, "Q27487130": {"object": 0.0019994737874095415, "dictionary": 0.0, "combined": 0.0006163122657829911}, "Q52834849": {"object": 0.0019994737874095415, "dictionary": 0.0, "combined": 0.0006163122657829911}, "Q1072083": {"object": 0.005803965002571147, "dictionary": 0.00881251189120164, "combined": 0.007885165725764542}, "Q49243488": {"object": 0.0025358923031844663, "dictionary": 0.0, "combined": 0.000781656424304574}, "Q28858035": {"object": 0.0016108410752584382, "dictionary": 0.0, "combined": 0.0004965211943063556}, "Q61641368": {"object": 0.0016108410752584382, "dictionary": 0.0, "combined": 0.0004965211943063556}, "Q51801746": {"object": 0.0016108410752584382, "dictionary": 0.0, "combined": 0.0004965211943063556}, "Q85621726": {"object": 0.0016108410752584382, "dictionary": 0.0, "combined": 0.0004965211943063556}, "Q28858042": {"object": 0.0016108410752584382, "dictionary": 0.0, "combined": 0.0004965211943063556},