{"name": "Q5227435", "Q4045294": {"object": 0.0072965341347732944, "dictionary": 0.0, "combined": 0.0018892970302977906}, "Q1076355": {"object": 0.007168829288459838, "dictionary": 0.0, "combined": 0.0018562303191116112}, "Q307271": {"object": 0.04075794528323271, "dictionary": 0.048919139612008306, "combined": 0.04680595547221835}, "Q28205580": {"object": 0.01112720664297878, "dictionary": 0.0, "combined": 0.0028811759224015247}, "Q28206771": {"object": 0.010872421923116264, "dictionary": 0.0, "combined": 0.0028152043246935862}, "Q28205626": {"object": 0.01112720664297878, "dictionary": 0.0, "combined": 0.0028811759224015247}, "Q729366": {"object": 0.01112720664297878, "dictionary": 0.0, "combined": 0.0028811759224015247}, "Q66134804": {"object": 0.011067502716742474, "dictionary": 0.0, "combined": 0.0028657167402128462}, "Q29012120": {"object": 0.01760933433956879, "dictionary": 0.0, "combined": 0.004559598085715241}, "Q29011315": {"object": 0.01760933433956879, "dictionary": 0.0, "combined": 0.004559598085715241}, "Q29011363": {"object": 0.01760933433956879, "dictionary": 0.0, "combined": 0.004559598085715241}, "Q29012190": {"object": 0.01760933433956879, "dictionary": 0.0, "combined": 0.004559598085715241}, "Q29011569": {"object": 0.01760933433956879, "dictionary": 0.0, "combined": 0.004559598085715241}, "Q29011484": {"object": 0.01760933433956879, "dictionary": 0.0, "combined": 0.004559598085715241}, "Q29011271": {"object": 0.01760933433956879, "dictionary": 0.0, "combined": 0.004559598085715241}, "Q29017311": {"object": 0.01760933433956879, "dictionary": 0.0, "combined": 0.004559598085715241}, "Q29011357": {"object": 0.01760933433956879, "dictionary": 0.0, "combined": 0.004559598085715241}, "Q29012206": {"object": 0.01760933433956879, "dictionary": 0.0, "combined": 0.004559598085715241}, "Q29011646": {"object": 0.01760933433956879, "dictionary": 0.0, "combined": 0.004559598085715241}, "Q29017312": {"object": 0.01760933433956879, "dictionary": 0.0, "combined": 0.004559598085715241}, "Q29012350": {"object": 0.01760933433956879, "dictionary": 0.0, "combined": 0.004559598085715241}, "Q29012285": {"object": 0.01760933433956879, "dictionary": 0.0, "combined": 0.004559598085715241}, "Q29017304": {"object": 0.01760933433956879, "dictionary": 0.0, "combined": 0.004559598085715241}, "Q29011538": {"object": 0.01760933433956879, "dictionary": 0.0, "combined": 0.004559598085715241}, "Q29011892": {"object": 0.01760933433956879, "dictionary": 0.0, "combined": 0.004559598085715241}, "Q29011549": {"object": 0.01760933433956879, "dictionary": 0.0, "combined": 0.004559598085715241}, "Q29011710": {"object": 0.01760933433956879, "dictionary": 0.0, "combined": 0.004559598085715241}, "Q29011079": {"object": 0.01760933433956879, "dictionary": 0.0, "combined": 0.004559598085715241}, "Q29012054": {"object": 0.01760933433956879, "dictionary": 0.0, "combined": 0.004559598085715241}, "Q29017314": {"object": 0.01760933433956879, "dictionary": 0.0, "combined": 0.004559598085715241}, "Q29011566": {"object": 0.01760933433956879, "dictionary": 0.0, "combined": 0.004559598085715241}, "Q29017309": {"object": 0.01760933433956879, "dictionary": 0.0, "combined": 0.004559598085715241}, "Q29017306": {"object": 0.01760933433956879, "dictionary": 0.0, "combined": 0.004559598085715241}, "Q29011365": {"object": 0.01760933433956879, "dictionary": 0.0, "combined": 0.004559598085715241}, "Q29012224": {"object": 0.01760933433956879, "dictionary": 0.0, "combined": 0.004559598085715241}, "Q29011514": {"object": 0.01760933433956879, "dictionary": 0.0, "combined": 0.004559598085715241}, "Q29011358": {"object": 0.01760933433956879, "dictionary": 0.0, "combined": 0.004559598085715241}, "Q29011977": {"object": 0.01760933433956879, "dictionary": 0.0, "combined": 0.004559598085715241}, "Q29011824": {"object": 0.01760933433956879, "dictionary": 0.0, "combined": 0.004559598085715241}, "Q29011579": {"object": 0.01760933433956879, "dictionary": 0.0, "combined": 0.004559598085715241}, "Q29011774": {"object": 0.01760933433956879, "dictionary": 0.0, "combined": 0.004559598085715241}, "Q29011347": {"object": 0.01760933433956879, "dictionary": 0.0, "combined": 0.004559598085715241}, "Q29011361": {"object": 0.01760933433956879, "dictionary": 0.0, "combined": 0.004559598085715241}, "Q29011223": {"object": 0.01760933433956879, "dictionary": 0.0, "combined": 0.004559598085715241}, "Q751800": {"object": 0.025123858776612242, "dictionary": 0.10352624680406196, "combined": 0.08322545794561056}, "Q260180": {"object": 0.059431911835002, "dictionary": 0.2964163937205263, "combined": 0.23505382491964824}, "Q4049344": {"object": 0.059431911835002, "dictionary": 0.2964163937205263, "combined": 0.23505382491964824}, "Q28344736": {"object": 0.05194007418342446, "dictionary": 0.2547218261428772, "combined": 0.20221539573371128}, "Q27967488": {"object": 0.05959135387022199, "dictionary": 0.0, "combined": 0.015430033741894259}, "type": "co-oc"}