{"name": "Q52426787", "Q99184084": {"object": 0.0023746701003045856, "dictionary": 0.0, "combined": 0.0009289788978312682}, "Q28600412": {"object": 0.004672812490725366, "dictionary": 0.0, "combined": 0.0018280198992059763}, "Q28600258": {"object": 0.02455989321429394, "dictionary": 0.0, "combined": 0.009607912495357564}, "Q4045294": {"object": 0.001986868707249183, "dictionary": 0.003627164954408131, "combined": 0.002985475567908911}, "Q1144005": {"object": 0.004188082647406036, "dictionary": 0.0, "combined": 0.0016383919607673035}, "Q1076355": {"object": 0.0019520942844591836, "dictionary": 0.0035435358952564757, "combined": 0.002920958606153596}, "Q28858032": {"object": 0.0032860186807753457, "dictionary": 0.005515681346244625, "combined": 0.004643429842662079}, "Q3807693": {"object": 0.0022052972839197954, "dictionary": 0.0035486535543455613, "combined": 0.0030231280814241694}, "Q95994246": {"object": 0.002205625616023439, "dictionary": 0.003557395787775668, "combined": 0.003028578768470753}, "Q58006953": {"object": 0.002205625616023439, "dictionary": 0.003557395787775668, "combined": 0.003028578768470753}, "Q723030": {"object": 0.002104660621614336, "dictionary": 0.0034875100368924597, "combined": 0.002946534713411982}, "Q27979156": {"object": 0.002104660621614336, "dictionary": 0.003488937795426135, "combined": 0.002947403928024625}, "Q47233167": {"object": 0.0029158289663968923, "dictionary": 0.003906707412877526, "combined": 0.0035190724454021377}, "Q29650304": {"object": 0.0029158289663968923, "dictionary": 0.003906707412877526, "combined": 0.0035190724454021377}, "Q1601331": {"object": 0.0029158289663968923, "dictionary": 0.003906707412877526, "combined": 0.0035190724454021377}, "Q81526237": {"object": 0.0029158289663968923, "dictionary": 0.003906707412877526, "combined": 0.0035190724454021377}, "Q28009496": {"object": 0.0029158289663968923, "dictionary": 0.003906707412877526, "combined": 0.0035190724454021377}, "Q34747804": {"object": 0.0029158289663968923, "dictionary": 0.003906707412877526, "combined": 0.0035190724454021377}, "Q28049770": {"object": 0.0029158289663968923, "dictionary": 0.003906707412877526, "combined": 0.0035190724454021377}, "Q28755606": {"object": 0.0029158289663968923, "dictionary": 0.003906707412877526, "combined": 0.0035190724454021377}, "Q81526528": {"object": 0.0029158289663968923, "dictionary": 0.003906707412877526, "combined": 0.0035190724454021377}, "Q81526664": {"object": 0.0029158289663968923, "dictionary": 0.003906707412877526, "combined": 0.0035190724454021377}, "Q28758112": {"object": 0.0029158289663968923, "dictionary": 0.003906707412877526, "combined": 0.0035190724454021377}, "Q32097899": {"object": 0.0029158289663968923, "dictionary": 0.003906707412877526, "combined": 0.0035190724454021377}, "Q66439259": {"object": 0.0029158289663968923, "dictionary": 0.003906707412877526, "combined": 0.0035190724454021377}, "Q28207108": {"object": 0.0029158289663968923, "dictionary": 0.003906707412877526, "combined": 0.0035190724454021377}, "Q32097740": {"object": 0.0029158289663968923, "dictionary": 0.003906707412877526, "combined": 0.0035190724454021377}, "Q6912474": {"object": 0.0029158289663968923, "dictionary": 0.003906707412877526, "combined": 0.0035190724454021377}, "Q1343830": {"object": 0.003461068142089292, "dictionary": 0.0, "combined": 0.0013539814509580185}, "Q28758102": {"object": 0.0050126246063648214, "dictionary": 0.0, "combined": 0.0019609555371356245}, "Q27473691": {"object": 0.006649588925694959, "dictionary": 0.0, "combined": 0.002601341462307029}, "Q47455968": {"object": 0.006588205653373317, "dictionary": 0.0, "combined": 0.0025773281205551278}, "Q28206310": {"object": 0.006649588925694959, "dictionary": 0.0, "combined": 0.002601341462307029}, "Q3928271": {"object": 0.005841991746151189, "dictionary": 0.0, "combined": 0.0022854067404069287}, "Q1882400": {"object": 0.00388094713005816, "dictionary": 0.0, "combined": 0.0015182395175483193}, "Q27979410": {"object": 0.00388094713005816, "dictionary": 0.0, "combined": 0.0015182395175483193}, "Q28055391": {"object": 0.003844275709594121, "dictionary": 0.0, "combined": 0.0015038935350220643}, "Q29904539": {"object": 0.002269876549959883, "dictionary": 0.0, "combined": 0.0008879833099024184}, "Q28755628": {"object": 0.002269876549959883, "dictionary": 0.0, "combined": 0.0008879833099024184}, "Q58103465": {"object": 0.002269876549959883, "dictionary": 0.0, "combined": 0.0008879833099024184}, "Q28206528": {"object": 0.008536739217039357, "dictionary": 0.0, "combined": 0.0033396009777951854}, "Q479833": {"object": 0.003976982214306891, "dictionary": 0.008415427301705273, "combined": 0.006679092715757058}, "Q28975647": {"object": 0.014738203518945805, "dictionary": 0.03239704861239207, "combined": 0.025488849258815033}, "Q28207194": {"object": 0.012115635762677842, "dictionary": 0.025055648806050296, "combined": 0.019993472357451164}, "Q59608283": {"object": 0.014738203518945805, "dictionary": 0.03239704861239207, "combined": 0.025488849258815033}, "Q28205418": {"object": 0.014738203518945805, "dictionary": 0.03239704861239207, "combined": 0.025488849258815033}, "Q59608340": {"object": 0.014738203518945805, "dictionary": 0.03239704861239207, "combined": 0.025488849258815033}, "Q29650303": {"object": 0.014738203518945805, "dictionary": 0.03239704861239207, "combined": 0.025488849258815033}, "Q29000561": {"object": 0.014738203518945805, "dictionary": 0.03239704861239207, "combined": 0.025488849258815033}, "Q28206265": {"object": 0.01358324972904477, "dictionary": 0.030981640164343568, "combined": 0.0241753315454963}, "Q27996239": {"object": 0.020209126201457768, "dictionary": 0.0, "combined": 0.007905877865879233}, "Q28848214": {"object": 0.020209126201457768, "dictionary": 0.0, "combined": 0.007905877865879233}, "Q7271574": {"object": 0.020209126201457768, "dictionary": 0.0, "combined": 0.007905877865879233}, "Q27995538": {"object": 0.020209126201457768, "dictionary": 0.0, "combined": 0.007905877865879233}, "Q28757684": {"object": 0.020209126201457768, "dictionary": 0.0, "combined": 0.007905877865879233}, "Q27925705": {"object": 0.009188339783359086, "dictionary": 0.0, "combined": 0.003594509302049696}, "Q51954585": {"object": 0.0024763408471751396, "dictionary": 0.0, "combined": 0.0009687528345803664}, "Q60628025": {"object": 0.0024763408471751396, "dictionary": 0.0, "combined": 0.0009687528345803664}, "Q51954521": {"object": 0.0024763408471751396, "dictionary": 0.0, "combined": 0.0009687528345803664}, "Q61971917": {"object": 0.0024763408471751396, "dictionary": 0.0, "combined": 0.0009687528345803664}, "Q60628005": {"object": 0.0024763408471751396, "dictionary": 0.0, "combined": 0.0009687528345803664}, "Q61971919": {"object": 0.0024763408471751396, "dictionary": 0.0, "combined": 0.0009687528345803664}, "Q44933672": {"object": 0.0024763408471751396, "dictionary": 0.0, "combined": 0.0009687528345803664}, "Q27487130": {"object": 0.0024763408471751396, "dictionary": 0.0, "combined": 0.0009687528345803664}, "Q52834849": {"object": 0.0024763408471751396, "dictionary": 0.0, "combined": 0.0009687528345803664}, "Q28858035": {"object": 0.003990041357969501, "dictionary": 0.005964202810577834, "combined": 0.005191904237336084}, "Q61641368": {"object": 0.003990041357969501, "dictionary": 0.005964202810577834, "combined": 0.005191904237336084}, "Q51801746": {"object": 0.003990041357969501, "dictionary": 0.005964202810577834, "combined": 0.005191904237336084}, "Q85621726": {"object": 0.003990041357969501, "dictionary": 0.005964202810577834, "combined": 0.005191904237336084}, "Q28858042": {"object": 0.003990041357969501, "dictionary": 0.005964202810577834, "combined": 0.005191904237336084}, "Q48915661": {"object": 0.003990041357969501, "dictionary": 0.005964202810577834, "combined": 0.005191904237336084}, "Q48782098": {"object": 0.003990041357969501, "dictionary": 0.005964202810577834, "combined": 0.005191904237336084}, "Q61639409": {"object": 0.003990041357969501,