{"name": "Q55020067", "Q4045294": {"object": 0.04305569802984315, "dictionary": 0.053014734720941814, "combined": 0.04996158988126693}, "Q1076355": {"object": 0.04230213185743046, "dictionary": 0.05179241027702625, "combined": 0.04888297280002962}, "Q3807693": {"object": 0.04778907311592973, "dictionary": 0.051867210111720935, "combined": 0.05061697444030143}, "Q95994246": {"object": 0.04779618811444796, "dictionary": 0.05199498681666578, "combined": 0.05070775985002873}, "Q58006953": {"object": 0.04779618811444796, "dictionary": 0.05199498681666578, "combined": 0.05070775985002873}, "Q723030": {"object": 0.04560826382181479, "dictionary": 0.05097353491403189, "combined": 0.04932870215994628}, "Q27979156": {"object": 0.04560826382181479, "dictionary": 0.05099440306887451, "combined": 0.049343172758353725}, "Q16996920": {"object": 0.05320809655224281, "dictionary": 0.0, "combined": 0.016312021981262775}, "Q66811836": {"object": 0.05320809655224281, "dictionary": 0.0, "combined": 0.016312021981262775}, "Q28600763": {"object": 0.05320809655224281, "dictionary": 0.0, "combined": 0.016312021981262775}, "Q1662484": {"object": 0.05320809655224281, "dictionary": 0.0, "combined": 0.016312021981262775}, "Q684554": {"object": 0.05320809655224281, "dictionary": 0.0, "combined": 0.016312021981262775}, "Q47512572": {"object": 0.12464803659408463, "dictionary": 0.18846547585317697, "combined": 0.16890094452362434}, "Q28206138": {"object": 0.1446778368844863, "dictionary": 0.22445112871044803, "combined": 0.1999950069150532}, "Q28206147": {"object": 0.1446778368844863, "dictionary": 0.22445112871044803, "combined": 0.1999950069150532}, "type": "co-oc"}