{"name": "Q55429234", "Q99184084": {"object": 0.0008435023069915007, "dictionary": 0.00011033714658525804, "combined": 0.0002164536096699687}, "Q4045294": {"object": 0.001411504139492003, "dictionary": 0.0004453379526583338, "combined": 0.0005851783924877734}, "Q1144005": {"object": 0.001487641325211847, "dictionary": 0.0001368296708080379, "combined": 0.00033234271861777435}, "Q1076355": {"object": 0.0013867998188001308, "dictionary": 0.00043507010036777856, "combined": 0.000572821042429303}, "Q28858032": {"object": 0.0011672208016160447, "dictionary": 0.0, "combined": 0.00016894057409624406}, "Q3807693": {"object": 0.0015666793853595445, "dictionary": 0.00014523281299585008, "combined": 0.0003509693794190849}, "Q95994246": {"object": 0.0015669126378747864, "dictionary": 0.0001455905991627657, "combined": 0.0003513091409015715}, "Q58006953": {"object": 0.0015669126378747864, "dictionary": 0.0001455905991627657, "combined": 0.0003513091409015715}, "Q723030": {"object": 0.0014951854487393027, "dictionary": 0.0001427304427587497, "combined": 0.00033848134510160676}, "Q27979156": {"object": 0.0014951854487393027, "dictionary": 0.00014278887545299523, "combined": 0.0003385313203961057}, "Q26549229": {"object": 0.0009049381857439665, "dictionary": 0.0, "combined": 0.00013097845447025295}, "Q47233167": {"object": 0.0010357263771641181, "dictionary": 0.0, "combined": 0.00014990840509565152}, "Q29650304": {"object": 0.0010357263771641181, "dictionary": 0.0, "combined": 0.00014990840509565152}, "Q1601331": {"object": 0.0010357263771641181, "dictionary": 0.0, "combined": 0.00014990840509565152}, "Q81526237": {"object": 0.0010357263771641181, "dictionary": 0.0, "combined": 0.00014990840509565152}, "Q28009496": {"object": 0.0010357263771641181, "dictionary": 0.0, "combined": 0.00014990840509565152}, "Q34747804": {"object": 0.0010357263771641181, "dictionary": 0.0, "combined": 0.00014990840509565152}, "Q28049770": {"object": 0.0010357263771641181, "dictionary": 0.0, "combined": 0.00014990840509565152}, "Q28755606": {"object": 0.0010357263771641181, "dictionary": 0.0, "combined": 0.00014990840509565152}, "Q81526528": {"object": 0.0010357263771641181, "dictionary": 0.0, "combined": 0.00014990840509565152}, "Q81526664": {"object": 0.0010357263771641181, "dictionary": 0.0, "combined": 0.00014990840509565152}, "Q28758112": {"object": 0.0010357263771641181, "dictionary": 0.0, "combined": 0.00014990840509565152}, "Q32097899": {"object": 0.0010357263771641181, "dictionary": 0.0, "combined": 0.00014990840509565152}, "Q66439259": {"object": 0.0010357263771641181, "dictionary": 0.0, "combined": 0.00014990840509565152}, "Q28207108": {"object": 0.0010357263771641181, "dictionary": 0.0, "combined": 0.00014990840509565152}, "Q32097740": {"object": 0.0010357263771641181, "dictionary": 0.0, "combined": 0.00014990840509565152}, "Q6912474": {"object": 0.0010357263771641181, "dictionary": 0.0, "combined": 0.00014990840509565152}, "Q16996920": {"object": 0.0017443323874560001, "dictionary": 0.0, "combined": 0.00025247023917281586}, "Q66811836": {"object": 0.0017443323874560001, "dictionary": 0.0, "combined": 0.00025247023917281586}, "Q28600763": {"object": 0.0017443323874560001, "dictionary": 0.0, "combined": 0.00025247023917281586}, "Q1662484": {"object": 0.0017443323874560001, "dictionary": 0.0, "combined": 0.00025247023917281586}, "Q684554": {"object": 0.0017443323874560001, "dictionary": 0.0, "combined": 0.00025247023917281586}, "Q28206109": {"object": 0.0009718794905850064, "dictionary": 0.0, "combined": 0.00014066736890267157}, "Q1676669": {"object": 0.0010323626588069686, "dictionary": 0.018908401694350322, "combined": 0.01632106920931379}, "Q1343830": {"object": 0.001229399806791119, "dictionary": 9.33387766626109e-05, "combined": 0.0002577693645792701}, "Q61777776": {"object": 0.0039324120944920285, "dictionary": 0.0, "combined": 0.0005691673382677014}, "Q34312361": {"object": 0.0022104977385815194, "dictionary": 0.0, "combined": 0.0003199418280391943}, "Q27923693": {"object": 0.0022104977385815194, "dictionary": 0.0, "combined": 0.0003199418280391943}, "Q34312151": {"object": 0.0022104977385815194, "dictionary": 0.0, "combined": 0.0003199418280391943}, "Q27925722": {"object": 0.0022104977385815194, "dictionary": 0.0, "combined": 0.0003199418280391943}, "Q1141412": {"object": 0.0021999029177463044, "dictionary": 0.0, "combined": 0.0003184083605822488}, "Q5448342": {"object": 0.0017271680389015517, "dictionary": 0.0, "combined": 0.000249985914960326}, "Q29904540": {"object": 0.0017271680389015517, "dictionary": 0.0, "combined": 0.000249985914960326}, "Q5421818": {"object": 0.0017271680389015517, "dictionary": 0.0, "combined": 0.000249985914960326}, "Q50223812": {"object": 0.0017271680389015517, "dictionary": 0.0, "combined": 0.000249985914960326}, "Q5153426": {"object": 0.0017271680389015517, "dictionary": 0.0, "combined": 0.000249985914960326}, "Q28205580": {"object": 0.001076271141026839, "dictionary": 0.0, "combined": 0.00015577675123382964}, "Q28206771": {"object": 0.0010516272703806815, "dictionary": 0.0, "combined": 0.00015220985999170032}, "Q28205626": {"object": 0.001076271141026839, "dictionary": 0.0, "combined": 0.00015577675123382964}, "Q729366": {"object": 0.001076271141026839, "dictionary": 0.0, "combined": 0.00015577675123382964}, "Q24834502": {"object": 0.003246344466863223, "dictionary": 0.0, "combined": 0.00046986765244991447}, "Q27526733": {"object": 0.002722175437460412, "dictionary": 0.0, "combined": 0.0003940007585184684}, "Q27596243": {"object": 0.0011980556780181674, "dictionary": 0.0, "combined": 0.00017340353578639643}, "Q5924007": {"object": 0.0014712451075658212, "dictionary": 0.00020415772448690087, "combined": 0.0003875527339239206}, "Q26211936": {"object": 0.001458003679873243, "dictionary": 0.0, "combined": 0.00021102774930946384}, "Q26211977": {"object": 0.001458003679873243, "dictionary": 0.0, "combined": 0.00021102774930946384}, "Q26211940": {"object": 0.001458003679873243, "dictionary": 0.0, "combined": 0.00021102774930946384}, "Q26211915": {"object": 0.001458003679873243, "dictionary": 0.0, "combined": 0.00021102774930946384}, "Q10394822": {"object": 0.001458003679873243, "dictionary": 0.0, "combined": 0.00021102774930946384}, "Q26211975": {"object": 0.001458003679873243, "dictionary": 0.0, "combined": 0.00021102774930946384}, "Q26211905": {"object": 0.001458003679873243, "dictionary": 0.0, "combined": 0.00021102774930946384}, "Q5532250": {"object": 0.001458003679873243, "dictionary": 0.0, "combined": 0.00021102774930946384}, "Q26211927": {"object": 0.001458003679873243, "dictionary": 0.0, "combined": 0.00021102774930946384}, "Q26211957": {"object": 0.001458003679873243, "dictionary": 0.0, "combined": 0.00021102774930946384}, "Q26211948": {"object": 0.001458003679873243, "dictionary": 0.0, "combined": 0.00021102774930946384}, "Q26211958": {"object": 0.001458003679873243, "dictionary": 0.0, "combined": 0.00021102774930946384}, "Q26211874": {"object": 0.001458003679873243, "dictionary": 0.0, "combined": 0.00021102774930946384}, "Q26211954": {"object": 0.001458003679873243, "dictionary": 0.0, "combined": 0.00021102774930946384}, "Q26211891": {"object": 0.001458003679873243, "dictionary": 0.0, "combined": 0.00021102774930946384}, "Q26211983": {"object": 0.001458003679873243, "dictionary": 0.0, "combined": 0.00021102774930946384}, "Q26211840": {"object": 0.001458003679873243, "dictionary": 0.0, "combined": 0.00021102774930946384}, "Q26211965": {"object": 0.001458003679873243, "dictionary": 0.0, "combined": 0.00021102774930946384}, "Q26211978": {"object": 0.001458003679873243, "dictionary": 0.0, "combined": 0.00021102774930946384}, "Q26211931": {"object": 0.001458003679873243, "dictionary": 0.0, "combined": 0.00021102774930946384}, "Q28207070": {"object": 0.013847019066611174, "dictionary": 0.0, "combined": 0.00200418236840543}, "Q1569639": {"object": 0.005073287234957013, "dictionary": 0.0, "combined": 0.0007342947082866682},