{"name": "Q55739507", "Q99184084": {"object": 0.0016969141183991493, "dictionary": 0.0, "combined": 0.0006377803855571847}, "Q28600412": {"object": 0.0033391423453416596, "dictionary": 0.0, "combined": 0.0012550072330421793}, "Q1144005": {"object": 0.0029927595300476635, "dictionary": 0.0, "combined": 0.0011248202288247839}, "Q28858032": {"object": 0.002348154167610826, "dictionary": 0.0, "combined": 0.0008825471213471715}, "Q3807693": {"object": 0.0015758820965787236, "dictionary": 0.0, "combined": 0.0005922908415051741}, "Q95994246": {"object": 0.0015761167192246755, "dictionary": 0.0, "combined": 0.000592379023764944}, "Q58006953": {"object": 0.0015761167192246755, "dictionary": 0.0, "combined": 0.000592379023764944}, "Q723030": {"object": 0.0015039682029086942, "dictionary": 0.0, "combined": 0.0005652622073895841}, "Q27979156": {"object": 0.0015039682029086942, "dictionary": 0.0, "combined": 0.0005652622073895841}, "Q47233167": {"object": 0.0020836205160798733, "dictionary": 0.0, "combined": 0.000783122894489171}, "Q29650304": {"object": 0.0020836205160798733, "dictionary": 0.0, "combined": 0.000783122894489171}, "Q1601331": {"object": 0.0020836205160798733, "dictionary": 0.0, "combined": 0.000783122894489171}, "Q81526237": {"object": 0.0020836205160798733, "dictionary": 0.0, "combined": 0.000783122894489171}, "Q28009496": {"object": 0.0020836205160798733, "dictionary": 0.0, "combined": 0.000783122894489171}, "Q34747804": {"object": 0.0020836205160798733, "dictionary": 0.0, "combined": 0.000783122894489171}, "Q28049770": {"object": 0.0020836205160798733, "dictionary": 0.0, "combined": 0.000783122894489171}, "Q28755606": {"object": 0.0020836205160798733, "dictionary": 0.0, "combined": 0.000783122894489171}, "Q81526528": {"object": 0.0020836205160798733, "dictionary": 0.0, "combined": 0.000783122894489171}, "Q81526664": {"object": 0.0020836205160798733, "dictionary": 0.0, "combined": 0.000783122894489171}, "Q28758112": {"object": 0.0020836205160798733, "dictionary": 0.0, "combined": 0.000783122894489171}, "Q32097899": {"object": 0.0020836205160798733, "dictionary": 0.0, "combined": 0.000783122894489171}, "Q66439259": {"object": 0.0020836205160798733, "dictionary": 0.0, "combined": 0.000783122894489171}, "Q28207108": {"object": 0.0020836205160798733, "dictionary": 0.0, "combined": 0.000783122894489171}, "Q32097740": {"object": 0.0020836205160798733, "dictionary": 0.0, "combined": 0.000783122894489171}, "Q6912474": {"object": 0.0020836205160798733, "dictionary": 0.0, "combined": 0.000783122894489171}, "Q28206109": {"object": 0.001955176666722368, "dictionary": 0.0, "combined": 0.0007348476359610849}, "Q47512572": {"object": 0.004110366584549439, "dictionary": 0.020734581235800978, "combined": 0.014486417044755786}, "Q27960138": {"object": 0.019678611866136963, "dictionary": 0.0, "combined": 0.007396150769878181}, "Q28206328": {"object": 0.012727130466604194, "dictionary": 0.03160162963834964, "combined": 0.02450770235680232}, "Q28205727": {"object": 0.00830884643832975, "dictionary": 0.03158353192016878, "combined": 0.022835807023912223}, "Q4545483": {"object": 0.00830884643832975, "dictionary": 0.03158353192016878, "combined": 0.022835807023912223}, "Q5448342": {"object": 0.0034746269284232634, "dictionary": 0.016215044620133033, "combined": 0.011426594562776086}, "Q29904540": {"object": 0.0034746269284232634, "dictionary": 0.016215044620133033, "combined": 0.011426594562776086}, "Q5421818": {"object": 0.0034746269284232634, "dictionary": 0.016215044620133033, "combined": 0.011426594562776086}, "Q50223812": {"object": 0.0034746269284232634, "dictionary": 0.016215044620133033, "combined": 0.011426594562776086}, "Q5153426": {"object": 0.0034746269284232634, "dictionary": 0.016215044620133033, "combined": 0.011426594562776086}, "Q27526733": {"object": 0.002738165559417076, "dictionary": 0.0, "combined": 0.0010291318030000913}, "Q27596243": {"object": 0.0024101861699801826, "dictionary": 0.0, "combined": 0.000905861674487513}, "Q58335745": {"object": 0.004742641868445634, "dictionary": 0.0, "combined": 0.0017825085704811232}, "Q34310996": {"object": 0.004742641868445634, "dictionary": 0.0, "combined": 0.0017825085704811232}, "Q26211936": {"object": 0.0029331360549316775, "dictionary": 0.0, "combined": 0.001102410913859801}, "Q26211977": {"object": 0.0029331360549316775, "dictionary": 0.0, "combined": 0.001102410913859801}, "Q26211940": {"object": 0.0029331360549316775, "dictionary": 0.0, "combined": 0.001102410913859801}, "Q26211915": {"object": 0.0029331360549316775, "dictionary": 0.0, "combined": 0.001102410913859801}, "Q10394822": {"object": 0.0029331360549316775, "dictionary": 0.0, "combined": 0.001102410913859801}, "Q26211975": {"object": 0.0029331360549316775, "dictionary": 0.0, "combined": 0.001102410913859801}, "Q26211905": {"object": 0.0029331360549316775, "dictionary": 0.0, "combined": 0.001102410913859801}, "Q5532250": {"object": 0.0029331360549316775, "dictionary": 0.0, "combined": 0.001102410913859801}, "Q26211927": {"object": 0.0029331360549316775, "dictionary": 0.0, "combined": 0.001102410913859801}, "Q26211957": {"object": 0.0029331360549316775, "dictionary": 0.0, "combined": 0.001102410913859801}, "Q26211948": {"object": 0.0029331360549316775, "dictionary": 0.0, "combined": 0.001102410913859801}, "Q26211958": {"object": 0.0029331360549316775, "dictionary": 0.0, "combined": 0.001102410913859801}, "Q26211874": {"object": 0.0029331360549316775, "dictionary": 0.0, "combined": 0.001102410913859801}, "Q26211954": {"object": 0.0029331360549316775, "dictionary": 0.0, "combined": 0.001102410913859801}, "Q26211891": {"object": 0.0029331360549316775, "dictionary": 0.0, "combined": 0.001102410913859801}, "Q26211983": {"object": 0.0029331360549316775, "dictionary": 0.0, "combined": 0.001102410913859801}, "Q26211840": {"object": 0.0029331360549316775, "dictionary": 0.0, "combined": 0.001102410913859801}, "Q26211965": {"object": 0.0029331360549316775, "dictionary": 0.0, "combined": 0.001102410913859801}, "Q26211978": {"object": 0.0029331360549316775, "dictionary": 0.0, "combined": 0.001102410913859801}, "Q26211931": {"object": 0.0029331360549316775, "dictionary": 0.0, "combined": 0.001102410913859801}, "Q28205846": {"object": 0.00653013159404138, "dictionary": 0.0, "combined": 0.002454331542550829}, "Q479833": {"object": 0.00284190939499936, "dictionary": 0.0, "combined": 0.0010681236310127373}, "Q28205883": {"object": 0.0037190365392421646, "dictionary": 0.009645566519022843, "combined": 0.007418096940841379}, "Q15938816": {"object": 0.007700847311617244, "dictionary": 0.0, "combined": 0.002894341743207172}, "Q28975650": {"object": 0.007700847311617244, "dictionary": 0.0, "combined": 0.002894341743207172}, "Q1569639": {"object": 0.010206175684804005, "dictionary": 0.0, "combined": 0.0038359623464382896}, "Q10287816": {"object": 0.004376213319345909, "dictionary": 0.0, "combined": 0.001644787433748256}, "Q28771319": {"object": 0.0035640833092491107, "dictionary": 0.0, "combined": 0.0013395506599209895}, "Q6043826": {"object": 0.0035640833092491107, "dictionary": 0.0, "combined": 0.0013395506599209895}, "Q29000498": {"object": 0.0035640833092491107, "dictionary": 0.0, "combined": 0.0013395506599209895}, "Q921122": {"object": 0.005562295170896184, "dictionary": 0.0, "combined": 0.0020905729525214447}, "Q28858035": {"object": 0.00285124132083295, "dictionary": 0.0, "combined": 0.0010716310090182622}, "Q61641368": {"object": 0.00285124132083295, "dictionary": 0.0, "combined": 0.0010716310090182622}, "Q51801746": {"object": 0.00285124132083295, "dictionary": 0.0, "combined": 0.0010716310090182622}, "Q85621726": {"object": 0.00285124132083295, "dictionary": 0.0, "combined": 0.0010716310090182622}, "Q28858042": {"object": 0.00285124132083295, "dictionary": 0.0, "combined": 0.0010716310090182622}, "Q48915661": {"object": 0.00285124132083295, "dictionary": 0.0, "combined": 0.0010716310090182622}, "Q48782098": {"object": 0.00285124132083295,