{"name": "Q5715270", "Q27866062": {"object": 0.006432249822369503, "dictionary": 0.0, "combined": 0.006432249822369504}, "Q28207379": {"object": 0.006330707054386612, "dictionary": 0.0, "combined": 0.006330707054386614}, "Q27231634": {"object": 0.006432249822369503, "dictionary": 0.0, "combined": 0.006432249822369504}, "Q27866063": {"object": 0.006432249822369503, "dictionary": 0.0, "combined": 0.006432249822369504}, "Q28205771": {"object": 0.006360823256925408, "dictionary": 0.0, "combined": 0.006360823256925409}, "Q7670377": {"object": 0.006360823256925408, "dictionary": 0.0, "combined": 0.006360823256925409}, "Q27866059": {"object": 0.006432249822369503, "dictionary": 0.0, "combined": 0.006432249822369504}, "Q28207384": {"object": 0.006360823256925408, "dictionary": 0.0, "combined": 0.006360823256925409}, "Q28205372": {"object": 0.006432249822369503, "dictionary": 0.0, "combined": 0.006432249822369504}, "Q27231651": {"object": 0.006432249822369503, "dictionary": 0.0, "combined": 0.006432249822369504}, "Q27231654": {"object": 0.006432249822369503, "dictionary": 0.0, "combined": 0.006432249822369504}, "Q1502796": {"object": 0.006432249822369503, "dictionary": 0.0, "combined": 0.006432249822369504}, "Q99184084": {"object": 0.0021534528798165136, "dictionary": 0.0, "combined": 0.002153452879816514}, "Q4045294": {"object": 0.001801777913864444, "dictionary": 0.0, "combined": 0.0018017779138644443}, "Q1144005": {"object": 0.003797933294738204, "dictionary": 0.0, "combined": 0.0037979332947382046}, "Q28018471": {"object": 0.006851727755688334, "dictionary": 0.0, "combined": 0.006851727755688336}, "Q336284": {"object": 0.00598242066934892, "dictionary": 0.0, "combined": 0.0059824206693489205}, "Q28018470": {"object": 0.007013404598183983, "dictionary": 0.0, "combined": 0.007013404598183985}, "Q1076355": {"object": 0.001770242973119843, "dictionary": 0.0, "combined": 0.0017702429731198432}, "Q28858032": {"object": 0.0029799029306592493, "dictionary": 0.0, "combined": 0.00297990293065925}, "Q3807693": {"object": 0.0019998583324477327, "dictionary": 0.0, "combined": 0.001999858332447733}, "Q95994246": {"object": 0.002000156078106819, "dictionary": 0.0, "combined": 0.0020001560781068195}, "Q58006953": {"object": 0.002000156078106819, "dictionary": 0.0, "combined": 0.0020001560781068195}, "Q723030": {"object": 0.0019085966829962926, "dictionary": 0.0, "combined": 0.001908596682996293}, "Q27979156": {"object": 0.0019085966829962926, "dictionary": 0.0, "combined": 0.001908596682996293}, "Q28206109": {"object": 0.002481198534357982, "dictionary": 0.0, "combined": 0.0024811985343579823}, "Q1676669": {"object": 0.002635611452625583, "dictionary": 0.0, "combined": 0.0026356114526255832}, "Q28445577": {"object": 0.005785714573583737, "dictionary": 0.0, "combined": 0.005785714573583738}, "Q856364": {"object": 0.008188188900557506, "dictionary": 0.0, "combined": 0.008188188900557508}, "Q1343830": {"object": 0.003138645303559173, "dictionary": 0.0, "combined": 0.0031386453035591737}, "Q28205727": {"object": 0.010544263316905025, "dictionary": 0.0, "combined": 0.010544263316905026}, "Q4545483": {"object": 0.010544263316905025, "dictionary": 0.0, "combined": 0.010544263316905026}, "Q28600764": {"object": 0.006474762400819302, "dictionary": 0.0, "combined": 0.006474762400819303}, "Q942350": {"object": 0.0062809377955224815, "dictionary": 0.0, "combined": 0.006280937795522482}, "Q1882400": {"object": 0.0035194096108623328, "dictionary": 0.0, "combined": 0.003519409610862333}, "Q27979410": {"object": 0.0035194096108623328, "dictionary": 0.0, "combined": 0.003519409610862333}, "Q28055391": {"object": 0.003486154391118286, "dictionary": 0.0, "combined": 0.0034861543911182866}, "Q53756551": {"object": 0.007463645103940267, "dictionary": 0.0, "combined": 0.007463645103940268}, "Q53756539": {"object": 0.007463645103940267, "dictionary": 0.0, "combined": 0.007463645103940268}, "Q27979378": {"object": 0.007463645103940267, "dictionary": 0.0, "combined": 0.007463645103940268}, "Q28205580": {"object": 0.002747709364748667, "dictionary": 0.0, "combined": 0.002747709364748668}, "Q28206771": {"object": 0.002684793811616305, "dictionary": 0.0, "combined": 0.002684793811616306}, "Q28205626": {"object": 0.002747709364748667, "dictionary": 0.0, "combined": 0.002747709364748668}, "Q729366": {"object": 0.002747709364748667, "dictionary": 0.0, "combined": 0.002747709364748668}, "Q66134804": {"object": 0.0027329663081581547, "dictionary": 0.0, "combined": 0.002732966308158155}, "Q29944987": {"object": 0.004957713530310631, "dictionary": 0.0, "combined": 0.004957713530310632}, "Q29944777": {"object": 0.004957713530310631, "dictionary": 0.0, "combined": 0.004957713530310632}, "Q29944782": {"object": 0.004957713530310631, "dictionary": 0.0, "combined": 0.004957713530310632}, "Q29944783": {"object": 0.004957713530310631, "dictionary": 0.0, "combined": 0.004957713530310632}, "Q29944780": {"object": 0.004957713530310631, "dictionary": 0.0, "combined": 0.004957713530310632}, "Q29944776": {"object": 0.004957713530310631, "dictionary": 0.0, "combined": 0.004957713530310632}, "Q29944786": {"object": 0.004957713530310631, "dictionary": 0.0, "combined": 0.004957713530310632}, "Q29944773": {"object": 0.004957713530310631, "dictionary": 0.0, "combined": 0.004957713530310632}, "Q29944785": {"object": 0.004957713530310631, "dictionary": 0.0, "combined": 0.004957713530310632}, "Q29944758": {"object": 0.004957713530310631, "dictionary": 0.0, "combined": 0.004957713530310632}, "Q29944779": {"object": 0.004957713530310631, "dictionary": 0.0, "combined": 0.004957713530310632}, "Q178051": {"object": 0.005387381844617319, "dictionary": 0.0, "combined": 0.00538738184461732}, "Q673906": {"object": 0.005046793578944449, "dictionary": 0.0, "combined": 0.00504679357894445}, "Q1888930": {"object": 0.0036411819853199474, "dictionary": 0.0, "combined": 0.0036411819853199483}, "Q28786544": {"object": 0.0036411819853199474, "dictionary": 0.0, "combined": 0.0036411819853199483}, "Q8811": {"object": 0.0036411819853199474, "dictionary": 0.0, "combined": 0.0036411819853199483}, "Q2053": {"object": 0.0036411819853199474, "dictionary": 0.0, "combined": 0.0036411819853199483}, "Q29151645": {"object": 0.005046793578944449, "dictionary": 0.0, "combined": 0.00504679357894445}, "Q17073241": {"object": 0.005046793578944449, "dictionary": 0.0, "combined": 0.00504679357894445}, "Q288405": {"object": 0.005046793578944449, "dictionary": 0.0, "combined": 0.00504679357894445}, "Q166074": {"object": 0.003446944767052304, "dictionary": 0.0, "combined": 0.003446944767052305}, "Q62626012": {"object": 0.0036411819853199474, "dictionary": 0.0, "combined": 0.0036411819853199483}, "Q939636": {"object": 0.005452308761237638, "dictionary": 0.0, "combined": 0.005452308761237639}, "Q27596243": {"object": 0.0030586240590267226, "dictionary": 0.0, "combined": 0.003058624059026723}, "Q217570": {"object": 0.005100873336588734, "dictionary": 0.0, "combined": 0.005100873336588735}, "Q26211936": {"object": 0.0037222686851972604, "dictionary": 0.0, "combined": 0.0037222686851972613}, "Q26211977": {"object": 0.0037222686851972604, "dictionary": 0.0, "combined": 0.0037222686851972613}, "Q26211940": {"object": 0.0037222686851972604, "dictionary": 0.0, "combined": 0.0037222686851972613}, "Q26211915": {"object": 0.0037222686851972604, "dictionary": 0.0, "combined": 0.0037222686851972613}, "Q10394822": {"object": 0.0037222686851972604, "dictionary": 0.0, "combined": 0.0037222686851972613}, "Q26211975": {"object": 0.0037222686851972604, "dictionary": 0.0, "combined": 0.0037222686851972613}, "Q26211905": {"object": 0.0037222686851972604, "dictionary": 0.0, "combined": 0.0037222686851972613}, "Q5532250": {"object": 0.0037222686851972604, "dictionary": 0.0, "combined": 0.0037222686851972613}, "Q26211927": {"object": 0.0037222686851972604, "dictionary": 0.0, "combined": 0.0037222686851972613}, "Q26211957": {"object": 0.0037222686851972604, "dictionary": 0.0,