{"name": "Q57978083", "Q99184084": {"object": 0.003482216303180705, "dictionary": 0.0, "combined": 0.0025877066266549657}, "Q4045294": {"object": 0.002913544329283993, "dictionary": 0.0, "combined": 0.0021651147750513353}, "Q1076355": {"object": 0.0028625511147075755, "dictionary": 0.0, "combined": 0.0021272206674528772}, "Q3807693": {"object": 0.003233848000377255, "dictionary": 0.0, "combined": 0.002403139027442797}, "Q95994246": {"object": 0.003234329466583453, "dictionary": 0.0, "combined": 0.0024034968148930343}, "Q58006953": {"object": 0.003234329466583453, "dictionary": 0.0, "combined": 0.0024034968148930343}, "Q723030": {"object": 0.0030862743958867565, "dictionary": 0.0, "combined": 0.0022934740437051096}, "Q27979156": {"object": 0.0030862743958867565, "dictionary": 0.0, "combined": 0.0022934740437051096}, "Q26549229": {"object": 0.0037358410020331594, "dictionary": 0.0, "combined": 0.002776180361989668}, "Q16996920": {"object": 0.003600548941845758, "dictionary": 0.0, "combined": 0.0026756420466756653}, "Q66811836": {"object": 0.003600548941845758, "dictionary": 0.0, "combined": 0.0026756420466756653}, "Q28600763": {"object": 0.003600548941845758, "dictionary": 0.0, "combined": 0.0026756420466756653}, "Q1662484": {"object": 0.003600548941845758, "dictionary": 0.0, "combined": 0.0026756420466756653}, "Q684554": {"object": 0.003600548941845758, "dictionary": 0.0, "combined": 0.0026756420466756653}, "Q28206109": {"object": 0.004012193658263661, "dictionary": 0.0, "combined": 0.0029815437103744803}, "Q1676669": {"object": 0.004261885298351447, "dictionary": 0.0, "combined": 0.003167094708767465}, "Q28445577": {"object": 0.009355723453489326, "dictionary": 0.0, "combined": 0.006952430713632572}, "Q28205580": {"object": 0.004443151942635199, "dictionary": 0.0, "combined": 0.003301797684046779}, "Q28206771": {"object": 0.004341415068383365, "dictionary": 0.0, "combined": 0.003226194918234626}, "Q28205626": {"object": 0.004443151942635199, "dictionary": 0.0, "combined": 0.003301797684046779}, "Q729366": {"object": 0.004443151942635199, "dictionary": 0.0, "combined": 0.003301797684046779}, "Q66134804": {"object": 0.0044193118519142115, "dictionary": 0.0, "combined": 0.0032840816218129634}, "Q178051": {"object": 0.008711604078555287, "dictionary": 0.0, "combined": 0.006473772345009348}, "Q166074": {"object": 0.005573842537485971, "dictionary": 0.0, "combined": 0.00414203714370333}, "Q27596243": {"object": 0.004945912986287911, "dictionary": 0.0, "combined": 0.003675409766413902}, "Q5924007": {"object": 0.006073716286341081, "dictionary": 0.0, "combined": 0.004513503617862819}, "Q28206625": {"object": 0.013912067539889538, "dictionary": 0.0, "combined": 0.010338343810107481}, "Q28205846": {"object": 0.013400401618520531, "dictionary": 0.0, "combined": 0.009958114329776033}, "Q85415606": {"object": 0.0197518704977001, "dictionary": 0.0, "combined": 0.014678021617738912}, "Q55758993": {"object": 0.01495426036728091, "dictionary": 0.0, "combined": 0.011112818756775658}, "Q58799889": {"object": 0.01495426036728091, "dictionary": 0.0, "combined": 0.011112818756775658}, "Q28207256": {"object": 0.01495426036728091, "dictionary": 0.0, "combined": 0.011112818756775658}, "Q50809751": {"object": 0.01495426036728091, "dictionary": 0.0, "combined": 0.011112818756775658}, "Q28207363": {"object": 0.01495426036728091, "dictionary": 0.0, "combined": 0.011112818756775658}, "Q28206843": {"object": 0.01495426036728091, "dictionary": 0.0, "combined": 0.011112818756775658}, "Q50809753": {"object": 0.01495426036728091, "dictionary": 0.0, "combined": 0.011112818756775658}, "Q3406936": {"object": 0.01495426036728091, "dictionary": 0.0, "combined": 0.011112818756775658}, "Q50809785": {"object": 0.01495426036728091, "dictionary": 0.0, "combined": 0.011112818756775658}, "Q29650793": {"object": 0.01495426036728091, "dictionary": 0.0, "combined": 0.011112818756775658}, "Q55758988": {"object": 0.01495426036728091, "dictionary": 0.0, "combined": 0.011112818756775658}, "Q87816075": {"object": 0.013745825614740307, "dictionary": 0.0, "combined": 0.010214806012945481}, "Q28771319": {"object": 0.0073138109175906975, "dictionary": 0.0, "combined": 0.005435043469374263}, "Q6043826": {"object": 0.0073138109175906975, "dictionary": 0.0, "combined": 0.005435043469374263}, "Q29000498": {"object": 0.0073138109175906975, "dictionary": 0.0, "combined": 0.005435043469374263}, "Q48004607": {"object": 0.011360894448022225, "dictionary": 0.0, "combined": 0.008442514562068293}, "Q48004869": {"object": 0.011360894448022225, "dictionary": 0.0, "combined": 0.008442514562068293}, "Q48021763": {"object": 0.011360894448022225, "dictionary": 0.0, "combined": 0.008442514562068293}, "Q48005022": {"object": 0.011360894448022225, "dictionary": 0.0, "combined": 0.008442514562068293}, "Q48021588": {"object": 0.011360894448022225, "dictionary": 0.0, "combined": 0.008442514562068293}, "Q751800": {"object": 0.010032088511651266, "dictionary": 0.0, "combined": 0.007455051513335576}, "Q25339304": {"object": 0.013217275854781716, "dictionary": 0.0, "combined": 0.009822029804554168}, "Q796483": {"object": 0.013196782882838404, "dictionary": 0.0, "combined": 0.00980680105519442}, "Q71178742": {"object": 0.013217275854781716, "dictionary": 0.0, "combined": 0.009822029804554168}, "Q27910000": {"object": 0.013217275854781716, "dictionary": 0.0, "combined": 0.009822029804554168}, "Q100136960": {"object": 0.013217275854781716, "dictionary": 0.0, "combined": 0.009822029804554168}, "Q28771320": {"object": 0.013217275854781716, "dictionary": 0.0, "combined": 0.009822029804554168}, "Q100136955": {"object": 0.013217275854781716, "dictionary": 0.0, "combined": 0.009822029804554168}, "Q27967351": {"object": 0.013217275854781716, "dictionary": 0.0, "combined": 0.009822029804554168}, "Q2313301": {"object": 0.013217275854781716, "dictionary": 0.0, "combined": 0.009822029804554168}, "Q28728783": {"object": 0.013217275854781716, "dictionary": 0.0, "combined": 0.009822029804554168}, "Q100135637": {"object": 0.013217275854781716, "dictionary": 0.0, "combined": 0.009822029804554168}, "Q452197": {"object": 0.013217275854781716, "dictionary": 0.0, "combined": 0.009822029804554168}, "Q653301": {"object": 0.013217275854781716, "dictionary": 0.0, "combined": 0.009822029804554168}, "Q66759482": {"object": 0.013217275854781716, "dictionary": 0.0, "combined": 0.009822029804554168}, "Q641213": {"object": 0.013217275854781716, "dictionary": 0.0, "combined": 0.009822029804554168}, "Q28600760": {"object": 0.013217275854781716, "dictionary": 0.0, "combined": 0.009822029804554168}, "Q29000578": {"object": 0.013217275854781716, "dictionary": 0.0, "combined": 0.009822029804554168}, "Q3551300": {"object": 0.013217275854781716, "dictionary": 0.0, "combined": 0.009822029804554168}, "Q2819247": {"object": 0.013217275854781716, "dictionary": 0.0, "combined": 0.009822029804554168}, "Q959950": {"object": 0.013217275854781716, "dictionary": 0.0, "combined": 0.009822029804554168}, "Q27487531": {"object": 0.013217275854781716, "dictionary": 0.0, "combined": 0.009822029804554168}, "Q59851322": {"object": 0.013217275854781716, "dictionary": 0.0, "combined": 0.009822029804554168}, "Q72273742": {"object": 0.013217275854781716, "dictionary": 0.0, "combined": 0.009822029804554168}, "Q45432": {"object": 0.013217275854781716, "dictionary": 0.0, "combined": 0.009822029804554168}, "Q99973606": {"object": 0.013217275854781716, "dictionary": 0.0, "combined": 0.009822029804554168}, "Q28600421": {"object": 0.013217275854781716, "dictionary": 0.0, "combined": 0.009822029804554168}, "Q59851506": {"object": 0.013217275854781716, "dictionary": 0.0, "combined": 0.009822029804554168}, "Q50378320": {"object": 0.013217275854781716, "dictionary": 0.0, "combined": 0.009822029804554168}, "Q100136218": {"object": 0.013217275854781716, "dictionary": 0.0, "combined": 0.009822029804554168}, "Q34306669": {"object": 0.013217275854781716, "dictionary": 0.0, "combined": 0.009822029804554168},