{"name": "Q58007215", "Q99184084": {"object": 0.0041336260174757115, "dictionary": 0.05837040226306224, "combined": 0.02365380654641527}, "Q4045294": {"object": 0.0023057159758851343, "dictionary": 0.0, "combined": 0.0014758732895510543}, "Q1076355": {"object": 0.0033980415729204317, "dictionary": 0.0, "combined": 0.002175063558004838}, "Q28858032": {"object": 0.005720024988322354, "dictionary": 0.0, "combined": 0.003661349526187309}, "Q3807693": {"object": 0.0038387960617814435, "dictionary": 0.021951673908357696, "combined": 0.010357742613155235}, "Q95994246": {"object": 0.003839367594697034, "dictionary": 0.022005752632738504, "combined": 0.010377571744130641}, "Q58006953": {"object": 0.003839367594697034, "dictionary": 0.022005752632738504, "combined": 0.010377571744130641}, "Q723030": {"object": 0.003663616222879017, "dictionary": 0.02157344522635608, "combined": 0.010109484130058667}, "Q27979156": {"object": 0.003663616222879017, "dictionary": 0.021582277221159494, "combined": 0.01011266282438616}, "Q26549229": {"object": 0.0029564637802752883, "dictionary": 0.0, "combined": 0.001892412582672242}, "Q28206109": {"object": 0.003175163296203214, "dictionary": 0.0, "combined": 0.0020324006719996198}, "Q1676669": {"object": 0.0033727638605086318, "dictionary": 0.0, "combined": 0.00215888346429004}, "Q28445577": {"object": 0.011105875830954752, "dictionary": 0.02492882422133749, "combined": 0.01608084792001659}, "Q856364": {"object": 0.005239168994220776, "dictionary": 0.0, "combined": 0.00335355683825982}, "Q47512572": {"object": 0.0033375718254351422, "dictionary": 0.0, "combined": 0.0021363572793162084}, "Q27960138": {"object": 0.015978813367881595, "dictionary": 0.0, "combined": 0.010227930974596592}, "Q28206328": {"object": 0.010334287998458805, "dictionary": 0.0, "combined": 0.006614908246709917}, "Q5448342": {"object": 0.0028213583148022124, "dictionary": 0.0, "combined": 0.0018059324828466213}, "Q29904540": {"object": 0.0028213583148022124, "dictionary": 0.0, "combined": 0.0018059324828466213}, "Q5421818": {"object": 0.0028213583148022124, "dictionary": 0.0, "combined": 0.0018059324828466213}, "Q50223812": {"object": 0.0028213583148022124, "dictionary": 0.0, "combined": 0.0018059324828466213}, "Q5153426": {"object": 0.0028213583148022124, "dictionary": 0.0, "combined": 0.0018059324828466213}, "Q28205580": {"object": 0.00351621436284674, "dictionary": 0.0, "combined": 0.002250705166090159}, "Q28206771": {"object": 0.0034357020006556627, "dictionary": 0.0, "combined": 0.002199169744520789}, "Q28205626": {"object": 0.00351621436284674, "dictionary": 0.0, "combined": 0.002250705166090159}, "Q729366": {"object": 0.00351621436284674, "dictionary": 0.0, "combined": 0.002250705166090159}, "Q66134804": {"object": 0.005246021745899387, "dictionary": 0.11424373107375439, "combined": 0.04447503037440806}, "Q29944987": {"object": 0.003172166559135412, "dictionary": 0.0, "combined": 0.0020304824807564517}, "Q29944777": {"object": 0.003172166559135412, "dictionary": 0.0, "combined": 0.0020304824807564517}, "Q29944782": {"object": 0.003172166559135412, "dictionary": 0.0, "combined": 0.0020304824807564517}, "Q29944783": {"object": 0.003172166559135412, "dictionary": 0.0, "combined": 0.0020304824807564517}, "Q29944780": {"object": 0.003172166559135412, "dictionary": 0.0, "combined": 0.0020304824807564517}, "Q29944776": {"object": 0.003172166559135412, "dictionary": 0.0, "combined": 0.0020304824807564517}, "Q29944786": {"object": 0.003172166559135412, "dictionary": 0.0, "combined": 0.0020304824807564517}, "Q29944773": {"object": 0.003172166559135412, "dictionary": 0.0, "combined": 0.0020304824807564517}, "Q29944785": {"object": 0.003172166559135412, "dictionary": 0.0, "combined": 0.0020304824807564517}, "Q29944758": {"object": 0.003172166559135412, "dictionary": 0.0, "combined": 0.0020304824807564517}, "Q29944779": {"object": 0.003172166559135412, "dictionary": 0.0, "combined": 0.0020304824807564517}, "Q27596243": {"object": 0.005871132870642285, "dictionary": 0.0, "combined": 0.0037580726654156773}, "Q2193155": {"object": 0.004478616238042056, "dictionary": 0.0, "combined": 0.0028667321339691265}, "Q26211936": {"object": 0.0023816737645508666, "dictionary": 0.0, "combined": 0.0015244933592376876}, "Q26211977": {"object": 0.0023816737645508666, "dictionary": 0.0, "combined": 0.0015244933592376876}, "Q26211940": {"object": 0.0023816737645508666, "dictionary": 0.0, "combined": 0.0015244933592376876}, "Q26211915": {"object": 0.0023816737645508666, "dictionary": 0.0, "combined": 0.0015244933592376876}, "Q10394822": {"object": 0.0023816737645508666, "dictionary": 0.0, "combined": 0.0015244933592376876}, "Q26211975": {"object": 0.0023816737645508666, "dictionary": 0.0, "combined": 0.0015244933592376876}, "Q26211905": {"object": 0.0023816737645508666, "dictionary": 0.0, "combined": 0.0015244933592376876}, "Q5532250": {"object": 0.0023816737645508666, "dictionary": 0.0, "combined": 0.0015244933592376876}, "Q26211927": {"object": 0.0023816737645508666, "dictionary": 0.0, "combined": 0.0015244933592376876}, "Q26211957": {"object": 0.0023816737645508666, "dictionary": 0.0, "combined": 0.0015244933592376876}, "Q26211948": {"object": 0.0023816737645508666, "dictionary": 0.0, "combined": 0.0015244933592376876}, "Q26211958": {"object": 0.0023816737645508666, "dictionary": 0.0, "combined": 0.0015244933592376876}, "Q26211874": {"object": 0.0023816737645508666, "dictionary": 0.0, "combined": 0.0015244933592376876}, "Q26211954": {"object": 0.0023816737645508666, "dictionary": 0.0, "combined": 0.0015244933592376876}, "Q26211891": {"object": 0.0023816737645508666, "dictionary": 0.0, "combined": 0.0015244933592376876}, "Q26211983": {"object": 0.0023816737645508666, "dictionary": 0.0, "combined": 0.0015244933592376876}, "Q26211840": {"object": 0.0023816737645508666, "dictionary": 0.0, "combined": 0.0015244933592376876}, "Q26211965": {"object": 0.0023816737645508666, "dictionary": 0.0, "combined": 0.0015244933592376876}, "Q26211978": {"object": 0.0023816737645508666, "dictionary": 0.0, "combined": 0.0015244933592376876}, "Q26211931": {"object": 0.0023816737645508666, "dictionary": 0.0, "combined": 0.0015244933592376876}, "Q28206625": {"object": 0.005504854699121624, "dictionary": 0.0, "combined": 0.0035236204711529286}, "Q28205846": {"object": 0.0053023940265039485, "dictionary": 0.0, "combined": 0.0033940267562174806}, "Q85415606": {"object": 0.007815601585741693, "dictionary": 0.0, "combined": 0.005002714012831071}, "Q34746472": {"object": 0.004778980615660828, "dictionary": 0.025171038824704083, "combined": 0.012118219507639765}, "Q27826464": {"object": 0.004852690768375255, "dictionary": 0.025207403622634583, "combined": 0.012178488816009045}, "Q27826469": {"object": 0.004852690768375255, "dictionary": 0.025207403622634583, "combined": 0.012178488816009045}, "Q27826466": {"object": 0.004852690768375255, "dictionary": 0.025207403622634583, "combined": 0.012178488816009045}, "Q27826468": {"object": 0.004852690768375255, "dictionary": 0.025207403622634583, "combined": 0.012178488816009045}, "Q479833": {"object": 0.002307598734099044, "dictionary": 0.0, "combined": 0.0014770784304216794}, "Q55758993": {"object": 0.01183447826409391, "dictionary": 0.0, "combined": 0.007575169946525478}, "Q58799889": {"object": 0.01183447826409391, "dictionary": 0.0, "combined": 0.007575169946525478}, "Q28207256": {"object": 0.01183447826409391, "dictionary": 0.0, "combined": 0.007575169946525478}, "Q50809751": {"object": 0.01183447826409391, "dictionary": 0.0, "combined": 0.007575169946525478}, "Q28207363": {"object": 0.01183447826409391, "dictionary": 0.0, "combined": 0.007575169946525478}, "Q28206843": {"object": 0.01183447826409391, "dictionary": 0.0, "combined": 0.007575169946525478}, "Q50809753": {"object": 0.01183447826409391, "dictionary": 0.0, "combined": 0.007575169946525478}, "Q3406936": {"object": 0.01183447826409391, "dictionary": 0.0, "combined": 0.007575169946525478},