{"name": "Q58875854", "Q99184084": {"object": 0.001982566107134023, "dictionary": 0.0, "combined": 0.00023939829668920458}, "Q28600412": {"object": 0.003901240710411254, "dictionary": 0.0, "combined": 0.0004710815834520372}, "Q1144005": {"object": 0.0034965491457353754, "dictionary": 0.0, "combined": 0.0004222143749795052}, "Q3807693": {"object": 0.0018411600207933353, "dictionary": 0.002195392700974836, "combined": 0.0021526184903384545}, "Q95994246": {"object": 0.001841434138912094, "dictionary": 0.002200801128472406, "combined": 0.0021574069410717996}, "Q58006953": {"object": 0.001841434138912094, "dictionary": 0.002200801128472406, "combined": 0.0021574069410717996}, "Q723030": {"object": 0.0017571404191668587, "dictionary": 0.0021575659506672187, "combined": 0.002109213873101124}, "Q27979156": {"object": 0.0017571404191668587, "dictionary": 0.0021584492407984135, "combined": 0.002109990504416691}, "Q26549229": {"object": 0.0021269648716271015, "dictionary": 0.0, "combined": 0.000256834697997225}, "Q47233167": {"object": 0.0024343691707899274, "dictionary": 0.0, "combined": 0.0002939543003901576}, "Q29650304": {"object": 0.0024343691707899274, "dictionary": 0.0, "combined": 0.0002939543003901576}, "Q1601331": {"object": 0.0024343691707899274, "dictionary": 0.0, "combined": 0.0002939543003901576}, "Q81526237": {"object": 0.0024343691707899274, "dictionary": 0.0, "combined": 0.0002939543003901576}, "Q28009496": {"object": 0.0024343691707899274, "dictionary": 0.0, "combined": 0.0002939543003901576}, "Q34747804": {"object": 0.0024343691707899274, "dictionary": 0.0, "combined": 0.0002939543003901576}, "Q28049770": {"object": 0.0024343691707899274, "dictionary": 0.0, "combined": 0.0002939543003901576}, "Q28755606": {"object": 0.0024343691707899274, "dictionary": 0.0, "combined": 0.0002939543003901576}, "Q81526528": {"object": 0.0024343691707899274, "dictionary": 0.0, "combined": 0.0002939543003901576}, "Q81526664": {"object": 0.0024343691707899274, "dictionary": 0.0, "combined": 0.0002939543003901576}, "Q28758112": {"object": 0.0024343691707899274, "dictionary": 0.0, "combined": 0.0002939543003901576}, "Q32097899": {"object": 0.0024343691707899274, "dictionary": 0.0, "combined": 0.0002939543003901576}, "Q66439259": {"object": 0.0024343691707899274, "dictionary": 0.0, "combined": 0.0002939543003901576}, "Q28207108": {"object": 0.0024343691707899274, "dictionary": 0.0, "combined": 0.0002939543003901576}, "Q32097740": {"object": 0.0024343691707899274, "dictionary": 0.0, "combined": 0.0002939543003901576}, "Q6912474": {"object": 0.0024343691707899274, "dictionary": 0.0, "combined": 0.0002939543003901576}, "Q28206109": {"object": 0.002284303578403761, "dictionary": 0.0, "combined": 0.00027583361978352806}, "Q1676669": {"object": 0.002426463094003232, "dictionary": 0.0, "combined": 0.00029299962790311254}, "Q28445577": {"object": 0.005326590484819825, "dictionary": 0.0, "combined": 0.0006431950413346735}, "Q27895063": {"object": 0.01196477625832792, "dictionary": 0.0, "combined": 0.0014447674890658798}, "Q1353763": {"object": 0.012127874412558916, "dictionary": 0.0, "combined": 0.0014644618741234846}, "Q1141412": {"object": 0.002585323672240422, "dictionary": 0.0, "combined": 0.00031218231830833817}, "Q29904539": {"object": 0.003790152000272845, "dictionary": 0.0, "combined": 0.00045766742899189635}, "Q28755628": {"object": 0.003790152000272845, "dictionary": 0.0, "combined": 0.00045766742899189635}, "Q58103465": {"object": 0.003790152000272845, "dictionary": 0.0, "combined": 0.00045766742899189635}, "Q166074": {"object": 0.003173413234332369, "dictionary": 0.0, "combined": 0.0003831951531181865}, "Q28206528": {"object": 0.007127158351374042, "dictionary": 0.0, "combined": 0.0008606167347527659}, "Q5924007": {"object": 0.003458011509121026, "dictionary": 0.0, "combined": 0.000417560888505231}, "Q26211936": {"object": 0.0034268888843981557, "dictionary": 0.0, "combined": 0.00041380277758003054}, "Q26211977": {"object": 0.0034268888843981557, "dictionary": 0.0, "combined": 0.00041380277758003054}, "Q26211940": {"object": 0.0034268888843981557, "dictionary": 0.0, "combined": 0.00041380277758003054}, "Q26211915": {"object": 0.0034268888843981557, "dictionary": 0.0, "combined": 0.00041380277758003054}, "Q10394822": {"object": 0.0034268888843981557, "dictionary": 0.0, "combined": 0.00041380277758003054}, "Q26211975": {"object": 0.0034268888843981557, "dictionary": 0.0, "combined": 0.00041380277758003054}, "Q26211905": {"object": 0.0034268888843981557, "dictionary": 0.0, "combined": 0.00041380277758003054}, "Q5532250": {"object": 0.0034268888843981557, "dictionary": 0.0, "combined": 0.00041380277758003054}, "Q26211927": {"object": 0.0034268888843981557, "dictionary": 0.0, "combined": 0.00041380277758003054}, "Q26211957": {"object": 0.0034268888843981557, "dictionary": 0.0, "combined": 0.00041380277758003054}, "Q26211948": {"object": 0.0034268888843981557, "dictionary": 0.0, "combined": 0.00041380277758003054}, "Q26211958": {"object": 0.0034268888843981557, "dictionary": 0.0, "combined": 0.00041380277758003054}, "Q26211874": {"object": 0.0034268888843981557, "dictionary": 0.0, "combined": 0.00041380277758003054}, "Q26211954": {"object": 0.0034268888843981557, "dictionary": 0.0, "combined": 0.00041380277758003054}, "Q26211891": {"object": 0.0034268888843981557, "dictionary": 0.0, "combined": 0.00041380277758003054}, "Q26211983": {"object": 0.0034268888843981557, "dictionary": 0.0, "combined": 0.00041380277758003054}, "Q26211840": {"object": 0.0034268888843981557, "dictionary": 0.0, "combined": 0.00041380277758003054}, "Q26211965": {"object": 0.0034268888843981557, "dictionary": 0.0, "combined": 0.00041380277758003054}, "Q26211978": {"object": 0.0034268888843981557, "dictionary": 0.0, "combined": 0.00041380277758003054}, "Q26211931": {"object": 0.0034268888843981557, "dictionary": 0.0, "combined": 0.00041380277758003054}, "Q34746472": {"object": 0.003438135775419836, "dictionary": 0.0, "combined": 0.0004151608591814212}, "Q27826464": {"object": 0.0034911649742051685, "dictionary": 0.0, "combined": 0.00042156422692705145}, "Q27826469": {"object": 0.0034911649742051685, "dictionary": 0.0, "combined": 0.00042156422692705145}, "Q27826466": {"object": 0.0034911649742051685, "dictionary": 0.0, "combined": 0.00042156422692705145}, "Q27826468": {"object": 0.0034911649742051685, "dictionary": 0.0, "combined": 0.00042156422692705145}, "Q479833": {"object": 0.003320305479800475, "dictionary": 0.0, "combined": 0.00040093264657950283}, "Q28205883": {"object": 0.004345084830132922, "dictionary": 0.0, "combined": 0.0005246765308661685}, "Q10287816": {"object": 0.005112888218944546, "dictionary": 0.0, "combined": 0.0006173901220106356}, "Q27967123": {"object": 0.007544695089193575, "dictionary": 0.0, "combined": 0.0009110350201655338}, "Q947746": {"object": 0.012972226811726464, "dictionary": 0.0, "combined": 0.0015664188910616793}, "Q51331501": {"object": 0.021687998758274755, "dictionary": 0.0, "combined": 0.002618863473276139}, "Q34284437": {"object": 0.006973937161465735, "dictionary": 0.022872610515320236, "combined": 0.020952818127649046}, "Q29650311": {"object": 0.007979536934285618, "dictionary": 0.021527271633981677, "combined": 0.019891359167086464}, "Q751800": {"object": 0.005711672376239598, "dictionary": 0.0, "combined": 0.0006896943477436874}, "Q85513175": {"object": 0.01063552862781994, "dictionary": 0.0, "combined": 0.0012842585317722507}, "Q25339304": {"object": 0.007525127923384853, "dictionary": 0.0, "combined": 0.000908672250950027}, "Q796483": {"object": 0.007513460448399985, "dictionary": 0.0, "combined": 0.0009072633831054743}, "Q71178742": {"object": 0.007525127923384853, "dictionary": 0.0, "combined": 0.000908672250950027}, "Q27910000": {"object": 0.007525127923384853, "dictionary": 0.0, "combined": 0.000908672250950027}, "Q100136960": {"object": 0.007525127923384853, "dictionary": 0.0, "combined": 0.000908672250950027},