{"name": "Q59210786", "Q99184084": {"object": 0.002570655406903021, "dictionary": 0.0019064204862687772, "combined": 0.0021372182486155116}, "Q28600412": {"object": 0.0005620519055672149, "dictionary": 0.000700957580583093, "combined": 0.0006526928507788911}, "Q4045294": {"object": 0.0023898312745006416, "dictionary": 0.0, "combined": 0.00083038047745868}, "Q1144005": {"object": 0.009571211536750704, "dictionary": 0.016844654147491336, "combined": 0.014317394247464664}, "Q1076355": {"object": 0.004696008301659185, "dictionary": 0.0059511177715663366, "combined": 0.005515012339352432}, "Q28858032": {"object": 0.009485917433708364, "dictionary": 0.01170087978211945, "combined": 0.010931259971695424}, "Q3807693": {"object": 0.001061023992064288, "dictionary": 0.0006273381597733009, "combined": 0.0007780283998447903}, "Q95994246": {"object": 0.0010611819608977288, "dictionary": 0.0006288836294981874, "combined": 0.00077909176287662}, "Q58006953": {"object": 0.0010611819608977288, "dictionary": 0.0006288836294981874, "combined": 0.00077909176287662}, "Q723030": {"object": 0.00329096677833329, "dictionary": 0.0006165290849696689, "combined": 0.00154580006424113}, "Q27979156": {"object": 0.00329096677833329, "dictionary": 0.0006167814870138243, "combined": 0.0015459647656462596}, "Q26549229": {"object": 0.0018385914860093583, "dictionary": 0.0004563081002854079, "combined": 0.0009366018976207423}, "Q47233167": {"object": 0.005611514624648011, "dictionary": 0.005179767343376125, "combined": 0.005329784006639916}, "Q29650304": {"object": 0.005611514624648011, "dictionary": 0.005179767343376125, "combined": 0.005329784006639916}, "Q1601331": {"object": 0.005611514624648011, "dictionary": 0.005179767343376125, "combined": 0.005329784006639916}, "Q81526237": {"object": 0.005611514624648011, "dictionary": 0.005179767343376125, "combined": 0.005329784006639916}, "Q28009496": {"object": 0.005611514624648011, "dictionary": 0.005179767343376125, "combined": 0.005329784006639916}, "Q34747804": {"object": 0.005611514624648011, "dictionary": 0.005179767343376125, "combined": 0.005329784006639916}, "Q28049770": {"object": 0.005611514624648011, "dictionary": 0.005179767343376125, "combined": 0.005329784006639916}, "Q28755606": {"object": 0.005611514624648011, "dictionary": 0.005179767343376125, "combined": 0.005329784006639916}, "Q81526528": {"object": 0.005611514624648011, "dictionary": 0.005179767343376125, "combined": 0.005329784006639916}, "Q81526664": {"object": 0.005611514624648011, "dictionary": 0.005179767343376125, "combined": 0.005329784006639916}, "Q28758112": {"object": 0.005611514624648011, "dictionary": 0.005179767343376125, "combined": 0.005329784006639916}, "Q32097899": {"object": 0.005611514624648011, "dictionary": 0.005179767343376125, "combined": 0.005329784006639916}, "Q66439259": {"object": 0.005611514624648011, "dictionary": 0.005179767343376125, "combined": 0.005329784006639916}, "Q28207108": {"object": 0.005611514624648011, "dictionary": 0.005179767343376125, "combined": 0.005329784006639916}, "Q32097740": {"object": 0.005611514624648011, "dictionary": 0.005179767343376125, "combined": 0.005329784006639916}, "Q6912474": {"object": 0.005611514624648011, "dictionary": 0.005179767343376125, "combined": 0.005329784006639916}, "Q28206109": {"object": 0.000329099708128622, "dictionary": 0.0, "combined": 0.00011435032074574354}, "Q29650301": {"object": 0.0015352027253167863, "dictionary": 0.0, "combined": 0.0005334277719295441}, "Q28758103": {"object": 0.0015352027253167863, "dictionary": 0.0, "combined": 0.0005334277719295441}, "Q29209269": {"object": 0.0015352027253167863, "dictionary": 0.0, "combined": 0.0005334277719295441}, "Q1343830": {"object": 0.0020815086721544173, "dictionary": 0.0, "combined": 0.0007232494542440571}, "Q47512572": {"object": 0.013145455783975945, "dictionary": 0.021655301166280175, "combined": 0.01869843573939607}, "Q283579": {"object": 0.0010442297186259491, "dictionary": 0.0, "combined": 0.0003628322976526208}, "Q28758102": {"object": 0.003014624722789932, "dictionary": 0.0, "combined": 0.0010474737456903143}, "Q194831": {"object": 0.002495460153994032, "dictionary": 0.0, "combined": 0.0008670827167853767}, "Q1882400": {"object": 0.00233402659980927, "dictionary": 0.0, "combined": 0.0008109903586209684}, "Q27979410": {"object": 0.00233402659980927, "dictionary": 0.0, "combined": 0.0008109903586209684}, "Q28055391": {"object": 0.002311972171354695, "dictionary": 0.0, "combined": 0.0008033272373681866}, "Q1141412": {"object": 0.0029797414809353403, "dictionary": 0.0, "combined": 0.001035353072848013}, "Q5448342": {"object": 0.001169713947043867, "dictionary": 0.0, "combined": 0.00040643355713022855}, "Q29904540": {"object": 0.001169713947043867, "dictionary": 0.0, "combined": 0.00040643355713022855}, "Q5421818": {"object": 0.001169713947043867, "dictionary": 0.0, "combined": 0.00040643355713022855}, "Q50223812": {"object": 0.001169713947043867, "dictionary": 0.0, "combined": 0.00040643355713022855}, "Q5153426": {"object": 0.001169713947043867, "dictionary": 0.0, "combined": 0.00040643355713022855}, "Q49799747": {"object": 0.0016302664004330483, "dictionary": 0.0, "combined": 0.0005664589824481665}, "Q49798508": {"object": 0.0016302664004330483, "dictionary": 0.0, "combined": 0.0005664589824481665}, "Q49798739": {"object": 0.0016302664004330483, "dictionary": 0.0, "combined": 0.0005664589824481665}, "Q49799499": {"object": 0.0016302664004330483, "dictionary": 0.0, "combined": 0.0005664589824481665}, "Q28206359": {"object": 0.005347047070101213, "dictionary": 0.006873965226540567, "combined": 0.006343416044548893}, "Q28206528": {"object": 0.002053619978884507, "dictionary": 0.0, "combined": 0.0007135591356511658}, "Q48106551": {"object": 0.0033731832084571292, "dictionary": 0.0, "combined": 0.001172059932883551}, "Q29000741": {"object": 0.001786264961003943, "dictionary": 0.0, "combined": 0.000620662875665186}, "Q29000651": {"object": 0.001786264961003943, "dictionary": 0.0, "combined": 0.000620662875665186}, "Q58335745": {"object": 0.0015965841667705126, "dictionary": 0.0, "combined": 0.0005547556167884234}, "Q34310996": {"object": 0.0015965841667705126, "dictionary": 0.0, "combined": 0.0005547556167884234}, "Q28206952": {"object": 0.001709167263699239, "dictionary": 0.0, "combined": 0.0005938741967396322}, "Q58335773": {"object": 0.0014151922129088327, "dictionary": 0.0, "combined": 0.0004917284320402875}, "Q3509055": {"object": 0.0014130733806298303, "dictionary": 0.0, "combined": 0.0004909922139740726}, "Q479833": {"object": 0.00908877432841552, "dictionary": 0.0, "combined": 0.003158022428977066}, "Q218170": {"object": 0.0008691408666919771, "dictionary": 0.0, "combined": 0.0003019952142911591}, "Q27967388": {"object": 0.0037346284877855453, "dictionary": 0.0, "combined": 0.0012976491771228248}, "Q28771319": {"object": 0.00119982894311671, "dictionary": 0.0, "combined": 0.0004168974359339148}, "Q6043826": {"object": 0.00119982894311671, "dictionary": 0.0, "combined": 0.0004168974359339148}, "Q29000498": {"object": 0.00119982894311671, "dictionary": 0.0, "combined": 0.0004168974359339148}, "Q49243488": {"object": 0.01813279784208647, "dictionary": 0.042991454006265896, "combined": 0.03435396440821648}, "Q49243748": {"object": 0.0017538835895675449, "dictionary": 0.0, "combined": 0.0006094115128760947}, "Q287315": {"object": 0.0018173260422861572, "dictionary": 0.0, "combined": 0.0006314554850768682}, "Q29944575": {"object": 0.0018566595664070563, "dictionary": 0.0, "combined": 0.0006451224710637637}, "Q87066066": {"object": 0.008971721352198545, "dictionary": 0.02283169484990795, "combined": 0.018015852186288355}, "Q87066063": {"object": 0.008971721352198545, "dictionary": 0.02283169484990795, "combined": 0.018015852186288355}, "Q85415853": {"object": 0.0017165871454525646, "dictionary": 0.0, "combined": 0.0005964523389786908}, "Q29944206": {"object": 0.0017165871454525646, "dictionary": 0.0,