{"name": "Q59390872", "Q4045294": {"object": 0.0009519891717550677, "dictionary": 0.0, "combined": 0.0005618744299143544}, "Q1076355": {"object": 0.0009353273390786924, "dictionary": 0.0, "combined": 0.0005520404338835935}, "Q3807693": {"object": 0.001056647138853553, "dictionary": 0.0, "combined": 0.0006236447077117854}, "Q95994246": {"object": 0.0010568044560463135, "dictionary": 0.0, "combined": 0.0006237375580409914}, "Q58006953": {"object": 0.0010568044560463135, "dictionary": 0.0, "combined": 0.0006237375580409914}, "Q723030": {"object": 0.0010084280429229465, "dictionary": 0.0, "combined": 0.0005951852694735889}, "Q27979156": {"object": 0.0010084280429229465, "dictionary": 0.0, "combined": 0.0005951852694735889}, "Q16996920": {"object": 0.001176465231903194, "dictionary": 0.0, "combined": 0.0006943626577926431}, "Q66811836": {"object": 0.001176465231903194, "dictionary": 0.0, "combined": 0.0006943626577926431}, "Q28600763": {"object": 0.001176465231903194, "dictionary": 0.0, "combined": 0.0006943626577926431}, "Q1662484": {"object": 0.001176465231903194, "dictionary": 0.0, "combined": 0.0006943626577926431}, "Q684554": {"object": 0.001176465231903194, "dictionary": 0.0, "combined": 0.0006943626577926431}, "Q1676669": {"object": 0.0013925542901520819, "dictionary": 0.008174776221573685, "combined": 0.004171834597516431}, "Q61777776": {"object": 0.005304431815810891, "dictionary": 0.0, "combined": 0.003130733721512461}, "Q1141412": {"object": 0.0014837248421818933, "dictionary": 0.0, "combined": 0.0008757106431303051}, "Q27526733": {"object": 0.0018359716189090276, "dictionary": 0.0, "combined": 0.0010836105465481655}, "Q28207070": {"object": 0.018678248038640606, "dictionary": 0.0, "combined": 0.011024106449826574}, "Q1569639": {"object": 0.006843358623971854, "dictionary": 0.0, "combined": 0.0040390251692200485}, "Q27526739": {"object": 0.0035126375790420395, "dictionary": 0.0, "combined": 0.00207319714948163}, "Q2192": {"object": 0.0035126375790420395, "dictionary": 0.0, "combined": 0.00207319714948163}, "Q1109779": {"object": 0.00922365727578815, "dictionary": 0.0, "combined": 0.005443903488948762}, "Q29000599": {"object": 0.005676890580402719, "dictionary": 0.0, "combined": 0.003350562961414237}, "Q39184097": {"object": 0.00922365727578815, "dictionary": 0.0, "combined": 0.005443903488948762}, "Q75717796": {"object": 0.014587329993101349, "dictionary": 0.0, "combined": 0.008609601838995657}, "Q75717634": {"object": 0.014587329993101349, "dictionary": 0.0, "combined": 0.008609601838995657}, "Q28207158": {"object": 0.018899300088513107, "dictionary": 0.19890642805173914, "combined": 0.09266425071857075}, "Q4928413": {"object": 0.017993829182716945, "dictionary": 0.0, "combined": 0.01062015494921677}, "Q55429163": {"object": 0.04376198997930405, "dictionary": 0.026471129010074604, "combined": 0.036676384424800826}, "Q55429313": {"object": 0.04376198997930405, "dictionary": 0.026471129010074604, "combined": 0.036676384424800826}, "Q55429234": {"object": 0.022809876808919598, "dictionary": 0.02628253860937981, "combined": 0.024232935602003413}, "Q55429382": {"object": 0.04376198997930405, "dictionary": 0.026471129010074604, "combined": 0.036676384424800826}, "Q55429254": {"object": 0.04376198997930405, "dictionary": 0.026471129010074604, "combined": 0.036676384424800826}, "Q55429419": {"object": 0.04376198997930405, "dictionary": 0.026471129010074604, "combined": 0.036676384424800826}, "Q55429332": {"object": 0.04376198997930405, "dictionary": 0.026471129010074604, "combined": 0.036676384424800826}, "Q55429271": {"object": 0.04376198997930405, "dictionary": 0.026471129010074604, "combined": 0.036676384424800826}, "Q55429372": {"object": 0.04376198997930405, "dictionary": 0.026471129010074604, "combined": 0.036676384424800826}, "Q55429245": {"object": 0.04376198997930405, "dictionary": 0.026471129010074604, "combined": 0.036676384424800826}, "Q55429341": {"object": 0.04376198997930405, "dictionary": 0.026471129010074604, "combined": 0.036676384424800826}, "Q55429354": {"object": 0.04376198997930405, "dictionary": 0.026471129010074604, "combined": 0.036676384424800826}, "Q55429299": {"object": 0.04376198997930405, "dictionary": 0.026471129010074604, "combined": 0.036676384424800826}, "Q50288190": {"object": 0.04376198997930405, "dictionary": 0.026471129010074604, "combined": 0.036676384424800826}, "Q55429220": {"object": 0.04376198997930405, "dictionary": 0.026471129010074604, "combined": 0.036676384424800826}, "Q55429287": {"object": 0.04376198997930405, "dictionary": 0.026471129010074604, "combined": 0.036676384424800826}, "Q59390889": {"object": 0.04376198997930405, "dictionary": 0.2176520281727915, "combined": 0.11502022418112902}, "Q29650302": {"object": 0.04376198997930405, "dictionary": 0.15191729379339702, "combined": 0.08808284958357096}, "Q28777705": {"object": 0.04376198997930405, "dictionary": 0.0, "combined": 0.025828805516986974}, "Q28207577": {"object": 0.04376198997930405, "dictionary": 0.0, "combined": 0.025828805516986974}, "type": "co-oc"}