{"name": "Q59492181", "Q99184084": {"object": 0.000742384785887061, "dictionary": 0.0, "combined": 0.0002516885527167025}, "Q4045294": {"object": 0.0006211477963308223, "dictionary": 0.0, "combined": 0.00021058592909453447}, "Q1076355": {"object": 0.0012205527809641473, "dictionary": 0.0007500887701580918, "combined": 0.000909588814119237}, "Q3807693": {"object": 0.0020683030687885314, "dictionary": 0.0015023441325143095, "combined": 0.001694219543050557}, "Q95994246": {"object": 0.002068611004731, "dictionary": 0.0015060452103731804, "combined": 0.0016967702538836797}, "Q58006953": {"object": 0.002068611004731, "dictionary": 0.0015060452103731804, "combined": 0.0016967702538836797}, "Q723030": {"object": 0.0019739180083267294, "dictionary": 0.0014764586513648559, "combined": 0.0016451108489439203}, "Q27979156": {"object": 0.0019739180083267294, "dictionary": 0.0014770631016508208, "combined": 0.0016455103742091203}, "Q26549229": {"object": 0.0015929116866572586, "dictionary": 0.0021855255778805553, "combined": 0.0019846134155662607}, "Q16996920": {"object": 0.0007676124980594966, "dictionary": 0.0, "combined": 0.00026024143053119997}, "Q66811836": {"object": 0.0007676124980594966, "dictionary": 0.0, "combined": 0.00026024143053119997}, "Q28600763": {"object": 0.0007676124980594966, "dictionary": 0.0, "combined": 0.00026024143053119997}, "Q1662484": {"object": 0.0007676124980594966, "dictionary": 0.0, "combined": 0.00026024143053119997}, "Q684554": {"object": 0.0007676124980594966, "dictionary": 0.0, "combined": 0.00026024143053119997}, "Q1343830": {"object": 0.0010820215958738516, "dictionary": 0.0, "combined": 0.0003668346316503534}, "Q47512572": {"object": 0.0017982487055189294, "dictionary": 0.0, "combined": 0.0006096550235413861}, "Q28206625": {"object": 0.005931915988339602, "dictionary": 0.006084045193034028, "combined": 0.00603246927164748}, "Q27996239": {"object": 0.012635816508667432, "dictionary": 0.012155677763857302, "combined": 0.012318457804722613}, "Q28848214": {"object": 0.012635816508667432, "dictionary": 0.012155677763857302, "combined": 0.012318457804722613}, "Q7271574": {"object": 0.012635816508667432, "dictionary": 0.012155677763857302, "combined": 0.012318457804722613}, "Q27995538": {"object": 0.012635816508667432, "dictionary": 0.012155677763857302, "combined": 0.012318457804722613}, "Q28757684": {"object": 0.012635816508667432, "dictionary": 0.012155677763857302, "combined": 0.012318457804722613}, "Q44071250": {"object": 0.0103314602054636, "dictionary": 0.007482042269928814, "combined": 0.008448072137341629}, "Q44069766": {"object": 0.0103314602054636, "dictionary": 0.007482042269928814, "combined": 0.008448072137341629}, "Q44070042": {"object": 0.0103314602054636, "dictionary": 0.007482042269928814, "combined": 0.008448072137341629}, "Q44070148": {"object": 0.0103314602054636, "dictionary": 0.007482042269928814, "combined": 0.008448072137341629}, "Q28207569": {"object": 0.0103314602054636, "dictionary": 0.007482042269928814, "combined": 0.008448072137341629}, "Q44071424": {"object": 0.0103314602054636, "dictionary": 0.007482042269928814, "combined": 0.008448072137341629}, "Q44069463": {"object": 0.0103314602054636, "dictionary": 0.007482042269928814, "combined": 0.008448072137341629}, "Q44069213": {"object": 0.0103314602054636, "dictionary": 0.007482042269928814, "combined": 0.008448072137341629}, "Q32979463": {"object": 0.0103314602054636, "dictionary": 0.007482042269928814, "combined": 0.008448072137341629}, "Q44070571": {"object": 0.0103314602054636, "dictionary": 0.007482042269928814, "combined": 0.008448072137341629}, "Q32979267": {"object": 0.0103314602054636, "dictionary": 0.007482042269928814, "combined": 0.008448072137341629}, "Q26541013": {"object": 0.002233427092888062, "dictionary": 0.0015636893500762402, "combined": 0.0017907485872703916}, "Q29946121": {"object": 0.002233427092888062, "dictionary": 0.0015636893500762402, "combined": 0.0017907485872703916}, "Q26548590": {"object": 0.002233427092888062, "dictionary": 0.0015636893500762402, "combined": 0.0017907485872703916}, "Q26085322": {"object": 0.0022259061410276194, "dictionary": 0.0015636471401087582, "combined": 0.001788170881211173}, "Q29946829": {"object": 0.002233427092888062, "dictionary": 0.0015636893500762402, "combined": 0.0017907485872703916}, "Q26547917": {"object": 0.002233427092888062, "dictionary": 0.0015636893500762402, "combined": 0.0017907485872703916}, "Q26543628": {"object": 0.002233427092888062, "dictionary": 0.0015636893500762402, "combined": 0.0017907485872703916}, "Q29946726": {"object": 0.002233427092888062, "dictionary": 0.0015636893500762402, "combined": 0.0017907485872703916}, "Q26085330": {"object": 0.002221601541870456, "dictionary": 0.0015636471401087582, "combined": 0.001786711505490539}, "Q26547266": {"object": 0.002233427092888062, "dictionary": 0.0015636893500762402, "combined": 0.0017907485872703916}, "Q26085319": {"object": 0.002233427092888062, "dictionary": 0.0015636893500762402, "combined": 0.0017907485872703916}, "Q47498749": {"object": 0.0021563486162172792, "dictionary": 0.0015490393238209892, "combined": 0.0017549336252134767}, "Q29946883": {"object": 0.002233427092888062, "dictionary": 0.0015636893500762402, "combined": 0.0017907485872703916}, "Q42332": {"object": 0.00223052540647001, "dictionary": 0.0015629722451692605, "combined": 0.001789290850053502}, "Q47498552": {"object": 0.0021563486162172792, "dictionary": 0.0015490393238209892, "combined": 0.0017549336252134767}, "Q26085326": {"object": 0.002225618388955959, "dictionary": 0.0015636471401087582, "combined": 0.0017880733254640264}, "Q29946866": {"object": 0.002233427092888062, "dictionary": 0.0015636893500762402, "combined": 0.0017907485872703916}, "Q47498565": {"object": 0.0021563486162172792, "dictionary": 0.0015490393238209892, "combined": 0.0017549336252134767}, "Q26085317": {"object": 0.002233427092888062, "dictionary": 0.0015636893500762402, "combined": 0.0017907485872703916}, "Q29946134": {"object": 0.002233427092888062, "dictionary": 0.0015636893500762402, "combined": 0.0017907485872703916}, "Q26545877": {"object": 0.002233427092888062, "dictionary": 0.0015636893500762402, "combined": 0.0017907485872703916}, "Q29946713": {"object": 0.002233427092888062, "dictionary": 0.0015636893500762402, "combined": 0.0017907485872703916}, "Q29946692": {"object": 0.002233427092888062, "dictionary": 0.0015636893500762402, "combined": 0.0017907485872703916}, "Q26546575": {"object": 0.002233427092888062, "dictionary": 0.0015636893500762402, "combined": 0.0017907485872703916}, "Q29946937": {"object": 0.002233427092888062, "dictionary": 0.0015636893500762402, "combined": 0.0017907485872703916}, "Q47498538": {"object": 0.0021563486162172792, "dictionary": 0.0015490393238209892, "combined": 0.0017549336252134767}, "Q47498555": {"object": 0.0021563486162172792, "dictionary": 0.0015490393238209892, "combined": 0.0017549336252134767}, "Q55429627": {"object": 0.002233427092888062, "dictionary": 0.0015636893500762402, "combined": 0.0017907485872703916}, "Q5533911": {"object": 0.002233427092888062, "dictionary": 0.0015636893500762402, "combined": 0.0017907485872703916}, "Q29946810": {"object": 0.002233427092888062, "dictionary": 0.0015636893500762402, "combined": 0.0017907485872703916}, "Q29946771": {"object": 0.002233427092888062, "dictionary": 0.0015636893500762402, "combined": 0.0017907485872703916}, "Q26085333": {"object": 0.002233427092888062, "dictionary": 0.0015636893500762402, "combined": 0.0017907485872703916}, "Q2043942": {"object": 0.002233427092888062, "dictionary": 0.0015636893500762402, "combined": 0.0017907485872703916}, "Q26085336": {"object": 0.002233427092888062, "dictionary": 0.0015636893500762402, "combined": 0.0017907485872703916}, "Q29946141": {"object": 0.002233427092888062, "dictionary": 0.0015636893500762402, "combined": 0.0017907485872703916}, "Q26085339": {"object": 0.002233427092888062, "dictionary": 0.0015636893500762402,