{"name": "Q59537303", "Q99184084": {"object": 0.004242538998532376, "dictionary": 0.11439984998258007, "combined": 0.02141509216904042}, "Q28600412": {"object": 0.008348355092435275, "dictionary": 0.33650264520521983, "combined": 0.059504714527427074}, "Q4045294": {"object": 0.0035497006402645474, "dictionary": 0.15391188598572905, "combined": 0.0269898391078121}, "Q1076355": {"object": 0.003487573338952629, "dictionary": 0.15036324500054296, "combined": 0.026384195075007857}, "Q3807693": {"object": 0.003939940848704504, "dictionary": 0.0, "combined": 0.0033257388215432522}, "Q95994246": {"object": 0.003940527440397387, "dictionary": 0.0, "combined": 0.0033262339687650843}, "Q58006953": {"object": 0.003940527440397387, "dictionary": 0.0, "combined": 0.0033262339687650843}, "Q723030": {"object": 0.003760145362814366, "dictionary": 0.0, "combined": 0.0031739718660673405}, "Q27979156": {"object": 0.003760145362814366, "dictionary": 0.0, "combined": 0.0031739718660673405}, "Q26549229": {"object": 0.0045515412494522055, "dictionary": 0.0, "combined": 0.0038419961142655158}, "Q47512572": {"object": 0.010276530994783938, "dictionary": 0.0, "combined": 0.008674510453978832}, "Q1141412": {"object": 0.005532393832337142, "dictionary": 0.24482237382592825, "combined": 0.04283559112266335}, "Q26211936": {"object": 0.007333278665150437, "dictionary": 0.0, "combined": 0.006190085202397117}, "Q26211977": {"object": 0.007333278665150437, "dictionary": 0.0, "combined": 0.006190085202397117}, "Q26211940": {"object": 0.007333278665150437, "dictionary": 0.0, "combined": 0.006190085202397117}, "Q26211915": {"object": 0.007333278665150437, "dictionary": 0.0, "combined": 0.006190085202397117}, "Q10394822": {"object": 0.007333278665150437, "dictionary": 0.0, "combined": 0.006190085202397117}, "Q26211975": {"object": 0.007333278665150437, "dictionary": 0.0, "combined": 0.006190085202397117}, "Q26211905": {"object": 0.007333278665150437, "dictionary": 0.0, "combined": 0.006190085202397117}, "Q5532250": {"object": 0.007333278665150437, "dictionary": 0.0, "combined": 0.006190085202397117}, "Q26211927": {"object": 0.007333278665150437, "dictionary": 0.0, "combined": 0.006190085202397117}, "Q26211957": {"object": 0.007333278665150437, "dictionary": 0.0, "combined": 0.006190085202397117}, "Q26211948": {"object": 0.007333278665150437, "dictionary": 0.0, "combined": 0.006190085202397117}, "Q26211958": {"object": 0.007333278665150437, "dictionary": 0.0, "combined": 0.006190085202397117}, "Q26211874": {"object": 0.007333278665150437, "dictionary": 0.0, "combined": 0.006190085202397117}, "Q26211954": {"object": 0.007333278665150437, "dictionary": 0.0, "combined": 0.006190085202397117}, "Q26211891": {"object": 0.007333278665150437, "dictionary": 0.0, "combined": 0.006190085202397117}, "Q26211983": {"object": 0.007333278665150437, "dictionary": 0.0, "combined": 0.006190085202397117}, "Q26211840": {"object": 0.007333278665150437, "dictionary": 0.0, "combined": 0.006190085202397117}, "Q26211965": {"object": 0.007333278665150437, "dictionary": 0.0, "combined": 0.006190085202397117}, "Q26211978": {"object": 0.007333278665150437, "dictionary": 0.0, "combined": 0.006190085202397117}, "Q26211931": {"object": 0.007333278665150437, "dictionary": 0.0, "combined": 0.006190085202397117}, "Q28205883": {"object": 0.009298147374474501, "dictionary": 0.0, "combined": 0.007848648210515194}, "Q10287816": {"object": 0.010941187578035505, "dictionary": 0.0, "combined": 0.009235552938319899}, "Q28771319": {"object": 0.008910741132717101, "dictionary": 0.0, "combined": 0.007521635184838831}, "Q6043826": {"object": 0.008910741132717101, "dictionary": 0.0, "combined": 0.007521635184838831}, "Q29000498": {"object": 0.008910741132717101, "dictionary": 0.0, "combined": 0.007521635184838831}, "Q27967113": {"object": 0.027407423658152526, "dictionary": 0.0, "combined": 0.02313484804939951}, "Q935809": {"object": 0.021597096822194427, "dictionary": 0.0, "combined": 0.018230299918796423}, "Q5301": {"object": 0.01720434814492488, "dictionary": 0.0, "combined": 0.014522342015295979}, "Q29650305": {"object": 0.01250096903360802, "dictionary": 0.0, "combined": 0.010552178222586903}, "Q62625561": {"object": 0.014962349934823116, "dictionary": 0.0, "combined": 0.012629851551227811}, "Q89029185": {"object": 0.01570782626601032, "dictionary": 0.0, "combined": 0.013259114697649446}, "Q34284525": {"object": 0.015114531764909017, "dictionary": 0.0, "combined": 0.0127583095762808}, "Q66310989": {"object": 0.015114531764909017, "dictionary": 0.0, "combined": 0.0127583095762808}, "Q2276274": {"object": 0.014923689189665162, "dictionary": 0.0, "combined": 0.012597217675243638}, "Q29167914": {"object": 0.014753992463893917, "dictionary": 0.0, "combined": 0.012453975172257386}, "Q28771288": {"object": 0.014923689189665162, "dictionary": 0.0, "combined": 0.012597217675243638}, "Q28009488": {"object": 0.014923689189665162, "dictionary": 0.0, "combined": 0.012597217675243638}, "Q62625630": {"object": 0.024522778278900627, "dictionary": 0.0, "combined": 0.020699893441561205}, "Q11241282": {"object": 0.030469179934019666, "dictionary": 0.0, "combined": 0.025719303527228118}, "Q3563777": {"object": 0.03335258121675871, "dictionary": 0.0, "combined": 0.028153207982226713}, "Q27979377": {"object": 0.03335258121675871, "dictionary": 0.0, "combined": 0.028153207982226713}, "Q305976": {"object": 0.05394751989144003, "dictionary": 0.0, "combined": 0.04553757736945028}, "Q55721708": {"object": 0.03652618314973962, "dictionary": 0.0, "combined": 0.030832073365728546}, "Q55721705": {"object": 0.03652618314973962, "dictionary": 0.0, "combined": 0.030832073365728546}, "Q55721702": {"object": 0.03652618314973962, "dictionary": 0.0, "combined": 0.030832073365728546}, "Q55721671": {"object": 0.03652618314973962, "dictionary": 0.0, "combined": 0.030832073365728546}, "Q55721640": {"object": 0.03652618314973962, "dictionary": 0.0, "combined": 0.030832073365728546}, "Q27866052": {"object": 0.053698338328864635, "dictionary": 0.0, "combined": 0.04532724101464376}, "Q89101317": {"object": 0.05498010197919448, "dictionary": 0.0, "combined": 0.04640918901732675}, "Q47462053": {"object": 0.08094481372738775, "dictionary": 0.0, "combined": 0.06832623121849075}, "type": "co-oc"}