{"name": "Q59653905", "Q27866062": {"object": 0.004635328237861766, "dictionary": 0.0, "combined": 0.0007462406523127699}, "Q28207379": {"object": 0.004562152588162209, "dictionary": 0.0, "combined": 0.0007344601177393655}, "Q27231634": {"object": 0.004635328237861766, "dictionary": 0.0, "combined": 0.0007462406523127699}, "Q27866063": {"object": 0.004635328237861766, "dictionary": 0.0, "combined": 0.0007462406523127699}, "Q28205771": {"object": 0.004583855489619761, "dictionary": 0.0, "combined": 0.0007379540639088031}, "Q7670377": {"object": 0.004583855489619761, "dictionary": 0.0, "combined": 0.0007379540639088031}, "Q27866059": {"object": 0.004635328237861766, "dictionary": 0.0, "combined": 0.0007462406523127699}, "Q28207384": {"object": 0.004583855489619761, "dictionary": 0.0, "combined": 0.0007379540639088031}, "Q28205372": {"object": 0.004635328237861766, "dictionary": 0.0, "combined": 0.0007462406523127699}, "Q27231651": {"object": 0.004635328237861766, "dictionary": 0.0, "combined": 0.0007462406523127699}, "Q27231654": {"object": 0.004635328237861766, "dictionary": 0.0, "combined": 0.0007462406523127699}, "Q1502796": {"object": 0.004635328237861766, "dictionary": 0.0, "combined": 0.0007462406523127699}, "Q99184084": {"object": 0.00155186151321484, "dictionary": 0.032061819563182464, "combined": 0.02715002695025077}, "Q4045294": {"object": 0.0012984309181285631, "dictionary": 0.0004958103838297248, "combined": 0.0006250241180767471}, "Q28205439": {"object": 0.004155841009388691, "dictionary": 0.0, "combined": 0.0006690480903645689}, "Q28858032": {"object": 0.002147433414749351, "dictionary": 0.0, "combined": 0.0003457149159646166}, "Q3807693": {"object": 0.004323526008526476, "dictionary": 0.0, "combined": 0.0006960436679630541}, "Q95994246": {"object": 0.004324169709672752, "dictionary": 0.0, "combined": 0.0006961472972938462}, "Q58006953": {"object": 0.004324169709672752, "dictionary": 0.0, "combined": 0.0006961472972938462}, "Q723030": {"object": 0.004126225975527943, "dictionary": 0.0, "combined": 0.0006642803714345492}, "Q27979156": {"object": 0.004126225975527943, "dictionary": 0.0, "combined": 0.0006642803714345492}, "Q47233167": {"object": 0.0019055121599787495, "dictionary": 0.0005340220602691912, "combined": 0.0007548180026769028}, "Q29650304": {"object": 0.0019055121599787495, "dictionary": 0.0005340220602691912, "combined": 0.0007548180026769028}, "Q1601331": {"object": 0.0019055121599787495, "dictionary": 0.0005340220602691912, "combined": 0.0007548180026769028}, "Q81526237": {"object": 0.0019055121599787495, "dictionary": 0.0005340220602691912, "combined": 0.0007548180026769028}, "Q28009496": {"object": 0.0019055121599787495, "dictionary": 0.0005340220602691912, "combined": 0.0007548180026769028}, "Q34747804": {"object": 0.0019055121599787495, "dictionary": 0.0005340220602691912, "combined": 0.0007548180026769028}, "Q28049770": {"object": 0.0019055121599787495, "dictionary": 0.0005340220602691912, "combined": 0.0007548180026769028}, "Q28755606": {"object": 0.0019055121599787495, "dictionary": 0.0005340220602691912, "combined": 0.0007548180026769028}, "Q81526528": {"object": 0.0019055121599787495, "dictionary": 0.0005340220602691912, "combined": 0.0007548180026769028}, "Q81526664": {"object": 0.0019055121599787495, "dictionary": 0.0005340220602691912, "combined": 0.0007548180026769028}, "Q28758112": {"object": 0.0019055121599787495, "dictionary": 0.0005340220602691912, "combined": 0.0007548180026769028}, "Q32097899": {"object": 0.0019055121599787495, "dictionary": 0.0005340220602691912, "combined": 0.0007548180026769028}, "Q66439259": {"object": 0.0019055121599787495, "dictionary": 0.0005340220602691912, "combined": 0.0007548180026769028}, "Q28207108": {"object": 0.0019055121599787495, "dictionary": 0.0005340220602691912, "combined": 0.0007548180026769028}, "Q32097740": {"object": 0.0019055121599787495, "dictionary": 0.0005340220602691912, "combined": 0.0007548180026769028}, "Q6912474": {"object": 0.0019055121599787495, "dictionary": 0.0005340220602691912, "combined": 0.0007548180026769028}, "Q16996920": {"object": 0.0016045968552249607, "dictionary": 0.0, "combined": 0.0002583237567000111}, "Q66811836": {"object": 0.0016045968552249607, "dictionary": 0.0, "combined": 0.0002583237567000111}, "Q28600763": {"object": 0.0016045968552249607, "dictionary": 0.0, "combined": 0.0002583237567000111}, "Q1662484": {"object": 0.0016045968552249607, "dictionary": 0.0, "combined": 0.0002583237567000111}, "Q684554": {"object": 0.0016045968552249607, "dictionary": 0.0, "combined": 0.0002583237567000111}, "Q28206109": {"object": 0.0035760954402153464, "dictionary": 0.0, "combined": 0.0005757149563306946}, "Q1676669": {"object": 0.0018993236468988351, "dictionary": 0.0, "combined": 0.000305771769437555}, "Q47512572": {"object": 0.003759011513077764, "dictionary": 0.0, "combined": 0.0006051625817256777}, "Q28600764": {"object": 0.009331928895419466, "dictionary": 0.002597095303136436, "combined": 0.003681334941674223}, "Q942350": {"object": 0.00905257386695019, "dictionary": 0.0025901666239088045, "combined": 0.0036305483938916245}, "Q1141412": {"object": 0.0020236723969587916, "dictionary": 0.0007886686226948896, "combined": 0.0009874916563233683}, "Q28206359": {"object": 0.0026410275412962945, "dictionary": 0.0, "combined": 0.0004251785448751886}, "Q28205580": {"object": 0.00198010574209396, "dictionary": 0.0009356461410669799, "combined": 0.0011037935028046777}, "Q28206771": {"object": 0.0019347663588161353, "dictionary": 0.0008891912665538681, "combined": 0.0010575182110232203}, "Q28205626": {"object": 0.00198010574209396, "dictionary": 0.0009348015483292241, "combined": 0.001103084880898591}, "Q729366": {"object": 0.00198010574209396, "dictionary": 0.0009356461410669799, "combined": 0.0011037935028046777}, "Q29904539": {"object": 0.0029667565673057567, "dictionary": 0.0, "combined": 0.00047761760169560296}, "Q28755628": {"object": 0.0029667565673057567, "dictionary": 0.0, "combined": 0.00047761760169560296}, "Q58103465": {"object": 0.0029667565673057567, "dictionary": 0.0, "combined": 0.00047761760169560296}, "Q27526733": {"object": 0.005008213087976949, "dictionary": 0.0, "combined": 0.0008062713167034028}, "Q939636": {"object": 0.007858289544231603, "dictionary": 0.0024369877296246904, "combined": 0.00330976212550714}, "Q55758993": {"object": 0.006664416883402595, "dictionary": 0.0, "combined": 0.0010729032653464705}, "Q58799889": {"object": 0.006664416883402595, "dictionary": 0.0, "combined": 0.0010729032653464705}, "Q28207256": {"object": 0.006664416883402595, "dictionary": 0.0, "combined": 0.0010729032653464705}, "Q50809751": {"object": 0.006664416883402595, "dictionary": 0.0, "combined": 0.0010729032653464705}, "Q28207363": {"object": 0.006664416883402595, "dictionary": 0.0, "combined": 0.0010729032653464705}, "Q28206843": {"object": 0.006664416883402595, "dictionary": 0.0, "combined": 0.0010729032653464705}, "Q50809753": {"object": 0.006664416883402595, "dictionary": 0.0, "combined": 0.0010729032653464705}, "Q3406936": {"object": 0.006664416883402595, "dictionary": 0.0, "combined": 0.0010729032653464705}, "Q50809785": {"object": 0.006664416883402595, "dictionary": 0.0, "combined": 0.0010729032653464705}, "Q29650793": {"object": 0.006664416883402595, "dictionary": 0.0, "combined": 0.0010729032653464705}, "Q55758988": {"object": 0.006664416883402595, "dictionary": 0.0, "combined": 0.0010729032653464705}, "Q87816075": {"object": 0.006125873834831455, "dictionary": 0.0, "combined": 0.0009862033176315228}, "Q218170": {"object": 0.00472217175146695, "dictionary": 0.0, "combined": 0.000760221573817427}, "Q66134564": {"object": 0.008051385626344228, "dictionary": 0.0, "combined": 0.0012961911117207819}, "Q48625328": {"object": 0.008051385626344228, "dictionary": 0.0, "combined": 0.0012961911117207819}, "Q28205883": {"object": 0.01020339734741732, "dictionary": 0.0016398846407949584, "combined": 0.0030185229982862103},