{"name": "Q605258", "Q99184084": {"object": 0.001240916783343302, "dictionary": 0.0, "combined": 0.0002785432790345913}, "Q28600412": {"object": 0.0024418429509065593, "dictionary": 0.0, "combined": 0.0005481100357112732}, "Q4045294": {"object": 0.001038265788923219, "dictionary": 0.0018008146629000408, "combined": 0.0016296485809897115}, "Q1144005": {"object": 0.0021885406509849093, "dictionary": 0.0, "combined": 0.0004912523526222531}, "Q1076355": {"object": 0.0010200939321816653, "dictionary": 0.0, "combined": 0.00022897611879149122}, "Q28858032": {"object": 0.0017171546190061187, "dictionary": 0.0, "combined": 0.00038544234763165057}, "Q3807693": {"object": 0.0011524086699564986, "dictionary": 0.0, "combined": 0.0002586762416515493}, "Q95994246": {"object": 0.0011525802444492545, "dictionary": 0.0, "combined": 0.00025871475424357195}, "Q58006953": {"object": 0.0011525802444492545, "dictionary": 0.0, "combined": 0.00025871475424357195}, "Q723030": {"object": 0.0010998195868419732, "dictionary": 0.0, "combined": 0.000246871795254526}, "Q27979156": {"object": 0.0010998195868419732, "dictionary": 0.0, "combined": 0.000246871795254526}, "Q26549229": {"object": 0.0013312980572431814, "dictionary": 0.0, "combined": 0.0002988307767405766}, "Q47233167": {"object": 0.0015237068514470102, "dictionary": 0.0, "combined": 0.00034201995523506996}, "Q29650304": {"object": 0.0015237068514470102, "dictionary": 0.0, "combined": 0.00034201995523506996}, "Q1601331": {"object": 0.0015237068514470102, "dictionary": 0.0, "combined": 0.00034201995523506996}, "Q81526237": {"object": 0.0015237068514470102, "dictionary": 0.0, "combined": 0.00034201995523506996}, "Q28009496": {"object": 0.0015237068514470102, "dictionary": 0.0, "combined": 0.00034201995523506996}, "Q34747804": {"object": 0.0015237068514470102, "dictionary": 0.0, "combined": 0.00034201995523506996}, "Q28049770": {"object": 0.0015237068514470102, "dictionary": 0.0, "combined": 0.00034201995523506996}, "Q28755606": {"object": 0.0015237068514470102, "dictionary": 0.0, "combined": 0.00034201995523506996}, "Q81526528": {"object": 0.0015237068514470102, "dictionary": 0.0, "combined": 0.00034201995523506996}, "Q81526664": {"object": 0.0015237068514470102, "dictionary": 0.0, "combined": 0.00034201995523506996}, "Q28758112": {"object": 0.0015237068514470102, "dictionary": 0.0, "combined": 0.00034201995523506996}, "Q32097899": {"object": 0.0015237068514470102, "dictionary": 0.0, "combined": 0.00034201995523506996}, "Q66439259": {"object": 0.0015237068514470102, "dictionary": 0.0, "combined": 0.00034201995523506996}, "Q28207108": {"object": 0.0015237068514470102, "dictionary": 0.0, "combined": 0.00034201995523506996}, "Q32097740": {"object": 0.0015237068514470102, "dictionary": 0.0, "combined": 0.00034201995523506996}, "Q6912474": {"object": 0.0015237068514470102, "dictionary": 0.0, "combined": 0.00034201995523506996}, "Q28206109": {"object": 0.0014297786280580082, "dictionary": 0.0, "combined": 0.0003209362889587729}, "Q1141412": {"object": 0.0016181914558680605, "dictionary": 0.0, "combined": 0.000363228509980231}, "Q49799747": {"object": 0.0035413584391105544, "dictionary": 0.0, "combined": 0.0007949135712461232}, "Q49798508": {"object": 0.0035413584391105544, "dictionary": 0.0, "combined": 0.0007949135712461232}, "Q49798739": {"object": 0.0035413584391105544, "dictionary": 0.0, "combined": 0.0007949135712461232}, "Q49799499": {"object": 0.0035413584391105544, "dictionary": 0.0, "combined": 0.0007949135712461232}, "Q66134804": {"object": 0.001574858587290845, "dictionary": 0.003056390174099326, "combined": 0.002723837120000779}, "Q28757976": {"object": 0.011776436013345324, "dictionary": 0.0, "combined": 0.0026434061868843063}, "Q27596243": {"object": 0.00176251728763495, "dictionary": 0.0, "combined": 0.00039562471169928096}, "Q58335745": {"object": 0.0034681919539292184, "dictionary": 0.0, "combined": 0.0007784902034817378}, "Q34310996": {"object": 0.0034681919539292184, "dictionary": 0.0, "combined": 0.0007784902034817378}, "Q28206952": {"object": 0.0037127514322475106, "dictionary": 0.0, "combined": 0.0008333854228261283}, "Q58335773": {"object": 0.0030741619190685484, "dictionary": 0.0, "combined": 0.0006900439680681891}, "Q3509055": {"object": 0.0030695592697283476, "dictionary": 0.0, "combined": 0.0006890108310708703}, "Q28771319": {"object": 0.002606337437897749, "dictionary": 0.0, "combined": 0.0005850334091434489}, "Q6043826": {"object": 0.002606337437897749, "dictionary": 0.0, "combined": 0.0005850334091434489}, "Q29000498": {"object": 0.002606337437897749, "dictionary": 0.0, "combined": 0.0005850334091434489}, "Q3888665": {"object": 0.005923814126393752, "dictionary": 0.0, "combined": 0.0013296932020788554}, "Q382011": {"object": 0.005923814126393752, "dictionary": 0.0, "combined": 0.0013296932020788554}, "Q48004607": {"object": 0.004048549362503782, "dictionary": 0.0, "combined": 0.0009087605469618573}, "Q48004869": {"object": 0.004048549362503782, "dictionary": 0.0, "combined": 0.0009087605469618573}, "Q48021763": {"object": 0.004048549362503782, "dictionary": 0.0, "combined": 0.0009087605469618573}, "Q48005022": {"object": 0.004048549362503782, "dictionary": 0.0, "combined": 0.0009087605469618573}, "Q48021588": {"object": 0.004048549362503782, "dictionary": 0.0, "combined": 0.0009087605469618573}, "Q28106114": {"object": 0.004370146340349185, "dictionary": 0.0, "combined": 0.0009809480440922682}, "Q28757747": {"object": 0.005591851748767733, "dictionary": 0.0, "combined": 0.00125517902802526}, "Q25378623": {"object": 0.005206896678936378, "dictionary": 0.0, "combined": 0.0011687698111695387}, "Q1023647": {"object": 0.006011138038546353, "dictionary": 0.0, "combined": 0.001349294426879427}, "Q55394748": {"object": 0.006011138038546353, "dictionary": 0.0, "combined": 0.001349294426879427}, "Q85513175": {"object": 0.0066569310987912205, "dictionary": 0.014457132952595219, "combined": 0.012706255028584414}, "Q27960107": {"object": 0.021209676687636972, "dictionary": 0.0, "combined": 0.004760845345262386}, "Q61752184": {"object": 0.004962810664186714, "dictionary": 0.0, "combined": 0.0011139808681658982}, "Q47493628": {"object": 0.004962810664186714, "dictionary": 0.0, "combined": 0.0011139808681658982}, "Q47493509": {"object": 0.004962810664186714, "dictionary": 0.0, "combined": 0.0011139808681658982}, "Q47493633": {"object": 0.004962810664186714, "dictionary": 0.0, "combined": 0.0011139808681658982}, "Q47493619": {"object": 0.004962810664186714, "dictionary": 0.0, "combined": 0.0011139808681658982}, "Q47493614": {"object": 0.004962810664186714, "dictionary": 0.0, "combined": 0.0011139808681658982}, "Q59653966": {"object": 0.0051472836522607635, "dictionary": 0.0, "combined": 0.0011553887302249606}, "Q28206381": {"object": 0.0051472836522607635, "dictionary": 0.0, "combined": 0.0011553887302249606}, "Q66439261": {"object": 0.0051472836522607635, "dictionary": 0.0, "combined": 0.0011553887302249606}, "Q86995619": {"object": 0.013448123027640082, "dictionary": 0.03342472717941897, "combined": 0.028940664348532763}, "Q86996249": {"object": 0.013448123027640082, "dictionary": 0.03342472717941897, "combined": 0.028940664348532763}, "Q28771225": {"object": 0.013448123027640082, "dictionary": 0.03342472717941897, "combined": 0.028940664348532763}, "Q27925703": {"object": 0.013448123027640082, "dictionary": 0.03342472717941897, "combined": 0.028940664348532763}, "Q86996065": {"object": 0.013448123027640082, "dictionary": 0.03342472717941897, "combined": 0.028940664348532763}, "Q29651047": {"object": 0.013448123027640082, "dictionary": 0.03342472717941897, "combined": 0.028940664348532763}, "Q28206548": {"object": 0.013448123027640082, "dictionary": 0.03342472717941897, "combined": 0.028940664348532763}, "Q76142694": {"object": 0.007786229084097968, "dictionary": 0.0, "combined": 0.0017477415162005649}, "Q61984337": {"object": 0.025244564676215536, "dictionary": 0.0, "combined": 0.005666539382092117},