{"name": "Q61886938", "Q99184084": {"object": 0.008628320857431312, "dictionary": 0.003778096916751938, "combined": 0.004053271178709192}, "Q4045294": {"object": 0.007219251510151591, "dictionary": 0.0, "combined": 0.0004095794813778229}, "Q1076355": {"object": 0.007092899273929136, "dictionary": 0.0, "combined": 0.000402410970444224}, "Q47233167": {"object": 0.010594611809125708, "dictionary": 0.0, "combined": 0.0006010783256517886}, "Q29650304": {"object": 0.010594611809125708, "dictionary": 0.0, "combined": 0.0006010783256517886}, "Q1601331": {"object": 0.010594611809125708, "dictionary": 0.0, "combined": 0.0006010783256517886}, "Q81526237": {"object": 0.010594611809125708, "dictionary": 0.0, "combined": 0.0006010783256517886}, "Q28009496": {"object": 0.010594611809125708, "dictionary": 0.0, "combined": 0.0006010783256517886}, "Q34747804": {"object": 0.010594611809125708, "dictionary": 0.0, "combined": 0.0006010783256517886}, "Q28049770": {"object": 0.010594611809125708, "dictionary": 0.0, "combined": 0.0006010783256517886}, "Q28755606": {"object": 0.010594611809125708, "dictionary": 0.0, "combined": 0.0006010783256517886}, "Q81526528": {"object": 0.010594611809125708, "dictionary": 0.0, "combined": 0.0006010783256517886}, "Q81526664": {"object": 0.010594611809125708, "dictionary": 0.0, "combined": 0.0006010783256517886}, "Q28758112": {"object": 0.010594611809125708, "dictionary": 0.0, "combined": 0.0006010783256517886}, "Q32097899": {"object": 0.010594611809125708, "dictionary": 0.0, "combined": 0.0006010783256517886}, "Q66439259": {"object": 0.010594611809125708, "dictionary": 0.0, "combined": 0.0006010783256517886}, "Q28207108": {"object": 0.010594611809125708, "dictionary": 0.0, "combined": 0.0006010783256517886}, "Q32097740": {"object": 0.010594611809125708, "dictionary": 0.0, "combined": 0.0006010783256517886}, "Q6912474": {"object": 0.010594611809125708, "dictionary": 0.0, "combined": 0.0006010783256517886}, "Q16996920": {"object": 0.008921528368227223, "dictionary": 0.0, "combined": 0.0005061570381663169}, "Q66811836": {"object": 0.008921528368227223, "dictionary": 0.0, "combined": 0.0005061570381663169}, "Q28600763": {"object": 0.008921528368227223, "dictionary": 0.0, "combined": 0.0005061570381663169}, "Q1662484": {"object": 0.008921528368227223, "dictionary": 0.0, "combined": 0.0005061570381663169}, "Q684554": {"object": 0.008921528368227223, "dictionary": 0.0, "combined": 0.0005061570381663169}, "Q1676669": {"object": 0.010560203792669847, "dictionary": 0.0, "combined": 0.000599126209491905}, "Q194831": {"object": 0.01507667480752077, "dictionary": 0.0, "combined": 0.0008553652189403744}, "Q28205580": {"object": 0.011009350724237962, "dictionary": 0.0, "combined": 0.000624608264942588}, "Q28206771": {"object": 0.010757264605039923, "dictionary": 0.0, "combined": 0.0006103063249397367}, "Q28205626": {"object": 0.011009350724237962, "dictionary": 0.0, "combined": 0.000624608264942588}, "Q729366": {"object": 0.011009350724237962, "dictionary": 0.0, "combined": 0.000624608264942588}, "Q29944987": {"object": 0.01986425775074004, "dictionary": 0.0, "combined": 0.001126985585148655}, "Q29944777": {"object": 0.01986425775074004, "dictionary": 0.0, "combined": 0.001126985585148655}, "Q29944782": {"object": 0.01986425775074004, "dictionary": 0.0, "combined": 0.001126985585148655}, "Q29944783": {"object": 0.01986425775074004, "dictionary": 0.0, "combined": 0.001126985585148655}, "Q29944780": {"object": 0.01986425775074004, "dictionary": 0.0, "combined": 0.001126985585148655}, "Q29944776": {"object": 0.01986425775074004, "dictionary": 0.0, "combined": 0.001126985585148655}, "Q29944786": {"object": 0.01986425775074004, "dictionary": 0.0, "combined": 0.001126985585148655}, "Q29944773": {"object": 0.01986425775074004, "dictionary": 0.0, "combined": 0.001126985585148655}, "Q29944785": {"object": 0.01986425775074004, "dictionary": 0.0, "combined": 0.001126985585148655}, "Q29944758": {"object": 0.01986425775074004, "dictionary": 0.0, "combined": 0.001126985585148655}, "Q29944779": {"object": 0.01986425775074004, "dictionary": 0.0, "combined": 0.001126985585148655}, "Q1888930": {"object": 0.014589261164756102, "dictionary": 0.0, "combined": 0.0008277121268242034}, "Q28786544": {"object": 0.014589261164756102, "dictionary": 0.0, "combined": 0.0008277121268242034}, "Q8811": {"object": 0.014589261164756102, "dictionary": 0.0, "combined": 0.0008277121268242034}, "Q2053": {"object": 0.014589261164756102, "dictionary": 0.0, "combined": 0.0008277121268242034}, "Q166074": {"object": 0.01381100357789358, "dictionary": 0.0, "combined": 0.0007835581950270809}, "Q62626012": {"object": 0.014589261164756102, "dictionary": 0.0, "combined": 0.0008277121268242034}, "Q34746472": {"object": 0.014963101868325418, "dictionary": 0.0, "combined": 0.0008489217330099043}, "Q27826464": {"object": 0.015193890108014328, "dictionary": 0.0, "combined": 0.0008620153518410203}, "Q27826469": {"object": 0.015193890108014328, "dictionary": 0.0, "combined": 0.0008620153518410203}, "Q27826466": {"object": 0.015193890108014328, "dictionary": 0.0, "combined": 0.0008620153518410203}, "Q27826468": {"object": 0.015193890108014328, "dictionary": 0.0, "combined": 0.0008620153518410203}, "Q28207574": {"object": 0.312513095233199, "dictionary": 0.9962219030832481, "combined": 0.9574321340138514}, "type": "co-oc"}