{"name": "Q61887390", "Q99184084": {"object": 0.07501412256920006, "dictionary": 0.038608648173604244, "combined": 0.048322716268033514}, "Q28600412": {"object": 0.14761078975862857, "dictionary": 0.11356581534148703, "combined": 0.1226500315274248}, "Q26549229": {"object": 0.08047772178011535, "dictionary": 0.07392886943704921, "combined": 0.07567629887333759}, "Q16996920": {"object": 0.07756325171222574, "dictionary": 0.0826030052759371, "combined": 0.08125824847466444}, "Q66811836": {"object": 0.07756325171222574, "dictionary": 0.0826030052759371, "combined": 0.08125824847466444}, "Q28600763": {"object": 0.07756325171222574, "dictionary": 0.0826030052759371, "combined": 0.08125824847466444}, "Q1662484": {"object": 0.07756325171222574, "dictionary": 0.0826030052759371, "combined": 0.08125824847466444}, "Q684554": {"object": 0.07756325171222574, "dictionary": 0.0826030052759371, "combined": 0.08125824847466444}, "Q28206109": {"object": 0.0864309280780307, "dictionary": 0.08453978204543573, "combined": 0.0850443963003556}, "Q1676669": {"object": 0.09180980108972188, "dictionary": 0.06202816643709533, "combined": 0.06997479621687447}, "Q5924007": {"object": 0.13084037816317495, "dictionary": 0.21431369218564295, "combined": 0.19204051844065181}, "type": "co-oc"}