{"name": "Q61984337", "Q99184084": {"object": 0.001869668243266568, "dictionary": 0.0, "combined": 0.0006735243794229}, "Q28600412": {"object": 0.0036790833048885303, "dictionary": 0.0074533240153173705, "combined": 0.006093701450491142}, "Q4045294": {"object": 0.0015643374315478273, "dictionary": 0.0034090524172867005, "combined": 0.002744517133844568}, "Q1144005": {"object": 0.0032974370313697417, "dictionary": 0.004713426797741403, "combined": 0.004203334361770835}, "Q1076355": {"object": 0.0015369582036036812, "dictionary": 0.0, "combined": 0.0005536697882146752}, "Q28858032": {"object": 0.0025872077024249977, "dictionary": 0.0, "combined": 0.0009320089103987094}, "Q3807693": {"object": 0.001736314571939067, "dictionary": 0.0, "combined": 0.0006254854029637941}, "Q95994246": {"object": 0.0017365730803134928, "dictionary": 0.0, "combined": 0.0006255785273419226}, "Q58006953": {"object": 0.0017365730803134928, "dictionary": 0.0, "combined": 0.0006255785273419226}, "Q723030": {"object": 0.001657079493518395, "dictionary": 0.0, "combined": 0.0005969419663332565}, "Q27979156": {"object": 0.001657079493518395, "dictionary": 0.0, "combined": 0.0005969419663332565}, "Q26549229": {"object": 0.0010029220868638393, "dictionary": 0.0024259757055569175, "combined": 0.0019133386059711603}, "Q47233167": {"object": 0.001147871618160729, "dictionary": 0.0, "combined": 0.0004135062581627416}, "Q29650304": {"object": 0.001147871618160729, "dictionary": 0.0, "combined": 0.0004135062581627416}, "Q1601331": {"object": 0.001147871618160729, "dictionary": 0.0, "combined": 0.0004135062581627416}, "Q81526237": {"object": 0.001147871618160729, "dictionary": 0.0, "combined": 0.0004135062581627416}, "Q28009496": {"object": 0.001147871618160729, "dictionary": 0.0, "combined": 0.0004135062581627416}, "Q34747804": {"object": 0.001147871618160729, "dictionary": 0.0, "combined": 0.0004135062581627416}, "Q28049770": {"object": 0.001147871618160729, "dictionary": 0.0, "combined": 0.0004135062581627416}, "Q28755606": {"object": 0.001147871618160729, "dictionary": 0.0, "combined": 0.0004135062581627416}, "Q81526528": {"object": 0.001147871618160729, "dictionary": 0.0, "combined": 0.0004135062581627416}, "Q81526664": {"object": 0.001147871618160729, "dictionary": 0.0, "combined": 0.0004135062581627416}, "Q28758112": {"object": 0.001147871618160729, "dictionary": 0.0, "combined": 0.0004135062581627416}, "Q32097899": {"object": 0.001147871618160729, "dictionary": 0.0, "combined": 0.0004135062581627416}, "Q66439259": {"object": 0.001147871618160729, "dictionary": 0.0, "combined": 0.0004135062581627416}, "Q28207108": {"object": 0.001147871618160729, "dictionary": 0.0, "combined": 0.0004135062581627416}, "Q32097740": {"object": 0.001147871618160729, "dictionary": 0.0, "combined": 0.0004135062581627416}, "Q6912474": {"object": 0.001147871618160729, "dictionary": 0.0, "combined": 0.0004135062581627416}, "Q28206109": {"object": 0.0021542231773020925, "dictionary": 0.0, "combined": 0.0007760317018038769}, "Q1141412": {"object": 0.0012190507925964613, "dictionary": 0.0, "combined": 0.00043914765709130316}, "Q49799747": {"object": 0.002667852309076759, "dictionary": 0.0, "combined": 0.0009610601117787116}, "Q49798508": {"object": 0.002667852309076759, "dictionary": 0.0, "combined": 0.0009610601117787116}, "Q49798739": {"object": 0.002667852309076759, "dictionary": 0.0, "combined": 0.0009610601117787116}, "Q49799499": {"object": 0.002667852309076759, "dictionary": 0.0, "combined": 0.0009610601117787116}, "Q29904539": {"object": 0.0017871602885180258, "dictionary": 0.010428931996583447, "combined": 0.00731584284413572}, "Q28755628": {"object": 0.0017871602885180258, "dictionary": 0.010428931996583447, "combined": 0.00731584284413572}, "Q58103465": {"object": 0.0017871602885180258, "dictionary": 0.010428931996583447, "combined": 0.00731584284413572}, "Q66134804": {"object": 0.0011864063440097546, "dictionary": 0.0028929668682298446, "combined": 0.0022781999853015767}, "Q28757976": {"object": 0.00887167807243734, "dictionary": 0.0, "combined": 0.0031959100175646413}, "Q27596243": {"object": 0.0013277774324322827, "dictionary": 0.0, "combined": 0.0004783150563803962}, "Q58335745": {"object": 0.0026127329587499726, "dictionary": 0.0, "combined": 0.0009412040617245152}, "Q34310996": {"object": 0.0026127329587499726, "dictionary": 0.0, "combined": 0.0009412040617245152}, "Q28206952": {"object": 0.002796969765093115, "dictionary": 0.0, "combined": 0.0010075730451556736}, "Q58335773": {"object": 0.0023158937778472184, "dictionary": 0.0, "combined": 0.0008342714945025212}, "Q3509055": {"object": 0.002312426411049631, "dictionary": 0.0, "combined": 0.0008330224193904062}, "Q28206625": {"object": 0.0037348269913262348, "dictionary": 0.013506815915761894, "combined": 0.009986580280503466}, "Q479833": {"object": 0.0015656148088047735, "dictionary": 0.00790938188529674, "combined": 0.005624119888263127}, "Q28205883": {"object": 0.0020488262893141596, "dictionary": 0.005637692231848562, "combined": 0.004344848586735187}, "Q28771319": {"object": 0.0019634621774335583, "dictionary": 0.0, "combined": 0.0007073124600254155}, "Q6043826": {"object": 0.0019634621774335583, "dictionary": 0.0, "combined": 0.0007073124600254155}, "Q29000498": {"object": 0.0019634621774335583, "dictionary": 0.0, "combined": 0.0007073124600254155}, "Q921122": {"object": 0.0030642819598055136, "dictionary": 0.0, "combined": 0.0011038688883910942}, "Q62664770": {"object": 0.001525758685798003, "dictionary": 0.0, "combined": 0.0005496353033229993}, "Q3888665": {"object": 0.004462655070750304, "dictionary": 0.0, "combined": 0.0016076151466605502}, "Q382011": {"object": 0.004462655070750304, "dictionary": 0.0, "combined": 0.0016076151466605502}, "Q48004607": {"object": 0.0030499402844631884, "dictionary": 0.00804117611958339, "combined": 0.006243146426075146}, "Q48004869": {"object": 0.0030499402844631884, "dictionary": 0.00804117611958339, "combined": 0.006243146426075146}, "Q48021763": {"object": 0.0030499402844631884, "dictionary": 0.00804117611958339, "combined": 0.006243146426075146}, "Q48005022": {"object": 0.0030499402844631884, "dictionary": 0.00804117611958339, "combined": 0.006243146426075146}, "Q48021588": {"object": 0.0030499402844631884, "dictionary": 0.00804117611958339, "combined": 0.006243146426075146}, "Q28106114": {"object": 0.006584425273840491, "dictionary": 0.01950005862958111, "combined": 0.0148473647775528}, "Q28757747": {"object": 0.004212574032385089, "dictionary": 0.0, "combined": 0.0015175266099498414}, "Q25378623": {"object": 0.003922571399328174, "dictionary": 0.0, "combined": 0.0014130568227755096}, "Q61727114": {"object": 0.005779603890896928, "dictionary": 0.026833302143047143, "combined": 0.019248973157995883}, "Q5616826": {"object": 0.005698722776713097, "dictionary": 0.026379808299541438, "combined": 0.018929708345862675}, "Q61727559": {"object": 0.005779603890896928, "dictionary": 0.026833302143047143, "combined": 0.019248973157995883}, "Q73514615": {"object": 0.005779603890896928, "dictionary": 0.026833302143047143, "combined": 0.019248973157995883}, "Q61727514": {"object": 0.005779603890896928, "dictionary": 0.026833302143047143, "combined": 0.019248973157995883}, "Q61727569": {"object": 0.005779603890896928, "dictionary": 0.026833302143047143, "combined": 0.019248973157995883}, "Q61727504": {"object": 0.005779603890896928, "dictionary": 0.026833302143047143, "combined": 0.019248973157995883}, "Q61727602": {"object": 0.005779603890896928, "dictionary": 0.026833302143047143, "combined": 0.019248973157995883}, "Q1023647": {"object": 0.004528439798469773, "dictionary": 0.0, "combined": 0.0016313132642663496}, "Q55394748": {"object": 0.004528439798469773, "dictionary": 0.0, "combined": 0.0016313132642663496}, "Q85513175": {"object": 0.0050149425167297, "dictionary": 0.0, "combined": 0.0018065697262529342}, "Q27960107": {"object": 0.01597812983316523, "dictionary": 0.0, "combined": 0.005755919542934009},