{"name": "Q62561203", "Q4045294": {"object": 0.004363913396723669, "dictionary": 0.0, "combined": 0.0008424313271306991}, "Q1076355": {"object": 0.004287535642661241, "dictionary": 0.0, "combined": 0.0008276869894528752}, "Q28600764": {"object": 0.015681900729339185, "dictionary": 0.0, "combined": 0.0030273113241127926}, "Q942350": {"object": 0.015212456751165799, "dictionary": 0.0, "combined": 0.002936687547334126}, "Q3928271": {"object": 0.012831218263976091, "dictionary": 0.0, "combined": 0.002477001546121543}, "Q1141412": {"object": 0.006801386935853883, "dictionary": 0.007277704920314599, "combined": 0.00718575415151916}, "Q28205580": {"object": 0.006654963197662946, "dictionary": 0.008633989394999484, "combined": 0.008251948434447808}, "Q28206771": {"object": 0.006502581473442715, "dictionary": 0.00820531141911979, "combined": 0.007876608047288704}, "Q28205626": {"object": 0.006654963197662946, "dictionary": 0.008626195631501929, "combined": 0.008245659217427164}, "Q729366": {"object": 0.006654963197662946, "dictionary": 0.008633989394999484, "combined": 0.008251948434447808}, "Q28206528": {"object": 0.018749900533262677, "dictionary": 0.0, "combined": 0.003619573111066777}, "Q2044200": {"object": 0.02427757181407541, "dictionary": 0.0, "combined": 0.004686661989717178}, "Q62561230": {"object": 0.26971396406043063, "dictionary": 0.4793114046195323, "combined": 0.438849682774647}, "Q48902661": {"object": 0.26971396406043063, "dictionary": 0.4793114046195323, "combined": 0.438849682774647}, "Q2389386": {"object": 0.027830260802121056, "dictionary": 0.0, "combined": 0.005372490563063504}, "Q28106149": {"object": 0.027830260802121056, "dictionary": 0.0, "combined": 0.005372490563063504}, "Q28205773": {"object": 0.027830260802121056, "dictionary": 0.0, "combined": 0.005372490563063504}, "Q28207016": {"object": 0.027830260802121056, "dictionary": 0.0, "combined": 0.005372490563063504}, "Q28206638": {"object": 0.027830260802121056, "dictionary": 0.0, "combined": 0.005372490563063504}, "Q28106166": {"object": 0.027830260802121056, "dictionary": 0.0, "combined": 0.005372490563063504}, "Q28207293": {"object": 0.027830260802121056, "dictionary": 0.0, "combined": 0.005372490563063504}, "Q28207503": {"object": 0.027830260802121056, "dictionary": 0.0, "combined": 0.005372490563063504}, "Q28770336": {"object": 0.027830260802121056, "dictionary": 0.0, "combined": 0.005372490563063504}, "Q7119344": {"object": 0.027255923796971275, "dictionary": 0.0, "combined": 0.005261617719933332}, "Q28206876": {"object": 0.027255923796971275, "dictionary": 0.0, "combined": 0.005261617719933332}, "Q4836515": {"object": 0.026914521932617442, "dictionary": 0.0, "combined": 0.0051957118232011865}, "type": "co-oc"}