{"name": "Q66141873", "Q99184084": {"object": 0.00419531990958901, "dictionary": 0.007689162291133013, "combined": 0.005868655132990635}, "Q28600412": {"object": 0.002751812876183216, "dictionary": 0.022617367512042023, "combined": 0.01226618950639108}, "Q4045294": {"object": 0.0035101927818069222, "dictionary": 0.020689773108248637, "combined": 0.011738153217385751}, "Q1144005": {"object": 0.007399068405928532, "dictionary": 0.014303055375902011, "combined": 0.01070565276697149}, "Q1076355": {"object": 0.0034487569519387486, "dictionary": 0.02021274317416713, "combined": 0.011477673418936803}, "Q28858032": {"object": 0.0019351319007736391, "dictionary": 0.0, "combined": 0.0010083229558143967}, "Q3807693": {"object": 0.003896089650770688, "dictionary": 0.010120967450068772, "combined": 0.006877422563199639}, "Q95994246": {"object": 0.003896669713749203, "dictionary": 0.010145900811027229, "combined": 0.0068896663553524}, "Q58006953": {"object": 0.003896669713749203, "dictionary": 0.010145900811027229, "combined": 0.0068896663553524}, "Q723030": {"object": 0.0037182952729535226, "dictionary": 0.009946582562829567, "combined": 0.006701261121289398}, "Q27979156": {"object": 0.0037182952729535226, "dictionary": 0.009950654613658023, "combined": 0.006703211382731852}, "Q26549229": {"object": 0.0015002943308042728, "dictionary": 0.0, "combined": 0.0007817457888133401}, "Q47233167": {"object": 0.0034342553699317903, "dictionary": 0.0, "combined": 0.0017894586535660395}, "Q29650304": {"object": 0.0034342553699317903, "dictionary": 0.0, "combined": 0.0017894586535660395}, "Q1601331": {"object": 0.0034342553699317903, "dictionary": 0.0, "combined": 0.0017894586535660395}, "Q81526237": {"object": 0.0034342553699317903, "dictionary": 0.0, "combined": 0.0017894586535660395}, "Q28009496": {"object": 0.0034342553699317903, "dictionary": 0.0, "combined": 0.0017894586535660395}, "Q34747804": {"object": 0.0034342553699317903, "dictionary": 0.0, "combined": 0.0017894586535660395}, "Q28049770": {"object": 0.0034342553699317903, "dictionary": 0.0, "combined": 0.0017894586535660395}, "Q28755606": {"object": 0.0034342553699317903, "dictionary": 0.0, "combined": 0.0017894586535660395}, "Q81526528": {"object": 0.0034342553699317903, "dictionary": 0.0, "combined": 0.0017894586535660395}, "Q81526664": {"object": 0.0034342553699317903, "dictionary": 0.0, "combined": 0.0017894586535660395}, "Q28758112": {"object": 0.0034342553699317903, "dictionary": 0.0, "combined": 0.0017894586535660395}, "Q32097899": {"object": 0.0034342553699317903, "dictionary": 0.0, "combined": 0.0017894586535660395}, "Q66439259": {"object": 0.0034342553699317903, "dictionary": 0.0, "combined": 0.0017894586535660395}, "Q28207108": {"object": 0.0034342553699317903, "dictionary": 0.0, "combined": 0.0017894586535660395}, "Q32097740": {"object": 0.0034342553699317903, "dictionary": 0.0, "combined": 0.0017894586535660395}, "Q6912474": {"object": 0.0034342553699317903, "dictionary": 0.0, "combined": 0.0017894586535660395}, "Q16996920": {"object": 0.0028919234851240414, "dictionary": 0.0, "combined": 0.0015068703251409226}, "Q66811836": {"object": 0.0028919234851240414, "dictionary": 0.0, "combined": 0.0015068703251409226}, "Q28600763": {"object": 0.0028919234851240414, "dictionary": 0.0, "combined": 0.0015068703251409226}, "Q1662484": {"object": 0.0028919234851240414, "dictionary": 0.0, "combined": 0.0015068703251409226}, "Q684554": {"object": 0.0028919234851240414, "dictionary": 0.0, "combined": 0.0015068703251409226}, "Q28206109": {"object": 0.004833828363925964, "dictionary": 0.0, "combined": 0.0025187224198333536}, "Q1676669": {"object": 0.003423101972581219, "dictionary": 0.012353311004613487, "combined": 0.007700121853207664}, "Q28445577": {"object": 0.003757209916108208, "dictionary": 0.0, "combined": 0.001957737871362054}, "Q1343830": {"object": 0.002038218288804133, "dictionary": 0.0, "combined": 0.0010620373157717627}, "Q194831": {"object": 0.007330681720756173, "dictionary": 0.012095944122055526, "combined": 0.009612948793526003}, "Q1141412": {"object": 0.0036472125144118594, "dictionary": 0.0, "combined": 0.0019004224474542448}, "Q28205580": {"object": 0.003568693457141093, "dictionary": 0.019521884776552402, "combined": 0.011209289123806209}, "Q28206771": {"object": 0.003486979457219413, "dictionary": 0.01855262228750928, "combined": 0.010702494084977594}, "Q28205626": {"object": 0.003568693457141093, "dictionary": 0.01950426268483856, "combined": 0.011200849227681945}, "Q729366": {"object": 0.003568693457141093, "dictionary": 0.019521884776552402, "combined": 0.011209289123806209}, "Q29904539": {"object": 0.008020363149503983, "dictionary": 0.047470428074790634, "combined": 0.026914513484869326}, "Q28755628": {"object": 0.008020363149503983, "dictionary": 0.047470428074790634, "combined": 0.026914513484869326}, "Q58103465": {"object": 0.008020363149503983, "dictionary": 0.047470428074790634, "combined": 0.026914513484869326}, "Q66134804": {"object": 0.0053243180161103975, "dictionary": 0.0, "combined": 0.002774297750739355}, "Q29944987": {"object": 0.0032195107795939975, "dictionary": 0.011644255995705838, "combined": 0.0072544446371638266}, "Q29944777": {"object": 0.0032195107795939975, "dictionary": 0.011644255995705838, "combined": 0.0072544446371638266}, "Q29944782": {"object": 0.0032195107795939975, "dictionary": 0.011644255995705838, "combined": 0.0072544446371638266}, "Q29944783": {"object": 0.0032195107795939975, "dictionary": 0.011644255995705838, "combined": 0.0072544446371638266}, "Q29944780": {"object": 0.0032195107795939975, "dictionary": 0.011644255995705838, "combined": 0.0072544446371638266}, "Q29944776": {"object": 0.0032195107795939975, "dictionary": 0.011644255995705838, "combined": 0.0072544446371638266}, "Q29944786": {"object": 0.0032195107795939975, "dictionary": 0.011644255995705838, "combined": 0.0072544446371638266}, "Q29944773": {"object": 0.0032195107795939975, "dictionary": 0.011644255995705838, "combined": 0.0072544446371638266}, "Q29944785": {"object": 0.0032195107795939975, "dictionary": 0.011644255995705838, "combined": 0.0072544446371638266}, "Q29944758": {"object": 0.0032195107795939975, "dictionary": 0.011644255995705838, "combined": 0.0072544446371638266}, "Q29944779": {"object": 0.0032195107795939975, "dictionary": 0.011644255995705838, "combined": 0.0072544446371638266}, "Q27526733": {"object": 0.0045130865738845045, "dictionary": 0.0, "combined": 0.0023515961843253194}, "Q1888930": {"object": 0.004729125465007067, "dictionary": 0.0, "combined": 0.0024641657580998398}, "Q28786544": {"object": 0.004729125465007067, "dictionary": 0.0, "combined": 0.0024641657580998398}, "Q8811": {"object": 0.004729125465007067, "dictionary": 0.0, "combined": 0.0024641657580998398}, "Q2053": {"object": 0.004729125465007067, "dictionary": 0.0, "combined": 0.0024641657580998398}, "Q166074": {"object": 0.004476852390256881, "dictionary": 0.0, "combined": 0.0023327159420419275}, "Q62626012": {"object": 0.004729125465007067, "dictionary": 0.0, "combined": 0.0024641657580998398}, "Q27596243": {"object": 0.005958758852376705, "dictionary": 0.0, "combined": 0.0031048805182797225}, "Q26211936": {"object": 0.0024172199711157763, "dictionary": 0.005445877530576362, "combined": 0.0038677603276694008}, "Q26211977": {"object": 0.0024172199711157763, "dictionary": 0.005445877530576362, "combined": 0.0038677603276694008}, "Q26211940": {"object": 0.0024172199711157763, "dictionary": 0.005445877530576362, "combined": 0.0038677603276694008}, "Q26211915": {"object": 0.0024172199711157763, "dictionary": 0.005445877530576362, "combined": 0.0038677603276694008}, "Q10394822": {"object": 0.0024172199711157763, "dictionary": 0.005445877530576362, "combined": 0.0038677603276694008}, "Q26211975": {"object": 0.0024172199711157763, "dictionary": 0.005445877530576362, "combined": 0.0038677603276694008}, "Q26211905": {"object": 0.0024172199711157763, "dictionary": 0.005445877530576362,