{"name": "Q66662115", "Q4045294": {"object": 0.004832769421927337, "dictionary": 0.005810592783229389, "combined": 0.00559100959384853}, "Q1144005": {"object": 0.010186902476767418, "dictionary": 0.0, "combined": 0.0022876039009558616}, "Q1076355": {"object": 0.004748185691501909, "dictionary": 0.005676621923430385, "combined": 0.005468129268200577}, "Q28858032": {"object": 0.00799276295529347, "dictionary": 0.008835930713912539, "combined": 0.008646586223948474}, "Q3807693": {"object": 0.005364065195199817, "dictionary": 0.005684820236257027, "combined": 0.005612790442622783}, "Q95994246": {"object": 0.005364863815332559, "dictionary": 0.005698824991793867, "combined": 0.0056238295855079}, "Q58006953": {"object": 0.005364863815332559, "dictionary": 0.005698824991793867, "combined": 0.0056238295855079}, "Q723030": {"object": 0.005119281137481173, "dictionary": 0.005586870436421628, "combined": 0.005481867065010062}, "Q27979156": {"object": 0.005119281137481173, "dictionary": 0.005589157656202432, "combined": 0.005483640659289411}, "Q47233167": {"object": 0.007092330266695174, "dictionary": 0.0, "combined": 0.0015926767162011415}, "Q29650304": {"object": 0.007092330266695174, "dictionary": 0.0, "combined": 0.0015926767162011415}, "Q1601331": {"object": 0.007092330266695174, "dictionary": 0.0, "combined": 0.0015926767162011415}, "Q81526237": {"object": 0.007092330266695174, "dictionary": 0.0, "combined": 0.0015926767162011415}, "Q28009496": {"object": 0.007092330266695174, "dictionary": 0.0, "combined": 0.0015926767162011415}, "Q34747804": {"object": 0.007092330266695174, "dictionary": 0.0, "combined": 0.0015926767162011415}, "Q28049770": {"object": 0.007092330266695174, "dictionary": 0.0, "combined": 0.0015926767162011415}, "Q28755606": {"object": 0.007092330266695174, "dictionary": 0.0, "combined": 0.0015926767162011415}, "Q81526528": {"object": 0.007092330266695174, "dictionary": 0.0, "combined": 0.0015926767162011415}, "Q81526664": {"object": 0.007092330266695174, "dictionary": 0.0, "combined": 0.0015926767162011415}, "Q28758112": {"object": 0.007092330266695174, "dictionary": 0.0, "combined": 0.0015926767162011415}, "Q32097899": {"object": 0.007092330266695174, "dictionary": 0.0, "combined": 0.0015926767162011415}, "Q66439259": {"object": 0.007092330266695174, "dictionary": 0.0, "combined": 0.0015926767162011415}, "Q28207108": {"object": 0.007092330266695174, "dictionary": 0.0, "combined": 0.0015926767162011415}, "Q32097740": {"object": 0.007092330266695174, "dictionary": 0.0, "combined": 0.0015926767162011415}, "Q6912474": {"object": 0.007092330266695174, "dictionary": 0.0, "combined": 0.0015926767162011415}, "Q16996920": {"object": 0.005972321290399322, "dictionary": 0.0, "combined": 0.0013411638633861404}, "Q66811836": {"object": 0.005972321290399322, "dictionary": 0.0, "combined": 0.0013411638633861404}, "Q28600763": {"object": 0.005972321290399322, "dictionary": 0.0, "combined": 0.0013411638633861404}, "Q1662484": {"object": 0.005972321290399322, "dictionary": 0.0, "combined": 0.0013411638633861404}, "Q684554": {"object": 0.005972321290399322, "dictionary": 0.0, "combined": 0.0013411638633861404}, "Q1141412": {"object": 0.007532123537320524, "dictionary": 0.0, "combined": 0.0016914381212299193}, "Q28206359": {"object": 0.009829923922668718, "dictionary": 0.0, "combined": 0.002207439637601403}, "Q66134804": {"object": 0.007330423968232777, "dictionary": 0.009861891428490968, "combined": 0.00929341687497123}, "Q27596243": {"object": 0.008203910544075913, "dictionary": 0.011710314313616568, "combined": 0.010922904896492856}, "Q217570": {"object": 0.01368167768985381, "dictionary": 0.0, "combined": 0.0030724019716798293}, "Q751800": {"object": 0.0166404780973734, "dictionary": 0.0, "combined": 0.0037368397995502954}, "Q66689208": {"object": 0.08527362317575088, "dictionary": 0.0, "combined": 0.019149321736452868}, "Q28206523": {"object": 0.1724498242981785, "dictionary": 0.0, "combined": 0.03872589255501057}, "Q66424671": {"object": 0.24081307420055428, "dictionary": 0.4649230752624257, "combined": 0.4145962056529853}, "Q66208329": {"object": 0.24081307420055428, "dictionary": 0.4649230752624257, "combined": 0.4145962056529853}, "type": "co-oc"}