{"name": "Q67172933", "Q99184084": {"object": 0.0012530941901259917, "dictionary": 0.0, "combined": 0.0007395215072889085}, "Q28600412": {"object": 0.00246580532720106, "dictionary": 0.0, "combined": 0.0014552106989414765}, "Q1076355": {"object": 0.0010301043526510074, "dictionary": 0.0, "combined": 0.0006079226362550967}, "Q28858032": {"object": 0.001734005459114893, "dictionary": 0.0, "combined": 0.0010233343517799805}, "Q3807693": {"object": 0.001163717525910683, "dictionary": 0.0, "combined": 0.0006867753003734377}, "Q95994246": {"object": 0.0011638907841040865, "dictionary": 0.0, "combined": 0.0006868775497983776}, "Q58006953": {"object": 0.0011638907841040865, "dictionary": 0.0, "combined": 0.0006868775497983776}, "Q723030": {"object": 0.0011106123738171489, "dictionary": 0.0, "combined": 0.0006554349570612814}, "Q27979156": {"object": 0.0011106123738171489, "dictionary": 0.0, "combined": 0.0006554349570612814}, "Q47233167": {"object": 0.0015386593433438893, "dictionary": 0.0, "combined": 0.0009080495989526762}, "Q29650304": {"object": 0.0015386593433438893, "dictionary": 0.0, "combined": 0.0009080495989526762}, "Q1601331": {"object": 0.0015386593433438893, "dictionary": 0.0, "combined": 0.0009080495989526762}, "Q81526237": {"object": 0.0015386593433438893, "dictionary": 0.0, "combined": 0.0009080495989526762}, "Q28009496": {"object": 0.0015386593433438893, "dictionary": 0.0, "combined": 0.0009080495989526762}, "Q34747804": {"object": 0.0015386593433438893, "dictionary": 0.0, "combined": 0.0009080495989526762}, "Q28049770": {"object": 0.0015386593433438893, "dictionary": 0.0, "combined": 0.0009080495989526762}, "Q28755606": {"object": 0.0015386593433438893, "dictionary": 0.0, "combined": 0.0009080495989526762}, "Q81526528": {"object": 0.0015386593433438893, "dictionary": 0.0, "combined": 0.0009080495989526762}, "Q81526664": {"object": 0.0015386593433438893, "dictionary": 0.0, "combined": 0.0009080495989526762}, "Q28758112": {"object": 0.0015386593433438893, "dictionary": 0.0, "combined": 0.0009080495989526762}, "Q32097899": {"object": 0.0015386593433438893, "dictionary": 0.0, "combined": 0.0009080495989526762}, "Q66439259": {"object": 0.0015386593433438893, "dictionary": 0.0, "combined": 0.0009080495989526762}, "Q28207108": {"object": 0.0015386593433438893, "dictionary": 0.0, "combined": 0.0009080495989526762}, "Q32097740": {"object": 0.0015386593433438893, "dictionary": 0.0, "combined": 0.0009080495989526762}, "Q6912474": {"object": 0.0015386593433438893, "dictionary": 0.0, "combined": 0.0009080495989526762}, "Q28206109": {"object": 0.0014438093803185667, "dictionary": 0.0, "combined": 0.0008520732899285865}, "Q29650301": {"object": 0.003367581375424243, "dictionary": 0.06900765661995187, "combined": 0.030269748675051292}, "Q28758103": {"object": 0.003367581375424243, "dictionary": 0.06900765661995187, "combined": 0.030269748675051292}, "Q29209269": {"object": 0.003367581375424243, "dictionary": 0.06900765661995187, "combined": 0.030269748675051292}, "Q1343830": {"object": 0.0018263776429096254, "dictionary": 0.0, "combined": 0.0010778483836298772}, "Q47512572": {"object": 0.003035319484079732, "dictionary": 0.0, "combined": 0.0017913131013274788}, "Q283579": {"object": 0.004581191127554332, "dictionary": 0.07481878126993062, "combined": 0.033367620663074596}, "Q1882400": {"object": 0.0020479443861436786, "dictionary": 0.0, "combined": 0.0012086074065450396}, "Q27979410": {"object": 0.0020479443861436786, "dictionary": 0.0, "combined": 0.0012086074065450396}, "Q28055391": {"object": 0.002028593174402199, "dictionary": 0.0, "combined": 0.001197187165841915}, "Q5448342": {"object": 0.0025658545530695812, "dictionary": 0.0, "combined": 0.0015142553860052145}, "Q29904540": {"object": 0.0025658545530695812, "dictionary": 0.0, "combined": 0.0015142553860052145}, "Q5421818": {"object": 0.0025658545530695812, "dictionary": 0.0, "combined": 0.0015142553860052145}, "Q50223812": {"object": 0.0025658545530695812, "dictionary": 0.0, "combined": 0.0015142553860052145}, "Q5153426": {"object": 0.0025658545530695812, "dictionary": 0.0, "combined": 0.0015142553860052145}, "Q29904539": {"object": 0.002395590963724291, "dictionary": 0.0, "combined": 0.0014137732456990743}, "Q28755628": {"object": 0.002395590963724291, "dictionary": 0.0, "combined": 0.0014137732456990743}, "Q58103465": {"object": 0.002395590963724291, "dictionary": 0.0, "combined": 0.0014137732456990743}, "Q27526733": {"object": 0.002022011200746896, "dictionary": 0.0, "combined": 0.0011933027722210205}, "Q673906": {"object": 0.0029367290883463865, "dictionary": 0.023344407646505257, "combined": 0.011300686331286513}, "Q1888930": {"object": 0.0021188037285425174, "dictionary": 0.013875830567011875, "combined": 0.006937346391335653}, "Q28786544": {"object": 0.0021188037285425174, "dictionary": 0.013875830567011875, "combined": 0.006937346391335653}, "Q8811": {"object": 0.0021188037285425174, "dictionary": 0.013875830567011875, "combined": 0.006937346391335653}, "Q2053": {"object": 0.0021188037285425174, "dictionary": 0.013875830567011875, "combined": 0.006937346391335653}, "Q29151645": {"object": 0.0029367290883463865, "dictionary": 0.023344407646505257, "combined": 0.011300686331286513}, "Q17073241": {"object": 0.0029367290883463865, "dictionary": 0.023344407646505257, "combined": 0.011300686331286513}, "Q288405": {"object": 0.0029367290883463865, "dictionary": 0.023344407646505257, "combined": 0.011300686331286513}, "Q166074": {"object": 0.0020057770948981547, "dictionary": 0.010382564176901098, "combined": 0.005438949995354046}, "Q62626012": {"object": 0.0021188037285425174, "dictionary": 0.013875830567011875, "combined": 0.006937346391335653}, "Q28206528": {"object": 0.004504768184060867, "dictionary": 0.0, "combined": 0.0026585175988477457}, "Q777561": {"object": 0.004525423665141568, "dictionary": 0.0, "combined": 0.002670707562397925}, "Q26211936": {"object": 0.002165988077670885, "dictionary": 0.0, "combined": 0.0012782716419808208}, "Q26211977": {"object": 0.002165988077670885, "dictionary": 0.0, "combined": 0.0012782716419808208}, "Q26211940": {"object": 0.002165988077670885, "dictionary": 0.0, "combined": 0.0012782716419808208}, "Q26211915": {"object": 0.002165988077670885, "dictionary": 0.0, "combined": 0.0012782716419808208}, "Q10394822": {"object": 0.002165988077670885, "dictionary": 0.0, "combined": 0.0012782716419808208}, "Q26211975": {"object": 0.002165988077670885, "dictionary": 0.0, "combined": 0.0012782716419808208}, "Q26211905": {"object": 0.002165988077670885, "dictionary": 0.0, "combined": 0.0012782716419808208}, "Q5532250": {"object": 0.002165988077670885, "dictionary": 0.0, "combined": 0.0012782716419808208}, "Q26211927": {"object": 0.002165988077670885, "dictionary": 0.0, "combined": 0.0012782716419808208}, "Q26211957": {"object": 0.002165988077670885, "dictionary": 0.0, "combined": 0.0012782716419808208}, "Q26211948": {"object": 0.002165988077670885, "dictionary": 0.0, "combined": 0.0012782716419808208}, "Q26211958": {"object": 0.002165988077670885, "dictionary": 0.0, "combined": 0.0012782716419808208}, "Q26211874": {"object": 0.002165988077670885, "dictionary": 0.0, "combined": 0.0012782716419808208}, "Q26211954": {"object": 0.002165988077670885, "dictionary": 0.0, "combined": 0.0012782716419808208}, "Q26211891": {"object": 0.002165988077670885, "dictionary": 0.0, "combined": 0.0012782716419808208}, "Q26211983": {"object": 0.002165988077670885, "dictionary": 0.0, "combined": 0.0012782716419808208}, "Q26211840": {"object": 0.002165988077670885, "dictionary": 0.0, "combined": 0.0012782716419808208}, "Q26211965": {"object": 0.002165988077670885, "dictionary": 0.0, "combined": 0.0012782716419808208}, "Q26211978": {"object": 0.002165988077670885, "dictionary": 0.0, "combined": 0.0012782716419808208}, "Q26211931": {"object": 0.002165988077670885, "dictionary": 0.0, "combined": 0.0012782716419808208}, "Q218170": {"object": 0.003813050285835086, "dictionary": 0.0,