{"name": "Q6715113", "Q99184084": {"object": 0.0019826725298768425, "dictionary": 0.07762538299983336, "combined": 0.014919867193967883}, "Q28600412": {"object": 0.001950725063123136, "dictionary": 0.0, "combined": 0.001617091991000888}, "Q4045294": {"object": 0.0016588872727329982, "dictionary": 0.0, "combined": 0.0013751673023644875}, "Q28205439": {"object": 0.0026547703315295463, "dictionary": 0.0, "combined": 0.0022007241933878884}, "Q1076355": {"object": 0.0016298532217297822, "dictionary": 0.0, "combined": 0.0013510989535073486}, "Q28858032": {"object": 0.0013717903320970277, "dictionary": 0.0, "combined": 0.0011371726345767083}, "Q3807693": {"object": 0.0018412588529577098, "dictionary": 0.06811699765581519, "combined": 0.01317641764184811}, "Q95994246": {"object": 0.0018415329857909347, "dictionary": 0.06828480628659458, "combined": 0.013205345248352684}, "Q58006953": {"object": 0.0018415329857909347, "dictionary": 0.06828480628659458, "combined": 0.013205345248352684}, "Q723030": {"object": 0.0017572347412185953, "dictionary": 0.0669433376263877, "combined": 0.012906032783745748}, "Q27979156": {"object": 0.0017572347412185953, "dictionary": 0.06697074368989939, "combined": 0.01291072005071998}, "Q26549229": {"object": 0.001063539522796604, "dictionary": 0.0, "combined": 0.0008816420504044823}, "Q47233167": {"object": 0.0024344998460008372, "dictionary": 0.0, "combined": 0.002018126632749551}, "Q29650304": {"object": 0.0024344998460008372, "dictionary": 0.0, "combined": 0.002018126632749551}, "Q1601331": {"object": 0.0024344998460008372, "dictionary": 0.0, "combined": 0.002018126632749551}, "Q81526237": {"object": 0.0024344998460008372, "dictionary": 0.0, "combined": 0.002018126632749551}, "Q28009496": {"object": 0.0024344998460008372, "dictionary": 0.0, "combined": 0.002018126632749551}, "Q34747804": {"object": 0.0024344998460008372, "dictionary": 0.0, "combined": 0.002018126632749551}, "Q28049770": {"object": 0.0024344998460008372, "dictionary": 0.0, "combined": 0.002018126632749551}, "Q28755606": {"object": 0.0024344998460008372, "dictionary": 0.0, "combined": 0.002018126632749551}, "Q81526528": {"object": 0.0024344998460008372, "dictionary": 0.0, "combined": 0.002018126632749551}, "Q81526664": {"object": 0.0024344998460008372, "dictionary": 0.0, "combined": 0.002018126632749551}, "Q28758112": {"object": 0.0024344998460008372, "dictionary": 0.0, "combined": 0.002018126632749551}, "Q32097899": {"object": 0.0024344998460008372, "dictionary": 0.0, "combined": 0.002018126632749551}, "Q66439259": {"object": 0.0024344998460008372, "dictionary": 0.0, "combined": 0.002018126632749551}, "Q28207108": {"object": 0.0024344998460008372, "dictionary": 0.0, "combined": 0.002018126632749551}, "Q32097740": {"object": 0.0024344998460008372, "dictionary": 0.0, "combined": 0.002018126632749551}, "Q6912474": {"object": 0.0024344998460008372, "dictionary": 0.0, "combined": 0.002018126632749551}, "Q28206109": {"object": 0.0022844261982000805, "dictionary": 0.0, "combined": 0.0018937201243662766}, "Q1676669": {"object": 0.002426593344821546, "dictionary": 0.0, "combined": 0.002011572382755243}, "Q28445577": {"object": 0.005326876412420036, "dictionary": 0.0, "combined": 0.004415819197906228}, "Q27895063": {"object": 0.005982709259516703, "dictionary": 0.0, "combined": 0.004959484763353668}, "Q1353763": {"object": 0.006064262714128835, "dictionary": 0.0, "combined": 0.005027090107020392}, "Q856364": {"object": 0.003769410827313088, "dictionary": 0.0, "combined": 0.003124727402579776}, "Q1343830": {"object": 0.0014448669582507797, "dictionary": 0.0, "combined": 0.0011977509442096421}, "Q28205727": {"object": 0.009708046747694321, "dictionary": 0.0, "combined": 0.008047676702745962}, "Q4545483": {"object": 0.009708046747694321, "dictionary": 0.0, "combined": 0.008047676702745962}, "Q28758102": {"object": 0.00209258395689353, "dictionary": 0.0, "combined": 0.0017346887171131161}, "Q27473691": {"object": 0.0027759555519433266, "dictionary": 0.0, "combined": 0.002301183070481032}, "Q47455968": {"object": 0.0027503303234514913, "dictionary": 0.0, "combined": 0.0022799405322345757}, "Q28206310": {"object": 0.0027759555519433266, "dictionary": 0.0, "combined": 0.002301183070481032}, "Q3928271": {"object": 0.002438813827945102, "dictionary": 0.0, "combined": 0.002021702793113341}, "Q1882400": {"object": 0.0016201507871943424, "dictionary": 0.0, "combined": 0.0013430559291585707}, "Q27979410": {"object": 0.0016201507871943424, "dictionary": 0.0, "combined": 0.0013430559291585707}, "Q28055391": {"object": 0.0016048418358633157, "dictionary": 0.0, "combined": 0.0013303652722043864}, "Q1141412": {"object": 0.002585462450581929, "dictionary": 0.0, "combined": 0.002143270059377739}, "Q28206359": {"object": 0.0016871005280390079, "dictionary": 0.0, "combined": 0.0013985552364500669}, "Q28206497": {"object": 0.0021550879774312895, "dictionary": 0.0, "combined": 0.0017865026569284707}, "Q26385770": {"object": 0.0021550879774312895, "dictionary": 0.0, "combined": 0.0017865026569284707}, "Q17092932": {"object": 0.0021550879774312895, "dictionary": 0.0, "combined": 0.0017865026569284707}, "Q1952321": {"object": 0.0021550879774312895, "dictionary": 0.0, "combined": 0.0017865026569284707}, "Q26329648": {"object": 0.0021550879774312895, "dictionary": 0.0, "combined": 0.0017865026569284707}, "Q28206262": {"object": 0.0021550879774312895, "dictionary": 0.0, "combined": 0.0017865026569284707}, "Q28205580": {"object": 0.002529801291977522, "dictionary": 0.0, "combined": 0.002097128644838823}, "Q28206771": {"object": 0.0024718752792624588, "dictionary": 0.0, "combined": 0.002049109734843288}, "Q28205626": {"object": 0.002529801291977522, "dictionary": 0.0, "combined": 0.002097128644838823}, "Q729366": {"object": 0.002529801291977522, "dictionary": 0.0, "combined": 0.002097128644838823}, "Q29904539": {"object": 0.0018951777264723368, "dictionary": 0.0, "combined": 0.0015710449314139125}, "Q28755628": {"object": 0.0018951777264723368, "dictionary": 0.0, "combined": 0.0015710449314139125}, "Q58103465": {"object": 0.0018951777264723368, "dictionary": 0.0, "combined": 0.0015710449314139125}, "Q66134804": {"object": 0.0025162274387567733, "dictionary": 0.11816775331469792, "combined": 0.02229614138103242}, "Q178051": {"object": 0.002480066801412926, "dictionary": 0.0, "combined": 0.0020559002585895814}, "Q27526733": {"object": 0.0015996347658515115, "dictionary": 0.0, "combined": 0.0013260487688837243}, "Q939636": {"object": 0.002509955733564458, "dictionary": 0.0, "combined": 0.002080677278024821}, "Q27596243": {"object": 0.002816058785353779, "dictionary": 0.0, "combined": 0.002334427436274669}, "Q217570": {"object": 0.002348173377189807, "dictionary": 0.0, "combined": 0.0019465646048837648}, "Q26211936": {"object": 0.00342707283736351, "dictionary": 0.0, "combined": 0.002840939578130288}, "Q26211977": {"object": 0.00342707283736351, "dictionary": 0.0, "combined": 0.002840939578130288}, "Q26211940": {"object": 0.00342707283736351, "dictionary": 0.0, "combined": 0.002840939578130288}, "Q26211915": {"object": 0.00342707283736351, "dictionary": 0.0, "combined": 0.002840939578130288}, "Q10394822": {"object": 0.00342707283736351, "dictionary": 0.0, "combined": 0.002840939578130288}, "Q26211975": {"object": 0.00342707283736351, "dictionary": 0.0, "combined": 0.002840939578130288}, "Q26211905": {"object": 0.00342707283736351, "dictionary": 0.0, "combined": 0.002840939578130288}, "Q5532250": {"object": 0.00342707283736351, "dictionary": 0.0, "combined": 0.002840939578130288}, "Q26211927": {"object": 0.00342707283736351, "dictionary": 0.0, "combined": 0.002840939578130288}, "Q26211957": {"object": 0.00342707283736351, "dictionary": 0.0, "combined": 0.002840939578130288}, "Q26211948": {"object": 0.00342707283736351, "dictionary": 0.0, "combined": 0.002840939578130288}, "Q26211958": {"object": 0.00342707283736351, "dictionary": 0.0, "combined": 0.002840939578130288},