{"name": "Q68480995", "Q99184084": {"object": 0.0019979999455042806, "dictionary": 0.0, "combined": 0.0004082127767270077}, "Q28600412": {"object": 0.003931611005934463, "dictionary": 0.0, "combined": 0.0008032702149738534}, "Q7514956": {"object": 0.018330964520606702, "dictionary": 0.0, "combined": 0.0037452122778474273}, "Q4045294": {"object": 0.004179279016797796, "dictionary": 0.00204533679316261, "combined": 0.002481324032524254}, "Q1144005": {"object": 0.003523769006992337, "dictionary": 0.0, "combined": 0.0007199437287901723}, "Q1076355": {"object": 0.004106132756575744, "dictionary": 0.002997268294478409, "combined": 0.0032238211740744146}, "Q28858032": {"object": 0.004147185630715445, "dictionary": 0.0, "combined": 0.000847314418464318}, "Q3807693": {"object": 0.0018554930440768732, "dictionary": 0.0, "combined": 0.00037909709128099964}, "Q95994246": {"object": 0.0018557692961445199, "dictionary": 0.0, "combined": 0.0003791535325355974}, "Q58006953": {"object": 0.0018557692961445199, "dictionary": 0.0, "combined": 0.0003791535325355974}, "Q723030": {"object": 0.0017708193684466244, "dictionary": 0.0, "combined": 0.00036179735294893377}, "Q27979156": {"object": 0.0017708193684466244, "dictionary": 0.0, "combined": 0.00036179735294893377}, "Q47233167": {"object": 0.0012266600980097295, "dictionary": 0.0, "combined": 0.0002506197889722126}, "Q29650304": {"object": 0.0012266600980097295, "dictionary": 0.0, "combined": 0.0002506197889722126}, "Q1601331": {"object": 0.0012266600980097295, "dictionary": 0.0, "combined": 0.0002506197889722126}, "Q81526237": {"object": 0.0012266600980097295, "dictionary": 0.0, "combined": 0.0002506197889722126}, "Q28009496": {"object": 0.0012266600980097295, "dictionary": 0.0, "combined": 0.0002506197889722126}, "Q34747804": {"object": 0.0012266600980097295, "dictionary": 0.0, "combined": 0.0002506197889722126}, "Q28049770": {"object": 0.0012266600980097295, "dictionary": 0.0, "combined": 0.0002506197889722126}, "Q28755606": {"object": 0.0012266600980097295, "dictionary": 0.0, "combined": 0.0002506197889722126}, "Q81526528": {"object": 0.0012266600980097295, "dictionary": 0.0, "combined": 0.0002506197889722126}, "Q81526664": {"object": 0.0012266600980097295, "dictionary": 0.0, "combined": 0.0002506197889722126}, "Q28758112": {"object": 0.0012266600980097295, "dictionary": 0.0, "combined": 0.0002506197889722126}, "Q32097899": {"object": 0.0012266600980097295, "dictionary": 0.0, "combined": 0.0002506197889722126}, "Q66439259": {"object": 0.0012266600980097295, "dictionary": 0.0, "combined": 0.0002506197889722126}, "Q28207108": {"object": 0.0012266600980097295, "dictionary": 0.0, "combined": 0.0002506197889722126}, "Q32097740": {"object": 0.0012266600980097295, "dictionary": 0.0, "combined": 0.0002506197889722126}, "Q6912474": {"object": 0.0012266600980097295, "dictionary": 0.0, "combined": 0.0002506197889722126}, "Q16996920": {"object": 0.001032947979570125, "dictionary": 0.0016262952094916743, "combined": 0.0015050680188530784}, "Q66811836": {"object": 0.001032947979570125, "dictionary": 0.0016262952094916743, "combined": 0.0015050680188530784}, "Q28600763": {"object": 0.001032947979570125, "dictionary": 0.0016262952094916743, "combined": 0.0015050680188530784}, "Q1662484": {"object": 0.001032947979570125, "dictionary": 0.0016262952094916743, "combined": 0.0015050680188530784}, "Q684554": {"object": 0.001032947979570125, "dictionary": 0.0016262952094916743, "combined": 0.0015050680188530784}, "Q1676669": {"object": 0.0012226762860873606, "dictionary": 0.001221215978682877, "combined": 0.0012215143351176718}, "Q29650301": {"object": 0.008054175964101743, "dictionary": 0.0, "combined": 0.0016455543664812642}, "Q28758103": {"object": 0.008054175964101743, "dictionary": 0.0, "combined": 0.0016455543664812642}, "Q29209269": {"object": 0.008054175964101743, "dictionary": 0.0, "combined": 0.0016455543664812642}, "Q1343830": {"object": 0.005824147074908664, "dictionary": 0.0, "combined": 0.0011899355927734443}, "Q1882400": {"object": 0.004898026984906211, "dictionary": 0.0, "combined": 0.0010007193446082575}, "Q27979410": {"object": 0.004898026984906211, "dictionary": 0.0, "combined": 0.0010007193446082575}, "Q28055391": {"object": 0.004851745084898721, "dictionary": 0.0, "combined": 0.0009912634570058729}, "Q1141412": {"object": 0.0026054498448550853, "dictionary": 0.0032534472940056844, "combined": 0.003121054478567936}, "Q53756551": {"object": 0.010387291951477409, "dictionary": 0.013705380918859929, "combined": 0.013027459823891837}, "Q53756539": {"object": 0.010387291951477409, "dictionary": 0.013705380918859929, "combined": 0.013027459823891837}, "Q27979378": {"object": 0.010387291951477409, "dictionary": 0.013705380918859929, "combined": 0.013027459823891837}, "Q28206359": {"object": 0.001700142969798228, "dictionary": 0.0019933064250837896, "combined": 0.0019334099929611173}, "Q28206497": {"object": 0.0021717482824721002, "dictionary": 0.0021108245097052197, "combined": 0.0021232718886482556}, "Q26385770": {"object": 0.0021717482824721002, "dictionary": 0.0021108245097052197, "combined": 0.0021232718886482556}, "Q17092932": {"object": 0.0021717482824721002, "dictionary": 0.0021108245097052197, "combined": 0.0021232718886482556}, "Q1952321": {"object": 0.0021717482824721002, "dictionary": 0.0021108245097052197, "combined": 0.0021232718886482556}, "Q26329648": {"object": 0.0021717482824721002, "dictionary": 0.0021108245097052197, "combined": 0.0021232718886482556}, "Q28206262": {"object": 0.0021717482824721002, "dictionary": 0.0021108245097052197, "combined": 0.0021232718886482556}, "Q29904539": {"object": 0.0019098287473866724, "dictionary": 0.0, "combined": 0.00039019845711107216}, "Q28755628": {"object": 0.0019098287473866724, "dictionary": 0.0, "combined": 0.00039019845711107216}, "Q58103465": {"object": 0.0019098287473866724, "dictionary": 0.0, "combined": 0.00039019845711107216}, "Q217570": {"object": 0.004732652729042721, "dictionary": 0.00564546470825358, "combined": 0.00545896744958159}, "Q28205846": {"object": 0.0038443909528370983, "dictionary": 0.006003867309722007, "combined": 0.005562663173603869}, "Q479833": {"object": 0.00501922998468554, "dictionary": 0.0, "combined": 0.0010254824148970682}, "Q218170": {"object": 0.006079729938367671, "dictionary": 0.0, "combined": 0.001242153907699428}, "Q28205883": {"object": 0.00437891035389832, "dictionary": 0.0, "combined": 0.0008946582599392004}, "Q27967388": {"object": 0.0018660079408802295, "dictionary": 0.0, "combined": 0.0003812453972560594}, "Q28771319": {"object": 0.00629469533588154, "dictionary": 0.0, "combined": 0.0012860736395376657}, "Q6043826": {"object": 0.00629469533588154, "dictionary": 0.0, "combined": 0.0012860736395376657}, "Q29000498": {"object": 0.00629469533588154, "dictionary": 0.0, "combined": 0.0012860736395376657}, "Q51954585": {"object": 0.0020835436792130983, "dictionary": 0.0, "combined": 0.00042569027723817946}, "Q60628025": {"object": 0.0020835436792130983, "dictionary": 0.0, "combined": 0.00042569027723817946}, "Q51954521": {"object": 0.0020835436792130983, "dictionary": 0.0, "combined": 0.00042569027723817946}, "Q61971917": {"object": 0.0020835436792130983, "dictionary": 0.0, "combined": 0.00042569027723817946}, "Q60628005": {"object": 0.0020835436792130983, "dictionary": 0.0, "combined": 0.00042569027723817946}, "Q61971919": {"object": 0.0020835436792130983, "dictionary": 0.0, "combined": 0.00042569027723817946}, "Q44933672": {"object": 0.0020835436792130983, "dictionary": 0.0, "combined": 0.00042569027723817946}, "Q27487130": {"object": 0.0020835436792130983, "dictionary": 0.0, "combined": 0.00042569027723817946}, "Q52834849": {"object": 0.0020835436792130983, "dictionary": 0.0, "combined": 0.00042569027723817946}, "Q1072083": {"object": 0.006047998564236362, "dictionary": 0.0, "combined": 0.001235670848291618}, "Q28858035": {"object": 0.005035711538264, "dictionary": 0.0, "combined": 0.0010288497727221659},