{"name": "Q70892998", "Q99184084": {"object": 0.002626305414468103, "dictionary": 0.0, "combined": 0.00036270042953006997}, "Q4045294": {"object": 0.004394820184089124, "dictionary": 0.0, "combined": 0.0006069374718169916}, "Q1076355": {"object": 0.0043179014955970554, "dictionary": 0.0, "combined": 0.0005963147768321385}, "Q3807693": {"object": 0.004877969530611835, "dictionary": 0.0012579656203279455, "combined": 0.0017578987072901153}, "Q95994246": {"object": 0.0048786957791812115, "dictionary": 0.0012610646630864272, "combined": 0.0017606700602578994}, "Q58006953": {"object": 0.0048786957791812115, "dictionary": 0.0012610646630864272, "combined": 0.0017606700602578994}, "Q723030": {"object": 0.0046553679902354055, "dictionary": 0.0012362907958673455, "combined": 0.0017084753179576354}, "Q27979156": {"object": 0.0046553679902354055, "dictionary": 0.0012367969233666877, "combined": 0.0017089115477747063}, "Q26549229": {"object": 0.002817590464518159, "dictionary": 0.0, "combined": 0.0003891174522547052}, "Q47233167": {"object": 0.003224808953938006, "dictionary": 0.0, "combined": 0.00044535551208259376}, "Q29650304": {"object": 0.003224808953938006, "dictionary": 0.0, "combined": 0.00044535551208259376}, "Q1601331": {"object": 0.003224808953938006, "dictionary": 0.0, "combined": 0.00044535551208259376}, "Q81526237": {"object": 0.003224808953938006, "dictionary": 0.0, "combined": 0.00044535551208259376}, "Q28009496": {"object": 0.003224808953938006, "dictionary": 0.0, "combined": 0.00044535551208259376}, "Q34747804": {"object": 0.003224808953938006, "dictionary": 0.0, "combined": 0.00044535551208259376}, "Q28049770": {"object": 0.003224808953938006, "dictionary": 0.0, "combined": 0.00044535551208259376}, "Q28755606": {"object": 0.003224808953938006, "dictionary": 0.0, "combined": 0.00044535551208259376}, "Q81526528": {"object": 0.003224808953938006, "dictionary": 0.0, "combined": 0.00044535551208259376}, "Q81526664": {"object": 0.003224808953938006, "dictionary": 0.0, "combined": 0.00044535551208259376}, "Q28758112": {"object": 0.003224808953938006, "dictionary": 0.0, "combined": 0.00044535551208259376}, "Q32097899": {"object": 0.003224808953938006, "dictionary": 0.0, "combined": 0.00044535551208259376}, "Q66439259": {"object": 0.003224808953938006, "dictionary": 0.0, "combined": 0.00044535551208259376}, "Q28207108": {"object": 0.003224808953938006, "dictionary": 0.0, "combined": 0.00044535551208259376}, "Q32097740": {"object": 0.003224808953938006, "dictionary": 0.0, "combined": 0.00044535551208259376}, "Q6912474": {"object": 0.003224808953938006, "dictionary": 0.0, "combined": 0.00044535551208259376}, "Q16996920": {"object": 0.0027155524980999996, "dictionary": 0.0, "combined": 0.000375025711802753}, "Q66811836": {"object": 0.0027155524980999996, "dictionary": 0.0, "combined": 0.000375025711802753}, "Q28600763": {"object": 0.0027155524980999996, "dictionary": 0.0, "combined": 0.000375025711802753}, "Q1662484": {"object": 0.0027155524980999996, "dictionary": 0.0, "combined": 0.000375025711802753}, "Q684554": {"object": 0.0027155524980999996, "dictionary": 0.0, "combined": 0.000375025711802753}, "Q28206109": {"object": 0.003026017056714016, "dictionary": 0.0, "combined": 0.0004179017718918927}, "Q1676669": {"object": 0.0032143357736504063, "dictionary": 0.0, "combined": 0.0004439091353710613}, "Q673906": {"object": 0.006154962305566683, "dictionary": 0.0, "combined": 0.0008500182270014274}, "Q1888930": {"object": 0.0044407082470847015, "dictionary": 0.0, "combined": 0.000613274747012447}, "Q28786544": {"object": 0.0044407082470847015, "dictionary": 0.0, "combined": 0.000613274747012447}, "Q8811": {"object": 0.0044407082470847015, "dictionary": 0.0, "combined": 0.000613274747012447}, "Q2053": {"object": 0.0044407082470847015, "dictionary": 0.0, "combined": 0.000613274747012447}, "Q29151645": {"object": 0.006154962305566683, "dictionary": 0.0, "combined": 0.0008500182270014274}, "Q17073241": {"object": 0.006154962305566683, "dictionary": 0.0, "combined": 0.0008500182270014274}, "Q288405": {"object": 0.006154962305566683, "dictionary": 0.0, "combined": 0.0008500182270014274}, "Q166074": {"object": 0.004203820659337251, "dictionary": 0.0, "combined": 0.0005805598809679191}, "Q62626012": {"object": 0.0044407082470847015, "dictionary": 0.0, "combined": 0.000613274747012447}, "Q28757976": {"object": 0.024923925665392144, "dictionary": 0.0, "combined": 0.0034420667507339743}, "Q777561": {"object": 0.009484637921215166, "dictionary": 0.0, "combined": 0.0013098561305973013}, "Q26211936": {"object": 0.004539599864786261, "dictionary": 0.0, "combined": 0.0006269319675396885}, "Q26211977": {"object": 0.004539599864786261, "dictionary": 0.0, "combined": 0.0006269319675396885}, "Q26211940": {"object": 0.004539599864786261, "dictionary": 0.0, "combined": 0.0006269319675396885}, "Q26211915": {"object": 0.004539599864786261, "dictionary": 0.0, "combined": 0.0006269319675396885}, "Q10394822": {"object": 0.004539599864786261, "dictionary": 0.0, "combined": 0.0006269319675396885}, "Q26211975": {"object": 0.004539599864786261, "dictionary": 0.0, "combined": 0.0006269319675396885}, "Q26211905": {"object": 0.004539599864786261, "dictionary": 0.0, "combined": 0.0006269319675396885}, "Q5532250": {"object": 0.004539599864786261, "dictionary": 0.0, "combined": 0.0006269319675396885}, "Q26211927": {"object": 0.004539599864786261, "dictionary": 0.0, "combined": 0.0006269319675396885}, "Q26211957": {"object": 0.004539599864786261, "dictionary": 0.0, "combined": 0.0006269319675396885}, "Q26211948": {"object": 0.004539599864786261, "dictionary": 0.0, "combined": 0.0006269319675396885}, "Q26211958": {"object": 0.004539599864786261, "dictionary": 0.0, "combined": 0.0006269319675396885}, "Q26211874": {"object": 0.004539599864786261, "dictionary": 0.0, "combined": 0.0006269319675396885}, "Q26211954": {"object": 0.004539599864786261, "dictionary": 0.0, "combined": 0.0006269319675396885}, "Q26211891": {"object": 0.004539599864786261, "dictionary": 0.0, "combined": 0.0006269319675396885}, "Q26211983": {"object": 0.004539599864786261, "dictionary": 0.0, "combined": 0.0006269319675396885}, "Q26211840": {"object": 0.004539599864786261, "dictionary": 0.0, "combined": 0.0006269319675396885}, "Q26211965": {"object": 0.004539599864786261, "dictionary": 0.0, "combined": 0.0006269319675396885}, "Q26211978": {"object": 0.004539599864786261, "dictionary": 0.0, "combined": 0.0006269319675396885}, "Q26211931": {"object": 0.004539599864786261, "dictionary": 0.0, "combined": 0.0006269319675396885}, "Q479833": {"object": 0.004398408823751072, "dictionary": 0.002983192938896712, "combined": 0.0031786383758541695}, "Q218170": {"object": 0.007991605651224795, "dictionary": 0.0, "combined": 0.0011036640241330058}, "Q28205883": {"object": 0.005755934076870551, "dictionary": 0.0, "combined": 0.0007949112660419681}, "Q62625561": {"object": 0.009262307467435421, "dictionary": 0.0, "combined": 0.001279151647166207}, "Q79241919": {"object": 0.016722185443176676, "dictionary": 0.009873054925051602, "combined": 0.010818939804679963}, "Q28551319": {"object": 0.016722185443176676, "dictionary": 0.009873054925051602, "combined": 0.010818939804679963}, "Q1381134": {"object": 0.022388544573609684, "dictionary": 0.012750544923742611, "combined": 0.014081580755889125}, "Q28207452": {"object": 0.019642173061474866, "dictionary": 0.0, "combined": 0.0027126413276438188}, "Q28207447": {"object": 0.019642173061474866, "dictionary": 0.0, "combined": 0.0027126413276438188}, "Q1326659": {"object": 0.04655683597706039, "dictionary": 0.04575104042959122, "combined": 0.04586232314239775}, "Q28770260": {"object": 0.02591647860766853, "dictionary": 0.0, "combined": 0.00357914120388469}, "Q572649": {"object": 0.02591647860766853, "dictionary": 0.0, "combined": 0.00357914120388469}, "Q28009476": {"object": 0.04214472413196833, "dictionary": 0.03563885649956669, "combined": 0.036537335774573534},