{"name": "Q71264900", "Q28600412": {"object": 0.03632477955446516, "dictionary": 0.13477958096444606, "combined": 0.08298422337977347}, "Q4045294": {"object": 0.015445209483098328, "dictionary": 0.0, "combined": 0.008125455911652013}, "Q1144005": {"object": 0.032556662443626025, "dictionary": 0.0, "combined": 0.017127493518666964}, "Q89029185": {"object": 0.06834679647367747, "dictionary": 0.0, "combined": 0.035956060165919866}, "Q27959801": {"object": 0.847326552045133, "dictionary": 0.8652204190355539, "combined": 0.8558067670239877}, "type": "co-oc"}