{"name": "Q71264683", "Q28600412": {"object": 0.008539979401058353, "dictionary": 0.0, "combined": 0.008539979401058353}, "Q4045294": {"object": 0.0036311788384818166, "dictionary": 0.0, "combined": 0.003631178838481816}, "Q1144005": {"object": 0.007654092606918508, "dictionary": 0.0, "combined": 0.007654092606918508}, "Q1076355": {"object": 0.003567625495628937, "dictionary": 0.0, "combined": 0.0035676254956289364}, "Q28858032": {"object": 0.006005490676335316, "dictionary": 0.0, "combined": 0.006005490676335316}, "Q3807693": {"object": 0.004030376441439765, "dictionary": 0.0, "combined": 0.004030376441439765}, "Q95994246": {"object": 0.004030976497488963, "dictionary": 0.0, "combined": 0.004030976497488963}, "Q58006953": {"object": 0.004030976497488963, "dictionary": 0.0, "combined": 0.004030976497488963}, "Q723030": {"object": 0.003846454012541601, "dictionary": 0.0, "combined": 0.003846454012541601}, "Q27979156": {"object": 0.003846454012541601, "dictionary": 0.0, "combined": 0.003846454012541601}, "Q16996920": {"object": 0.004487399416971089, "dictionary": 0.0, "combined": 0.004487399416971089}, "Q66811836": {"object": 0.004487399416971089, "dictionary": 0.0, "combined": 0.004487399416971089}, "Q28600763": {"object": 0.004487399416971089, "dictionary": 0.0, "combined": 0.004487399416971089}, "Q1662484": {"object": 0.004487399416971089, "dictionary": 0.0, "combined": 0.004487399416971089}, "Q684554": {"object": 0.004487399416971089, "dictionary": 0.0, "combined": 0.004487399416971089}, "Q28206109": {"object": 0.005000436259488217, "dictionary": 0.0, "combined": 0.005000436259488217}, "Q1676669": {"object": 0.005311629396493069, "dictionary": 0.0, "combined": 0.005311629396493069}, "Q194831": {"object": 0.00758334883315234, "dictionary": 0.0, "combined": 0.00758334883315234}, "Q34312361": {"object": 0.011373275339791662, "dictionary": 0.0, "combined": 0.01137327533979166}, "Q27923693": {"object": 0.011373275339791662, "dictionary": 0.0, "combined": 0.01137327533979166}, "Q34312151": {"object": 0.011373275339791662, "dictionary": 0.0, "combined": 0.01137327533979166}, "Q27925722": {"object": 0.011373275339791662, "dictionary": 0.0, "combined": 0.01137327533979166}, "Q1141412": {"object": 0.0056593818594890795, "dictionary": 0.0, "combined": 0.005659381859489079}, "Q5448342": {"object": 0.008886486207002706, "dictionary": 0.0, "combined": 0.008886486207002707}, "Q29904540": {"object": 0.008886486207002706, "dictionary": 0.0, "combined": 0.008886486207002707}, "Q5421818": {"object": 0.008886486207002706, "dictionary": 0.0, "combined": 0.008886486207002707}, "Q50223812": {"object": 0.008886486207002706, "dictionary": 0.0, "combined": 0.008886486207002707}, "Q5153426": {"object": 0.008886486207002706, "dictionary": 0.0, "combined": 0.008886486207002707}, "Q28205580": {"object": 0.005537543790940443, "dictionary": 0.0, "combined": 0.005537543790940443}, "Q28206771": {"object": 0.005410748127952424, "dictionary": 0.0, "combined": 0.005410748127952424}, "Q28205626": {"object": 0.005537543790940443, "dictionary": 0.0, "combined": 0.005537543790940443}, "Q729366": {"object": 0.005537543790940443, "dictionary": 0.0, "combined": 0.005537543790940443}, "Q29904539": {"object": 0.008296801559265517, "dictionary": 0.0, "combined": 0.008296801559265517}, "Q28755628": {"object": 0.008296801559265517, "dictionary": 0.0, "combined": 0.008296801559265517}, "Q58103465": {"object": 0.008296801559265517, "dictionary": 0.0, "combined": 0.008296801559265517}, "Q66134804": {"object": 0.005507831652338862, "dictionary": 0.0, "combined": 0.005507831652338861}, "Q24834502": {"object": 0.0167028306905834, "dictionary": 0.0, "combined": 0.016702830690583398}, "Q939636": {"object": 0.010988206727549353, "dictionary": 0.0, "combined": 0.010988206727549351}, "Q27596243": {"object": 0.006164139804660065, "dictionary": 0.0, "combined": 0.006164139804660064}, "Q27979278": {"object": 0.03816645080166483, "dictionary": 0.0, "combined": 0.03816645080166482}, "Q751800": {"object": 0.012503090185772779, "dictionary": 0.0, "combined": 0.012503090185772779}, "Q28205588": {"object": 0.02538632114455899, "dictionary": 0.0, "combined": 0.02538632114455899}, "Q59653966": {"object": 0.0180018523899711, "dictionary": 0.0, "combined": 0.0180018523899711}, "Q28206381": {"object": 0.0180018523899711, "dictionary": 0.0, "combined": 0.0180018523899711}, "Q66439261": {"object": 0.0180018523899711, "dictionary": 0.0, "combined": 0.0180018523899711}, "Q76142694": {"object": 0.027231168149217548, "dictionary": 0.0, "combined": 0.02723116814921755}, "Q95994804": {"object": 0.029400539858871293, "dictionary": 0.0, "combined": 0.029400539858871293}, "Q29644119": {"object": 0.029400539858871293, "dictionary": 0.0, "combined": 0.029400539858871293}, "Q61976072": {"object": 0.029400539858871293, "dictionary": 0.0, "combined": 0.029400539858871293}, "Q61976139": {"object": 0.029400539858871293, "dictionary": 0.0, "combined": 0.029400539858871293}, "Q27967092": {"object": 0.07562125495868387, "dictionary": 0.0, "combined": 0.07562125495868387}, "Q27959858": {"object": 0.07562125495868387, "dictionary": 0.0, "combined": 0.07562125495868387}, "Q58526504": {"object": 0.07562125495868387, "dictionary": 0.0, "combined": 0.07562125495868387}, "Q27966966": {"object": 0.07562125495868387, "dictionary": 0.0, "combined": 0.07562125495868387}, "Q27967088": {"object": 0.07562125495868387, "dictionary": 0.0, "combined": 0.07562125495868387}, "Q27967420": {"object": 0.07562125495868387, "dictionary": 0.0, "combined": 0.07562125495868387}, "type": "co-oc"}