{"name": "Q73019618", "Q99184084": {"object": 0.005288693836639113, "dictionary": 0.011510791699858086, "combined": 0.008837194076061348}, "Q28858032": {"object": 0.007318383611209188, "dictionary": 0.0, "combined": 0.0031446649447007093}, "Q3807693": {"object": 0.002455739462910581, "dictionary": 0.007575620315176032, "combined": 0.005375638639918734}, "Q95994246": {"object": 0.0024561050816912042, "dictionary": 0.007594283123522602, "combined": 0.005386439257148888}, "Q58006953": {"object": 0.0024561050816912042, "dictionary": 0.007594283123522602, "combined": 0.005386439257148888}, "Q723030": {"object": 0.00468734821578841, "dictionary": 0.014890183829024236, "combined": 0.010506087395442305}, "Q27979156": {"object": 0.00468734821578841, "dictionary": 0.014896279750413702, "combined": 0.010509563936471641}, "Q29904539": {"object": 0.01011061041124383, "dictionary": 0.0, "combined": 0.004344467824980715}, "Q28755628": {"object": 0.01011061041124383, "dictionary": 0.0, "combined": 0.004344467824980715}, "Q58103465": {"object": 0.01011061041124383, "dictionary": 0.0, "combined": 0.004344467824980715}, "Q66134804": {"object": 0.006711928645000084, "dictionary": 0.026284013195438077, "combined": 0.017874007455070583}, "Q27526733": {"object": 0.004266957048907137, "dictionary": 0.014876674014172154, "combined": 0.01031774313730976}, "Q218170": {"object": 0.01609300857381155, "dictionary": 0.08457271154798317, "combined": 0.055147399510969905}, "Q28206272": {"object": 0.026316597797258104, "dictionary": 0.0, "combined": 0.011308082078407458}, "Q28858035": {"object": 0.008886332099402693, "dictionary": 0.0, "combined": 0.0038184028775369353}, "Q61641368": {"object": 0.008886332099402693, "dictionary": 0.0, "combined": 0.0038184028775369353}, "Q51801746": {"object": 0.008886332099402693, "dictionary": 0.0, "combined": 0.0038184028775369353}, "Q85621726": {"object": 0.008886332099402693, "dictionary": 0.0, "combined": 0.0038184028775369353}, "Q28858042": {"object": 0.008886332099402693, "dictionary": 0.0, "combined": 0.0038184028775369353}, "Q48915661": {"object": 0.008886332099402693, "dictionary": 0.0, "combined": 0.0038184028775369353}, "Q48782098": {"object": 0.008886332099402693, "dictionary": 0.0, "combined": 0.0038184028775369353}, "Q61639409": {"object": 0.008886332099402693, "dictionary": 0.0, "combined": 0.0038184028775369353}, "Q85621806": {"object": 0.008886332099402693, "dictionary": 0.0, "combined": 0.0038184028775369353}, "Q28858037": {"object": 0.008886332099402693, "dictionary": 0.0, "combined": 0.0038184028775369353}, "Q28858038": {"object": 0.008886332099402693, "dictionary": 0.0, "combined": 0.0038184028775369353}, "Q28858039": {"object": 0.008886332099402693, "dictionary": 0.0, "combined": 0.0038184028775369353}, "Q28858044": {"object": 0.008886332099402693, "dictionary": 0.0, "combined": 0.0038184028775369353}, "Q48782394": {"object": 0.008886332099402693, "dictionary": 0.0, "combined": 0.0038184028775369353}, "Q60628185": {"object": 0.008886332099402693, "dictionary": 0.0, "combined": 0.0038184028775369353}, "Q62664770": {"object": 0.008631767252654797, "dictionary": 0.0, "combined": 0.0037090179105484455}, "Q48782202": {"object": 0.008886332099402693, "dictionary": 0.0, "combined": 0.0038184028775369353}, "Q66439286": {"object": 0.008886332099402693, "dictionary": 0.0, "combined": 0.0038184028775369353}, "Q63061396": {"object": 0.008886332099402693, "dictionary": 0.0, "combined": 0.0038184028775369353}, "Q28858041": {"object": 0.008886332099402693, "dictionary": 0.0, "combined": 0.0038184028775369353}, "Q686498": {"object": 0.008886332099402693, "dictionary": 0.0, "combined": 0.0038184028775369353}, "Q48782238": {"object": 0.008886332099402693, "dictionary": 0.0, "combined": 0.0038184028775369353}, "Q62664735": {"object": 0.008886332099402693, "dictionary": 0.0, "combined": 0.0038184028775369353}, "Q63061514": {"object": 0.008886332099402693, "dictionary": 0.0, "combined": 0.0038184028775369353}, "Q60000066": {"object": 0.008886332099402693, "dictionary": 0.0, "combined": 0.0038184028775369353}, "Q1228757": {"object": 0.02162389055704108, "dictionary": 0.0, "combined": 0.009291654307191534}, "Q27526739": {"object": 0.008163673949957827, "dictionary": 0.0, "combined": 0.0035078810642118095}, "Q2192": {"object": 0.008163673949957827, "dictionary": 0.0, "combined": 0.0035078810642118095}, "Q62619688": {"object": 0.0066154716976386235, "dictionary": 0.03710310201281346, "combined": 0.024002752619775268}, "Q29650330": {"object": 0.0066154716976386235, "dictionary": 0.03710310201281346, "combined": 0.024002752619775268}, "Q28049670": {"object": 0.0066154716976386235, "dictionary": 0.03710310201281346, "combined": 0.024002752619775268}, "Q27349828": {"object": 0.0066154716976386235, "dictionary": 0.03710310201281346, "combined": 0.024002752619775268}, "Q28600256": {"object": 0.0066154716976386235, "dictionary": 0.03710310201281346, "combined": 0.024002752619775268}, "Q63036182": {"object": 0.0066154716976386235, "dictionary": 0.03710310201281346, "combined": 0.024002752619775268}, "Q27967116": {"object": 0.0066154716976386235, "dictionary": 0.03710310201281346, "combined": 0.024002752619775268}, "Q48551303": {"object": 0.02081622007377002, "dictionary": 0.08890619989049968, "combined": 0.05964834952486816}, "Q61641450": {"object": 0.02081622007377002, "dictionary": 0.08971814550930864, "combined": 0.060111407047600665}, "Q73019664": {"object": 0.039714285771282797, "dictionary": 0.19820598444949789, "combined": 0.13010306509773392}, "Q48694183": {"object": 0.05851323735962251, "dictionary": 0.1736531154618888, "combined": 0.12417820984875096}, "Q28206162": {"object": 0.032265608422662406, "dictionary": 0.0, "combined": 0.013864335776383525}, "Q877050": {"object": 0.03078503251341546, "dictionary": 0.0, "combined": 0.01322814130952803}, "Q28205670": {"object": 0.027146172201882316, "dictionary": 0.0, "combined": 0.011664545156572293}, "Q28207469": {"object": 0.032265608422662406, "dictionary": 0.0, "combined": 0.013864335776383525}, "Q28206373": {"object": 0.032265608422662406, "dictionary": 0.0, "combined": 0.013864335776383525}, "Q28206306": {"object": 0.032265608422662406, "dictionary": 0.0, "combined": 0.013864335776383525}, "Q28205944": {"object": 0.032265608422662406, "dictionary": 0.0, "combined": 0.013864335776383525}, "Q27355592": {"object": 0.032265608422662406, "dictionary": 0.0, "combined": 0.013864335776383525}, "Q3146723": {"object": 0.032265608422662406, "dictionary": 0.0, "combined": 0.013864335776383525}, "Q16965621": {"object": 0.032265608422662406, "dictionary": 0.0, "combined": 0.013864335776383525}, "Q28206049": {"object": 0.032265608422662406, "dictionary": 0.0, "combined": 0.013864335776383525}, "Q28206883": {"object": 0.028053814573797197, "dictionary": 0.0, "combined": 0.01205455356565788}, "Q28205965": {"object": 0.032265608422662406, "dictionary": 0.0, "combined": 0.013864335776383525}, "Q28205801": {"object": 0.032265608422662406, "dictionary": 0.0, "combined": 0.013864335776383525}, "type": "co-oc"}