{"name": "Q73160161", "Q27866062": {"object": 0.012250333473016115, "dictionary": 0.0, "combined": 0.0031714401251649264}, "Q28207379": {"object": 0.012056943476682718, "dictionary": 0.0, "combined": 0.00312137415793814}, "Q27231634": {"object": 0.012250333473016115, "dictionary": 0.0, "combined": 0.0031714401251649264}, "Q27866063": {"object": 0.012250333473016115, "dictionary": 0.0, "combined": 0.0031714401251649264}, "Q28205771": {"object": 0.0121143003167044, "dictionary": 0.0, "combined": 0.0031362230421989727}, "Q7670377": {"object": 0.0121143003167044, "dictionary": 0.0, "combined": 0.0031362230421989727}, "Q27866059": {"object": 0.012250333473016115, "dictionary": 0.0, "combined": 0.0031714401251649264}, "Q28207384": {"object": 0.0121143003167044, "dictionary": 0.0, "combined": 0.0031362230421989727}, "Q28205372": {"object": 0.012250333473016115, "dictionary": 0.0, "combined": 0.0031714401251649264}, "Q27231651": {"object": 0.012250333473016115, "dictionary": 0.0, "combined": 0.0031714401251649264}, "Q27231654": {"object": 0.012250333473016115, "dictionary": 0.0, "combined": 0.0031714401251649264}, "Q1502796": {"object": 0.012250333473016115, "dictionary": 0.0, "combined": 0.0031714401251649264}, "Q4045294": {"object": 0.0034315178823424108, "dictionary": 0.0, "combined": 0.0008883720207497557}, "Q28205439": {"object": 0.010983135522098838, "dictionary": 0.03268971748002393, "combined": 0.027070186782906052}, "Q1144005": {"object": 0.007233231086113916, "dictionary": 0.0, "combined": 0.0018725824363574675}, "Q3807693": {"object": 0.0038087655404916735, "dictionary": 0.008380451373348747, "combined": 0.007196905805229508}, "Q95994246": {"object": 0.0038093326023618864, "dictionary": 0.008401096911447487, "combined": 0.007212353306450022}, "Q58006953": {"object": 0.0038093326023618864, "dictionary": 0.008401096911447487, "combined": 0.007212353306450022}, "Q723030": {"object": 0.0036349561161142787, "dictionary": 0.008236055684402515, "combined": 0.007044895311267328}, "Q27979156": {"object": 0.0036349561161142787, "dictionary": 0.008239427459297163, "combined": 0.007047394180765771}, "Q16996920": {"object": 0.004240659033744341, "dictionary": 0.0, "combined": 0.0010978473562686364}, "Q66811836": {"object": 0.004240659033744341, "dictionary": 0.0, "combined": 0.0010978473562686364}, "Q28600763": {"object": 0.004240659033744341, "dictionary": 0.0, "combined": 0.0010978473562686364}, "Q1662484": {"object": 0.004240659033744341, "dictionary": 0.0, "combined": 0.0010978473562686364}, "Q684554": {"object": 0.004240659033744341, "dictionary": 0.0, "combined": 0.0010978473562686364}, "Q29650301": {"object": 0.011021856775320107, "dictionary": 0.0, "combined": 0.0028534046773556845}, "Q28758103": {"object": 0.011021856775320107, "dictionary": 0.0, "combined": 0.0028534046773556845}, "Q29209269": {"object": 0.011021856775320107, "dictionary": 0.0, "combined": 0.0028534046773556845}, "Q66134804": {"object": 0.005204982637493687, "dictionary": 0.0, "combined": 0.0013474972598660241}, "Q27526733": {"object": 0.006617900317232191, "dictionary": 0.0, "combined": 0.0017132819001738093}, "Q27596243": {"object": 0.005825203579836181, "dictionary": 0.0, "combined": 0.0015080637936134764}, "Q777561": {"object": 0.014811393081347858, "dictionary": 0.0, "combined": 0.003834462664322198}, "Q26211936": {"object": 0.0070891264999147635, "dictionary": 0.0, "combined": 0.0018352757730001835}, "Q26211977": {"object": 0.0070891264999147635, "dictionary": 0.0, "combined": 0.0018352757730001835}, "Q26211940": {"object": 0.0070891264999147635, "dictionary": 0.0, "combined": 0.0018352757730001835}, "Q26211915": {"object": 0.0070891264999147635, "dictionary": 0.0, "combined": 0.0018352757730001835}, "Q10394822": {"object": 0.0070891264999147635, "dictionary": 0.0, "combined": 0.0018352757730001835}, "Q26211975": {"object": 0.0070891264999147635, "dictionary": 0.0, "combined": 0.0018352757730001835}, "Q26211905": {"object": 0.0070891264999147635, "dictionary": 0.0, "combined": 0.0018352757730001835}, "Q5532250": {"object": 0.0070891264999147635, "dictionary": 0.0, "combined": 0.0018352757730001835}, "Q26211927": {"object": 0.0070891264999147635, "dictionary": 0.0, "combined": 0.0018352757730001835}, "Q26211957": {"object": 0.0070891264999147635, "dictionary": 0.0, "combined": 0.0018352757730001835}, "Q26211948": {"object": 0.0070891264999147635, "dictionary": 0.0, "combined": 0.0018352757730001835}, "Q26211958": {"object": 0.0070891264999147635, "dictionary": 0.0, "combined": 0.0018352757730001835}, "Q26211874": {"object": 0.0070891264999147635, "dictionary": 0.0, "combined": 0.0018352757730001835}, "Q26211954": {"object": 0.0070891264999147635, "dictionary": 0.0, "combined": 0.0018352757730001835}, "Q26211891": {"object": 0.0070891264999147635, "dictionary": 0.0, "combined": 0.0018352757730001835}, "Q26211983": {"object": 0.0070891264999147635, "dictionary": 0.0, "combined": 0.0018352757730001835}, "Q26211840": {"object": 0.0070891264999147635, "dictionary": 0.0, "combined": 0.0018352757730001835}, "Q26211965": {"object": 0.0070891264999147635, "dictionary": 0.0, "combined": 0.0018352757730001835}, "Q26211978": {"object": 0.0070891264999147635, "dictionary": 0.0, "combined": 0.0018352757730001835}, "Q26211931": {"object": 0.0070891264999147635, "dictionary": 0.0, "combined": 0.0018352757730001835}, "Q66134564": {"object": 0.021278354796307502, "dictionary": 0.0, "combined": 0.005508668669889719}, "Q48625328": {"object": 0.021278354796307502, "dictionary": 0.0, "combined": 0.005508668669889719}, "Q28205883": {"object": 0.00898857741023099, "dictionary": 0.0, "combined": 0.0023270170669026733}, "Q1047541": {"object": 0.019376316672451724, "dictionary": 0.0, "combined": 0.0050162575825608065}, "Q59714459": {"object": 0.021278354796307502, "dictionary": 0.0, "combined": 0.005508668669889719}, "Q28975647": {"object": 0.0254543285846424, "dictionary": 0.0, "combined": 0.0065897699201646264}, "Q28207194": {"object": 0.020924895854410434, "dictionary": 0.0, "combined": 0.005417163089784501}, "Q59608283": {"object": 0.0254543285846424, "dictionary": 0.0, "combined": 0.0065897699201646264}, "Q28205418": {"object": 0.0254543285846424, "dictionary": 0.0, "combined": 0.0065897699201646264}, "Q59608340": {"object": 0.0254543285846424, "dictionary": 0.0, "combined": 0.0065897699201646264}, "Q29650303": {"object": 0.0254543285846424, "dictionary": 0.0, "combined": 0.0065897699201646264}, "Q29000561": {"object": 0.0254543285846424, "dictionary": 0.0, "combined": 0.0065897699201646264}, "Q28206265": {"object": 0.023459609673994478, "dictionary": 0.0, "combined": 0.006073365072444464}, "Q27967388": {"object": 0.007660698881298518, "dictionary": 0.0, "combined": 0.00198324787422905}, "Q10287816": {"object": 0.01057691468464039, "dictionary": 0.0, "combined": 0.0027382153886016535}, "Q28771319": {"object": 0.008614069365456117, "dictionary": 0.0, "combined": 0.0022300621682452356}, "Q6043826": {"object": 0.008614069365456117, "dictionary": 0.0, "combined": 0.0022300621682452356}, "Q29000498": {"object": 0.008614069365456117, "dictionary": 0.0, "combined": 0.0022300621682452356}, "Q3888665": {"object": 0.019578487823888033, "dictionary": 0.0, "combined": 0.005068596868118071}, "Q382011": {"object": 0.019578487823888033, "dictionary": 0.0, "combined": 0.005068596868118071}, "Q19599377": {"object": 0.012273190798390432, "dictionary": 0.0, "combined": 0.003177357567249726}, "Q28344713": {"object": 0.012273190798390432, "dictionary": 0.0, "combined": 0.003177357567249726}, "Q28347555": {"object": 0.011790298615057744, "dictionary": 0.0, "combined": 0.0030523435298993843}, "Q28755621": {"object": 0.011790298615057744, "dictionary": 0.0, "combined": 0.0030523435298993843}, "Q29000599": {"object": 0.020462786889518435, "dictionary": 0.0, "combined": 0.005297529537221618}, "Q28207355": {"object": 0.12167089522635201, "dictionary": 0.8394163145136142, "combined": 0.6536020566899443},