{"name": "Q73504589", "Q28600412": {"object": 0.01884795470218275, "dictionary": 0.0, "combined": 0.006356090887367698}, "Q1144005": {"object": 0.016892779709004147, "dictionary": 0.038837522941476244, "combined": 0.031437102859323426}, "Q1076355": {"object": 0.007873841443649523, "dictionary": 0.013721069661442478, "combined": 0.011749210402508191}, "Q3807693": {"object": 0.008895144710956445, "dictionary": 0.013740885957633769, "combined": 0.012106757890837181}, "Q95994246": {"object": 0.008896469050126705, "dictionary": 0.013774737115752883, "combined": 0.012129640038218387}, "Q58006953": {"object": 0.008896469050126705, "dictionary": 0.013774737115752883, "combined": 0.012129640038218387}, "Q723030": {"object": 0.00848922316878523, "dictionary": 0.013504129653445432, "combined": 0.011812954037214855}, "Q27979156": {"object": 0.00848922316878523, "dictionary": 0.013509658135413539, "combined": 0.011816618150639335}, "Q5448342": {"object": 0.019612704155984456, "dictionary": 0.03904599836274176, "combined": 0.03249251358570115}, "Q29904540": {"object": 0.019612704155984456, "dictionary": 0.03904599836274176, "combined": 0.03249251358570115}, "Q5421818": {"object": 0.019612704155984456, "dictionary": 0.03904599836274176, "combined": 0.03249251358570115}, "Q50223812": {"object": 0.019612704155984456, "dictionary": 0.03904599836274176, "combined": 0.03249251358570115}, "Q5153426": {"object": 0.019612704155984456, "dictionary": 0.03904599836274176, "combined": 0.03249251358570115}, "Q479833": {"object": 0.016041298634477612, "dictionary": 0.0, "combined": 0.005409602987868983}, "Q51954585": {"object": 0.019976817048559397, "dictionary": 0.0, "combined": 0.00673677684434669}, "Q60628025": {"object": 0.019976817048559397, "dictionary": 0.0, "combined": 0.00673677684434669}, "Q51954521": {"object": 0.019976817048559397, "dictionary": 0.0, "combined": 0.00673677684434669}, "Q61971917": {"object": 0.019976817048559397, "dictionary": 0.0, "combined": 0.00673677684434669}, "Q60628005": {"object": 0.019976817048559397, "dictionary": 0.0, "combined": 0.00673677684434669}, "Q61971919": {"object": 0.019976817048559397, "dictionary": 0.0, "combined": 0.00673677684434669}, "Q44933672": {"object": 0.019976817048559397, "dictionary": 0.0, "combined": 0.00673677684434669}, "Q27487130": {"object": 0.019976817048559397, "dictionary": 0.0, "combined": 0.00673677684434669}, "Q52834849": {"object": 0.019976817048559397, "dictionary": 0.0, "combined": 0.00673677684434669}, "Q28756196": {"object": 0.02641197752406655, "dictionary": 0.0, "combined": 0.008906904346424301}, "Q62619688": {"object": 0.023962467912612993, "dictionary": 0.0, "combined": 0.008080856853956776}, "Q29650330": {"object": 0.023962467912612993, "dictionary": 0.0, "combined": 0.008080856853956776}, "Q28049670": {"object": 0.023962467912612993, "dictionary": 0.0, "combined": 0.008080856853956776}, "Q27349828": {"object": 0.023962467912612993, "dictionary": 0.0, "combined": 0.008080856853956776}, "Q28600256": {"object": 0.023962467912612993, "dictionary": 0.0, "combined": 0.008080856853956776}, "Q63036182": {"object": 0.023962467912612993, "dictionary": 0.0, "combined": 0.008080856853956776}, "Q27967116": {"object": 0.023962467912612993, "dictionary": 0.0, "combined": 0.008080856853956776}, "Q535473": {"object": 0.03544585413959653, "dictionary": 0.1367814535210748, "combined": 0.1026080755619286}, "Q43870624": {"object": 0.03544585413959653, "dictionary": 0.1367814535210748, "combined": 0.1026080755619286}, "Q43866871": {"object": 0.03544585413959653, "dictionary": 0.1367814535210748, "combined": 0.1026080755619286}, "Q43870269": {"object": 0.03544585413959653, "dictionary": 0.1367814535210748, "combined": 0.1026080755619286}, "Q43869672": {"object": 0.03544585413959653, "dictionary": 0.1367814535210748, "combined": 0.1026080755619286}, "Q61984341": {"object": 0.05438059501268773, "dictionary": 0.0, "combined": 0.01833875398531963}, "Q27960082": {"object": 0.042930725524883764, "dictionary": 0.0, "combined": 0.014477517460565454}, "Q28756608": {"object": 0.15013287799703737, "dictionary": 0.0, "combined": 0.05062927160052782}, "type": "co-oc"}