{"name": "Q73515052", "Q99184084": {"object": 0.003703508484838345, "dictionary": 0.0, "combined": 0.0027051009205980776}, "Q4045294": {"object": 0.0030986978421185004, "dictionary": 0.0, "combined": 0.0022633377025288257}, "Q28018471": {"object": 0.011783602100992458, "dictionary": 0.0, "combined": 0.0086069285440688}, "Q336284": {"object": 0.010288567684236409, "dictionary": 0.0, "combined": 0.007514931862098426}, "Q28018470": {"object": 0.012061653951393537, "dictionary": 0.0, "combined": 0.00881002199439386}, "Q1076355": {"object": 0.0030444640477730878, "dictionary": 0.0, "combined": 0.0022237244850589846}, "Q28858032": {"object": 0.005124837367526481, "dictionary": 0.0, "combined": 0.003743261919762128}, "Q3807693": {"object": 0.0034393565664301495, "dictionary": 0.0442766939099736, "combined": 0.014448459603223902}, "Q95994246": {"object": 0.003439868629445359, "dictionary": 0.04438577111002892, "combined": 0.01447823911748902}, "Q58006953": {"object": 0.003439868629445359, "dictionary": 0.04438577111002892, "combined": 0.01447823911748902}, "Q723030": {"object": 0.003282404772289871, "dictionary": 0.04351380376998376, "combined": 0.014128156373428458}, "Q27979156": {"object": 0.003282404772289871, "dictionary": 0.043531617970948934, "combined": 0.014132958801468608}, "Q26549229": {"object": 0.003973250839242539, "dictionary": 0.0, "combined": 0.0029021249841881275}, "Q47233167": {"object": 0.0045474936985997385, "dictionary": 0.04874414638306475, "combined": 0.016462215248426504}, "Q29650304": {"object": 0.0045474936985997385, "dictionary": 0.04874414638306475, "combined": 0.016462215248426504}, "Q1601331": {"object": 0.0045474936985997385, "dictionary": 0.04874414638306475, "combined": 0.016462215248426504}, "Q81526237": {"object": 0.0045474936985997385, "dictionary": 0.04874414638306475, "combined": 0.016462215248426504}, "Q28009496": {"object": 0.0045474936985997385, "dictionary": 0.04874414638306475, "combined": 0.016462215248426504}, "Q34747804": {"object": 0.0045474936985997385, "dictionary": 0.04874414638306475, "combined": 0.016462215248426504}, "Q28049770": {"object": 0.0045474936985997385, "dictionary": 0.04874414638306475, "combined": 0.016462215248426504}, "Q28755606": {"object": 0.0045474936985997385, "dictionary": 0.04874414638306475, "combined": 0.016462215248426504}, "Q81526528": {"object": 0.0045474936985997385, "dictionary": 0.04874414638306475, "combined": 0.016462215248426504}, "Q81526664": {"object": 0.0045474936985997385, "dictionary": 0.04874414638306475, "combined": 0.016462215248426504}, "Q28758112": {"object": 0.0045474936985997385, "dictionary": 0.04874414638306475, "combined": 0.016462215248426504}, "Q32097899": {"object": 0.0045474936985997385, "dictionary": 0.04874414638306475, "combined": 0.016462215248426504}, "Q66439259": {"object": 0.0045474936985997385, "dictionary": 0.04874414638306475, "combined": 0.016462215248426504}, "Q28207108": {"object": 0.0045474936985997385, "dictionary": 0.04874414638306475, "combined": 0.016462215248426504}, "Q32097740": {"object": 0.0045474936985997385, "dictionary": 0.04874414638306475, "combined": 0.016462215248426504}, "Q6912474": {"object": 0.0045474936985997385, "dictionary": 0.04874414638306475, "combined": 0.016462215248426504}, "Q28600764": {"object": 0.011135297044804504, "dictionary": 0.0, "combined": 0.008133396321447477}, "Q942350": {"object": 0.010801957468621915, "dictionary": 0.0, "combined": 0.00788991984553422}, "Q5448342": {"object": 0.007583359800909181, "dictionary": 0.0, "combined": 0.005539005422195297}, "Q29904540": {"object": 0.007583359800909181, "dictionary": 0.0, "combined": 0.005539005422195297}, "Q5421818": {"object": 0.007583359800909181, "dictionary": 0.0, "combined": 0.005539005422195297}, "Q50223812": {"object": 0.007583359800909181, "dictionary": 0.0, "combined": 0.005539005422195297}, "Q5153426": {"object": 0.007583359800909181, "dictionary": 0.0, "combined": 0.005539005422195297}, "Q49799747": {"object": 0.010569162415358678, "dictionary": 0.0, "combined": 0.007719882672547819}, "Q49798508": {"object": 0.010569162415358678, "dictionary": 0.0, "combined": 0.007719882672547819}, "Q49798739": {"object": 0.010569162415358678, "dictionary": 0.0, "combined": 0.007719882672547819}, "Q49799499": {"object": 0.010569162415358678, "dictionary": 0.0, "combined": 0.007719882672547819}, "Q29904539": {"object": 0.007080147310764354, "dictionary": 0.0, "combined": 0.005171451094746081}, "Q28755628": {"object": 0.007080147310764354, "dictionary": 0.0, "combined": 0.005171451094746081}, "Q58103465": {"object": 0.007080147310764354, "dictionary": 0.0, "combined": 0.005171451094746081}, "Q24834502": {"object": 0.01425350491407382, "dictionary": 0.0, "combined": 0.010410984455053384}, "Q939636": {"object": 0.009376881169985278, "dictionary": 0.0, "combined": 0.006849021674746652}, "Q29000741": {"object": 0.011580514991108255, "dictionary": 0.0, "combined": 0.00845859052077051}, "Q29000651": {"object": 0.011580514991108255, "dictionary": 0.0, "combined": 0.00845859052077051}, "Q58335745": {"object": 0.010350797491689247, "dictionary": 0.0, "combined": 0.007560385493464053}, "Q34310996": {"object": 0.010350797491689247, "dictionary": 0.0, "combined": 0.007560385493464053}, "Q28206952": {"object": 0.011080683746075463, "dictionary": 0.0, "combined": 0.008093505907999357}, "Q58335773": {"object": 0.009174817283366185, "dictionary": 0.0, "combined": 0.006701431029835035}, "Q3509055": {"object": 0.009161080704803483, "dictionary": 0.0, "combined": 0.006691397616527639}, "Q26211936": {"object": 0.006401558068756406, "dictionary": 0.0, "combined": 0.004675798825883039}, "Q26211977": {"object": 0.006401558068756406, "dictionary": 0.0, "combined": 0.004675798825883039}, "Q26211940": {"object": 0.006401558068756406, "dictionary": 0.0, "combined": 0.004675798825883039}, "Q26211915": {"object": 0.006401558068756406, "dictionary": 0.0, "combined": 0.004675798825883039}, "Q10394822": {"object": 0.006401558068756406, "dictionary": 0.0, "combined": 0.004675798825883039}, "Q26211975": {"object": 0.006401558068756406, "dictionary": 0.0, "combined": 0.004675798825883039}, "Q26211905": {"object": 0.006401558068756406, "dictionary": 0.0, "combined": 0.004675798825883039}, "Q5532250": {"object": 0.006401558068756406, "dictionary": 0.0, "combined": 0.004675798825883039}, "Q26211927": {"object": 0.006401558068756406, "dictionary": 0.0, "combined": 0.004675798825883039}, "Q26211957": {"object": 0.006401558068756406, "dictionary": 0.0, "combined": 0.004675798825883039}, "Q26211948": {"object": 0.006401558068756406, "dictionary": 0.0, "combined": 0.004675798825883039}, "Q26211958": {"object": 0.006401558068756406, "dictionary": 0.0, "combined": 0.004675798825883039}, "Q26211874": {"object": 0.006401558068756406, "dictionary": 0.0, "combined": 0.004675798825883039}, "Q26211954": {"object": 0.006401558068756406, "dictionary": 0.0, "combined": 0.004675798825883039}, "Q26211891": {"object": 0.006401558068756406, "dictionary": 0.0, "combined": 0.004675798825883039}, "Q26211983": {"object": 0.006401558068756406, "dictionary": 0.0, "combined": 0.004675798825883039}, "Q26211840": {"object": 0.006401558068756406, "dictionary": 0.0, "combined": 0.004675798825883039}, "Q26211965": {"object": 0.006401558068756406, "dictionary": 0.0, "combined": 0.004675798825883039}, "Q26211978": {"object": 0.006401558068756406, "dictionary": 0.0, "combined": 0.004675798825883039}, "Q26211931": {"object": 0.006401558068756406, "dictionary": 0.0, "combined": 0.004675798825883039}, "Q479833": {"object": 0.006202456237120088, "dictionary": 0.0, "combined": 0.004530371712577619}, "Q28205883": {"object": 0.00811678282899841, "dictionary": 0.0, "combined": 0.005928626002318086}, "Q27925705": {"object": 0.014330030240783075, "dictionary": 0.0, "combined": 0.010466879758811356}, "Q28771319": {"object": 0.007778598005258616, "dictionary": 0.0, "combined": 0.005681610481285536}, "Q6043826": {"object": 0.007778598005258616,