{"name": "Q7493698", "Q99184084": {"object": 0.002484692084496583, "dictionary": 0.0, "combined": 0.001761626563005905}, "Q28600412": {"object": 0.0048893108169226806, "dictionary": 0.0, "combined": 0.0034664817679524187}, "Q4045294": {"object": 0.0020789232783125504, "dictionary": 0.0, "combined": 0.0014739397659685116}, "Q1076355": {"object": 0.0020425377049909485, "dictionary": 0.0, "combined": 0.0014481426891904767}, "Q28858032": {"object": 0.003438264795005908, "dictionary": 0.0, "combined": 0.0024377018912416426}, "Q3807693": {"object": 0.002307471974576387, "dictionary": 0.0, "combined": 0.0016359789404766544}, "Q95994246": {"object": 0.0023078155187928676, "dictionary": 0.0, "combined": 0.0016362225105435836}, "Q58006953": {"object": 0.0023078155187928676, "dictionary": 0.0, "combined": 0.0016362225105435836}, "Q723030": {"object": 0.0022021726665973724, "dictionary": 0.0, "combined": 0.001561322583997153}, "Q27979156": {"object": 0.0022021726665973724, "dictionary": 0.0, "combined": 0.001561322583997153}, "Q26549229": {"object": 0.0026656628303677998, "dictionary": 0.0, "combined": 0.001889933356045944}, "Q47233167": {"object": 0.0030509236426663824, "dictionary": 0.0, "combined": 0.0021630801515241946}, "Q29650304": {"object": 0.0030509236426663824, "dictionary": 0.0, "combined": 0.0021630801515241946}, "Q1601331": {"object": 0.0030509236426663824, "dictionary": 0.0, "combined": 0.0021630801515241946}, "Q81526237": {"object": 0.0030509236426663824, "dictionary": 0.0, "combined": 0.0021630801515241946}, "Q28009496": {"object": 0.0030509236426663824, "dictionary": 0.0, "combined": 0.0021630801515241946}, "Q34747804": {"object": 0.0030509236426663824, "dictionary": 0.0, "combined": 0.0021630801515241946}, "Q28049770": {"object": 0.0030509236426663824, "dictionary": 0.0, "combined": 0.0021630801515241946}, "Q28755606": {"object": 0.0030509236426663824, "dictionary": 0.0, "combined": 0.0021630801515241946}, "Q81526528": {"object": 0.0030509236426663824, "dictionary": 0.0, "combined": 0.0021630801515241946}, "Q81526664": {"object": 0.0030509236426663824, "dictionary": 0.0, "combined": 0.0021630801515241946}, "Q28758112": {"object": 0.0030509236426663824, "dictionary": 0.0, "combined": 0.0021630801515241946}, "Q32097899": {"object": 0.0030509236426663824, "dictionary": 0.0, "combined": 0.0021630801515241946}, "Q66439259": {"object": 0.0030509236426663824, "dictionary": 0.0, "combined": 0.0021630801515241946}, "Q28207108": {"object": 0.0030509236426663824, "dictionary": 0.0, "combined": 0.0021630801515241946}, "Q32097740": {"object": 0.0030509236426663824, "dictionary": 0.0, "combined": 0.0021630801515241946}, "Q6912474": {"object": 0.0030509236426663824, "dictionary": 0.0, "combined": 0.0021630801515241946}, "Q16996920": {"object": 0.002569126865403239, "dictionary": 0.0, "combined": 0.001821490138784505}, "Q66811836": {"object": 0.002569126865403239, "dictionary": 0.0, "combined": 0.001821490138784505}, "Q28600763": {"object": 0.002569126865403239, "dictionary": 0.0, "combined": 0.001821490138784505}, "Q1662484": {"object": 0.002569126865403239, "dictionary": 0.0, "combined": 0.001821490138784505}, "Q684554": {"object": 0.002569126865403239, "dictionary": 0.0, "combined": 0.001821490138784505}, "Q28206109": {"object": 0.0028628508272301244, "dictionary": 0.0, "combined": 0.00202973804868615}, "Q1676669": {"object": 0.0030410151879920913, "dictionary": 0.0, "combined": 0.0021560551374142033}, "Q1343830": {"object": 0.0036214245572256643, "dictionary": 0.0, "combined": 0.0025675606791427364}, "Q47512572": {"object": 0.006018569358503586, "dictionary": 0.0, "combined": 0.004267116927440715}, "Q28758102": {"object": 0.00524486693136447, "dictionary": 0.0, "combined": 0.00371856817324506}, "Q194831": {"object": 0.004341620481407105, "dictionary": 0.0, "combined": 0.003078173756120307}, "Q1882400": {"object": 0.0040607571608234725, "dictionary": 0.0, "combined": 0.0028790439366946467}, "Q27979410": {"object": 0.0040607571608234725, "dictionary": 0.0, "combined": 0.0028790439366946467}, "Q28055391": {"object": 0.004022386699114894, "dictionary": 0.0, "combined": 0.0028518395901269604}, "Q1141412": {"object": 0.003240110501820036, "dictionary": 0.0, "combined": 0.0022972121023346133}, "Q66134804": {"object": 0.0031533449450981306, "dictionary": 0.0, "combined": 0.00223569602538125}, "Q178051": {"object": 0.006216056618160976, "dictionary": 0.0, "combined": 0.004407133794978727}, "Q27526733": {"object": 0.004009335662751815, "dictionary": 0.0, "combined": 0.002842586511053135}, "Q673906": {"object": 0.005823079843177209, "dictionary": 0.0, "combined": 0.004128516444452551}, "Q1888930": {"object": 0.004201260283859519, "dictionary": 0.0, "combined": 0.0029786595129143198}, "Q28786544": {"object": 0.004201260283859519, "dictionary": 0.0, "combined": 0.0029786595129143198}, "Q8811": {"object": 0.004201260283859519, "dictionary": 0.0, "combined": 0.0029786595129143198}, "Q2053": {"object": 0.004201260283859519, "dictionary": 0.0, "combined": 0.0029786595129143198}, "Q29151645": {"object": 0.005823079843177209, "dictionary": 0.0, "combined": 0.004128516444452551}, "Q17073241": {"object": 0.005823079843177209, "dictionary": 0.0, "combined": 0.004128516444452551}, "Q288405": {"object": 0.005823079843177209, "dictionary": 0.0, "combined": 0.004128516444452551}, "Q166074": {"object": 0.003977145940208141, "dictionary": 0.0, "combined": 0.0028197642584921233}, "Q62626012": {"object": 0.004201260283859519, "dictionary": 0.0, "combined": 0.0029786595129143198}, "Q27596243": {"object": 0.0035290946275834214, "dictionary": 0.0, "combined": 0.0025020995068578025}, "Q48106551": {"object": 0.0058686897011504145, "dictionary": 0.0, "combined": 0.004160853464335965}, "Q34746472": {"object": 0.004308914954144677, "dictionary": 0.0, "combined": 0.0030549858021914874}, "Q27826464": {"object": 0.004375374897142282, "dictionary": 0.0, "combined": 0.0031021053634807737}, "Q27826469": {"object": 0.004375374897142282, "dictionary": 0.0, "combined": 0.0031021053634807737}, "Q27826466": {"object": 0.004375374897142282, "dictionary": 0.0, "combined": 0.0031021053634807737}, "Q27826468": {"object": 0.004375374897142282, "dictionary": 0.0, "combined": 0.0031021053634807737}, "Q28205883": {"object": 0.005445567663569274, "dictionary": 0.19349728975460895, "combined": 0.06017014192747724}, "Q27967388": {"object": 0.004641096383155972, "dictionary": 0.0, "combined": 0.003290499744838478}, "Q10287816": {"object": 0.006407833181861486, "dictionary": 0.0, "combined": 0.0045431018253374094}, "Q28858035": {"object": 0.004174905885954095, "dictionary": 0.0, "combined": 0.0029599744582582896}, "Q61641368": {"object": 0.004174905885954095, "dictionary": 0.0, "combined": 0.0029599744582582896}, "Q51801746": {"object": 0.004174905885954095, "dictionary": 0.0, "combined": 0.0029599744582582896}, "Q85621726": {"object": 0.004174905885954095, "dictionary": 0.0, "combined": 0.0029599744582582896}, "Q28858042": {"object": 0.004174905885954095, "dictionary": 0.0, "combined": 0.0029599744582582896}, "Q48915661": {"object": 0.004174905885954095, "dictionary": 0.0, "combined": 0.0029599744582582896}, "Q48782098": {"object": 0.004174905885954095, "dictionary": 0.0, "combined": 0.0029599744582582896}, "Q61639409": {"object": 0.004174905885954095, "dictionary": 0.0, "combined": 0.0029599744582582896}, "Q85621806": {"object": 0.004174905885954095, "dictionary": 0.0, "combined": 0.0029599744582582896}, "Q28858037": {"object": 0.004174905885954095, "dictionary": 0.0, "combined": 0.0029599744582582896}, "Q28858038": {"object": 0.004174905885954095, "dictionary": 0.0, "combined": 0.0029599744582582896}, "Q28858039": {"object": 0.004174905885954095, "dictionary": 0.0, "combined": 0.0029599744582582896}, "Q28858044": {"object": 0.004174905885954095, "dictionary": 0.0, "combined": 0.0029599744582582896}, "Q48782394": {"object": 0.004174905885954095, "dictionary": 0.0, "combined": 0.0029599744582582896},