{"name": "Q76515316", "Q28600412": {"object": 0.0066203578499573635, "dictionary": 0.009980026947537734, "combined": 0.008927006255553519}, "Q4045294": {"object": 0.005629920682235588, "dictionary": 0.004564733120439983, "combined": 0.004898594733246677}, "Q1076355": {"object": 0.005531385111483521, "dictionary": 0.004459487193954929, "combined": 0.004795452032773524}, "Q3807693": {"object": 0.006248852148065422, "dictionary": 0.00893185538352859, "combined": 0.008090921993499773}, "Q95994246": {"object": 0.006249782498266319, "dictionary": 0.008953859324891403, "combined": 0.008106320841651506}, "Q58006953": {"object": 0.006249782498266319, "dictionary": 0.008953859324891403, "combined": 0.008106320841651506}, "Q723030": {"object": 0.0059636916719667836, "dictionary": 0.008777958969813423, "combined": 0.00789588350007704}, "Q27979156": {"object": 0.0059636916719667836, "dictionary": 0.008781552595550645, "combined": 0.007898350776120102}, "Q26549229": {"object": 0.003609433416113317, "dictionary": 0.0, "combined": 0.0011313042931055148}, "Q47233167": {"object": 0.008262189516541963, "dictionary": 0.004916533144641718, "combined": 0.005965161829656292}, "Q29650304": {"object": 0.008262189516541963, "dictionary": 0.004916533144641718, "combined": 0.005965161829656292}, "Q1601331": {"object": 0.008262189516541963, "dictionary": 0.004916533144641718, "combined": 0.005965161829656292}, "Q81526237": {"object": 0.008262189516541963, "dictionary": 0.004916533144641718, "combined": 0.005965161829656292}, "Q28009496": {"object": 0.008262189516541963, "dictionary": 0.004916533144641718, "combined": 0.005965161829656292}, "Q34747804": {"object": 0.008262189516541963, "dictionary": 0.004916533144641718, "combined": 0.005965161829656292}, "Q28049770": {"object": 0.008262189516541963, "dictionary": 0.004916533144641718, "combined": 0.005965161829656292}, "Q28755606": {"object": 0.008262189516541963, "dictionary": 0.004916533144641718, "combined": 0.005965161829656292}, "Q81526528": {"object": 0.008262189516541963, "dictionary": 0.004916533144641718, "combined": 0.005965161829656292}, "Q81526664": {"object": 0.008262189516541963, "dictionary": 0.004916533144641718, "combined": 0.005965161829656292}, "Q28758112": {"object": 0.008262189516541963, "dictionary": 0.004916533144641718, "combined": 0.005965161829656292}, "Q32097899": {"object": 0.008262189516541963, "dictionary": 0.004916533144641718, "combined": 0.005965161829656292}, "Q66439259": {"object": 0.008262189516541963, "dictionary": 0.004916533144641718, "combined": 0.005965161829656292}, "Q28207108": {"object": 0.008262189516541963, "dictionary": 0.004916533144641718, "combined": 0.005965161829656292}, "Q32097740": {"object": 0.008262189516541963, "dictionary": 0.004916533144641718, "combined": 0.005965161829656292}, "Q6912474": {"object": 0.008262189516541963, "dictionary": 0.004916533144641718, "combined": 0.005965161829656292}, "Q16996920": {"object": 0.0034787191585446834, "dictionary": 0.0, "combined": 0.0010903345386567038}, "Q66811836": {"object": 0.0034787191585446834, "dictionary": 0.0, "combined": 0.0010903345386567038}, "Q28600763": {"object": 0.0034787191585446834, "dictionary": 0.0, "combined": 0.0010903345386567038}, "Q1662484": {"object": 0.0034787191585446834, "dictionary": 0.0, "combined": 0.0010903345386567038}, "Q684554": {"object": 0.0034787191585446834, "dictionary": 0.0, "combined": 0.0010903345386567038}, "Q1676669": {"object": 0.004117678242500119, "dictionary": 0.0, "combined": 0.001290603409546677}, "Q1343830": {"object": 0.004903579950874789, "dictionary": 0.0, "combined": 0.0015369284900078118}, "Q47512572": {"object": 0.008149427269007302, "dictionary": 0.0, "combined": 0.002554274034983243}, "Q28758102": {"object": 0.007101797627767721, "dictionary": 0.0, "combined": 0.002225915599161159}, "Q194831": {"object": 0.005878759259103518, "dictionary": 0.0, "combined": 0.0018425788264350709}, "Q27473691": {"object": 0.009421019638727358, "dictionary": 0.0, "combined": 0.0029528290825767156}, "Q47455968": {"object": 0.009334052907325825, "dictionary": 0.0, "combined": 0.002925571110133535}, "Q28206310": {"object": 0.009421019638727358, "dictionary": 0.0, "combined": 0.0029528290825767156}, "Q3928271": {"object": 0.008276830280004328, "dictionary": 0.0, "combined": 0.002594205945806716}, "Q34312361": {"object": 0.008816783874933582, "dictionary": 0.012311590291914799, "combined": 0.01121621352572945}, "Q27923693": {"object": 0.008816783874933582, "dictionary": 0.012311590291914799, "combined": 0.01121621352572945}, "Q34312151": {"object": 0.008816783874933582, "dictionary": 0.012311590291914799, "combined": 0.01121621352572945}, "Q27925722": {"object": 0.008816783874933582, "dictionary": 0.012311590291914799, "combined": 0.01121621352572945}, "Q1882400": {"object": 0.005498457053165779, "dictionary": 0.0, "combined": 0.0017233807505447705}, "Q27979410": {"object": 0.005498457053165779, "dictionary": 0.0, "combined": 0.0017233807505447705}, "Q28055391": {"object": 0.005446501635134336, "dictionary": 0.0, "combined": 0.0017070963699528838}, "Q1141412": {"object": 0.004387262704021459, "dictionary": 0.0, "combined": 0.0013750992357647533}, "Q28205580": {"object": 0.0042928114675887755, "dictionary": 0.0, "combined": 0.001345495395785769}, "Q28206771": {"object": 0.0041945170076865355, "dictionary": 0.0, "combined": 0.0013146869747245945}, "Q28205626": {"object": 0.0042928114675887755, "dictionary": 0.0, "combined": 0.001345495395785769}, "Q729366": {"object": 0.0042928114675887755, "dictionary": 0.0, "combined": 0.001345495395785769}, "Q66134804": {"object": 0.008539556081666025, "dictionary": 0.007747385527298398, "combined": 0.007995675451425299}, "Q29944987": {"object": 0.007745553357636214, "dictionary": 0.0, "combined": 0.0024276878822181835}, "Q29944777": {"object": 0.007745553357636214, "dictionary": 0.0, "combined": 0.0024276878822181835}, "Q29944782": {"object": 0.007745553357636214, "dictionary": 0.0, "combined": 0.0024276878822181835}, "Q29944783": {"object": 0.007745553357636214, "dictionary": 0.0, "combined": 0.0024276878822181835}, "Q29944780": {"object": 0.007745553357636214, "dictionary": 0.0, "combined": 0.0024276878822181835}, "Q29944776": {"object": 0.007745553357636214, "dictionary": 0.0, "combined": 0.0024276878822181835}, "Q29944786": {"object": 0.007745553357636214, "dictionary": 0.0, "combined": 0.0024276878822181835}, "Q29944773": {"object": 0.007745553357636214, "dictionary": 0.0, "combined": 0.0024276878822181835}, "Q29944785": {"object": 0.007745553357636214, "dictionary": 0.0, "combined": 0.0024276878822181835}, "Q29944758": {"object": 0.007745553357636214, "dictionary": 0.0, "combined": 0.0024276878822181835}, "Q29944779": {"object": 0.007745553357636214, "dictionary": 0.0, "combined": 0.0024276878822181835}, "Q27596243": {"object": 0.004778560863853899, "dictionary": 0.0, "combined": 0.0014977437721971248}, "Q48106551": {"object": 0.007946483131630593, "dictionary": 0.0, "combined": 0.0024906652777611483}, "Q27967388": {"object": 0.006284263779322186, "dictionary": 0.0, "combined": 0.0019696760607403534}, "Q28771319": {"object": 0.007066337542395213, "dictionary": 0.0, "combined": 0.0022148013487536793}, "Q6043826": {"object": 0.007066337542395213, "dictionary": 0.0, "combined": 0.0022148013487536793}, "Q29000498": {"object": 0.007066337542395213, "dictionary": 0.0, "combined": 0.0022148013487536793}, "Q27967091": {"object": 0.014808106669496187, "dictionary": 0.0, "combined": 0.0046413031400381706}, "Q19599377": {"object": 0.01006800679495731, "dictionary": 0.0, "combined": 0.0031556141912199532}, "Q28344713": {"object": 0.01006800679495731, "dictionary": 0.0, "combined": 0.0031556141912199532}, "Q6753724": {"object": 0.04770953337573427, "dictionary": 0.05191268040055966, "combined": 0.05059528852057345}, "Q3513566": {"object": 0.04608845579070533, "dictionary": 0.05152381589599631, "combined": 0.04982021161443806},