{"name": "Q784695", "Q99184084": {"object": 0.004630156943708038, "dictionary": 0.0, "combined": 0.003201583040257619}, "Q42591": {"object": 0.01909502085351218, "dictionary": 0.0, "combined": 0.01320350382529605}, "Q4045294": {"object": 0.00387401767509771, "dictionary": 0.0583251177238366, "combined": 0.020674186975946637}, "Q1144005": {"object": 0.00816596795833786, "dictionary": 0.0, "combined": 0.005646466165305472}, "Q1076355": {"object": 0.0038062141367772072, "dictionary": 0.05698035541457736, "combined": 0.02021239463808357}, "Q28858032": {"object": 0.006407114070284869, "dictionary": 0.0, "combined": 0.004430283464212844}, "Q3807693": {"object": 0.004299912030210859, "dictionary": 0.0, "combined": 0.002973230842472899}, "Q95994246": {"object": 0.004300552215628335, "dictionary": 0.0, "combined": 0.0029736735071169114}, "Q58006953": {"object": 0.004300552215628335, "dictionary": 0.0, "combined": 0.0029736735071169114}, "Q723030": {"object": 0.0041036895988485166, "dictionary": 0.0, "combined": 0.002837550256262644}, "Q27979156": {"object": 0.0041036895988485166, "dictionary": 0.0, "combined": 0.002837550256262644}, "Q16996920": {"object": 0.0047874988894343355, "dictionary": 0.09275133549095868, "combined": 0.03192758138427912}, "Q66811836": {"object": 0.0047874988894343355, "dictionary": 0.09275133549095868, "combined": 0.03192758138427912}, "Q28600763": {"object": 0.0047874988894343355, "dictionary": 0.09275133549095868, "combined": 0.03192758138427912}, "Q1662484": {"object": 0.0047874988894343355, "dictionary": 0.09275133549095868, "combined": 0.03192758138427912}, "Q684554": {"object": 0.0047874988894343355, "dictionary": 0.09275133549095868, "combined": 0.03192758138427912}, "Q28206109": {"object": 0.005334845600872719, "dictionary": 0.0, "combined": 0.00368884929945132}, "Q1676669": {"object": 0.005666850100444529, "dictionary": 0.0, "combined": 0.003918418186217192}, "Q194831": {"object": 0.008090493121607475, "dictionary": 0.1363953797286581, "combined": 0.047677274934927294}, "Q1141412": {"object": 0.00603785886870684, "dictionary": 0.1855515405243022, "combined": 0.0614244395058881}, "Q28205580": {"object": 0.0059078727534389594, "dictionary": 0.0, "combined": 0.0040850764761037744}, "Q28206771": {"object": 0.005772597499481297, "dictionary": 0.0, "combined": 0.003991538618941949}, "Q28205626": {"object": 0.0059078727534389594, "dictionary": 0.0, "combined": 0.0040850764761037744}, "Q729366": {"object": 0.0059078727534389594, "dictionary": 0.0, "combined": 0.0040850764761037744}, "Q66134804": {"object": 0.005876173584869337, "dictionary": 0.09899092915383247, "combined": 0.034605504242386086}, "Q29012120": {"object": 0.009349489938391709, "dictionary": 0.0, "combined": 0.0064648280362268485}, "Q29011315": {"object": 0.009349489938391709, "dictionary": 0.0, "combined": 0.0064648280362268485}, "Q29011363": {"object": 0.009349489938391709, "dictionary": 0.0, "combined": 0.0064648280362268485}, "Q29012190": {"object": 0.009349489938391709, "dictionary": 0.0, "combined": 0.0064648280362268485}, "Q29011569": {"object": 0.009349489938391709, "dictionary": 0.0, "combined": 0.0064648280362268485}, "Q29011484": {"object": 0.009349489938391709, "dictionary": 0.0, "combined": 0.0064648280362268485}, "Q29011271": {"object": 0.009349489938391709, "dictionary": 0.0, "combined": 0.0064648280362268485}, "Q29017311": {"object": 0.009349489938391709, "dictionary": 0.0, "combined": 0.0064648280362268485}, "Q29011357": {"object": 0.009349489938391709, "dictionary": 0.0, "combined": 0.0064648280362268485}, "Q29012206": {"object": 0.009349489938391709, "dictionary": 0.0, "combined": 0.0064648280362268485}, "Q29011646": {"object": 0.009349489938391709, "dictionary": 0.0, "combined": 0.0064648280362268485}, "Q29017312": {"object": 0.009349489938391709, "dictionary": 0.0, "combined": 0.0064648280362268485}, "Q29012350": {"object": 0.009349489938391709, "dictionary": 0.0, "combined": 0.0064648280362268485}, "Q29012285": {"object": 0.009349489938391709, "dictionary": 0.0, "combined": 0.0064648280362268485}, "Q29017304": {"object": 0.009349489938391709, "dictionary": 0.0, "combined": 0.0064648280362268485}, "Q29011538": {"object": 0.009349489938391709, "dictionary": 0.0, "combined": 0.0064648280362268485}, "Q29011892": {"object": 0.009349489938391709, "dictionary": 0.0, "combined": 0.0064648280362268485}, "Q29011549": {"object": 0.009349489938391709, "dictionary": 0.0, "combined": 0.0064648280362268485}, "Q29011710": {"object": 0.009349489938391709, "dictionary": 0.0, "combined": 0.0064648280362268485}, "Q29011079": {"object": 0.009349489938391709, "dictionary": 0.0, "combined": 0.0064648280362268485}, "Q29012054": {"object": 0.009349489938391709, "dictionary": 0.0, "combined": 0.0064648280362268485}, "Q29017314": {"object": 0.009349489938391709, "dictionary": 0.0, "combined": 0.0064648280362268485}, "Q29011566": {"object": 0.009349489938391709, "dictionary": 0.0, "combined": 0.0064648280362268485}, "Q29017309": {"object": 0.009349489938391709, "dictionary": 0.0, "combined": 0.0064648280362268485}, "Q29017306": {"object": 0.009349489938391709, "dictionary": 0.0, "combined": 0.0064648280362268485}, "Q29011365": {"object": 0.009349489938391709, "dictionary": 0.0, "combined": 0.0064648280362268485}, "Q29012224": {"object": 0.009349489938391709, "dictionary": 0.0, "combined": 0.0064648280362268485}, "Q29011514": {"object": 0.009349489938391709, "dictionary": 0.0, "combined": 0.0064648280362268485}, "Q29011358": {"object": 0.009349489938391709, "dictionary": 0.0, "combined": 0.0064648280362268485}, "Q29011977": {"object": 0.009349489938391709, "dictionary": 0.0, "combined": 0.0064648280362268485}, "Q29011824": {"object": 0.009349489938391709, "dictionary": 0.0, "combined": 0.0064648280362268485}, "Q29011579": {"object": 0.009349489938391709, "dictionary": 0.0, "combined": 0.0064648280362268485}, "Q29011774": {"object": 0.009349489938391709, "dictionary": 0.0, "combined": 0.0064648280362268485}, "Q29011347": {"object": 0.009349489938391709, "dictionary": 0.0, "combined": 0.0064648280362268485}, "Q29011361": {"object": 0.009349489938391709, "dictionary": 0.0, "combined": 0.0064648280362268485}, "Q29011223": {"object": 0.009349489938391709, "dictionary": 0.0, "combined": 0.0064648280362268485}, "Q27526733": {"object": 0.007471289289476593, "dictionary": 0.0, "combined": 0.005166121444447298}, "Q1888930": {"object": 0.007828935664508376, "dictionary": 0.0, "combined": 0.005413420743938079}, "Q28786544": {"object": 0.007828935664508376, "dictionary": 0.0, "combined": 0.005413420743938079}, "Q8811": {"object": 0.007828935664508376, "dictionary": 0.0, "combined": 0.005413420743938079}, "Q2053": {"object": 0.007828935664508376, "dictionary": 0.0, "combined": 0.005413420743938079}, "Q166074": {"object": 0.00741130460635163, "dictionary": 0.0, "combined": 0.005124644244753434}, "Q62626012": {"object": 0.007828935664508376, "dictionary": 0.0, "combined": 0.005413420743938079}, "Q27596243": {"object": 0.006576373022985168, "dictionary": 0.0, "combined": 0.004547319797746511}, "Q51954585": {"object": 0.009656791288242657, "dictionary": 0.0, "combined": 0.006677315604551727}, "Q60628025": {"object": 0.009656791288242657, "dictionary": 0.0, "combined": 0.006677315604551727}, "Q51954521": {"object": 0.009656791288242657, "dictionary": 0.0, "combined": 0.006677315604551727}, "Q61971917": {"object": 0.009656791288242657, "dictionary": 0.0, "combined": 0.006677315604551727}, "Q60628005": {"object": 0.009656791288242657, "dictionary": 0.0, "combined": 0.006677315604551727}, "Q61971919": {"object": 0.009656791288242657, "dictionary": 0.0, "combined": 0.006677315604551727}, "Q44933672": {"object": 0.009656791288242657, "dictionary": 0.0, "combined": 0.006677315604551727}, "Q27487130": {"object": 0.009656791288242657, "dictionary": 0.0, "combined": 0.006677315604551727}, "Q52834849": {"object": 0.009656791288242657, "dictionary": 0.0, "combined": 0.006677315604551727},