{"name": "Q795136", "Q99184084": {"object": 0.0033941245217474314, "dictionary": 0.0, "combined": 0.0010879840649192665}, "Q4045294": {"object": 0.002839838594801904, "dictionary": 0.006812525377308041, "combined": 0.005539083614465228}, "Q1076355": {"object": 0.0027901353871411802, "dictionary": 0.00665545364362285, "combined": 0.005416428781114721}, "Q26549229": {"object": 0.0036413331195905996, "dictionary": 0.0, "combined": 0.001167226595192119}, "Q47233167": {"object": 0.004167604836899141, "dictionary": 0.007337560802025466, "combined": 0.00632143379947884}, "Q29650304": {"object": 0.004167604836899141, "dictionary": 0.007337560802025466, "combined": 0.00632143379947884}, "Q1601331": {"object": 0.004167604836899141, "dictionary": 0.007337560802025466, "combined": 0.00632143379947884}, "Q81526237": {"object": 0.004167604836899141, "dictionary": 0.007337560802025466, "combined": 0.00632143379947884}, "Q28009496": {"object": 0.004167604836899141, "dictionary": 0.007337560802025466, "combined": 0.00632143379947884}, "Q34747804": {"object": 0.004167604836899141, "dictionary": 0.007337560802025466, "combined": 0.00632143379947884}, "Q28049770": {"object": 0.004167604836899141, "dictionary": 0.007337560802025466, "combined": 0.00632143379947884}, "Q28755606": {"object": 0.004167604836899141, "dictionary": 0.007337560802025466, "combined": 0.00632143379947884}, "Q81526528": {"object": 0.004167604836899141, "dictionary": 0.007337560802025466, "combined": 0.00632143379947884}, "Q81526664": {"object": 0.004167604836899141, "dictionary": 0.007337560802025466, "combined": 0.00632143379947884}, "Q28758112": {"object": 0.004167604836899141, "dictionary": 0.007337560802025466, "combined": 0.00632143379947884}, "Q32097899": {"object": 0.004167604836899141, "dictionary": 0.007337560802025466, "combined": 0.00632143379947884}, "Q66439259": {"object": 0.004167604836899141, "dictionary": 0.007337560802025466, "combined": 0.00632143379947884}, "Q28207108": {"object": 0.004167604836899141, "dictionary": 0.007337560802025466, "combined": 0.00632143379947884}, "Q32097740": {"object": 0.004167604836899141, "dictionary": 0.007337560802025466, "combined": 0.00632143379947884}, "Q6912474": {"object": 0.004167604836899141, "dictionary": 0.007337560802025466, "combined": 0.00632143379947884}, "Q16996920": {"object": 0.003509463626400199, "dictionary": 0.0, "combined": 0.0011249559282437331}, "Q66811836": {"object": 0.003509463626400199, "dictionary": 0.0, "combined": 0.0011249559282437331}, "Q28600763": {"object": 0.003509463626400199, "dictionary": 0.0, "combined": 0.0011249559282437331}, "Q1662484": {"object": 0.003509463626400199, "dictionary": 0.0, "combined": 0.0011249559282437331}, "Q684554": {"object": 0.003509463626400199, "dictionary": 0.0, "combined": 0.0011249559282437331}, "Q28206109": {"object": 0.003910694711604636, "dictionary": 0.0, "combined": 0.0012535702510994976}, "Q1676669": {"object": 0.0041540697477054035, "dictionary": 0.0, "combined": 0.0013315839360365674}, "Q28445577": {"object": 0.009119045925771667, "dictionary": 0.015138002657426888, "combined": 0.013208630600061123}, "Q1141412": {"object": 0.004426036761664536, "dictionary": 0.0, "combined": 0.0014187627579905929}, "Q66134804": {"object": 0.004307513784290238, "dictionary": 0.0, "combined": 0.001380770306657772}, "Q27526733": {"object": 0.005476809208582297, "dictionary": 0.0, "combined": 0.001755587076243411}, "Q5924007": {"object": 0.005920065725606139, "dictionary": 0.0, "combined": 0.0018976726196887265}, "Q34746472": {"object": 0.0058860387567700526, "dictionary": 0.0, "combined": 0.001886765300398005}, "Q27826464": {"object": 0.0059768239786692125, "dictionary": 0.0, "combined": 0.0019158664350569048}, "Q27826469": {"object": 0.0059768239786692125, "dictionary": 0.0, "combined": 0.0019158664350569048}, "Q27826466": {"object": 0.0059768239786692125, "dictionary": 0.0, "combined": 0.0019158664350569048}, "Q27826468": {"object": 0.0059768239786692125, "dictionary": 0.0, "combined": 0.0019158664350569048}, "Q28771319": {"object": 0.007128788915307786, "dictionary": 0.0, "combined": 0.002285127929848275}, "Q6043826": {"object": 0.007128788915307786, "dictionary": 0.0, "combined": 0.002285127929848275}, "Q29000498": {"object": 0.007128788915307786, "dictionary": 0.0, "combined": 0.002285127929848275}, "Q51035227": {"object": 0.012908345433664177, "dictionary": 0.0, "combined": 0.004137760428739235}, "Q28600435": {"object": 0.012908345433664177, "dictionary": 0.0, "combined": 0.004137760428739235}, "Q930281": {"object": 0.012908345433664177, "dictionary": 0.0, "combined": 0.004137760428739235}, "Q51837224": {"object": 0.012908345433664177, "dictionary": 0.0, "combined": 0.004137760428739235}, "Q28600453": {"object": 0.012757951809721122, "dictionary": 0.0, "combined": 0.004089551865598109}, "Q28600454": {"object": 0.012908345433664177, "dictionary": 0.0, "combined": 0.004137760428739235}, "Q51034969": {"object": 0.012908345433664177, "dictionary": 0.0, "combined": 0.004137760428739235}, "Q51035340": {"object": 0.012908345433664177, "dictionary": 0.0, "combined": 0.004137760428739235}, "Q98815369": {"object": 0.019492715158500023, "dictionary": 0.0, "combined": 0.006248375196187454}, "Q27866077": {"object": 0.12067749737362563, "dictionary": 0.28466434849641165, "combined": 0.23209848659750168}, "Q27866075": {"object": 0.12067749737362563, "dictionary": 0.28466434849641165, "combined": 0.23209848659750168}, "Q27866076": {"object": 0.12067749737362563, "dictionary": 0.28466434849641165, "combined": 0.23209848659750168}, "Q8043148": {"object": 0.12067749737362563, "dictionary": 0.0, "combined": 0.038683081099583606}, "Q1093556": {"object": 0.08861506369973791, "dictionary": 0.0, "combined": 0.02840549207884805}, "Q8043144": {"object": 0.12067749737362563, "dictionary": 0.0, "combined": 0.038683081099583606}, "type": "co-oc"}