{"name": "Q8043148", "Q99184084": {"object": 0.0033941245217474314, "dictionary": 0.0, "combined": 0.0003445922547204906}, "Q4045294": {"object": 0.002839838594801904, "dictionary": 0.0, "combined": 0.0002883177615184378}, "Q1076355": {"object": 0.0027901353871411802, "dictionary": 0.0, "combined": 0.00028327158826082507}, "Q26549229": {"object": 0.0036413331195905996, "dictionary": 0.0, "combined": 0.00036969038166640805}, "Q47233167": {"object": 0.004167604836899141, "dictionary": 0.0, "combined": 0.00042312070117914326}, "Q29650304": {"object": 0.004167604836899141, "dictionary": 0.0, "combined": 0.00042312070117914326}, "Q1601331": {"object": 0.004167604836899141, "dictionary": 0.0, "combined": 0.00042312070117914326}, "Q81526237": {"object": 0.004167604836899141, "dictionary": 0.0, "combined": 0.00042312070117914326}, "Q28009496": {"object": 0.004167604836899141, "dictionary": 0.0, "combined": 0.00042312070117914326}, "Q34747804": {"object": 0.004167604836899141, "dictionary": 0.0, "combined": 0.00042312070117914326}, "Q28049770": {"object": 0.004167604836899141, "dictionary": 0.0, "combined": 0.00042312070117914326}, "Q28755606": {"object": 0.004167604836899141, "dictionary": 0.0, "combined": 0.00042312070117914326}, "Q81526528": {"object": 0.004167604836899141, "dictionary": 0.0, "combined": 0.00042312070117914326}, "Q81526664": {"object": 0.004167604836899141, "dictionary": 0.0, "combined": 0.00042312070117914326}, "Q28758112": {"object": 0.004167604836899141, "dictionary": 0.0, "combined": 0.00042312070117914326}, "Q32097899": {"object": 0.004167604836899141, "dictionary": 0.0, "combined": 0.00042312070117914326}, "Q66439259": {"object": 0.004167604836899141, "dictionary": 0.0, "combined": 0.00042312070117914326}, "Q28207108": {"object": 0.004167604836899141, "dictionary": 0.0, "combined": 0.00042312070117914326}, "Q32097740": {"object": 0.004167604836899141, "dictionary": 0.0, "combined": 0.00042312070117914326}, "Q6912474": {"object": 0.004167604836899141, "dictionary": 0.0, "combined": 0.00042312070117914326}, "Q16996920": {"object": 0.003509463626400199, "dictionary": 0.0, "combined": 0.0003563021851826993}, "Q66811836": {"object": 0.003509463626400199, "dictionary": 0.0, "combined": 0.0003563021851826993}, "Q28600763": {"object": 0.003509463626400199, "dictionary": 0.0, "combined": 0.0003563021851826993}, "Q1662484": {"object": 0.003509463626400199, "dictionary": 0.0, "combined": 0.0003563021851826993}, "Q684554": {"object": 0.003509463626400199, "dictionary": 0.0, "combined": 0.0003563021851826993}, "Q28206109": {"object": 0.003910694711604636, "dictionary": 0.0, "combined": 0.0003970376159038337}, "Q1676669": {"object": 0.0041540697477054035, "dictionary": 0.0, "combined": 0.0004217465362440537}, "Q28445577": {"object": 0.009119045925771667, "dictionary": 0.0, "combined": 0.0009258212467831183}, "Q1141412": {"object": 0.004426036761664536, "dictionary": 0.0, "combined": 0.00044935828883276745}, "Q66134804": {"object": 0.004307513784290238, "dictionary": 0.0, "combined": 0.00043732511216293564}, "Q27526733": {"object": 0.005476809208582297, "dictionary": 0.0, "combined": 0.0005560391263687872}, "Q5924007": {"object": 0.005920065725606139, "dictionary": 0.0, "combined": 0.000601041235643835}, "Q34746472": {"object": 0.0058860387567700526, "dictionary": 0.0, "combined": 0.0005975866099112192}, "Q27826464": {"object": 0.0059768239786692125, "dictionary": 0.0, "combined": 0.000606803680206986}, "Q27826469": {"object": 0.0059768239786692125, "dictionary": 0.0, "combined": 0.000606803680206986}, "Q27826466": {"object": 0.0059768239786692125, "dictionary": 0.0, "combined": 0.000606803680206986}, "Q27826468": {"object": 0.0059768239786692125, "dictionary": 0.0, "combined": 0.000606803680206986}, "Q28771319": {"object": 0.007128788915307786, "dictionary": 0.0, "combined": 0.0007237581974416285}, "Q6043826": {"object": 0.007128788915307786, "dictionary": 0.0, "combined": 0.0007237581974416285}, "Q29000498": {"object": 0.007128788915307786, "dictionary": 0.0, "combined": 0.0007237581974416285}, "Q51035227": {"object": 0.012908345433664177, "dictionary": 0.0, "combined": 0.0013105340800540868}, "Q28600435": {"object": 0.012908345433664177, "dictionary": 0.0, "combined": 0.0013105340800540868}, "Q930281": {"object": 0.012908345433664177, "dictionary": 0.0, "combined": 0.0013105340800540868}, "Q51837224": {"object": 0.012908345433664177, "dictionary": 0.0, "combined": 0.0013105340800540868}, "Q28600453": {"object": 0.012757951809721122, "dictionary": 0.0, "combined": 0.0012952652006602801}, "Q28600454": {"object": 0.012908345433664177, "dictionary": 0.0, "combined": 0.0013105340800540868}, "Q51034969": {"object": 0.012908345433664177, "dictionary": 0.0, "combined": 0.0013105340800540868}, "Q51035340": {"object": 0.012908345433664177, "dictionary": 0.0, "combined": 0.0013105340800540868}, "Q98815369": {"object": 0.019492715158500023, "dictionary": 0.0, "combined": 0.0019790195156521853}, "Q795136": {"object": 0.12067749737362563, "dictionary": 0.0, "combined": 0.012251916701215886}, "Q27866077": {"object": 0.12067749737362563, "dictionary": 0.0, "combined": 0.012251916701215886}, "Q27866075": {"object": 0.12067749737362563, "dictionary": 0.0, "combined": 0.012251916701215886}, "Q27866076": {"object": 0.12067749737362563, "dictionary": 0.0, "combined": 0.012251916701215886}, "Q1093556": {"object": 0.08861506369973791, "dictionary": 0.25, "combined": 0.2336152154344064}, "Q8043144": {"object": 0.12067749737362563, "dictionary": 0.75, "combined": 0.6861073352680895}, "type": "co-oc"}