{"name": "Q82065563", "Q99184084": {"object": 0.0006320617200973925, "dictionary": 0.0, "combined": 0.00022520737601204211}, "Q79241659": {"object": 0.0003317868858672594, "dictionary": 0.0, "combined": 0.00011821765436112614}, "Q28600412": {"object": 0.00024875083913353913, "dictionary": 0.0, "combined": 8.863141364331621e-05}, "Q4045294": {"object": 0.00010576826250943435, "dictionary": 0.0, "combined": 3.7685865331999926e-05}, "Q1076355": {"object": 0.01215829990996293, "dictionary": 0.0, "combined": 0.004332075068663055}, "Q26549229": {"object": 0.01383318853197367, "dictionary": 0.06106976222316961, "combined": 0.04423908813780572}, "Q1676669": {"object": 0.00015471609561262884, "dictionary": 0.0, "combined": 5.512627139384345e-05}, "Q1343830": {"object": 0.00018424527120484247, "dictionary": 0.0, "combined": 6.564769349467335e-05}, "Q194831": {"object": 0.00022088629223803675, "dictionary": 0.0, "combined": 7.870310871585813e-05}, "Q34312361": {"object": 0.03909086601849224, "dictionary": 0.0, "combined": 0.013928309660497126}, "Q27923693": {"object": 0.03909086601849224, "dictionary": 0.0, "combined": 0.013928309660497126}, "Q34312151": {"object": 0.03909086601849224, "dictionary": 0.0, "combined": 0.013928309660497126}, "Q27925722": {"object": 0.03909086601849224, "dictionary": 0.0, "combined": 0.013928309660497126}, "Q479833": {"object": 0.021806053526463375, "dictionary": 0.0, "combined": 0.007769627458401138}, "Q42332": {"object": 0.00037981104999337844, "dictionary": 0.0, "combined": 0.00013532895163498792}, "Q28777715": {"object": 0.0004299282558323074, "dictionary": 0.0, "combined": 0.0001531860122054358}, "Q66244789": {"object": 0.0004299282558323074, "dictionary": 0.0, "combined": 0.0001531860122054358}, "Q28758002": {"object": 0.0004299282558323074, "dictionary": 0.0, "combined": 0.0001531860122054358}, "Q623334": {"object": 0.0004299282558323074, "dictionary": 0.0, "combined": 0.0001531860122054358}, "Q4042979": {"object": 0.000311737645609124, "dictionary": 0.0, "combined": 0.00011107398999101696}, "Q47455565": {"object": 0.00031412330456969924, "dictionary": 0.0, "combined": 0.00011192401456533855}, "Q1882110": {"object": 0.00039828714009421383, "dictionary": 0.0, "combined": 0.00014191209318314255}, "Q47455466": {"object": 0.00031412330456969924, "dictionary": 0.0, "combined": 0.00011192401456533855}, "Q61752184": {"object": 0.05965633103998027, "dictionary": 0.0, "combined": 0.021255908005233304}, "Q47493628": {"object": 0.05965633103998027, "dictionary": 0.0, "combined": 0.021255908005233304}, "Q47493509": {"object": 0.05965633103998027, "dictionary": 0.0, "combined": 0.021255908005233304}, "Q47493633": {"object": 0.05965633103998027, "dictionary": 0.0, "combined": 0.021255908005233304}, "Q47493619": {"object": 0.05965633103998027, "dictionary": 0.0, "combined": 0.021255908005233304}, "Q47493614": {"object": 0.05965633103998027, "dictionary": 0.0, "combined": 0.021255908005233304}, "Q34273353": {"object": 0.07060906690321801, "dictionary": 0.0, "combined": 0.025158433384452103}, "Q27925718": {"object": 0.07060906690321801, "dictionary": 0.0, "combined": 0.025158433384452103}, "Q28600470": {"object": 0.07060906690321801, "dictionary": 0.0, "combined": 0.025158433384452103}, "Q59537335": {"object": 0.07060906690321801, "dictionary": 0.0, "combined": 0.025158433384452103}, "Q29650343": {"object": 0.0668575658093762, "dictionary": 0.0, "combined": 0.02382175107861615}, "Q82065565": {"object": 0.08329116346067277, "dictionary": 0.9389302377768304, "combined": 0.6340609115496026}, "type": "co-oc"}