{"name": "Q83964875", "Q99184084": {"object": 0.00382373383901105, "dictionary": 0.0, "combined": 0.0016527476936995464}, "Q28600412": {"object": 0.005643181101823886, "dictionary": 0.0, "combined": 0.0024391746245550697}, "Q4045294": {"object": 0.005598756618892524, "dictionary": 0.016273053346811485, "combined": 0.011659259593976562}, "Q28205439": {"object": 0.002559962625825725, "dictionary": 0.008871786064392817, "combined": 0.006143601501779919}, "Q1144005": {"object": 0.011801512277626673, "dictionary": 0.025713670993648796, "combined": 0.01970036326869625}, "Q1076355": {"object": 0.005500766485446197, "dictionary": 0.01589785669652828, "combined": 0.011403881019602933}, "Q3807693": {"object": 0.0053265103109617394, "dictionary": 0.011372011971781445, "combined": 0.008758940730985891}, "Q95994246": {"object": 0.00532730333979655, "dictionary": 0.011400027325127373, "combined": 0.008775189670677743}, "Q58006953": {"object": 0.00532730333979655, "dictionary": 0.011400027325127373, "combined": 0.008775189670677743}, "Q723030": {"object": 0.005083440034976989, "dictionary": 0.011176071511033442, "combined": 0.00854262916264606}, "Q27979156": {"object": 0.005083440034976989, "dictionary": 0.011180646904739565, "combined": 0.008545226915722905}, "Q26549229": {"object": 0.0010255581799722743, "dictionary": 0.0, "combined": 0.0004432810933153924}, "Q47233167": {"object": 0.005868896213283662, "dictionary": 0.0025038862086205387, "combined": 0.003958357873918581}, "Q29650304": {"object": 0.005868896213283662, "dictionary": 0.0025038862086205387, "combined": 0.003958357873918581}, "Q1601331": {"object": 0.005868896213283662, "dictionary": 0.0025038862086205387, "combined": 0.003958357873918581}, "Q81526237": {"object": 0.005868896213283662, "dictionary": 0.0025038862086205387, "combined": 0.003958357873918581}, "Q28009496": {"object": 0.005868896213283662, "dictionary": 0.0025038862086205387, "combined": 0.003958357873918581}, "Q34747804": {"object": 0.005868896213283662, "dictionary": 0.0025038862086205387, "combined": 0.003958357873918581}, "Q28049770": {"object": 0.005868896213283662, "dictionary": 0.0025038862086205387, "combined": 0.003958357873918581}, "Q28755606": {"object": 0.005868896213283662, "dictionary": 0.0025038862086205387, "combined": 0.003958357873918581}, "Q81526528": {"object": 0.005868896213283662, "dictionary": 0.0025038862086205387, "combined": 0.003958357873918581}, "Q81526664": {"object": 0.005868896213283662, "dictionary": 0.0025038862086205387, "combined": 0.003958357873918581}, "Q28758112": {"object": 0.005868896213283662, "dictionary": 0.0025038862086205387, "combined": 0.003958357873918581}, "Q32097899": {"object": 0.005868896213283662, "dictionary": 0.0025038862086205387, "combined": 0.003958357873918581}, "Q66439259": {"object": 0.005868896213283662, "dictionary": 0.0025038862086205387, "combined": 0.003958357873918581}, "Q28207108": {"object": 0.005868896213283662, "dictionary": 0.0025038862086205387, "combined": 0.003958357873918581}, "Q32097740": {"object": 0.005868896213283662, "dictionary": 0.0025038862086205387, "combined": 0.003958357873918581}, "Q6912474": {"object": 0.005868896213283662, "dictionary": 0.0025038862086205387, "combined": 0.003958357873918581}, "Q16996920": {"object": 0.005930507884608829, "dictionary": 0.011090645157954937, "combined": 0.008860258489644994}, "Q66811836": {"object": 0.005930507884608829, "dictionary": 0.011090645157954937, "combined": 0.008860258489644994}, "Q28600763": {"object": 0.005930507884608829, "dictionary": 0.011090645157954937, "combined": 0.008860258489644994}, "Q1662484": {"object": 0.005930507884608829, "dictionary": 0.011090645157954937, "combined": 0.008860258489644994}, "Q684554": {"object": 0.005930507884608829, "dictionary": 0.011090645157954937, "combined": 0.008860258489644994}, "Q28206109": {"object": 0.0044056885971601204, "dictionary": 0.0, "combined": 0.0019042883146903405}, "Q1676669": {"object": 0.002339934342735236, "dictionary": 0.002776058738033971, "combined": 0.002587550955106664}, "Q1343830": {"object": 0.0027865351427830867, "dictionary": 0.004385164745114353, "combined": 0.0036941827103877485}, "Q28758102": {"object": 0.0020178531669681377, "dictionary": 0.0057156628451059295, "combined": 0.00411734385257303}, "Q194831": {"object": 0.008351739665492255, "dictionary": 0.005436445558969964, "combined": 0.006696534731980176}, "Q1882400": {"object": 0.0015622916280784436, "dictionary": 0.00488326659756807, "combined": 0.003447828370759513}, "Q27979410": {"object": 0.0015622916280784436, "dictionary": 0.00488326659756807, "combined": 0.003447828370759513}, "Q28055391": {"object": 0.0015475293931752705, "dictionary": 0.004770743496245769, "combined": 0.0033775608377667452}, "Q1141412": {"object": 0.008725954587767523, "dictionary": 0.01479142256064897, "combined": 0.012169721201335476}, "Q53756551": {"object": 0.003313166567723696, "dictionary": 0.0, "combined": 0.0014320631702399085}, "Q53756539": {"object": 0.003313166567723696, "dictionary": 0.0, "combined": 0.0014320631702399085}, "Q27979378": {"object": 0.003313166567723696, "dictionary": 0.0, "combined": 0.0014320631702399085}, "Q5448342": {"object": 0.0019573837621029654, "dictionary": 0.0, "combined": 0.0008460477728589282}, "Q29904540": {"object": 0.0019573837621029654, "dictionary": 0.0, "combined": 0.0008460477728589282}, "Q5421818": {"object": 0.0019573837621029654, "dictionary": 0.0, "combined": 0.0008460477728589282}, "Q50223812": {"object": 0.0019573837621029654, "dictionary": 0.0, "combined": 0.0008460477728589282}, "Q5153426": {"object": 0.0019573837621029654, "dictionary": 0.0, "combined": 0.0008460477728589282}, "Q49799747": {"object": 0.0027280661123809174, "dictionary": 0.0, "combined": 0.0011791628720328458}, "Q49798508": {"object": 0.0027280661123809174, "dictionary": 0.0, "combined": 0.0011791628720328458}, "Q49798739": {"object": 0.0027280661123809174, "dictionary": 0.0, "combined": 0.0011791628720328458}, "Q49799499": {"object": 0.0027280661123809174, "dictionary": 0.0, "combined": 0.0011791628720328458}, "Q28205580": {"object": 0.0036591847595890685, "dictionary": 0.008773987604877964, "combined": 0.006563196016814539}, "Q28206771": {"object": 0.003575398739089002, "dictionary": 0.008338358711352687, "combined": 0.006279645568447838}, "Q28205626": {"object": 0.0036591847595890685, "dictionary": 0.008766067467245816, "combined": 0.006558699231789145}, "Q729366": {"object": 0.0036591847595890685, "dictionary": 0.008773987604877964, "combined": 0.006563196016814539}, "Q29904539": {"object": 0.012792477239979992, "dictionary": 0.021335283569889986, "combined": 0.01764279239400513}, "Q28755628": {"object": 0.012792477239979992, "dictionary": 0.021335283569889986, "combined": 0.01764279239400513}, "Q58103465": {"object": 0.012792477239979992, "dictionary": 0.021335283569889986, "combined": 0.01764279239400513}, "Q66134804": {"object": 0.0048527348108363755, "dictionary": 0.0, "combined": 0.0020975168786380965}, "Q27526733": {"object": 0.0061700331164873555, "dictionary": 0.0, "combined": 0.0026668979674489396}, "Q1888930": {"object": 0.001616347274388891, "dictionary": 0.0, "combined": 0.0006986402146271529}, "Q28786544": {"object": 0.001616347274388891, "dictionary": 0.0, "combined": 0.0006986402146271529}, "Q8811": {"object": 0.001616347274388891, "dictionary": 0.0, "combined": 0.0006986402146271529}, "Q2053": {"object": 0.001616347274388891, "dictionary": 0.0, "combined": 0.0006986402146271529}, "Q166074": {"object": 0.0015301239547093066, "dictionary": 0.0, "combined": 0.0006613715660382625}, "Q62626012": {"object": 0.001616347274388891, "dictionary": 0.0, "combined": 0.0006986402146271529}, "Q939636": {"object": 0.0024203196766554233, "dictionary": 0.0, "combined": 0.0010461444054491165}, "Q27596243": {"object": 0.006788727782791283, "dictionary": 0.004685102748489098, "combined": 0.0055943609683945855}, "Q48106551": {"object": 0.0022578559674418432,