{"name": "Q843084", "Q4045294": {"object": 0.004074590257965886, "dictionary": 0.0, "combined": 0.001322389672409953}, "Q1076355": {"object": 0.004003276273398335, "dictionary": 0.0, "combined": 0.00129924504418478}, "Q3807693": {"object": 0.004522534778565663, "dictionary": 0.0119645123318477, "combined": 0.009549252480988545}, "Q95994246": {"object": 0.004523208108809379, "dictionary": 0.01199398733076787, "combined": 0.009569380029786226}, "Q58006953": {"object": 0.004523208108809379, "dictionary": 0.01199398733076787, "combined": 0.009569380029786226}, "Q723030": {"object": 0.004316153167980157, "dictionary": 0.01175836305371252, "combined": 0.009343027800416941}, "Q27979156": {"object": 0.004316153167980157, "dictionary": 0.011763176832888605, "combined": 0.009346279289530789}, "Q26549229": {"object": 0.005224571735256439, "dictionary": 0.0, "combined": 0.0016956109125232945}, "Q47233167": {"object": 0.005979664512822532, "dictionary": 0.0, "combined": 0.0019406728273532853}, "Q29650304": {"object": 0.005979664512822532, "dictionary": 0.0, "combined": 0.0019406728273532853}, "Q1601331": {"object": 0.005979664512822532, "dictionary": 0.0, "combined": 0.0019406728273532853}, "Q81526237": {"object": 0.005979664512822532, "dictionary": 0.0, "combined": 0.0019406728273532853}, "Q28009496": {"object": 0.005979664512822532, "dictionary": 0.0, "combined": 0.0019406728273532853}, "Q34747804": {"object": 0.005979664512822532, "dictionary": 0.0, "combined": 0.0019406728273532853}, "Q28049770": {"object": 0.005979664512822532, "dictionary": 0.0, "combined": 0.0019406728273532853}, "Q28755606": {"object": 0.005979664512822532, "dictionary": 0.0, "combined": 0.0019406728273532853}, "Q81526528": {"object": 0.005979664512822532, "dictionary": 0.0, "combined": 0.0019406728273532853}, "Q81526664": {"object": 0.005979664512822532, "dictionary": 0.0, "combined": 0.0019406728273532853}, "Q28758112": {"object": 0.005979664512822532, "dictionary": 0.0, "combined": 0.0019406728273532853}, "Q32097899": {"object": 0.005979664512822532, "dictionary": 0.0, "combined": 0.0019406728273532853}, "Q66439259": {"object": 0.005979664512822532, "dictionary": 0.0, "combined": 0.0019406728273532853}, "Q28207108": {"object": 0.005979664512822532, "dictionary": 0.0, "combined": 0.0019406728273532853}, "Q32097740": {"object": 0.005979664512822532, "dictionary": 0.0, "combined": 0.0019406728273532853}, "Q6912474": {"object": 0.005979664512822532, "dictionary": 0.0, "combined": 0.0019406728273532853}, "Q16996920": {"object": 0.005035365858112569, "dictionary": 0.0, "combined": 0.0016342050086032211}, "Q66811836": {"object": 0.005035365858112569, "dictionary": 0.0, "combined": 0.0016342050086032211}, "Q28600763": {"object": 0.005035365858112569, "dictionary": 0.0, "combined": 0.0016342050086032211}, "Q1662484": {"object": 0.005035365858112569, "dictionary": 0.0, "combined": 0.0016342050086032211}, "Q684554": {"object": 0.005035365858112569, "dictionary": 0.0, "combined": 0.0016342050086032211}, "Q1676669": {"object": 0.005960244415261195, "dictionary": 0.0, "combined": 0.0019343701233201377}, "Q1343830": {"object": 0.007097819036788759, "dictionary": 0.0, "combined": 0.0023035647750186124}, "Q47512572": {"object": 0.011796108269544242, "dictionary": 0.0, "combined": 0.003828373103228862}, "Q28758102": {"object": 0.010279688493464539, "dictionary": 0.0, "combined": 0.003336225985612403}, "Q194831": {"object": 0.008509368624553417, "dictionary": 0.0, "combined": 0.002761676751629081}, "Q27473691": {"object": 0.013636708936659745, "dictionary": 0.0, "combined": 0.004425731649518497}, "Q47455968": {"object": 0.01351082659602431, "dictionary": 0.0, "combined": 0.004384877110373205}, "Q28206310": {"object": 0.013636708936659745, "dictionary": 0.0, "combined": 0.004425731649518497}, "Q3928271": {"object": 0.011980521193542261, "dictionary": 0.0, "combined": 0.003888223476079762}, "Q34312361": {"object": 0.012762091585677435, "dictionary": 0.0329835554982034, "combined": 0.02642077167309203}, "Q27923693": {"object": 0.012762091585677435, "dictionary": 0.0329835554982034, "combined": 0.02642077167309203}, "Q34312151": {"object": 0.012762091585677435, "dictionary": 0.0329835554982034, "combined": 0.02642077167309203}, "Q27925722": {"object": 0.012762091585677435, "dictionary": 0.0329835554982034, "combined": 0.02642077167309203}, "Q1882400": {"object": 0.00795888994079991, "dictionary": 0.0, "combined": 0.0025830214071182276}, "Q27979410": {"object": 0.00795888994079991, "dictionary": 0.0, "combined": 0.0025830214071182276}, "Q28055391": {"object": 0.007883685669866771, "dictionary": 0.0, "combined": 0.0025586142042077807}, "Q1141412": {"object": 0.006350461714087381, "dictionary": 0.0, "combined": 0.00206101336676152}, "Q28205580": {"object": 0.006213745724806827, "dictionary": 0.0, "combined": 0.0020166428163915866}, "Q28206771": {"object": 0.006071466758073448, "dictionary": 0.0, "combined": 0.001970466827077926}, "Q28205626": {"object": 0.006213745724806827, "dictionary": 0.0, "combined": 0.0020166428163915866}, "Q729366": {"object": 0.006213745724806827, "dictionary": 0.0, "combined": 0.0020166428163915866}, "Q66134804": {"object": 0.006180405370097128, "dictionary": 0.0, "combined": 0.0020058223564308835}, "Q29944987": {"object": 0.011211510085093176, "dictionary": 0.0, "combined": 0.0036386444304828502}, "Q29944777": {"object": 0.011211510085093176, "dictionary": 0.0, "combined": 0.0036386444304828502}, "Q29944782": {"object": 0.011211510085093176, "dictionary": 0.0, "combined": 0.0036386444304828502}, "Q29944783": {"object": 0.011211510085093176, "dictionary": 0.0, "combined": 0.0036386444304828502}, "Q29944780": {"object": 0.011211510085093176, "dictionary": 0.0, "combined": 0.0036386444304828502}, "Q29944776": {"object": 0.011211510085093176, "dictionary": 0.0, "combined": 0.0036386444304828502}, "Q29944786": {"object": 0.011211510085093176, "dictionary": 0.0, "combined": 0.0036386444304828502}, "Q29944773": {"object": 0.011211510085093176, "dictionary": 0.0, "combined": 0.0036386444304828502}, "Q29944785": {"object": 0.011211510085093176, "dictionary": 0.0, "combined": 0.0036386444304828502}, "Q29944758": {"object": 0.011211510085093176, "dictionary": 0.0, "combined": 0.0036386444304828502}, "Q29944779": {"object": 0.011211510085093176, "dictionary": 0.0, "combined": 0.0036386444304828502}, "Q27596243": {"object": 0.006916856787838271, "dictionary": 0.0, "combined": 0.0022448343030060302}, "Q48106551": {"object": 0.01150235130501874, "dictionary": 0.0, "combined": 0.0037330356210544093}, "Q27967388": {"object": 0.009096327077754224, "dictionary": 0.0, "combined": 0.002952171438825912}, "Q28771319": {"object": 0.01022836083662512, "dictionary": 0.0, "combined": 0.003319567828836823}, "Q6043826": {"object": 0.01022836083662512, "dictionary": 0.0, "combined": 0.003319567828836823}, "Q29000498": {"object": 0.01022836083662512, "dictionary": 0.0, "combined": 0.003319567828836823}, "Q27967091": {"object": 0.021434393335179134, "dictionary": 0.0, "combined": 0.006956434533607263}, "Q19599377": {"object": 0.014573207943518504, "dictionary": 0.0, "combined": 0.0047296681281548646}, "Q28344713": {"object": 0.014573207943518504, "dictionary": 0.0, "combined": 0.0047296681281548646}, "Q6753724": {"object": 0.03452922534384126, "dictionary": 0.0, "combined": 0.011206302499188369}, "Q3513566": {"object": 0.03335598911047697, "dictionary": 0.0, "combined": 0.010825534034122482}, "Q28347555": {"object": 0.013999820931321983, "dictionary": 0.0, "combined": 0.004543577990197973}, "Q28755621": {"object": 0.013999820931321983, "dictionary": 0.0, "combined": 0.004543577990197973}, "Q28206138": {"object": 0.013691635060811322, "dictionary": 0.0, "combined": 0.004443557672437378}, "Q28206147": {"object": 0.013691635060811322, "dictionary": 0.0, "combined": 0.004443557672437378}, "Q2276274": {"object": 0.017130435703611526, "dictionary": 0.0, "combined": 0.005559604726892827},