{"name": "Q85621901", "Q99184084": {"object": 0.002693051622086455, "dictionary": 0.0, "combined": 0.0026930516220864554}, "Q79241659": {"object": 0.007068290823198062, "dictionary": 0.0, "combined": 0.007068290823198064}, "Q4045294": {"object": 0.002253256144608853, "dictionary": 0.0, "combined": 0.0022532561446088535}, "Q1076355": {"object": 0.0022138193758173834, "dictionary": 0.0, "combined": 0.002213819375817384}, "Q3807693": {"object": 0.002500970314521288, "dictionary": 0.0, "combined": 0.002500970314521288}, "Q95994246": {"object": 0.0025013426674237766, "dictionary": 0.0, "combined": 0.0025013426674237766}, "Q58006953": {"object": 0.0025013426674237766, "dictionary": 0.0, "combined": 0.0025013426674237766}, "Q723030": {"object": 0.0023868408922371894, "dictionary": 0.0, "combined": 0.00238684089223719}, "Q27979156": {"object": 0.0023868408922371894, "dictionary": 0.0, "combined": 0.00238684089223719}, "Q26549229": {"object": 0.0028891980837585534, "dictionary": 0.0, "combined": 0.002889198083758554}, "Q28206109": {"object": 0.0031029217310947804, "dictionary": 0.0, "combined": 0.003102921731094781}, "Q1676669": {"object": 0.003296026471815691, "dictionary": 0.0, "combined": 0.0032960264718156916}, "Q1343830": {"object": 0.0039251073961851755, "dictionary": 0.0, "combined": 0.0039251073961851755}, "Q47512572": {"object": 0.0065232702573855715, "dictionary": 0.0, "combined": 0.006523270257385572}, "Q1882400": {"object": 0.004401281240073866, "dictionary": 0.0, "combined": 0.004401281240073866}, "Q27979410": {"object": 0.004401281240073866, "dictionary": 0.0, "combined": 0.004401281240073866}, "Q28055391": {"object": 0.0043596931355400085, "dictionary": 0.0, "combined": 0.004359693135540009}, "Q5448342": {"object": 0.0055143330969296, "dictionary": 0.0, "combined": 0.005514333096929601}, "Q29904540": {"object": 0.0055143330969296, "dictionary": 0.0, "combined": 0.005514333096929601}, "Q5421818": {"object": 0.0055143330969296, "dictionary": 0.0, "combined": 0.005514333096929601}, "Q50223812": {"object": 0.0055143330969296, "dictionary": 0.0, "combined": 0.005514333096929601}, "Q5153426": {"object": 0.0055143330969296, "dictionary": 0.0, "combined": 0.005514333096929601}, "Q27526733": {"object": 0.004345547674673126, "dictionary": 0.0, "combined": 0.004345547674673127}, "Q673906": {"object": 0.006311387521639157, "dictionary": 0.0, "combined": 0.006311387521639158}, "Q1888930": {"object": 0.004553566573842738, "dictionary": 0.0, "combined": 0.004553566573842739}, "Q28786544": {"object": 0.004553566573842738, "dictionary": 0.0, "combined": 0.004553566573842739}, "Q8811": {"object": 0.004553566573842738, "dictionary": 0.0, "combined": 0.004553566573842739}, "Q2053": {"object": 0.004553566573842738, "dictionary": 0.0, "combined": 0.004553566573842739}, "Q29151645": {"object": 0.006311387521639157, "dictionary": 0.0, "combined": 0.006311387521639158}, "Q17073241": {"object": 0.006311387521639157, "dictionary": 0.0, "combined": 0.006311387521639158}, "Q288405": {"object": 0.006311387521639157, "dictionary": 0.0, "combined": 0.006311387521639158}, "Q166074": {"object": 0.004310658609323075, "dictionary": 0.0, "combined": 0.004310658609323076}, "Q62626012": {"object": 0.004553566573842738, "dictionary": 0.0, "combined": 0.004553566573842739}, "Q2193155": {"object": 0.008753436818113962, "dictionary": 0.0, "combined": 0.008753436818113964}, "Q26211936": {"object": 0.0046549714713823775, "dictionary": 0.0, "combined": 0.004654971471382378}, "Q26211977": {"object": 0.0046549714713823775, "dictionary": 0.0, "combined": 0.004654971471382378}, "Q26211940": {"object": 0.0046549714713823775, "dictionary": 0.0, "combined": 0.004654971471382378}, "Q26211915": {"object": 0.0046549714713823775, "dictionary": 0.0, "combined": 0.004654971471382378}, "Q10394822": {"object": 0.0046549714713823775, "dictionary": 0.0, "combined": 0.004654971471382378}, "Q26211975": {"object": 0.0046549714713823775, "dictionary": 0.0, "combined": 0.004654971471382378}, "Q26211905": {"object": 0.0046549714713823775, "dictionary": 0.0, "combined": 0.004654971471382378}, "Q5532250": {"object": 0.0046549714713823775, "dictionary": 0.0, "combined": 0.004654971471382378}, "Q26211927": {"object": 0.0046549714713823775, "dictionary": 0.0, "combined": 0.004654971471382378}, "Q26211957": {"object": 0.0046549714713823775, "dictionary": 0.0, "combined": 0.004654971471382378}, "Q26211948": {"object": 0.0046549714713823775, "dictionary": 0.0, "combined": 0.004654971471382378}, "Q26211958": {"object": 0.0046549714713823775, "dictionary": 0.0, "combined": 0.004654971471382378}, "Q26211874": {"object": 0.0046549714713823775, "dictionary": 0.0, "combined": 0.004654971471382378}, "Q26211954": {"object": 0.0046549714713823775, "dictionary": 0.0, "combined": 0.004654971471382378}, "Q26211891": {"object": 0.0046549714713823775, "dictionary": 0.0, "combined": 0.004654971471382378}, "Q26211983": {"object": 0.0046549714713823775, "dictionary": 0.0, "combined": 0.004654971471382378}, "Q26211840": {"object": 0.0046549714713823775, "dictionary": 0.0, "combined": 0.004654971471382378}, "Q26211965": {"object": 0.0046549714713823775, "dictionary": 0.0, "combined": 0.004654971471382378}, "Q26211978": {"object": 0.0046549714713823775, "dictionary": 0.0, "combined": 0.004654971471382378}, "Q26211931": {"object": 0.0046549714713823775, "dictionary": 0.0, "combined": 0.004654971471382378}, "Q34746472": {"object": 0.00467024887272621, "dictionary": 0.0, "combined": 0.00467024887272621}, "Q27826464": {"object": 0.004742281966247227, "dictionary": 0.0, "combined": 0.004742281966247228}, "Q27826469": {"object": 0.004742281966247227, "dictionary": 0.0, "combined": 0.004742281966247228}, "Q27826466": {"object": 0.004742281966247227, "dictionary": 0.0, "combined": 0.004742281966247228}, "Q27826468": {"object": 0.004742281966247227, "dictionary": 0.0, "combined": 0.004742281966247228}, "Q218170": {"object": 0.008194708217690269, "dictionary": 0.0, "combined": 0.008194708217690269}, "Q66134564": {"object": 0.013972121182483447, "dictionary": 0.0, "combined": 0.013972121182483449}, "Q48625328": {"object": 0.013972121182483447, "dictionary": 0.0, "combined": 0.013972121182483449}, "Q28205883": {"object": 0.005902218194786119, "dictionary": 0.0, "combined": 0.005902218194786119}, "Q1047541": {"object": 0.012723175603061675, "dictionary": 0.0, "combined": 0.012723175603061675}, "Q59714459": {"object": 0.013972121182483447, "dictionary": 0.0, "combined": 0.013972121182483449}, "Q28771302": {"object": 0.01771399869690324, "dictionary": 0.0, "combined": 0.017713998696903245}, "Q28756261": {"object": 0.01771399869690324, "dictionary": 0.0, "combined": 0.017713998696903245}, "Q15938816": {"object": 0.01222146667242988, "dictionary": 0.0, "combined": 0.01222146667242988}, "Q28975650": {"object": 0.01222146667242988, "dictionary": 0.0, "combined": 0.01222146667242988}, "Q10287816": {"object": 0.00694517668895291, "dictionary": 0.0, "combined": 0.00694517668895291}, "Q28771319": {"object": 0.005656302952019442, "dictionary": 0.0, "combined": 0.005656302952019442}, "Q6043826": {"object": 0.005656302952019442, "dictionary": 0.0, "combined": 0.005656302952019442}, "Q29000498": {"object": 0.005656302952019442, "dictionary": 0.0, "combined": 0.005656302952019442}, "Q28206272": {"object": 0.01340065403194919, "dictionary": 0.0, "combined": 0.01340065403194919}, "Q15860313": {"object": 0.02316117670510198, "dictionary": 0.0, "combined": 0.023161176705101982}, "Q47012492": {"object": 0.02316117670510198, "dictionary": 0.0, "combined": 0.023161176705101982}, "Q921122": {"object": 0.00882752277801611, "dictionary": 0.0, "combined": 0.008827522778016112}, "Q5301": {"object": 0.010920865475758209, "dictionary": 0.0, "combined": 0.01092086547575821}, "Q28206138": {"object": 0.007571500169913136, "dictionary": 0.0, "combined": 0.007571500169913137}, "Q28206147": {"object": 0.007571500169913136, "dictionary": 0.0, "combined": 0.007571500169913137},