{"name": "Q857512", "Q99184084": {"object": 0.017367118384189615, "dictionary": 0.0, "combined": 0.0071472687356792085}, "Q4045294": {"object": 0.014530938023017352, "dictionary": 0.04053594191911835, "combined": 0.029833835374659997}, "Q1076355": {"object": 0.014276615741678855, "dictionary": 0.039601332457698035, "combined": 0.02917919148875557}, "Q3807693": {"object": 0.016128412530757186, "dictionary": 0.03965852564692559, "combined": 0.029974936343170576}, "Q95994246": {"object": 0.01613081378325646, "dictionary": 0.03975622582627242, "combined": 0.030033417175626704}, "Q58006953": {"object": 0.01613081378325646, "dictionary": 0.03975622582627242, "combined": 0.030033417175626704}, "Q723030": {"object": 0.015392407631455825, "dictionary": 0.0389752068281337, "combined": 0.029269935080135447}, "Q27979156": {"object": 0.015392407631455825, "dictionary": 0.038991162964047844, "combined": 0.02927932462343253}, "Q47233167": {"object": 0.0213248765969508, "dictionary": 0.0, "combined": 0.008776045652591184}, "Q29650304": {"object": 0.0213248765969508, "dictionary": 0.0, "combined": 0.008776045652591184}, "Q1601331": {"object": 0.0213248765969508, "dictionary": 0.0, "combined": 0.008776045652591184}, "Q81526237": {"object": 0.0213248765969508, "dictionary": 0.0, "combined": 0.008776045652591184}, "Q28009496": {"object": 0.0213248765969508, "dictionary": 0.0, "combined": 0.008776045652591184}, "Q34747804": {"object": 0.0213248765969508, "dictionary": 0.0, "combined": 0.008776045652591184}, "Q28049770": {"object": 0.0213248765969508, "dictionary": 0.0, "combined": 0.008776045652591184}, "Q28755606": {"object": 0.0213248765969508, "dictionary": 0.0, "combined": 0.008776045652591184}, "Q81526528": {"object": 0.0213248765969508, "dictionary": 0.0, "combined": 0.008776045652591184}, "Q81526664": {"object": 0.0213248765969508, "dictionary": 0.0, "combined": 0.008776045652591184}, "Q28758112": {"object": 0.0213248765969508, "dictionary": 0.0, "combined": 0.008776045652591184}, "Q32097899": {"object": 0.0213248765969508, "dictionary": 0.0, "combined": 0.008776045652591184}, "Q66439259": {"object": 0.0213248765969508, "dictionary": 0.0, "combined": 0.008776045652591184}, "Q28207108": {"object": 0.0213248765969508, "dictionary": 0.0, "combined": 0.008776045652591184}, "Q32097740": {"object": 0.0213248765969508, "dictionary": 0.0, "combined": 0.008776045652591184}, "Q6912474": {"object": 0.0213248765969508, "dictionary": 0.0, "combined": 0.008776045652591184}, "Q1676669": {"object": 0.021255620005195826, "dictionary": 0.0, "combined": 0.008747543775535941}, "Q1343830": {"object": 0.025312476100028427, "dictionary": 0.0, "combined": 0.010417103462429253}, "Q28758102": {"object": 0.03665976378911482, "dictionary": 0.0, "combined": 0.015086969397632247}, "Q194831": {"object": 0.030346390746077652, "dictionary": 0.0, "combined": 0.012488762097550841}, "Q1882400": {"object": 0.028383255527517637, "dictionary": 0.0, "combined": 0.011680852883072398}, "Q27979410": {"object": 0.028383255527517637, "dictionary": 0.0, "combined": 0.011680852883072398}, "Q28055391": {"object": 0.028115059578769357, "dictionary": 0.0, "combined": 0.011570479447645743}, "Q1141412": {"object": 0.02264722579271451, "dictionary": 0.0, "combined": 0.009320245608822064}, "Q28205580": {"object": 0.022159664727376127, "dictionary": 0.07649556941139744, "combined": 0.05413415606797869}, "Q28206771": {"object": 0.021652264788562695, "dictionary": 0.07269756082477183, "combined": 0.05169036548053907}, "Q28205626": {"object": 0.022159664727376127, "dictionary": 0.07642651809000613, "combined": 0.05409352214661999}, "Q729366": {"object": 0.022159664727376127, "dictionary": 0.07649556941139744, "combined": 0.05413415606797869}, "Q27596243": {"object": 0.02466712256567867, "dictionary": 0.08169366510099178, "combined": 0.05822494590704806}, "Q48106551": {"object": 0.0410200641906113, "dictionary": 0.0, "combined": 0.016881408638983655}, "Q27967388": {"object": 0.03243962132033542, "dictionary": 0.0, "combined": 0.013350210790938009}, "Q34305425": {"object": 0.12609133282546722, "dictionary": 0.33891649569296706, "combined": 0.25133036890560734}, "type": "co-oc"}