{"name": "Q89344956", "Q4045294": {"object": 0.001687044676205861, "dictionary": 0.0, "combined": 0.0001271994207826982}, "Q1144005": {"object": 0.0035560892916767775, "dictionary": 0.0, "combined": 0.00026812123266950504}, "Q1076355": {"object": 0.0016575178108312364, "dictionary": 0.0, "combined": 0.00012497316072796881}, "Q28858032": {"object": 0.0027901492942582215, "dictionary": 0.0, "combined": 0.00021037105841504862}, "Q3807693": {"object": 0.0018725117712680036, "dictionary": 0.0, "combined": 0.0001411832277315519}, "Q95994246": {"object": 0.0018727905571412013, "dictionary": 0.0, "combined": 0.00014120424756706263}, "Q58006953": {"object": 0.0018727905571412013, "dictionary": 0.0, "combined": 0.00014120424756706263}, "Q723030": {"object": 0.0017870614620683531, "dictionary": 0.0, "combined": 0.0001347404642474557}, "Q27979156": {"object": 0.0017870614620683531, "dictionary": 0.0, "combined": 0.0001347404642474557}, "Q26549229": {"object": 0.0021631833812463274, "dictionary": 0.0, "combined": 0.00016309922139116822}, "Q47233167": {"object": 0.002475822240563268, "dictionary": 0.0, "combined": 0.00018667149685023596}, "Q29650304": {"object": 0.002475822240563268, "dictionary": 0.0, "combined": 0.00018667149685023596}, "Q1601331": {"object": 0.002475822240563268, "dictionary": 0.0, "combined": 0.00018667149685023596}, "Q81526237": {"object": 0.002475822240563268, "dictionary": 0.0, "combined": 0.00018667149685023596}, "Q28009496": {"object": 0.002475822240563268, "dictionary": 0.0, "combined": 0.00018667149685023596}, "Q34747804": {"object": 0.002475822240563268, "dictionary": 0.0, "combined": 0.00018667149685023596}, "Q28049770": {"object": 0.002475822240563268, "dictionary": 0.0, "combined": 0.00018667149685023596}, "Q28755606": {"object": 0.002475822240563268, "dictionary": 0.0, "combined": 0.00018667149685023596}, "Q81526528": {"object": 0.002475822240563268, "dictionary": 0.0, "combined": 0.00018667149685023596}, "Q81526664": {"object": 0.002475822240563268, "dictionary": 0.0, "combined": 0.00018667149685023596}, "Q28758112": {"object": 0.002475822240563268, "dictionary": 0.0, "combined": 0.00018667149685023596}, "Q32097899": {"object": 0.002475822240563268, "dictionary": 0.0, "combined": 0.00018667149685023596}, "Q66439259": {"object": 0.002475822240563268, "dictionary": 0.0, "combined": 0.00018667149685023596}, "Q28207108": {"object": 0.002475822240563268, "dictionary": 0.0, "combined": 0.00018667149685023596}, "Q32097740": {"object": 0.002475822240563268, "dictionary": 0.0, "combined": 0.00018667149685023596}, "Q6912474": {"object": 0.002475822240563268, "dictionary": 0.0, "combined": 0.00018667149685023596}, "Q16996920": {"object": 0.002084844518309524, "dictionary": 0.0, "combined": 0.00015719264515707168}, "Q66811836": {"object": 0.002084844518309524, "dictionary": 0.0, "combined": 0.00015719264515707168}, "Q28600763": {"object": 0.002084844518309524, "dictionary": 0.0, "combined": 0.00015719264515707168}, "Q1662484": {"object": 0.002084844518309524, "dictionary": 0.0, "combined": 0.00015719264515707168}, "Q684554": {"object": 0.002084844518309524, "dictionary": 0.0, "combined": 0.00015719264515707168}, "Q47512572": {"object": 0.004884064506161482, "dictionary": 0.0, "combined": 0.0003682476137183623}, "Q283579": {"object": 0.007371491897108736, "dictionary": 0.0, "combined": 0.0005557941131264789}, "Q5448342": {"object": 0.0041286590147591815, "dictionary": 0.0, "combined": 0.0003112917178149172}, "Q29904540": {"object": 0.0041286590147591815, "dictionary": 0.0, "combined": 0.0003112917178149172}, "Q5421818": {"object": 0.0041286590147591815, "dictionary": 0.0, "combined": 0.0003112917178149172}, "Q50223812": {"object": 0.0041286590147591815, "dictionary": 0.0, "combined": 0.0003112917178149172}, "Q5153426": {"object": 0.0041286590147591815, "dictionary": 0.0, "combined": 0.0003112917178149172}, "Q28205580": {"object": 0.002572741301739021, "dictionary": 0.0, "combined": 0.00019397897875527017}, "Q28206771": {"object": 0.0025138320720577405, "dictionary": 0.0, "combined": 0.0001895373537053243}, "Q28205626": {"object": 0.002572741301739021, "dictionary": 0.0, "combined": 0.00019397897875527017}, "Q729366": {"object": 0.002572741301739021, "dictionary": 0.0, "combined": 0.00019397897875527017}, "Q939636": {"object": 0.005105117782772733, "dictionary": 0.0, "combined": 0.00038491453970061025}, "Q27596243": {"object": 0.0028638576350561292, "dictionary": 0.0, "combined": 0.00021592850356666915}, "Q26211936": {"object": 0.003485242837337983, "dictionary": 0.0, "combined": 0.0002627795673991641}, "Q26211977": {"object": 0.003485242837337983, "dictionary": 0.0, "combined": 0.0002627795673991641}, "Q26211940": {"object": 0.003485242837337983, "dictionary": 0.0, "combined": 0.0002627795673991641}, "Q26211915": {"object": 0.003485242837337983, "dictionary": 0.0, "combined": 0.0002627795673991641}, "Q10394822": {"object": 0.003485242837337983, "dictionary": 0.0, "combined": 0.0002627795673991641}, "Q26211975": {"object": 0.003485242837337983, "dictionary": 0.0, "combined": 0.0002627795673991641}, "Q26211905": {"object": 0.003485242837337983, "dictionary": 0.0, "combined": 0.0002627795673991641}, "Q5532250": {"object": 0.003485242837337983, "dictionary": 0.0, "combined": 0.0002627795673991641}, "Q26211927": {"object": 0.003485242837337983, "dictionary": 0.0, "combined": 0.0002627795673991641}, "Q26211957": {"object": 0.003485242837337983, "dictionary": 0.0, "combined": 0.0002627795673991641}, "Q26211948": {"object": 0.003485242837337983, "dictionary": 0.0, "combined": 0.0002627795673991641}, "Q26211958": {"object": 0.003485242837337983, "dictionary": 0.0, "combined": 0.0002627795673991641}, "Q26211874": {"object": 0.003485242837337983, "dictionary": 0.0, "combined": 0.0002627795673991641}, "Q26211954": {"object": 0.003485242837337983, "dictionary": 0.0, "combined": 0.0002627795673991641}, "Q26211891": {"object": 0.003485242837337983, "dictionary": 0.0, "combined": 0.0002627795673991641}, "Q26211983": {"object": 0.003485242837337983, "dictionary": 0.0, "combined": 0.0002627795673991641}, "Q26211840": {"object": 0.003485242837337983, "dictionary": 0.0, "combined": 0.0002627795673991641}, "Q26211965": {"object": 0.003485242837337983, "dictionary": 0.0, "combined": 0.0002627795673991641}, "Q26211978": {"object": 0.003485242837337983, "dictionary": 0.0, "combined": 0.0002627795673991641}, "Q26211931": {"object": 0.003485242837337983, "dictionary": 0.0, "combined": 0.0002627795673991641}, "Q479833": {"object": 0.003376844502876548, "dictionary": 0.0, "combined": 0.00025460657378982283}, "Q55758993": {"object": 0.00865904290030744, "dictionary": 0.0, "combined": 0.0006528725984475591}, "Q58799889": {"object": 0.00865904290030744, "dictionary": 0.0, "combined": 0.0006528725984475591}, "Q28207256": {"object": 0.00865904290030744, "dictionary": 0.0, "combined": 0.0006528725984475591}, "Q50809751": {"object": 0.00865904290030744, "dictionary": 0.0, "combined": 0.0006528725984475591}, "Q28207363": {"object": 0.00865904290030744, "dictionary": 0.0, "combined": 0.0006528725984475591}, "Q28206843": {"object": 0.00865904290030744, "dictionary": 0.0, "combined": 0.0006528725984475591}, "Q50809753": {"object": 0.00865904290030744, "dictionary": 0.0, "combined": 0.0006528725984475591}, "Q3406936": {"object": 0.00865904290030744, "dictionary": 0.0, "combined": 0.0006528725984475591}, "Q50809785": {"object": 0.00865904290030744, "dictionary": 0.0, "combined": 0.0006528725984475591}, "Q29650793": {"object": 0.00865904290030744, "dictionary": 0.0, "combined": 0.0006528725984475591}, "Q55758988": {"object": 0.00865904290030744, "dictionary": 0.0, "combined": 0.0006528725984475591}, "Q87816075": {"object": 0.007959316661264157, "dictionary": 0.0, "combined": 0.00060011479447942}, "Q28205883": {"object": 0.004419074061838538, "dictionary": 0.0, "combined": 0.000333188367201911}, "Q27967388": {"object": 0.0037662462230529784, "dictionary": 0.0,