{"name": "Q903775", "Q99184084": {"object": 0.0064049102196274375, "dictionary": 0.0, "combined": 0.0064049102196274375}, "Q28600412": {"object": 0.012603411510681345, "dictionary": 0.0, "combined": 0.012603411510681345}, "Q4045294": {"object": 0.005358940463555754, "dictionary": 0.0, "combined": 0.005358940463555754}, "Q1076355": {"object": 0.0052651476222340295, "dictionary": 0.0, "combined": 0.0052651476222340295}, "Q28858032": {"object": 0.008862980431549268, "dictionary": 0.0, "combined": 0.008862980431549268}, "Q16996920": {"object": 0.006622561812955799, "dictionary": 0.0, "combined": 0.006622561812955798}, "Q66811836": {"object": 0.006622561812955799, "dictionary": 0.0, "combined": 0.006622561812955798}, "Q28600763": {"object": 0.006622561812955799, "dictionary": 0.0, "combined": 0.006622561812955798}, "Q1662484": {"object": 0.006622561812955799, "dictionary": 0.0, "combined": 0.006622561812955798}, "Q684554": {"object": 0.006622561812955799, "dictionary": 0.0, "combined": 0.006622561812955798}, "Q28206109": {"object": 0.00737970818799069, "dictionary": 0.0, "combined": 0.0073797081879906894}, "Q1676669": {"object": 0.007838971024676915, "dictionary": 0.0, "combined": 0.007838971024676915}, "Q28206359": {"object": 0.010900163542637176, "dictionary": 0.0, "combined": 0.010900163542637176}, "Q28206497": {"object": 0.013923776925182192, "dictionary": 0.0, "combined": 0.01392377692518219}, "Q26385770": {"object": 0.013923776925182192, "dictionary": 0.0, "combined": 0.01392377692518219}, "Q17092932": {"object": 0.013923776925182192, "dictionary": 0.0, "combined": 0.01392377692518219}, "Q1952321": {"object": 0.013923776925182192, "dictionary": 0.0, "combined": 0.01392377692518219}, "Q26329648": {"object": 0.013923776925182192, "dictionary": 0.0, "combined": 0.01392377692518219}, "Q28206262": {"object": 0.013923776925182192, "dictionary": 0.0, "combined": 0.01392377692518219}, "Q28205580": {"object": 0.008172378395548767, "dictionary": 0.0, "combined": 0.008172378395548767}, "Q28206771": {"object": 0.007985251724235061, "dictionary": 0.0, "combined": 0.007985251724235061}, "Q28205626": {"object": 0.008172378395548767, "dictionary": 0.0, "combined": 0.008172378395548767}, "Q729366": {"object": 0.008172378395548767, "dictionary": 0.0, "combined": 0.008172378395548767}, "Q66134804": {"object": 0.008128528839001626, "dictionary": 0.0, "combined": 0.008128528839001626}, "Q29012120": {"object": 0.012933177942506684, "dictionary": 0.0, "combined": 0.012933177942506683}, "Q29011315": {"object": 0.012933177942506684, "dictionary": 0.0, "combined": 0.012933177942506683}, "Q29011363": {"object": 0.012933177942506684, "dictionary": 0.0, "combined": 0.012933177942506683}, "Q29012190": {"object": 0.012933177942506684, "dictionary": 0.0, "combined": 0.012933177942506683}, "Q29011569": {"object": 0.012933177942506684, "dictionary": 0.0, "combined": 0.012933177942506683}, "Q29011484": {"object": 0.012933177942506684, "dictionary": 0.0, "combined": 0.012933177942506683}, "Q29011271": {"object": 0.012933177942506684, "dictionary": 0.0, "combined": 0.012933177942506683}, "Q29017311": {"object": 0.012933177942506684, "dictionary": 0.0, "combined": 0.012933177942506683}, "Q29011357": {"object": 0.012933177942506684, "dictionary": 0.0, "combined": 0.012933177942506683}, "Q29012206": {"object": 0.012933177942506684, "dictionary": 0.0, "combined": 0.012933177942506683}, "Q29011646": {"object": 0.012933177942506684, "dictionary": 0.0, "combined": 0.012933177942506683}, "Q29017312": {"object": 0.012933177942506684, "dictionary": 0.0, "combined": 0.012933177942506683}, "Q29012350": {"object": 0.012933177942506684, "dictionary": 0.0, "combined": 0.012933177942506683}, "Q29012285": {"object": 0.012933177942506684, "dictionary": 0.0, "combined": 0.012933177942506683}, "Q29017304": {"object": 0.012933177942506684, "dictionary": 0.0, "combined": 0.012933177942506683}, "Q29011538": {"object": 0.012933177942506684, "dictionary": 0.0, "combined": 0.012933177942506683}, "Q29011892": {"object": 0.012933177942506684, "dictionary": 0.0, "combined": 0.012933177942506683}, "Q29011549": {"object": 0.012933177942506684, "dictionary": 0.0, "combined": 0.012933177942506683}, "Q29011710": {"object": 0.012933177942506684, "dictionary": 0.0, "combined": 0.012933177942506683}, "Q29011079": {"object": 0.012933177942506684, "dictionary": 0.0, "combined": 0.012933177942506683}, "Q29012054": {"object": 0.012933177942506684, "dictionary": 0.0, "combined": 0.012933177942506683}, "Q29017314": {"object": 0.012933177942506684, "dictionary": 0.0, "combined": 0.012933177942506683}, "Q29011566": {"object": 0.012933177942506684, "dictionary": 0.0, "combined": 0.012933177942506683}, "Q29017309": {"object": 0.012933177942506684, "dictionary": 0.0, "combined": 0.012933177942506683}, "Q29017306": {"object": 0.012933177942506684, "dictionary": 0.0, "combined": 0.012933177942506683}, "Q29011365": {"object": 0.012933177942506684, "dictionary": 0.0, "combined": 0.012933177942506683}, "Q29012224": {"object": 0.012933177942506684, "dictionary": 0.0, "combined": 0.012933177942506683}, "Q29011514": {"object": 0.012933177942506684, "dictionary": 0.0, "combined": 0.012933177942506683}, "Q29011358": {"object": 0.012933177942506684, "dictionary": 0.0, "combined": 0.012933177942506683}, "Q29011977": {"object": 0.012933177942506684, "dictionary": 0.0, "combined": 0.012933177942506683}, "Q29011824": {"object": 0.012933177942506684, "dictionary": 0.0, "combined": 0.012933177942506683}, "Q29011579": {"object": 0.012933177942506684, "dictionary": 0.0, "combined": 0.012933177942506683}, "Q29011774": {"object": 0.012933177942506684, "dictionary": 0.0, "combined": 0.012933177942506683}, "Q29011347": {"object": 0.012933177942506684, "dictionary": 0.0, "combined": 0.012933177942506683}, "Q29011361": {"object": 0.012933177942506684, "dictionary": 0.0, "combined": 0.012933177942506683}, "Q29011223": {"object": 0.012933177942506684, "dictionary": 0.0, "combined": 0.012933177942506683}, "Q28858035": {"object": 0.01076185558032549, "dictionary": 0.0, "combined": 0.01076185558032549}, "Q61641368": {"object": 0.01076185558032549, "dictionary": 0.0, "combined": 0.01076185558032549}, "Q51801746": {"object": 0.01076185558032549, "dictionary": 0.0, "combined": 0.01076185558032549}, "Q85621726": {"object": 0.01076185558032549, "dictionary": 0.0, "combined": 0.01076185558032549}, "Q28858042": {"object": 0.01076185558032549, "dictionary": 0.0, "combined": 0.01076185558032549}, "Q48915661": {"object": 0.01076185558032549, "dictionary": 0.0, "combined": 0.01076185558032549}, "Q48782098": {"object": 0.01076185558032549, "dictionary": 0.0, "combined": 0.01076185558032549}, "Q61639409": {"object": 0.01076185558032549, "dictionary": 0.0, "combined": 0.01076185558032549}, "Q85621806": {"object": 0.01076185558032549, "dictionary": 0.0, "combined": 0.01076185558032549}, "Q28858037": {"object": 0.01076185558032549, "dictionary": 0.0, "combined": 0.01076185558032549}, "Q28858038": {"object": 0.01076185558032549, "dictionary": 0.0, "combined": 0.01076185558032549}, "Q28858039": {"object": 0.01076185558032549, "dictionary": 0.0, "combined": 0.01076185558032549}, "Q28858044": {"object": 0.01076185558032549, "dictionary": 0.0, "combined": 0.01076185558032549}, "Q48782394": {"object": 0.01076185558032549, "dictionary": 0.0, "combined": 0.01076185558032549}, "Q60628185": {"object": 0.01076185558032549, "dictionary": 0.0, "combined": 0.01076185558032549}, "Q62664770": {"object": 0.010453563015307274, "dictionary": 0.0, "combined": 0.010453563015307274}, "Q48782202": {"object": 0.01076185558032549, "dictionary": 0.0, "combined": 0.01076185558032549}, "Q66439286": {"object": 0.01076185558032549, "dictionary": 0.0, "combined": 0.01076185558032549}, "Q63061396": {"object": 0.01076185558032549, "dictionary": 0.0, "combined": 0.01076185558032549}, "Q28858041": {"object": 0.01076185558032549, "dictionary": 0.0, "combined": 0.01076185558032549},