{"name": "Q904680", "Q99184084": {"object": 0.005563664757645848, "dictionary": 0.0, "combined": 0.002957964079728241}, "Q28600412": {"object": 0.010948031126682155, "dictionary": 0.0, "combined": 0.005820602826935082}, "Q4045294": {"object": 0.004655076679145358, "dictionary": 0.0, "combined": 0.0024749064160218917}, "Q1076355": {"object": 0.004573602949165189, "dictionary": 0.0, "combined": 0.0024315902966616032}, "Q3807693": {"object": 0.0051668376070861085, "dictionary": 0.0, "combined": 0.002746987950082124}, "Q95994246": {"object": 0.005167606863309789, "dictionary": 0.0, "combined": 0.002747396930920631}, "Q58006953": {"object": 0.005167606863309789, "dictionary": 0.0, "combined": 0.002747396930920631}, "Q723030": {"object": 0.004931053844396641, "dictionary": 0.0, "combined": 0.0026216317449548904}, "Q27979156": {"object": 0.004931053844396641, "dictionary": 0.0, "combined": 0.0026216317449548904}, "Q47233167": {"object": 0.0068315573003528, "dictionary": 0.0, "combined": 0.0036320486555698243}, "Q29650304": {"object": 0.0068315573003528, "dictionary": 0.0, "combined": 0.0036320486555698243}, "Q1601331": {"object": 0.0068315573003528, "dictionary": 0.0, "combined": 0.0036320486555698243}, "Q81526237": {"object": 0.0068315573003528, "dictionary": 0.0, "combined": 0.0036320486555698243}, "Q28009496": {"object": 0.0068315573003528, "dictionary": 0.0, "combined": 0.0036320486555698243}, "Q34747804": {"object": 0.0068315573003528, "dictionary": 0.0, "combined": 0.0036320486555698243}, "Q28049770": {"object": 0.0068315573003528, "dictionary": 0.0, "combined": 0.0036320486555698243}, "Q28755606": {"object": 0.0068315573003528, "dictionary": 0.0, "combined": 0.0036320486555698243}, "Q81526528": {"object": 0.0068315573003528, "dictionary": 0.0, "combined": 0.0036320486555698243}, "Q81526664": {"object": 0.0068315573003528, "dictionary": 0.0, "combined": 0.0036320486555698243}, "Q28758112": {"object": 0.0068315573003528, "dictionary": 0.0, "combined": 0.0036320486555698243}, "Q32097899": {"object": 0.0068315573003528, "dictionary": 0.0, "combined": 0.0036320486555698243}, "Q66439259": {"object": 0.0068315573003528, "dictionary": 0.0, "combined": 0.0036320486555698243}, "Q28207108": {"object": 0.0068315573003528, "dictionary": 0.0, "combined": 0.0036320486555698243}, "Q32097740": {"object": 0.0068315573003528, "dictionary": 0.0, "combined": 0.0036320486555698243}, "Q6912474": {"object": 0.0068315573003528, "dictionary": 0.0, "combined": 0.0036320486555698243}, "Q16996920": {"object": 0.005752729156321666, "dictionary": 0.0, "combined": 0.003058481584718085}, "Q66811836": {"object": 0.005752729156321666, "dictionary": 0.0, "combined": 0.003058481584718085}, "Q28600763": {"object": 0.005752729156321666, "dictionary": 0.0, "combined": 0.003058481584718085}, "Q1662484": {"object": 0.005752729156321666, "dictionary": 0.0, "combined": 0.003058481584718085}, "Q684554": {"object": 0.005752729156321666, "dictionary": 0.0, "combined": 0.003058481584718085}, "Q1141412": {"object": 0.0072551801176227925, "dictionary": 0.0, "combined": 0.0038572709023121177}, "Q59961105": {"object": 0.027460841247397758, "dictionary": 1.0, "combined": 0.4829422650302621}, "Q29904539": {"object": 0.010636283468258362, "dictionary": 0.0, "combined": 0.005654859847132117}, "Q28755628": {"object": 0.010636283468258362, "dictionary": 0.0, "combined": 0.005654859847132117}, "Q58103465": {"object": 0.010636283468258362, "dictionary": 0.0, "combined": 0.005654859847132117}, "Q939636": {"object": 0.014086594783205208, "dictionary": 0.0, "combined": 0.007489243725036921}, "Q27596243": {"object": 0.007902266654445964, "dictionary": 0.0, "combined": 0.0042012993108836985}, "Q217570": {"object": 0.013178625584049105, "dictionary": 0.0, "combined": 0.007006515093173813}, "Q28207194": {"object": 0.02838597904636877, "dictionary": 0.0, "combined": 0.015091618572396746}, "Q28205796": {"object": 0.044827661767305974, "dictionary": 0.0, "combined": 0.023832962455847977}, "Q64858274": {"object": 0.02710698004209348, "dictionary": 0.0, "combined": 0.014411629162996153}, "Q751800": {"object": 0.016028635914108948, "dictionary": 0.0, "combined": 0.008521744451949649}, "Q27967105": {"object": 0.04953829159384388, "dictionary": 0.0, "combined": 0.02633740411916837}, "Q28205588": {"object": 0.03254460239659799, "dictionary": 0.0, "combined": 0.01730258185414237}, "Q28206493": {"object": 0.044013285848574044, "dictionary": 0.0, "combined": 0.02339999339320014}, "Q67377613": {"object": 0.04309224336543537, "dictionary": 0.0, "combined": 0.022910314251896047}, "Q50308768": {"object": 0.2117484320558925, "dictionary": 0.0, "combined": 0.112577641400725}, "Q28206609": {"object": 0.2117484320558925, "dictionary": 0.0, "combined": 0.112577641400725}, "type": "co-oc"}