{"name": "Q9296340", "Q99184084": {"object": 0.007667402192158722, "dictionary": 1.0, "combined": 0.05672028466146691}, "Q28206272": {"object": 0.03815307633105197, "dictionary": 0.0, "combined": 0.03626709740297484}, "Q51916170": {"object": 0.08674176316889673, "dictionary": 0.0, "combined": 0.08245395329214372}, "Q7671270": {"object": 0.08674176316889673, "dictionary": 0.0, "combined": 0.08245395329214372}, "Q1228757": {"object": 0.0313497190386464, "dictionary": 0.0, "combined": 0.029800042965477305}, "Q11241282": {"object": 0.11013190785055696, "dictionary": 0.0, "combined": 0.10468787875804485}, "Q28206162": {"object": 0.046777787558311655, "dictionary": 0.0, "combined": 0.04446547279576019}, "Q877050": {"object": 0.04463128951496273, "dictionary": 0.0, "combined": 0.0424250802219621}, "Q28205670": {"object": 0.039355770380858524, "dictionary": 0.0, "combined": 0.03741034000474671}, "Q28207469": {"object": 0.046777787558311655, "dictionary": 0.0, "combined": 0.04446547279576019}, "Q28206373": {"object": 0.046777787558311655, "dictionary": 0.0, "combined": 0.04446547279576019}, "Q28206306": {"object": 0.046777787558311655, "dictionary": 0.0, "combined": 0.04446547279576019}, "Q28205944": {"object": 0.046777787558311655, "dictionary": 0.0, "combined": 0.04446547279576019}, "Q27355592": {"object": 0.046777787558311655, "dictionary": 0.0, "combined": 0.04446547279576019}, "Q3146723": {"object": 0.046777787558311655, "dictionary": 0.0, "combined": 0.04446547279576019}, "Q16965621": {"object": 0.046777787558311655, "dictionary": 0.0, "combined": 0.04446547279576019}, "Q28206049": {"object": 0.046777787558311655, "dictionary": 0.0, "combined": 0.04446547279576019}, "Q28206883": {"object": 0.040671645212542636, "dictionary": 0.0, "combined": 0.038661168647677664}, "Q28205965": {"object": 0.046777787558311655, "dictionary": 0.0, "combined": 0.04446547279576019}, "Q28205801": {"object": 0.046777787558311655, "dictionary": 0.0, "combined": 0.04446547279576019}, "type": "co-oc"}