{"name": "Q96056537", "Q99184084": {"object": 0.01049602798727874, "dictionary": 0.002840264672785729, "combined": 0.006209083649012993}, "Q4045294": {"object": 0.0058546320618488995, "dictionary": 0.0, "combined": 0.002576254617413187}, "Q1076355": {"object": 0.005752163564632245, "dictionary": 0.0, "combined": 0.002531164689249464}, "Q28858032": {"object": 0.009682788930194256, "dictionary": 0.0, "combined": 0.004260785208587896}, "Q3807693": {"object": 0.006498267418092601, "dictionary": 0.1458029865104775, "combined": 0.08450375848078878}, "Q95994246": {"object": 0.006499234902080805, "dictionary": 0.14616217731999465, "combined": 0.08470531777961325}, "Q58006953": {"object": 0.006499234902080805, "dictionary": 0.14616217731999465, "combined": 0.08470531777961325}, "Q723030": {"object": 0.006201725111305386, "dictionary": 0.14329079214890034, "combined": 0.08296653296036728}, "Q27979156": {"object": 0.006201725111305386, "dictionary": 0.14334945424567522, "combined": 0.08299938156517771}, "Q26549229": {"object": 0.0037534995243830942, "dictionary": 0.0, "combined": 0.0016516785989274209}, "Q47233167": {"object": 0.004295982339258316, "dictionary": 0.0, "combined": 0.0018903910990342573}, "Q29650304": {"object": 0.004295982339258316, "dictionary": 0.0, "combined": 0.0018903910990342573}, "Q1601331": {"object": 0.004295982339258316, "dictionary": 0.0, "combined": 0.0018903910990342573}, "Q81526237": {"object": 0.004295982339258316, "dictionary": 0.0, "combined": 0.0018903910990342573}, "Q28009496": {"object": 0.004295982339258316, "dictionary": 0.0, "combined": 0.0018903910990342573}, "Q34747804": {"object": 0.004295982339258316, "dictionary": 0.0, "combined": 0.0018903910990342573}, "Q28049770": {"object": 0.004295982339258316, "dictionary": 0.0, "combined": 0.0018903910990342573}, "Q28755606": {"object": 0.004295982339258316, "dictionary": 0.0, "combined": 0.0018903910990342573}, "Q81526528": {"object": 0.004295982339258316, "dictionary": 0.0, "combined": 0.0018903910990342573}, "Q81526664": {"object": 0.004295982339258316, "dictionary": 0.0, "combined": 0.0018903910990342573}, "Q28758112": {"object": 0.004295982339258316, "dictionary": 0.0, "combined": 0.0018903910990342573}, "Q32097899": {"object": 0.004295982339258316, "dictionary": 0.0, "combined": 0.0018903910990342573}, "Q66439259": {"object": 0.004295982339258316, "dictionary": 0.0, "combined": 0.0018903910990342573}, "Q28207108": {"object": 0.004295982339258316, "dictionary": 0.0, "combined": 0.0018903910990342573}, "Q32097740": {"object": 0.004295982339258316, "dictionary": 0.0, "combined": 0.0018903910990342573}, "Q6912474": {"object": 0.004295982339258316, "dictionary": 0.0, "combined": 0.0018903910990342573}, "Q16996920": {"object": 0.003617567967528867, "dictionary": 0.0, "combined": 0.0015918636870254639}, "Q66811836": {"object": 0.003617567967528867, "dictionary": 0.0, "combined": 0.0015918636870254639}, "Q28600763": {"object": 0.003617567967528867, "dictionary": 0.0, "combined": 0.0015918636870254639}, "Q1662484": {"object": 0.003617567967528867, "dictionary": 0.0, "combined": 0.0015918636870254639}, "Q684554": {"object": 0.003617567967528867, "dictionary": 0.0, "combined": 0.0015918636870254639}, "Q28206109": {"object": 0.01209347532175181, "dictionary": 0.0, "combined": 0.005321576370487827}, "Q1676669": {"object": 0.004282030319714197, "dictionary": 0.0, "combined": 0.0018842516944750877}, "Q1343830": {"object": 0.005099300330965064, "dictionary": 0.0, "combined": 0.0022438807228949294}, "Q47512572": {"object": 0.00847470166416091, "dictionary": 0.0, "combined": 0.0037291821352474336}, "Q28758102": {"object": 0.007385257170582546, "dictionary": 0.0, "combined": 0.0032497862693165736}, "Q194831": {"object": 0.006113402725342035, "dictionary": 0.0, "combined": 0.0026901232789503446}, "Q1882400": {"object": 0.005717921223249041, "dictionary": 0.0, "combined": 0.002516096792724527}, "Q27979410": {"object": 0.005717921223249041, "dictionary": 0.0, "combined": 0.002516096792724527}, "Q28055391": {"object": 0.00566389206842392, "dictionary": 0.0, "combined": 0.0024923219665488254}, "Q1141412": {"object": 0.0045623749144043605, "dictionary": 0.0, "combined": 0.002007613683564677}, "Q29904539": {"object": 0.006688560737479783, "dictionary": 0.0, "combined": 0.0029432140742144497}, "Q28755628": {"object": 0.006688560737479783, "dictionary": 0.0, "combined": 0.0029432140742144497}, "Q58103465": {"object": 0.006688560737479783, "dictionary": 0.0, "combined": 0.0029432140742144497}, "Q66134804": {"object": 0.013320602984896514, "dictionary": 0.2723921477821719, "combined": 0.15839108734429888}, "Q24834502": {"object": 0.013465176521794308, "dictionary": 0.0, "combined": 0.005925175625400646}, "Q48106551": {"object": 0.008263657260427297, "dictionary": 0.0, "combined": 0.003636314792969697}, "Q5924007": {"object": 0.006102425445732808, "dictionary": 0.0, "combined": 0.0026852928699714115}, "Q60806257": {"object": 0.01700835295162617, "dictionary": 0.0, "combined": 0.007484304284765318}, "Q52834888": {"object": 0.01700835295162617, "dictionary": 0.0, "combined": 0.007484304284765318}, "Q60806040": {"object": 0.01700835295162617, "dictionary": 0.0, "combined": 0.007484304284765318}, "Q60886323": {"object": 0.01700835295162617, "dictionary": 0.0, "combined": 0.007484304284765318}, "Q60886160": {"object": 0.01700835295162617, "dictionary": 0.0, "combined": 0.007484304284765318}, "Q60873199": {"object": 0.01700835295162617, "dictionary": 0.0, "combined": 0.007484304284765318}, "Q28858068": {"object": 0.01700835295162617, "dictionary": 0.0, "combined": 0.007484304284765318}, "Q27967388": {"object": 0.0065350924611828854, "dictionary": 0.0, "combined": 0.002875682357232142}, "Q28771319": {"object": 0.007348381739389907, "dictionary": 0.0, "combined": 0.0032335597159011678}, "Q6043826": {"object": 0.007348381739389907, "dictionary": 0.0, "combined": 0.0032335597159011678}, "Q29000498": {"object": 0.007348381739389907, "dictionary": 0.0, "combined": 0.0032335597159011678}, "Q6026738": {"object": 0.011124591734981384, "dictionary": 0.0, "combined": 0.004895231762016412}, "Q27578057": {"object": 0.011292510229398773, "dictionary": 0.0, "combined": 0.004969122109355379}, "Q58725633": {"object": 0.011292510229398773, "dictionary": 0.0, "combined": 0.004969122109355379}, "Q28206894": {"object": 0.011292510229398773, "dictionary": 0.0, "combined": 0.004969122109355379}, "Q58237034": {"object": 0.011613654829409055, "dictionary": 0.0, "combined": 0.005110437609611176}, "Q26541013": {"object": 0.010525589837929833, "dictionary": 0.0, "combined": 0.004631648775619317}, "Q29946121": {"object": 0.010525589837929833, "dictionary": 0.0, "combined": 0.004631648775619317}, "Q26548590": {"object": 0.010525589837929833, "dictionary": 0.0, "combined": 0.004631648775619317}, "Q26085322": {"object": 0.010490145450814664, "dictionary": 0.0, "combined": 0.004616051934519451}, "Q29946829": {"object": 0.010525589837929833, "dictionary": 0.0, "combined": 0.004631648775619317}, "Q26547917": {"object": 0.010525589837929833, "dictionary": 0.0, "combined": 0.004631648775619317}, "Q26543628": {"object": 0.010525589837929833, "dictionary": 0.0, "combined": 0.004631648775619317}, "Q29946726": {"object": 0.010525589837929833, "dictionary": 0.0, "combined": 0.004631648775619317}, "Q26085330": {"object": 0.010469858938983017, "dictionary": 0.0, "combined": 0.004607125119097854}, "Q26547266": {"object": 0.010525589837929833, "dictionary": 0.0, "combined": 0.004631648775619317}, "Q26085319": {"object": 0.010525589837929833, "dictionary": 0.0, "combined": 0.004631648775619317}, "Q47498749": {"object": 0.010162338029374038, "dictionary": 0.0, "combined": 0.004471804546436447}, "Q29946883": {"object": 0.010525589837929833, "dictionary": 0.0, "combined": 0.004631648775619317}, "Q42332": {"object": 0.010511914907070456, "dictionary": 0.0, "combined": 0.004625631300328453}, "Q47498552": {"object": 0.010162338029374038, "dictionary": 0.0,