{"name": "Q97037799", "Q99184084": {"object": 0.003703508484838345, "dictionary": 0.0, "combined": 0.002059327191982281}, "Q4045294": {"object": 0.0030986978421185004, "dictionary": 0.020556962712688462, "combined": 0.010849335547804836}, "Q28018471": {"object": 0.011783602100992458, "dictionary": 0.0, "combined": 0.006552244263896295}, "Q336284": {"object": 0.010288567684236409, "dictionary": 0.0, "combined": 0.005720933888888612}, "Q28018470": {"object": 0.012061653951393537, "dictionary": 0.0, "combined": 0.006706854342057605}, "Q1076355": {"object": 0.0030444640477730878, "dictionary": 0.01004149744848687, "combined": 0.0061508134648299295}, "Q28858032": {"object": 0.005124837367526481, "dictionary": 0.0, "combined": 0.002849653777935069}, "Q3807693": {"object": 0.0034393565664301495, "dictionary": 0.02011199923738642, "combined": 0.010841215450859474}, "Q95994246": {"object": 0.003439868629445359, "dictionary": 0.020161545858206606, "combined": 0.010863496521013849}, "Q58006953": {"object": 0.003439868629445359, "dictionary": 0.020161545858206606, "combined": 0.010863496521013849}, "Q723030": {"object": 0.003282404772289871, "dictionary": 0.01976546826231222, "combined": 0.010600099533946802}, "Q27979156": {"object": 0.003282404772289871, "dictionary": 0.019773560085901275, "combined": 0.010603691918040068}, "Q26549229": {"object": 0.003973250839242539, "dictionary": 0.0, "combined": 0.002209316794416829}, "Q47233167": {"object": 0.0045474936985997385, "dictionary": 0.022141270007118175, "combined": 0.012358292025533478}, "Q29650304": {"object": 0.0045474936985997385, "dictionary": 0.022141270007118175, "combined": 0.012358292025533478}, "Q1601331": {"object": 0.0045474936985997385, "dictionary": 0.022141270007118175, "combined": 0.012358292025533478}, "Q81526237": {"object": 0.0045474936985997385, "dictionary": 0.022141270007118175, "combined": 0.012358292025533478}, "Q28009496": {"object": 0.0045474936985997385, "dictionary": 0.022141270007118175, "combined": 0.012358292025533478}, "Q34747804": {"object": 0.0045474936985997385, "dictionary": 0.022141270007118175, "combined": 0.012358292025533478}, "Q28049770": {"object": 0.0045474936985997385, "dictionary": 0.022141270007118175, "combined": 0.012358292025533478}, "Q28755606": {"object": 0.0045474936985997385, "dictionary": 0.022141270007118175, "combined": 0.012358292025533478}, "Q81526528": {"object": 0.0045474936985997385, "dictionary": 0.022141270007118175, "combined": 0.012358292025533478}, "Q81526664": {"object": 0.0045474936985997385, "dictionary": 0.022141270007118175, "combined": 0.012358292025533478}, "Q28758112": {"object": 0.0045474936985997385, "dictionary": 0.022141270007118175, "combined": 0.012358292025533478}, "Q32097899": {"object": 0.0045474936985997385, "dictionary": 0.022141270007118175, "combined": 0.012358292025533478}, "Q66439259": {"object": 0.0045474936985997385, "dictionary": 0.022141270007118175, "combined": 0.012358292025533478}, "Q28207108": {"object": 0.0045474936985997385, "dictionary": 0.022141270007118175, "combined": 0.012358292025533478}, "Q32097740": {"object": 0.0045474936985997385, "dictionary": 0.022141270007118175, "combined": 0.012358292025533478}, "Q6912474": {"object": 0.0045474936985997385, "dictionary": 0.022141270007118175, "combined": 0.012358292025533478}, "Q28600764": {"object": 0.011135297044804504, "dictionary": 0.0, "combined": 0.006191755760528999}, "Q942350": {"object": 0.010801957468621915, "dictionary": 0.0, "combined": 0.006006403072339704}, "Q5448342": {"object": 0.007583359800909181, "dictionary": 0.0, "combined": 0.004216709400972052}, "Q29904540": {"object": 0.007583359800909181, "dictionary": 0.0, "combined": 0.004216709400972052}, "Q5421818": {"object": 0.007583359800909181, "dictionary": 0.0, "combined": 0.004216709400972052}, "Q50223812": {"object": 0.007583359800909181, "dictionary": 0.0, "combined": 0.004216709400972052}, "Q5153426": {"object": 0.007583359800909181, "dictionary": 0.0, "combined": 0.004216709400972052}, "Q49799747": {"object": 0.010569162415358678, "dictionary": 0.0, "combined": 0.005876957929900703}, "Q49798508": {"object": 0.010569162415358678, "dictionary": 0.0, "combined": 0.005876957929900703}, "Q49798739": {"object": 0.010569162415358678, "dictionary": 0.0, "combined": 0.005876957929900703}, "Q49799499": {"object": 0.010569162415358678, "dictionary": 0.0, "combined": 0.005876957929900703}, "Q29904539": {"object": 0.007080147310764354, "dictionary": 0.0, "combined": 0.003936899278072985}, "Q28755628": {"object": 0.007080147310764354, "dictionary": 0.0, "combined": 0.003936899278072985}, "Q58103465": {"object": 0.007080147310764354, "dictionary": 0.0, "combined": 0.003936899278072985}, "Q24834502": {"object": 0.01425350491407382, "dictionary": 0.0, "combined": 0.007925627920327688}, "Q939636": {"object": 0.009376881169985278, "dictionary": 0.0, "combined": 0.00521399274455292}, "Q29000741": {"object": 0.011580514991108255, "dictionary": 0.0, "combined": 0.0064393181535774505}, "Q29000651": {"object": 0.011580514991108255, "dictionary": 0.0, "combined": 0.0064393181535774505}, "Q58335745": {"object": 0.010350797491689247, "dictionary": 0.0, "combined": 0.005755536627120234}, "Q34310996": {"object": 0.010350797491689247, "dictionary": 0.0, "combined": 0.005755536627120234}, "Q28206952": {"object": 0.011080683746075463, "dictionary": 0.0, "combined": 0.0061613881640790414}, "Q58335773": {"object": 0.009174817283366185, "dictionary": 0.0, "combined": 0.005101635595126682}, "Q3509055": {"object": 0.009161080704803483, "dictionary": 0.0, "combined": 0.005093997402889568}, "Q26211936": {"object": 0.006401558068756406, "dictionary": 0.02164367888390105, "combined": 0.013168333414434264}, "Q26211977": {"object": 0.006401558068756406, "dictionary": 0.02164367888390105, "combined": 0.013168333414434264}, "Q26211940": {"object": 0.006401558068756406, "dictionary": 0.02164367888390105, "combined": 0.013168333414434264}, "Q26211915": {"object": 0.006401558068756406, "dictionary": 0.02164367888390105, "combined": 0.013168333414434264}, "Q10394822": {"object": 0.006401558068756406, "dictionary": 0.02164367888390105, "combined": 0.013168333414434264}, "Q26211975": {"object": 0.006401558068756406, "dictionary": 0.02164367888390105, "combined": 0.013168333414434264}, "Q26211905": {"object": 0.006401558068756406, "dictionary": 0.02164367888390105, "combined": 0.013168333414434264}, "Q5532250": {"object": 0.006401558068756406, "dictionary": 0.02164367888390105, "combined": 0.013168333414434264}, "Q26211927": {"object": 0.006401558068756406, "dictionary": 0.02164367888390105, "combined": 0.013168333414434264}, "Q26211957": {"object": 0.006401558068756406, "dictionary": 0.02164367888390105, "combined": 0.013168333414434264}, "Q26211948": {"object": 0.006401558068756406, "dictionary": 0.02164367888390105, "combined": 0.013168333414434264}, "Q26211958": {"object": 0.006401558068756406, "dictionary": 0.02164367888390105, "combined": 0.013168333414434264}, "Q26211874": {"object": 0.006401558068756406, "dictionary": 0.02164367888390105, "combined": 0.013168333414434264}, "Q26211954": {"object": 0.006401558068756406, "dictionary": 0.02164367888390105, "combined": 0.013168333414434264}, "Q26211891": {"object": 0.006401558068756406, "dictionary": 0.02164367888390105, "combined": 0.013168333414434264}, "Q26211983": {"object": 0.006401558068756406, "dictionary": 0.02164367888390105, "combined": 0.013168333414434264}, "Q26211840": {"object": 0.006401558068756406, "dictionary": 0.02164367888390105, "combined": 0.013168333414434264}, "Q26211965": {"object": 0.006401558068756406, "dictionary": 0.02164367888390105, "combined": 0.013168333414434264}, "Q26211978": {"object": 0.006401558068756406, "dictionary": 0.02164367888390105, "combined": 0.013168333414434264}, "Q26211931": {"object": 0.006401558068756406, "dictionary": 0.02164367888390105, "combined": 0.013168333414434264}, "Q479833": {"object": 0.006202456237120088,